App,LocalLeaks,GlobalLeaks,TotalLeaks
114移车,1,0,1
365点餐优惠,20,0,20
39饮食助手,0,0,0
4398昵称生成器,0,0,0
520餐饮创业信息服务部,0,0,0
8字便利到家,1,0,1
99体重测试,0,0,0
BTtozWTonxhK9WUsSdYm2PSj2oHoGvbB,0,0,0
CEOBS总裁课程,2,0,2
dhl国际快递查询,2,0,2
e海通财,0,0,0
fximAxZKqLXtkIRtnNqyh6owjwqG3Geb,0,0,0
G5pOLL33sADTGB1QpBs1pPSk1k4XOOpX,152,2,154
i8Am3G20th5l3L9dIDj8SZPGgULQvnap,27,0,27
i厦门,1,0,1
JQ餐厨垃圾处理,0,0,0
JQ餐厨垃圾处理设备,0,0,0
KISSCAKE私家烘焙,1,0,1
Latosolhotel拉图索酒店,0,0,0
LikeU聊天背景好看图片,0,0,0
LUBY撸彼宠物问答社区,0,0,0
MBTI16型性格测试,0,0,0
PROTANDIM补添得,124,0,124
SuperHC超护,1,0,1
SvDkRK35j2xA7A3nv7Sdsko0PXo18S5w,0,0,0
TwoCake蛋糕烘焙,1,0,1
usmile,1,0,1
Vńø┤µÆŁ,0,0,0
W2EWFFWBwSX7GFyGNntxi7Ea7VYjOlHE,0,0,0
yO0dkMislByjVDVTQBf2zRGPXpCOAGYB,0,0,0
YY直播,7,0,7
zFtcTC9y1vhkBQYRR2Xz6qeyK3cqXswi,0,0,0
µ¢Śķ▒╝ńø┤µÆŁ,6,0,6
õ╣łõ╣łńø┤µÆŁ,2,0,2
ĶÖÄńēÖńø┤µÆŁ,0,0,0
ńø┤µÆŁĶ┤Łńø┤µÆŁķóäÕæŖõĖÄÕĖ”Ķ┤¦µĖģÕŹĢ,0,0,0
一或茶,1,0,1
一笔一划学写字,1,0,1
七彩色弱测试,0,0,0
七彩随机密码生成器,0,0,0
万好消防隐蔽盖,0,0,0
万年红单饼机,0,0,0
万年红烤鸭饼机,0,0,0
万年红鸡肉卷饼机,0,0,0
万润装备,0,0,0
万表之冢,1,0,1
三泰餐厨垃圾处理设备,0,0,0
三达捕浏北京科技有限公司,1,0,1
上海一忱再生资源回收有限公司,0,0,0
上海一忱再生资源回收第一店铺,0,0,0
上海一忱再生资源回收第三店铺,0,0,0
上海一忱再生资源回收第九店铺,0,0,0
上海一忱再生资源回收第二店铺,0,0,0
上海一忱再生资源回收第十一店铺,0,0,0
上海一忱再生资源回收第十二店铺,0,0,0
上海一忱再生资源回收第十店铺,0,0,0
上海一泵企业有限公司,0,0,0
上海万道化工有限公司,0,0,0
上海丙林仪器,0,0,0
上海东畅电力设备有限公司,0,0,0
上海东箔铜铝有限公司,0,0,0
上海东臣实业有限公司,0,0,0
上海久滨仪器有限公司,0,0,0
上海乘艺塑化科技有限公司,0,0,0
上海九丙净化工程第一店铺,0,0,0
上海事成环卫科技有限公司,0,0,0
上海享满泵业有限公司,0,0,0
上海亿骋塑胶科技第三店铺,0,0,0
上海仁润拆除工程第一店铺,0,0,0
上海从文印刷科技有限公司,0,0,0
上海企旌拆除工程第二店铺,0,0,0
上海众濒科技有限公司,0,0,0
上海众燊新材料科技有限公司,0,0,0
上海会彬仪器有限公司,0,0,0
上海传呈电子科技第一店铺,0,0,0
上海伯岭机电工程有限公司,0,0,0
上海伯栎新材料科技有限公司,1,0,1
上海佳忱电线电缆有限公司,0,0,0
上海佳禾衡器有限公司,0,0,0
上海倍净空气净化技术有限公司,0,0,0
上海倍杰自动化科技第一店铺,0,0,0
上海倍港电器有限公司,0,0,0
上海倍西实业集团有限公司,0,0,0
上海倡仕塑化有限公司,0,0,0
上海倡仕塑化有限公司第二店铺,0,0,0
上海共畅机电有限公司,1,0,1
上海冠长机电有限公司,0,0,0
上海凯苍实业有限公司,0,0,0
上海助巢企业管理服务第一店铺,0,0,0
上海励成营养科技有限公司,0,0,0
上海勃岩机器人科技有限公司,1,0,1
上海勇溯实业有限公司,0,0,0
上海华上体育场地建设第一店铺,0,0,0
上海华天成刑事辩护律师,1,0,1
上海华尘机械设备有限公司,0,0,0
上海卓驹展示模型有限公司,0,0,0
上海南冰环保科技有限公司,0,0,0
上海南木化工有限公司,0,0,0
上海卜微应用材料技术第二店铺,0,0,0
上海原驰道路材料股份有限公司,0,0,0
上海双兵焊割设备有限公司,0,0,0
上海号册贸易有限公司,0,0,0
上海吉姆希制泵有限公司,0,0,0
上海名耐特种电缆有限公司,0,0,0
上海嘉备轻工机械有限公司,0,0,0
上海圣发叉车服务有限公司,0,0,0
上海壁浪防水工程第一店铺,0,0,0
上海奔信实业有限公司第一店铺,0,0,0
上海奔腾电工有限公司,1,0,1
上海奔龙实业有限公司,0,0,0
上海奥展起重机械有限公司,0,0,0
上海奥邦制泵有限公司,0,0,0
上海好宾包装材料第二店铺,0,0,0
上海孜晨实业有限公司,0,0,0
上海安巢在线控制技术,0,0,0
上海宏别新材料有限公司,0,0,0
上海宜鑫化工有限公司,0,0,0
上海家畅智能科技有限公司,1,0,1
上海宾宸精密钣金,0,0,0
上海小雪机电有限公司,0,0,0
上海尘南实业有限公司,0,0,0
上海尘煜酒店管理有限公司,0,0,0
上海尤恩化工有限公司,0,0,0
上海展兴工贸有限公司,0,0,0
上海山奔工业仪电第一店铺,0,0,0
上海屹持光电技术有限公司,0,0,0
上海岁氏景观工程第一店铺,0,0,0
上海岸恪工程机械有限公司,0,0,0
上海岸谷铝业有限公司第三店铺,0,0,0
上海川司伯实业有限公司第一店铺,0,0,0
上海川场实业有限公司,0,0,0
上海市崇明区尝尝鲜食品商店,0,0,0
上海常念智能科技有限公司,1,0,1
上海康康游乐设施第一店铺,0,0,0
上海康拓化工有限公司,0,0,0
上海建航模型有限公司第二店铺,0,0,0
上海彤贝实业有限公司,0,0,0
上海彻沁电子科技有限公司,0,0,0
上海御巢建筑装饰工程有限公司,0,0,0
上海必泰生物科技有限公司,0,0,0
上海恒定称重设备有限公司,0,0,0
上海恩策环保装备有限公司,0,0,0
上海慧巢装饰设计第一店铺,0,0,0
上海慧昌木业有限公司,0,0,0
上海成捷化学有限公司,0,0,0
上海成洵实业有限公司,0,0,0
上海成致实业有限公司,0,0,0
上海承骧科技有限公司,0,0,0
上海持垒企业管理中心第二店铺,0,0,0
上海持承自动化设备有限公司,0,0,0
上海持承自动化设备第三店铺,0,0,0
上海持硕信息技术有限公司,1,0,1
上海振澈电子科技有限公司,0,0,0
上海捷呈实验仪器有限公司,0,0,0
上海文豫文化传媒第一店铺,0,0,0
上海斌田实业有限公司,0,0,0
上海斌秋高压管件制造有限公司,0,0,0
上海斌萌铜业有限公司,0,0,0
上海斯臣实业有限公司,0,0,0
上海方策机电设备有限公司,0,0,0
上海旭常工业设备有限公司,0,0,0
上海时畅实业有限公司,0,0,0
上海昌册电子科技第三店铺,0,0,0
上海晓松智能机器有限公司,0,0,0
上海朗渤自动化设备有限公司,0,0,0
上海朝群建筑工程设备有限公司,0,0,0
上海本义贸易有限公司,0,0,0
上海本池环境科技有限公司,0,0,0
上海格畅实业有限公司,0,0,0
上海樱川化工科技有限公司,0,0,0
上海欣点垃圾房移动厕所岗亭厂,0,0,0
上海步钰钢结构工程有限公司,0,0,0
上海比发电子科技第一店铺,0,0,0
上海比知网络科技有限公司,1,0,1
上海比阳实业有限公司,0,0,0
上海毕弘包装机械制造有限公司,0,0,0
上海毕黎斯商业地产,0,0,0
上海水泵集团有限公司,1,0,1
上海汇柴实业发展有限公司,0,0,0
上海汇聚自动化科技有限公司,0,0,0
上海泊密思实业有限公司,1,0,1
上海浦迪塑业有限公司,0,0,0
上海浩超机械设备有限公司,0,0,0
上海海穆电子科技有限公司,0,0,0
上海海迸清洁设备有限公司,0,0,0
上海涛册实业有限公司,0,0,0
上海渤皋实业有限公司第二店铺,0,0,0
上海溢臣节水灌溉,0,0,0
上海澄峰科技第一店铺,0,0,0
上海澜斌实业有限公司第一店铺,0,0,0
上海灿显光电科技有限公司,0,0,0
上海灿皓电子科技有限公司,1,0,1
上海炳氛贸易有限公司第一店铺,0,0,0
上海牛奔文化传媒有限公司,0,0,0
上海玄甲安全设备有限公司,0,0,0
上海田策自动化科技有限公司,0,0,0
上海畅为实业有限公司,0,0,0
上海畅仪科学仪器有限公司,0,0,0
上海畅拓信息科技有限公司,0,0,0
上海畅指网络科技有限公司,1,0,1
上海盈承新材料有限公司,0,0,0
上海盛巢科技有限公司,0,0,0
上海碧汇翻译咨询有限公司,1,0,1
上海碧润诚生物科技工程有限公司,0,0,0
上海碧祺实业有限公司,0,0,0
上海神钡机电科技第一店铺,0,0,0
上海福田化工科技第一店铺,0,0,0
上海秉和电子科技有限公司,0,0,0
上海秉岩实业有限公司,0,0,0
上海秉越电子仪器有限公司,0,0,0
上海秉铭工控设备有限公司,0,0,0
上海策浦机械有限公司,0,0,0
上海策鞭科技有限公司,0,0,0
上海精帛仪器设备有限公司,0,0,0
上海精骋阀门制造有限公司,1,0,1
上海精骋阀门制造第一店铺,0,0,0
上海经瑞流体控制有限公司,0,0,0
上海缔伯科技有限公司,0,0,0
上海羽呈实业有限公司,0,0,0
上海自骋金属制品第一店铺,0,0,0
上海致备生物科技有限公司,0,0,0
上海航舶合金第一店铺,0,0,0
上海良持精密模具有限公司,0,0,0
上海艾立德实验室装备第三店铺,0,0,0
上海苍古塑料科技第一店铺,0,0,0
上海苍禧安防科技有限公司,0,0,0
上海苍茂实业有限公司,0,0,0
上海荣跃体育场地工程有限公司,0,0,0
上海萨帛机电控制系统有限公司,0,0,0
上海蓝倍电气有限公司第一店铺,0,0,0
上海蓝畅信息技术有限公司,1,0,1
上海虑本电气科技有限公司,0,0,0
上海裕承机械设备有限公司,0,0,0
上海西大电力科技有限公司,0,0,0
上海谱灿企业服务有限公司,0,0,0
上海豪持特种气体第三店铺,0,0,0
上海贝派工业铝型材有限公司,0,0,0
上海贝锐信息科技股份有限公司,0,0,0
上海财才网信息科技有限公司,1,0,1
上海超实建材有限公司,0,0,0
上海跃江钛白化工制品有限公司,0,0,0
上海辛元电线电缆有限公司,0,0,0
上海辰耀计算机,0,0,0
上海递宁电子衡器有限公司,0,0,0
上海邦成化工有限公司,0,0,0
上海郓曹电子科技第二店铺,0,0,0
上海郴启电子科技第一店铺,0,0,0
上海采硕机械科技有限公司,0,0,0
上海金币投资有限公司,1,0,1
上海鑫渤机电设备有限公司,0,0,0
上海钵满集装箱有限公司第一店铺,0,0,0
上海铭本机电科技有限公司,0,0,0
上海铮澄实业有限公司第三店铺,0,0,0
上海锝秉工控设备有限公司,0,0,0
上海阔鼎波纹管有限公司,0,0,0
上海陈果建筑移动厕所,0,0,0
上海陛旺测控技术有限公司,1,0,1
上海青壁实业有限公司,0,0,0
上海项轩叉车有限公司,0,0,0
上海颖臣实业有限公司第一店铺,0,0,0
上海颖臣实业有限公司第二店铺,0,0,0
上海颖领电子衡器有限公司,0,0,0
上海馋鼎餐饮管理有限公司,1,0,1
上海骋昔建筑材料有限公司,0,0,0
上海骋汇机电设备有限公司,0,0,0
上海骋汇机电设备第一店铺,0,0,0
上海骋洁建筑材料有限公司,0,0,0
上海骋硕冰雕技术有限公司,0,0,0
上海鲁陈工程机械第一店铺,0,0,0
上海鸿澄生态科技第一店铺,0,0,0
上海鸿状化工科技有限公司,0,0,0
上海鹿程国际贸易有限公司,0,0,0
上海鼓臣生物技术有限公司,0,0,0
上超洗碗机,1,0,1
下厨房,2,0,2
与牛共舞炒股,0,0,0
世成企服网,0,0,0
世茂港珠澳口岸城,0,0,0
世茂港珠澳口岸城价格,0,0,0
世邦制砂生产线,9,0,9
东光县淏瑞包装机械厂,0,0,0
东光县科晨焊接设备有限公司,0,0,0
东台人才网,0,0,0
东方美服装租赁北京有限公司,0,0,0
东施帛,0,0,0
东莞市万江华鑫金箔,0,0,0
东莞市万江浙东塑胶容器制造厂,0,0,0
东莞市万江莞美电子材料厂,0,0,0
东莞市三康精密仪器第一店铺,0,0,0
东莞市三比过滤器材有限公司,0,0,0
东莞市中承精密机械有限公司,0,0,0
东莞市京立光学仪器维修商城,0,0,0
东莞市今达纺织助剂有限公司,0,0,0
东莞市伯锋化工有限公司第三店铺,0,0,0
东莞市伯锋化工有限公司第四店铺,0,0,0
东莞市倍乐情玩具有限公司,0,0,0
东莞市倍润佳润滑油有限公司,0,0,0
东莞市元康婴童用品第三店铺,0,0,0
东莞市兴必昌塑胶原料有限公司,0,0,0
东莞市净彻清洗剂科技第一店铺,0,0,0
东莞市利斌纸业有限公司,0,0,0
东莞市力固称重设备有限公司,0,0,0
东莞市北一电子材料有限公司,0,0,0
东莞市千层建材有限公司第三店铺,0,0,0
东莞市千色变新材料有限公司,0,0,0
东莞市卓昌精密模具配件有限公司,0,0,0
东莞市印特倍迅机械科技有限公司,0,0,0
东莞市国苍机电设备有限公司,0,0,0
东莞市声畅电子科技第一店铺,0,0,0
东莞市奔多实业有限公司第一店铺,0,0,0
东莞市宜居家纺有限公司第一店铺,0,0,0
东莞市宝盛精密轴承有限公司,0,0,0
东莞市康搏智能装备有限公司,0,0,0
东莞市弘庆包装制品有限公司,0,0,0
东莞市彩度光电科技有限公司,0,0,0
东莞市恒祺电子科技有限公司,0,0,0
东莞市成城空气处理设备有限公司,1,0,1
东莞市斌讯电子有限公司第一店铺,0,0,0
东莞市新锐复合材料科技有限公司,0,0,0
东莞市普迈精密测量科技有限公司,0,0,0
东莞市晶科电子科技有限公司,0,0,0
东莞市智锵实业有限公司,0,0,0
东莞市桥头银星橡塑制第三店铺,0,0,0
东莞市比速迪自动化设备第三店铺,0,0,0
东莞市泓聚塑胶科技有限公司,0,0,0
东莞市泰硕精密仪器第一店铺,0,0,0
东莞市润昌厨具有限公司,0,0,0
东莞市睿易传动科技有限公司,0,0,0
东莞市祥搏机电设备有限公司,0,0,0
东莞市科宝清洁用品有限公司,0,0,0
东莞市立玻科技有限公司,0,0,0
东莞市耀业电子科技有限公司,0,0,0
东莞市自成实业有限公司,1,0,1
东莞市苏阳电器制品有限公司,0,0,0
东莞市蚁巢企业管理咨询有限公司,0,0,0
东莞市蚁巢集群注册托管有限公司,0,0,0
东莞市贝其乐机电设备有限公司,1,0,1
东莞市越彬电子五金有限公司,0,0,0
东莞市金胜金箔有限公司第一店铺,0,0,0
东莞市钮纽实业有限公司,0,0,0
东莞市铂山精密机械科技有限公司,1,0,1
东莞市铕田精密切削工具有限公司,0,0,0
东莞市长原喷雾技术有限公司,0,0,0
东莞市雄彪塑胶原料有限公司,0,0,0
东莞蚁巢代理记账公司创业范远大,2,0,2
两步路户外社区,15,0,15
中人牌教育装备,1,0,1
中企昌会计,0,0,0
中傲消防科技有限公司第二店铺,0,0,0
中冰浙江科技有限公司,0,0,0
中医体质辨识仪,0,0,0
中山市伯亿太阳能科技第一店铺,0,0,0
中山市南区路佳水泥制件部,0,0,0
中山市名泓照明电器制造有限公司,0,0,0
中山市大千陈列展示用品第一店铺,0,0,0
中山市本明塑胶建材有限公司,0,0,0
中山精量检重秤厂家,0,0,0
中巢网,0,0,0
中德新亚环氧修补砂浆,0,0,0
中新变形缝伸缩缝沉降缝销售施工,0,0,0
中新国际城,0,0,0
中旅亦府,2,0,2
中材建筑科技,11,0,11
中橙云商,0,0,0
中海万锦熙岸华庭,0,0,0
中路格宾网,0,0,0
中运智能机械集团有限公司,0,0,0
丰通仿真冰滑板,13,0,13
临朐丰景园林工程有限公司,0,0,0
临朐县一诺千金苗木园第一店铺,0,0,0
临朐县华龙金属制品厂第一店铺,0,0,0
临汾市埠瑞联特煤机有限公司,0,0,0
临沂东乘链条有限公司第三店铺,0,0,0
临沂力腾建筑拆除有限公司,0,0,0
临沂市兰山区恒正编织第一店铺,0,0,0
临沂市层层居集成房屋有限公司,0,0,0
临沂市雅美居人造草坪有限公司,0,0,0
临沂炳耀建材有限公司,0,0,0
临沂钰鑫蓬布有限公司,0,0,0
丹东清禾农林科技有限公司,0,0,0
丹青旅居,0,0,0
丹青茶宿,0,0,0
丽景称重传感器,0,0,0
久农王农机,0,0,0
义乌好标知识产权代理有限公司,0,0,0
义乌市华彪包装有限公司,0,0,0
义乌市浩胜玩具厂第三店铺,0,0,0
义乌市芯箔电子商务商行第一店铺,0,0,0
乌拉富察氏火锅,0,0,0
乌拉富察氏火锅加盟,0,0,0
乐吃北京国际餐饮管理有限公司,1,0,1
乐吃购日本,1,0,1
乐客卡副业,69,0,69
乐橙娱乐,2,0,2
乐清市中雷电力科技有限公司,0,0,0
乐清市奔来仪表厂,0,0,0
乐清市益展电气有限公司第二店铺,0,0,0
乐逸顺风顺水手表,1,0,1
乐骐证件照制作,3,0,3
九吉公,0,0,0
九吉公网,0,0,0
九天大方科技,0,0,0
九州出版社,1,0,1
九州鼎看台座椅,0,0,0
九江富丽家纺有限公司第一店铺,0,0,0
九洲避雷器,0,0,0
九秀直播,5,0,5
九藏邮币,1,0,1
乾苍装饰,0,0,0
予晨说三农,0,0,0
云南一乘驾驶培训股份有限公司,1,0,1
云南伯润园林绿化第二店铺,0,0,0
云南健贝商贸有限公司,0,0,0
云南博望服装设计,0,0,0
云南博魁科技,0,0,0
云南名标商标代理有限责任公司,1,0,1
云南斌程工程机械设备有限公司,0,0,0
云南沃奔发电设备有限公司,0,0,0
云南泊康钢材有限公司第一店铺,0,0,0
云南泊江律师事务所,3,0,3
云南润苍生科技有限公司,0,0,0
云南称心清洗保洁有限公司,0,0,0
云南精标称重设备第一店铺,0,0,0
云南绵帛经贸有限公司,0,0,0
云南网农农业开发第一店铺,0,0,0
云南运腾叉车有限公司,0,0,0
云南铂正商贸有限公司第一店铺,0,0,0
云南长宽,0,0,0
云唐兽药残留检测仪,0,0,0
云唐农残检测仪,0,0,0
云缦观海度假民宿,0,0,0
互联网联合辟谣平台,4,0,4
五圣隔音,0,0,0
五藏者空间,0,0,0
五贝子,1,0,1
亚兴裂缝修补粘钢加固,0,0,0
亚大伟业PVC编织管,15,0,15
亚测上海仪器科技有限公司,0,0,0
亚珀变电设备深圳有限公司,0,0,0
亚艾元象棋棋谱,7,0,7
亨得利峰手表客户服务中心,0,0,0
京仪压力表,14,0,14
京仪变送器,14,0,14
京凯丽的水果自购巢,1,0,1
京细菜谱,1,0,1
亳州市参爱酒业有限责任公司,0,0,0
人民信产,0,0,0
亿恒ERP生产管理系统软件,0,0,0
仁泽易道健康,0,0,0
仁策健康,0,0,0
仁飞熊硫酸钡厂家,11,0,11
今日句子网,0,0,0
仓柴,0,0,0
令层棉贸易,0,0,0
仲程环保设备,2,0,2
任丘市丙申增韧母料厂,0,0,0
任丘市华腾模具有限公司第二店铺,0,0,0
任丘市基深土木工程材料有限公司,0,0,0
任丘市昌荣水生植物种植有限公司,0,0,0
任丘市英华玻纤布厂,0,0,0
任县海亿机械厂,0,0,0
企承云,0,0,0
企辰股份,1,0,1
伊宁市巢居民宿,0,0,0
伊犁熏马肠,0,0,0
众辉屏蔽网络机柜厂,0,0,0
优品尽藏,1,0,1
会展湾水岸,0,0,0
伯亿太阳能路灯厂家,3,0,3
伯芽艺树音乐工作室,3,0,3
伯陆上海动力技术有限公司,0,0,0
何双九养蜂场,379,0,379
余姚市翔龙通讯实业有限公司,0,0,0
余姚市聚石新材料有限公司,0,0,0
佛山创汇疏通厕所下水道管道疏通,2,0,2
佛山市三水区粘之宝包装材料,0,0,0
佛山市乘鑫地坪工程第三店铺,0,0,0
佛山市乘鑫地坪工程第二店铺,0,0,0
佛山市众兴晟新型材料第一店铺,0,0,0
佛山市伟箔铝箔制品有限公司,0,0,0
佛山市千佑化工有限公司第二店铺,0,0,0
佛山市南海元巢五金制品第一店铺,0,0,0
佛山市南海区东就五金厂,0,0,0
佛山市南海宏业兴模具有限公司,0,0,0
佛山市南海彼岸五金制品有限公司,0,0,0
佛山市南海永品编织袋经第三店铺,0,0,0
佛山市品崇科技有限公司,0,0,0
佛山市奔丽顺塑料第二店铺,0,0,0
佛山市帛利帆布有限公司第二店铺,0,0,0
佛山市恒泊智能科技有限公司,0,0,0
佛山市本力建材有限公司,0,0,0
佛山市汇生采电子有限公司,0,0,0
佛山市滨滨塑料制品第一店铺,0,0,0
佛山市澄天建材有限公司,0,0,0
佛山市绿映服饰有限公司,0,0,0
佛山市膳艺科技有限公司,0,0,0
佛山市荣鑫服饰实业第二店铺,0,0,0
佛山市金泓宇机械有限公司,0,0,0
佛山市金豪壁不锈钢有限公司,0,0,0
佛山市顺德区圆合电气第三店铺,0,0,0
佛山市顺德区金梓箔业装饰材料,0,0,0
佛山市鸿凯机械设备第二店铺,0,0,0
佛山市黄沛新不锈钢陈第二店铺,0,0,0
佛朗烘焙工具厂家,17,0,17
佰达通母线槽,0,0,0
侯师傅热炒,0,0,0
保利和光尘樾,112,0,112
保利天空之城泊院,0,0,0
保定市凯进模具制造第三店铺,0,0,0
保定桂隆建材有限公司第一店铺,0,0,0
保山市宾鸿农业,61,518,579
保时达鲸乘,6,0,6
信宜市昌隆沉香种植第一店铺,0,0,0
倍儿舒心家政,0,0,0
倍力微电机,0,0,0
倍力清粪带,2,0,2
倍力领航拓展,17,0,17
倍加孚厦门科技有限公司第一店铺,0,0,0
倍加洁集团股份有限公司,1,0,1
倍多能菏泽农业装备有限公司,0,0,0
倍得福机械科技常州股份有限公司,0,0,0
倍恩特,0,0,0
倍持精工机械上海有限公司,0,0,0
倍爱你环境科技上海有限公司,0,0,0
倍美新视商,2,0,2
倍英上海精密轴承有限公司,0,0,0
倍费答上海国际贸易有限公司,1,0,1
倍赞运动商城,1,0,1
值得买腕表推荐,0,0,0
健拓游研部,1,0,1
兆彬装饰,0,0,0
兆隆机械干雾抑尘设备,0,0,0
兔兔爱捕鱼,0,0,0
全国电子无偿献血证,23,0,23
全风环保科技股份工厂部,0,0,0
八戒知产交易,0,0,0
六边石,0,0,0
兰州彩创建筑材料有限公司,0,0,0
兰州马奔久废旧物资回收有限公司,0,0,0
兰溪市辉恒锡箔机械厂,0,0,0
共享智能装备有限公司,0,0,0
兴化市利隆不锈钢制品厂,0,0,0
兴化市友成楼梯有限公司,0,0,0
兴化市宏伟不锈钢制品有限公司,0,0,0
兴旺旅游歪脖老母直通车,0,0,0
兴晟增塑剂,0,0,0
冀中沉水植物,0,0,0
内丘县中昌石材加工厂,0,0,0
内蒙古医科大学附属医院,34,0,34
内蒙古澄安建筑材料第一店铺,0,0,0
内蒙古臻草菌业科技有限公司,0,0,0
农权无罪预测辩护中心,0,0,0
冠县康合源交通设施有限公司,0,0,0
冰缘冰球装备,1,0,1
冰言运营,6,0,6
冲呀蹦迪酒吧预订,69,0,69
净化设备渔贝,0,0,0
凉宸辟谣,0,0,0
减减鸭,0,0,0
几茶知更,0,0,0
凤翎空乘择校平台,0,0,0
凤鸣轩在线阅读,118,0,118
凯临装载机,0,0,0
凯临铲车,0,0,0
凯耀防风抑尘网,0,0,0
分付备用金,0,0,0
创云美文摘抄,0,0,0
创变深圳网站优化公司,3,0,3
利德凯威新疆沥青冷补料价格,19,0,19
别居漓想国,0,0,0
前好程热门考证网校,0,0,0
副业手册,0,0,0
力健篮球场施工,0,0,0
力健足球场,0,0,0
力能称重包装机,27,0,27
动力场广告标识设计,0,0,0
化州市平定广茂沉香种植场,0,0,0
化州市百园沉香贸易有限公司,0,0,0
北丰商学院,1,0,1
北京万世臣国机械设备第一店铺,0,0,0
北京中友基业科技有限公司,0,0,0
北京中鼎峰腾展览展示有限公司,0,0,0
北京乐都展陈科技发展第一店铺,0,0,0
北京京师拆迁律师,0,0,0
北京京程科技有限公司,0,0,0
北京便利洁管道疏通清洗有限公司,0,0,0
北京利敏特精密仪器有限公司,0,0,0
北京加乘建筑科技有限公司,0,0,0
北京北光宏远仪器有限公司,0,0,0
北京北分天普仪器技术有限公司,1,0,1
北京北广精仪仪器设备有限公司,0,0,0
北京北箱信发包装有限公司,1,0,1
北京北鑫创发科技发展有限公司,0,0,0
北京博力隆建筑材料第二店铺,0,0,0
北京博朴伟业,0,0,0
北京博视嘉业科技,0,0,0
北京厚泽天程建筑工程有限公司,0,0,0
北京合岳舞台设备有限公司,0,0,0
北京天佑美文化传播有限公司,0,0,0
北京天秤科技有限公司第一店铺,0,0,0
北京天贝创通,0,0,0
北京小肠陈餐饮有限责任公司,1,0,1
北京川京科技开发有限公司,0,0,0
北京庆奔科贸有限公司,0,0,0
北京必创科技股份有限公司,0,0,0
北京必奕律师事务所,0,0,0
北京快乐佳焙餐饮管理有限公司,1,0,1
北京思必拓科技有限责任公司,0,0,0
北京恒澈环保科技有限公司,0,0,0
北京惠泽藏品网,0,0,0
北京新时潮装饰有限公司,0,0,0
北京新材远业科技有限公司,0,0,0
北京新橙科技有限公司,1,0,1
北京方向标标牌有限公司,0,0,0
北京时代光南检测技术有限公司,0,0,0
北京时代光南科技有限公司,0,0,0
北京易贝乐少儿英语,0,0,0
北京星奥玻璃钢玻古建瓦,0,0,0
北京有诚科技有限公司,0,0,0
北京朗搏校准检测有限公司,0,0,0
北京朗科兴业称重设备有限公司,0,0,0
北京来贝管理咨询有限公司,1,0,1
北京正朝时代科技发展有限公司,0,0,0
北京沃土建材有限公司第一店铺,0,0,0
北京海富达科技有限公司第二店铺,0,0,0
北京王匙开锁公司,13,0,13
北京王匙开锁换锁修锁配钥匙服务,0,0,0
北京王匙开锁换锁配钥匙常营开锁,0,0,0
北京王匙开锁电话,3,0,3
北京王匙换锁公司,3,0,3
北京瑞普能贸易有限公司,0,0,0
北京瑞泰佳和科技第一店铺,0,0,0
北京盛多彩展览展示,0,0,0
北京盛邦知识产权代理有限公司,0,0,0
北京睿驰盛仕电子科技有限公司,0,0,0
北京莱搏特科技,3,0,3
北京莱搏特科技有限公司第三店铺,0,0,0
北京藏之典科技有限公司第一店铺,0,0,0
北京观天察地旅游规划设计院,1,0,1
北京贝全商业管理有限公司,1,0,1
北京超职科技有限公司,1,0,1
北京运昌绿化工程有限公司,0,0,0
北京金企定制科技有限公司,0,0,0
北京金典游乐设备有限公司,0,0,0
北京金标律师事务所,0,0,0
北京锐世屏蔽机柜kvm切换器,0,0,0
北京雨施捷工程技术有限公司,0,0,0
北创会展,0,0,0
北印包装,0,0,0
北工泵业,34,0,34
北渤智能科技秦皇岛第一店铺,0,0,0
北科建水岸雁栖,0,0,0
北谷欧空气环境系统广州有限公司,0,0,0
北雁环境科技北京有限公司,0,0,0
匠伯地坪漆,0,0,0
匠伯环氧地坪,0,0,0
匠果网,0,0,0
匠橙科技,0,0,0
十堰市三宝工贸有限公司,0,0,0
十堰市人民医院,33,18,51
十如仕旗舰店,1,0,1
十月麦田钱币回收,0,0,0
千乘瑞景区游乐设施建造,0,0,0
千克背景图库,0,0,0
千墨HouseofMo,0,0,0
千明智能木材材积表,0,0,0
千通国际贸易上海第一店铺,0,0,0
华亚装载机,1,0,1
华亚铲车,2,0,2
华冠人造草山东体育有限公司,0,0,0
华律工伤赔偿计算器,0,0,0
华意铸铁地轨槽铁,0,0,0
华数互动符号大全,0,0,0
华美月饼,0,0,0
华贸铂金墅,0,0,0
华采生活期刊,0,0,0
华采生活资讯,0,0,0
卓政律师,0,0,0
卓政律师事务所,0,0,0
卓昌电子,13,0,13
卓讯猜成语,3,0,3
南丰县爬行天下龟鳖养殖,0,0,0
南京伟岸苗木专业合作社,0,0,0
南京倍立德仓储设备有限公司,0,0,0
南京兆维环保科技第一店铺,0,0,0
南京兵燕物流有限公司,0,0,0
南京博乐园林场,0,0,0
南京呈阳电气有限公司,0,0,0
南京国豪房屋拆除工程第一店铺,0,0,0
南京大策门窗有限公司,0,0,0
南京奔煌计算机科技,0,0,0
南京宁瑞计量设备有限公司,0,0,0
南京市云森木业有限公司,0,0,0
南京异全特摩擦材料有限责任公司,0,0,0
南京必通科技有限公司,0,0,0
南京标科厨房设备有限公司,0,0,0
南京汤姆斯衡器有限公司,0,0,0
南京汪洋制泵有限公司,0,0,0
南京群越科技有限公司,0,0,0
南京英冠新材料科技第二店铺,0,0,0
南京荣基化工有限公司,0,0,0
南京落尘文化传媒有限公司,1,0,1
南京诚成回收有限公司,0,0,0
南京金倍得科技发展有限公司,0,0,0
南京金源金箔工艺第一店铺,0,0,0
南京金陵金箔集团股份有限公司,1,0,1
南京金顺金箔厂,0,0,0
南京金鸿金箔工艺第一店铺,0,0,0
南宁华成装饰公司,2,0,2
南宁市察理王子餐饮有限公司,1,0,1
南宁市自然画卜画坊,0,0,0
南宁爱藏科技有限公司,0,0,0
南帛万金属材料销售天津第二店铺,0,0,0
南措之風青年旅社,0,0,0
南昌乾陈艺塑工艺制品有限公司,0,0,0
南昌亚非拉实业有限公司,0,0,0
南昌会兵电子有限公司,1,0,1
南昌别野装饰工程有限公司,0,0,0
南昌老三花草苗木第一店铺,0,0,0
南昌达彪金属制品第一店铺,0,0,0
南沙城,0,0,0
南滨篮球资讯,0,0,0
南皮县嘉昌大棚棉被厂第一店铺,0,0,0
南通京源化工机械有限公司,0,0,0
南通俊成氟塑防腐有限公司,0,0,0
南通奇呈印染机械有限公司,0,0,0
南通奔玛五金制品有限公司,0,0,0
南通市恒昌石油机械有限公司,0,0,0
南通常久纺织科技有限公司,0,0,0
南通易福达纺织科技有限公司,0,0,0
南通玉蝶电子陶瓷有限公司,0,0,0
南鑫防火窗防火门专业生产厂家,0,0,0
南阳市天曼电子屏蔽科技第一店铺,0,0,0
博兴县曹王镇凯发厨房设第一店铺,0,0,0
博兴县曹王镇福霞厨房设备厂,0,0,0
博华康生,0,0,0
博广电气科技有限责任公司,0,0,0
博恩德检测,47,0,47
博智库,2,0,2
博计仪器校验机构,0,0,0
博铭不锈钢雕塑,0,0,0
卞说卞聊,0,0,0
占财商贸,0,0,0
卡拉多商城,1,0,1
卡玛贝拉路面修补料,0,0,0
卢氏县鑫禾农机农民专业合作社,0,0,0
卫玺智能卫浴,0,0,0
厂厂乐,4,0,4
厦门呈通发电机出租,1,8,9
厦门呈通机电设备有限公司,0,0,0
厦门宾步服装定制,1,8,9
厦门帝呈财务税务咨询,1,10,11
厦门常达管业有限公司,1,0,1
厦门必兴软件有限公司,1,0,1
厦门才盛网络科技有限公司,1,0,1
厦门百年龚府商贸第三店铺,0,0,0
厦门益装修补砂浆,1,8,9
厦门益装聚氨酯丙稀酸,1,10,11
厦门笔特展览服务有限公司,1,0,1
厦门臣创塑料制品有限公司,0,0,0
去展网HS编码查询,0,0,0
参妃人参酒,0,0,0
友程,2,0,2
友胜脱硫侧入式搅拌器,12,0,12
双彬网络技能集锦,0,0,0
双林背贴式橡胶止水带,0,0,0
双禹卷扬式启闭机,0,0,0
双阳区文禹鹿业经销处第一店铺,0,0,0
发发发建材家居城,69,516,585
发发拉云仓供应链管理,0,0,0
变美邦,0,0,0
口袋屋蹦床公园加盟投资蹦床厂家,0,0,0
古物潮玩,1,0,1
古诗文网,50,0,50
古陈记沉香,1,0,1
台励福叉车,0,0,0
台州博斯生物科技有限公司,0,0,0
台州清爽眼镜擦布厂,508,0,508
台成实业上海有限公司,0,0,0
号令天下手机号码测吉凶,0,0,0
吃货网,14,0,14
合创磁铁生产厂家,11,0,11
合肥乘林体育设施有限公司,0,0,0
合肥前程塑胶机电有限公司,0,0,0
合肥勃然商贸有限公司,0,0,0
合肥圣玻节能玻璃科技有限公司,0,0,0
合肥垣巢建设有限公司第一店铺,0,0,0
合肥大陈机械设备科技有限公司,0,0,0
合肥天标标识科技有限公司,0,0,0
合肥宇承自动化设备有限公司,0,0,0
合肥崛彪工程机械销售有限公司,0,0,0
合肥承承母婴行业平台,66,516,582
合肥斌达贸易有限公司,0,0,0
合肥新源达不锈钢装饰有限公司,0,0,0
合肥毕现信息技术有限公司,1,0,1
合臣科技上海有限公司第一店铺,0,0,0
吉命性格测试,0,0,0
吉林松北酒业,0,0,0
吉林省上层上品装饰材料有限公司,0,0,0
吉林省参达塑业有限公司,0,0,0
吉林省双信鹿业有限公司第一店铺,0,0,0
吉林省展鹏鹿业有限公司第二店铺,0,0,0
吉林省昌盛达工程材料有限公司,0,0,0
吉林省爱陈汽车租赁有限公司,0,0,0
吉林藏衡参业有限公司,0,0,0
吉米搬家,0,0,0
同宏编织机,11,0,11
同尘酒店,0,0,0
启创计算机经营部,0,0,0
咸安区汀泗炳武木材经营部,0,0,0
品立成,0,0,0
品立成知识产权,1,0,1
哈尔滨一泵水泵厂,1,0,1
哈尔滨团结挤塑板真金板苯板厂家,2,0,2
哈尔滨天韵艺考视唱练耳乐理培训,2,0,2
哈尔滨市科兴昌机械设备有限公司,0,0,0
哈尔滨永卓岩棉板酚醛板苯板厂家,2,0,2
哈尔滨长滨化工产品第一店铺,0,0,0
哈尔滨闭环光电科技第一店铺,0,0,0
哈尔滨麟滨商贸有限公司,0,0,0
唐山市丰润区前泥河金山炒货厂,0,0,0
唐山汇金金属制品有限公司,0,0,0
唐山长宽电子称重设备第一店铺,0,0,0
唯裁网络科技股份有限公司,0,0,0
喵房网,0,0,0
嗨购潮社,1,0,1
嘉兴市经开塘汇令均炒货店,0,0,0
嘉强混凝土路面修补材料,0,0,0
嘉祥县必成孵化场,0,0,0
嘉祥鑫通水泥制品第一店铺,0,0,0
嘉鱼县富工机械制造第一店铺,0,0,0
四会市朝玉铝型材厂,0,0,0
四川万高达味食品有限公司,0,0,0
四川亚世臣博润信息技术服务,0,0,0
四川倍立环创科技有限公司,0,0,0
四川倍莱停车设备租赁第一店铺,0,0,0
四川冠骋家具有限公司第一店铺,0,0,0
四川冰飞科技有限公司,0,0,0
四川南充上智农业机械第一店铺,0,0,0
四川卫利清环保科技有限公司,0,0,0
四川双栖醉床上用品第一店铺,0,0,0
四川层屹锋木业有限公司第一店铺,0,0,0
四川康柴机电设备有限公司,0,0,0
四川彭变电力设备有限公司,0,0,0
四川德润通生物科技有限公司,0,0,0
四川成构水泥制品有限公司,0,0,0
四川成柴机电设备有限公司,0,0,0
四川晟新骋贸易有限公司,0,0,0
四川智能箱变厂家,0,0,0
四川比耐斯管业有限公司,0,0,0
四川水建建设工程有限公司,0,0,0
四川汇才装饰,0,0,0
四川畅安穿山甲科技有限公司,0,0,0
四川省宾宴酒厂,1,0,1
四川胜飞康体体育场地设施工程,0,0,0
四川舟达律师事务所,0,0,0
四川蓝海水条码秤,0,0,0
四川藏杰贸易有限公司,0,0,0
四川陈多多餐饮管理有限公司,1,0,1
固威混凝土色差修复,3,0,3
固安中天信远气弹簧有限公司,0,0,0
国亨钢边橡胶止水带,3,0,3
国剑方便面生产线,0,0,0
国康体重秤,2,0,2
国际公园城,0,0,0
图泰屏蔽机柜,0,0,0
圣手玻璃修补,0,0,0
圣诞AI猜丁壳,0,0,0
在明征地拆迁律师,0,0,0
地尔肠道健康科技有限公司,1,0,1
地尔肠道健康科技第一店铺,0,0,0
坡飞收藏,98,0,98
垃圾分类,1,0,1
埃格霖水泵江苏有限公司,0,0,0
城人之家装饰,0,0,0
堂绘设计家马克笔,1,0,1
塞伯罗斯科技,2,0,2
墨九旅游手册,0,0,0
士海食标,1,0,1
复兴丝路民宿,0,0,0
外祺工业泵,0,0,0
多多参谋,1,0,1
大丰人才网,0,0,0
大众养生食物相克表,0,0,0
大冶市都鑫摩擦粉体有限公司,1,0,1
大博知识,0,0,0
大唐饼业,0,0,0
大城县后北曹振翔防火保温材料第三店铺,0,0,0
大城县后北曹鸿鹄保温材料销售部,0,0,0
大城县嘉畅保温材料厂第一店铺,0,0,0
大城县毕演马锦民保温设备厂,0,0,0
大城县西青州畅乐达保温材料销,0,0,0
大学生必备网,0,0,0
大潮社,13,0,13
大理市洱朵花园海景酒店,0,0,0
大理梵宿观云海景美宿,0,0,0
大理花町云岸艺术空间度假酒店,0,0,0
大硅固定挡烟垂壁电动挡烟垂壁,0,0,0
大笨象传媒,0,0,0
大连乾爱自闭症中心,2,0,2
大连伯骥企业管理有限公司,1,0,1
大连欣达围棋,47,0,47
大连锦华钟表,1,0,1
大韩海参烟台有限公司,0,0,0
天佑泰康猪肠衣,0,0,0
天佑泰康羊肠衣,0,0,0
天标检测,24,0,24
天泰天然肠衣,0,0,0
天泰肠衣,0,0,0
天津一厂电缆有限公司,0,0,0
天津三合水泵有限公司,0,0,0
天津乾之承科技有限公司,0,0,0
天津勇泊源科技有限公司,0,0,0
天津天豪母线槽有限公司,0,0,0
天津市友诚管道科技第一店铺,0,0,0
天津市塘业阀门有限公司,0,0,0
天津市宇力达王口阀门有限公司,0,0,0
天津市彪仕奇科技发展有限公司,0,0,0
天津市珍佰特包装制品有限公司,0,0,0
天津市秉盛达环保科技有限公司,0,0,0
天津市精拓仪器科技第二店铺,0,0,0
天津市聚强高压泵有限公司,0,0,0
天津市铂远商贸有限公司,0,0,0
天津振泰化工有限公司,0,0,0
天津昌硕铜业有限公司,0,0,0
天津晨金龙钢管有限公司,0,0,0
天津格睿钢铁有限公司,0,0,0
天津津北钢铁有限公司,0,0,0
天津渤创环保设备第一店铺,0,0,0
天津渤化化学试剂有限公司,1,0,1
天津滨杭叉车销售有限公司,0,0,0
天津阿吉毕科技有限公司第一店铺,0,0,0
天津雅斯特胶粘制品有限公司,0,0,0
天眼查,9,0,9
天禄电动叉车价格,3,0,3
天禄电瓶叉车,3,0,3
天穗交通赔偿费用计算,0,0,0
天穗工伤赔偿计算器,0,0,0
天菠体育传媒,0,0,0
天赐重工有机肥厂家,0,0,0
天长市永兴摩擦材料有限公司,0,0,0
天顺建筑拆迁,1,0,1
太原市万柏林区奔诚机第二店铺,0,0,0
太原市万柏林区鑫奔阳机第三店铺,0,0,0
太原市万柏林区鑫奔阳机第二店铺,0,0,0
太原市万柏林区鑫奔阳机第四店铺,0,0,0
太原欧米奇西点西餐学校,1,0,1
太原癫痫病医院1,34,0,34
太谷昌林锹具有限公司第一店铺,0,0,0
太锅锅炉厂,0,0,0
失信人查询,0,0,0
头等仓仓库出租网,0,0,0
夸夸币账户,1,0,1
奔腾激光温州有限公司,0,0,0
奔阅上海信息系统科技第三店铺,0,0,0
奥科科技建筑节能产品生产加工,17,0,17
好听昵称馆,0,0,0
好食期,3,0,3
好餐谋,0,0,0
如梦吊带袜,0,0,0
如释青尘,0,0,0
妈妈好孕姓名打分测试,1,0,1
妙彩饰材,0,0,0
姚楚旋客运票务服务部,0,0,0
威乐水泵上海有限公司,0,0,0
威县云盛耐磨材料第一店铺,0,0,0
威悦热固复合聚苯板,2,0,2
威海广联晶晶烘焙原料,1,0,1
威远县顺材石材加工厂,0,0,0
娇娇避孕知识,0,0,0
婵兔百货精选,1,0,1
宁夏缠塑环保科技第一店铺,0,0,0
宁波仕波交通设施有限公司,0,0,0
宁波康伯斯电器有限公司,1,0,1
宁波开晨机械设备有限公司,0,0,0
宁波振彪金属制造有限公司,0,0,0
宁波永衡称重技术有限公司,0,0,0
宁波秉圣工业技术有限公司,0,0,0
宁波策天下房地产营销策划,1,0,1
宁波金帛珠宝有限公司,0,0,0
宁波骋锴物流有限公司,0,0,0
宁津县大曹镇奥东水泥第一店铺,0,0,0
宇泉水泵,0,0,0
安平县兵合丝网制品有限公司,0,0,0
安平县塑钏丝网制品第一店铺,0,0,0
安平县奔沃金属丝网制品有限公司,0,0,0
安平县宾锋金属丝网制品第一店铺,0,0,0
安平县峰彪钢格板厂,0,0,0
安平县峰彪钢格板厂第二店铺,0,0,0
安平县常恒丝网制品第二店铺,0,0,0
安平县持美丝网制品第二店铺,0,0,0
安平县柄源丝网制造有限公司,0,0,0
安平县渤珅丝网制品有限公司,0,0,0
安平县阿闯金属制品有限公司,0,0,0
安平县领冠金属丝网制品有限公司,0,0,0
安徽仕仓仓储设备有限公司,0,0,0
安徽冰飞扬干冰贸易有限公司,0,0,0
安徽勃林邦五金制品有限公司,0,0,0
安徽北商实业有限公司,0,0,0
安徽和尘激光设备有限公司,0,0,0
安徽国泰泵科技有限公司,0,0,0
安徽新东方烹饪学校,0,0,0
安徽淦才商贸有限公司,0,0,0
安徽省汤曹酒业有限公司,0,0,0
安徽省沧龙潜水工程有限公司,0,0,0
安徽省镇兵户外装备有限公司,0,0,0
安徽策超精密机械有限公司,0,0,0
安徽航冰制冷设备有限公司,0,0,0
安徽金帛利电动遮阳技术第一店铺,0,0,0
安徽鸿贝智能科技有限公司,0,0,0
安殿地毯海棉衬垫,1,0,1
安泵士,0,0,0
安溪县参内大力王五金制第一店铺,0,0,0
安诺机器人深圳有限公司,0,0,0
安阳市嘉尔硅业有限公司,0,0,0
安阳市永正钢板仓工程,0,0,0
安阳市红鑫创伟冶金耐材有限公司,0,0,0
安阳市鑫海冶金耐材有限公司,0,0,0
宋欢测试小程序_企业,2,0,2
宋氏模具生产厂家,0,0,0
完美创股票分析,0,0,0
完美创避孕知识,0,0,0
宏宇混凝土修补公司,13,0,13
宏泰聚乙烯丙涤纶防水卷材,6,0,6
宏盛玻纤网格布,12,0,12
宏盛网格布厂家,11,0,11
宏科华3层pe防腐钢管,0,0,0
宏箔业铝箔包装,0,0,0
宜兴冠宇新型材料有限公司,0,0,0
宜兴市万鑫瓷业有限公司,0,0,0
宜兴市亚隆特种陶瓷第一店铺,0,0,0
宜兴市瑞铭陶瓷科技有限公司,0,0,0
宜兴市盛发高温窑具炉料有限公司,0,0,0
宜兴市赛硕新材料有限公司,0,0,0
宜控捕鼠器,0,0,0
宜都奥达实业有限公司,0,0,0
宝支贝付,2,0,2
宝时云仓,1,0,1
宝沉沉香无粘香,0,0,0
宝藏花卡申请,0,0,0
宝鸡欧泽生物科技第一店铺,0,0,0
宣城市克飞木业有限公司第一店铺,0,0,0
家博会网,0,0,0
家简呈出,0,0,0
宾也环保科技上海有限公司,0,0,0
宾德利商贸青岛有限公司第一店铺,0,0,0
宿橙网络,1,0,1
宿迁搏威环保科技有限公司,0,0,0
宿迁网博,1,0,1
寄忆仓,0,0,0
富家蜂巢帘,2,0,2
富察氏,0,0,0
富察氏火锅,0,0,0
富察氏火锅加盟,0,0,0
寸美颜证件照,0,0,0
小不点造句,2,0,2
小冬理财助手,0,0,0
小参娱乐,0,0,0
小吃车,0,0,0
小合同城信息,1,0,1
小山查,0,0,0
小布惊奇电影,0,0,0
小度单词本,2,0,2
小探索心理测试,4,0,4
小探索智商测试,9,0,9
小时橙时间世界,0,0,0
小星帮选菜,0,0,0
小橙文字转语音,0,0,0
小熊背单词,0,0,0
小白身高体重体脂秤厂家,0,0,0
小罐茶旗舰店,1,0,1
小茶一丛,1,0,1
小茶主义,0,0,0
小菠萝趣照,2,0,2
小萌田字格笔顺,2,0,2
小酷大转盘,0,0,0
小酷定七秒,0,0,0
小黄旅行弹幕互动助手,4,0,4
尘鸢恋爱,0,0,0
尚之潮火车票补打,21,16,37
尚承文化,0,0,0
尚承文化策划公司,0,0,0
尚水希木,0,0,0
尝味无限,1,0,1
展橙商贸,0,0,0
山东一匡工程材料有限公司,0,0,0
山东一晨生物科技有限公司,0,0,0
山东三体仪器有限公司第一店铺,0,0,0
山东三工匠教育装备有限公司,3,0,3
山东三特辐射防护材料第一店铺,0,0,0
山东中仪仪器有限公司,0,0,0
山东中仪仪器有限公司第二店铺,0,0,0
山东中科能人工环境有限公司,0,0,0
山东久和射线防护器材第一店铺,0,0,0
山东乐农食品有限公司第二店铺,0,0,0
山东九州钡蓝环境设备第一店铺,0,0,0
山东倍好农业科技有限公司,0,0,0
山东倍川空调设备第三店铺,0,0,0
山东倍立固防水科技第一店铺,0,0,0
山东倡民节水灌溉设备第二店铺,0,0,0
山东兆赫辐射防护器材第一店铺,0,0,0
山东先能机械设备有限公司,1,0,1
山东光讯化工有限公司,0,0,0
山东兴彪金属材料有限公司,0,0,0
山东军博射线防护工程第一店铺,0,0,0
山东冠县齐丰金属制品第一店铺,0,0,0
山东力无边环保设备有限公司,0,0,0
山东博创辐射防护工程,0,0,0
山东博瑞达辐射防护工程有限公司,0,0,0
山东博界医特环保工程店铺,0,0,0
山东博科再生医学有限公司,0,0,0
山东吉特新材料有限公司第一店铺,0,0,0
山东嘉斯机电设备有限公司,0,0,0
山东国康身高体重秤生产厂家,2,0,2
山东坤渤空调设备有限公司,0,0,0
山东坤渤空调设备第二店铺,0,0,0
山东壁涂居环保科技有限公司,1,0,1
山东多聚化学有限公司,0,0,0
山东天一水务移动式污水处理备,26,0,26
山东奇本实业有限公司,0,0,0
山东好巨宏新材料有限公司,0,0,0
山东威四方智能科技第一店铺,0,0,0
山东宁瑞机电科技股份有限公司,0,0,0
山东安米化工科技有限公司,0,0,0
山东宜康医特环保工程有限公司,0,0,0
山东尝君机械制造有限公司,0,0,0
山东应帛膜结构工程有限公司,0,0,0
山东康伯特射线防护工程第二店铺,0,0,0
山东康诚辐射防护器材第一店铺,0,0,0
山东引领环保科技有限公司,0,0,0
山东弘策机械设备有限公司,0,0,0
山东彬豪注浆管厂家,11,0,11
山东彬豪精密钢管厂家,12,0,12
山东微程信息技术有限公司,1,0,1
山东德电电气科技有限公司,0,0,0
山东志远青石板材,0,0,0
山东恒益辉化工科技有限公司,0,0,0
山东惠信环保工业装备第一店铺,0,0,0
山东战英智能科技有限公司,0,0,0
山东承晟新型建材有限公司,0,0,0
山东持正环境检测技术有限公司,0,0,0
山东搏晔射线防护工程第一店铺,0,0,0
山东新势力生态农业科技第二店铺,0,0,0
山东新品种苗木繁育有限公司,0,0,0
山东方正耐磨材料科技第二店铺,0,0,0
山东旭正纺织有限公司第一店铺,0,0,0
山东昇腾智能装备有限公司,0,0,0
山东昌祥石材股份有限公司,0,0,0
山东朝杰油漆销售有限公司,0,0,0
山东本创仪器有限公司,1,0,1
山东本踏商城,3,0,3
山东柏嘉润化工设备第六店铺,0,0,0
山东柏禾游乐设备有限公司,0,0,0
山东森倡商贸有限公司,0,0,0
山东泊瑞德机械有限公司,0,0,0
山东渤亚重工机械有限公司,0,0,0
山东渤莱特金属材料有限公司,0,0,0
山东瀚鲸机械科技有限公司,0,0,0
山东炉旺达厨业有限公司,0,0,0
山东煜和堂药业有限公司厂部,0,0,0
山东爱华包装设计第一店铺,0,0,0
山东爱采生物科技第一店铺,0,0,0
山东特锐德厨业有限公司,0,0,0
山东玻镁新型材料第三店铺,0,0,0
山东玻镁新型材料第二店铺,0,0,0
山东电讯七厂有限责任公司,0,0,0
山东畅牛旅游开发有限公司,1,0,1
山东畅荣化工科技有限公司,0,0,0
山东盛弘机械设备有限公司,0,0,0
山东盛德诺果蔬速冻生产线,1,0,1
山东省奥绒服装有限公司第三店铺,0,0,0
山东省盛耀辐射防护工程有限公司,0,0,0
山东睿川信息科技第一店铺,0,0,0
山东秉诚换热设备有限公司,1,0,1
山东穗华生物科技有限公司,0,0,0
山东筑巢装饰设计工程有限公司,1,0,1
山东精玻玻璃科技第一店铺,0,0,0
山东老兵管道设备第一店铺,0,0,0
山东聊城好倍可食品第二店铺,0,0,0
山东能常食品有限公司,1,0,1
山东舜通辐射防护器材有限公司,0,0,0
山东艾瑞得电气有限公司第一店铺,0,0,0
山东觅斯美经贸有限公司,0,0,0
山东超宏管业有限公司,0,0,0
山东跃明化工科技第一店铺,0,0,0
山东辉安化工有限公司,0,0,0
山东邦化油脂化学第二店铺,0,0,0
山东鑫智康辐射防护工程第二店铺,0,0,0
山东鑫通辐射防护材料有限公司,0,0,0
山东铂牛网络科技有限公司,1,0,1
山东铂薇家居有限公司,0,0,0
山东长伯精密仪器有限公司,0,0,0
山东长田机械有限公司第二店铺,0,0,0
山东闻韶化工有限公司,0,0,0
山东陌匠机械设备有限公司,0,0,0
山东隆泽机械,0,0,0
山东雷掣航空科技第一店铺,0,0,0
山东霖畅信息,0,0,0
山东食安生物科技有限公司,0,0,0
山东魁骋机械有限公司第一店铺,0,0,0
山东鲁耀金属制品第一店铺,0,0,0
山东鲁耀金属制品第三店铺,0,0,0
山东鸿发辐射防护工程有限公司,0,0,0
山东黄锈石材开发有限公司,0,0,0
山东鼎壹生物科技第一店铺,0,0,0
山东鼎晟源辐射防护工程第二店铺,0,0,0
山东鼎泰防水科技有限公司,0,0,0
山也宣传册设计画册设计,0,0,0
山水城,118,0,118
山湖城,0,0,0
山禾标准计量恒温槽,0,0,0
山西明钢冶金机械有限公司,0,0,0
山西燕诺之家纺织品第一店铺,0,0,0
山西爱期倍微代购,66,516,582
山西申舶尔煤机装备第一店铺,0,0,0
山西畅生活智能产品,0,0,0
山西盛宾贸易有限公司,0,0,0
山西立利通机械制造有限公司,0,0,0
山西诚祥龙,0,0,0
山西锦洋药用辅料有限公司,0,0,0
山西锦衣卫服饰有限公司,0,0,0
岑溪市陈三石业有限责任公司,0,0,0
岩北头茶叶,61,516,577
崇州市元通金雪水泥制第一店铺,0,0,0
川匠电气定制箱变厂家,0,0,0
巢娭毑月饼,0,0,0
巨升支撑千斤顶,12,0,12
巨洋高分子丙纶防水卷材,19,0,19
巨鼎天衡苏州称重设备有限公司,0,0,0
巩义市承起重工机械有限公司,0,0,0
巩义市达泰管道设备厂,0,0,0
差分图片编辑小助手,2,0,2
差分图片裁剪小工具,0,0,0
差分每天背单词,1,0,1
布布吧表情在线制作,11,0,11
布方厦门网站建设,0,0,0
布锐,1,8,9
希派创意城,112,0,112
常亭起名,0,0,0
常大佬博客,0,0,0
常居地产,0,0,0
常州中耀精细化工有限公司,0,0,0
常州双波仪表有限公司,0,0,0
常州市中玻玻璃机械设备有限公司,0,0,0
常州市倍成干燥设备工程有限公司,0,0,0
常州市冰沃制冷设备有限公司,0,0,0
常州市常一会展篷房第三店铺,0,0,0
常州市毕升印务厂,0,0,0
常州市港通化工有限公司,0,0,0
常州市耀邦摩擦材料厂,0,0,0
常州市航瑞屏蔽设备有限公司,1,0,1
常州市西夏墅永昌工具有限公司,0,0,0
常州常连轴承有限公司,0,0,0
常州恒成称重设备有限公司,1,0,1
常州朝康机械有限公司,1,0,1
常州梦晨电子科技有限公司,0,0,0
常州澄澈水务科技第一店铺,0,0,0
常州玖贝机械有限公司,0,0,0
常州碧瑞达水处理科技有限公司,0,0,0
常州科倍达精密机床附件厂,0,0,0
常州科普锐精密工具有限公司,0,0,0
常州诺倍威精密工具有限公司,1,0,1
常州豪骏屏蔽设备第一店铺,0,0,0
常来金属镀钛,29,0,29
常熟市常通管业有限公司第一店铺,0,0,0
常贷之家,4,0,4
平业理查手表,1,0,1
平乡县六合电缆辅助材第二店铺,0,0,0
平安利顺国际货币经纪,1,0,1
平安重大疾病保险,4,0,4
平欧大榛子,0,0,0
平潭北港石头会唱歌民宿,0,0,0
平衡点商城,1,0,1
平邑县张永机械设备销售中心,0,0,0
平顶山市三根草再生资源第一店铺,0,0,0
平顶山市元基商贸有限公司,0,0,0
并肩网,2,0,2
广东七橙信息科技有限公司,0,0,0
广东中祥新材料股份有限公司,0,0,0
广东优之彩数码设备有限公司,0,0,0
广东优碧胜科技有限公司第二店铺,0,0,0
广东兰搏科技有限公司,0,0,0
广东兴壹方电力设备有限公司,0,0,0
广东兵工安检设备有限公司,0,0,0
广东北田智能科技有限公司,0,0,0
广东品瑞科技有限公司,0,0,0
广东品瑞科技有限公司第二店铺,0,0,0
广东天比高体育科技有限公司,0,0,0
广东央富金币有限公司,0,0,0
广东德布律师事务所,2,0,2
广东惠衡衡器有限公司,0,0,0
广东成氏餐饮管理服务有限公司,0,0,0
广东朝荣瓷尚精工陶瓷有限公司,1,0,1
广东梅州潘律师,14,0,14
广东淼钡环保投公司,0,0,0
广东渤泽丝网制品科技有限公司,0,0,0
广东源磊粉体有限公司,0,0,0
广东滨卫保安,0,0,0
广东滨卫保安服务有限公司,1,0,1
广东玉峰粉体材料股份有限公司,0,0,0
广东田边建筑五金制品有限公司,0,0,0
广东良米仓科技有限公司,0,0,0
广东贝和自动化设备有限公司,0,0,0
广东财领头新材料第三店铺,0,0,0
广东采辉包装印刷有限公司,0,0,0
广东金宗制药设备科技有限公司,0,0,0
广东顺彩达遮阳科技有限公司,0,0,0
广品石磨肠粉培训,0,0,0
广品香酥芝麻饼培训,0,0,0
广州HELLO潮寓,0,0,0
广州丰草人造草坪有限公司,0,0,0
广州久固建材有限公司市场部,15,0,15
广州优佳惠服装有限公司,0,0,0
广州倍安捷建筑科技有限公司,1,0,1
广州倍彩涂料有限公司第一店铺,0,0,0
广州冰泉制冷,0,0,0
广州冰源制冷设备工程有限公司,0,0,0
广州力本橡胶,0,0,0
广州勤必发商贸有限公司第二店铺,0,0,0
广州君芳电子科技第三店铺,0,0,0
广州和悦化工科技有限公司,0,0,0
广州城建水泥制品有限公司,0,0,0
广州大笨象数码科技第一店铺,0,0,0
广州奇乐游乐设备有限公司,0,0,0
广州奔跑广告有限公司,0,0,0
广州好拆友汽车配件有限公司,0,0,0
广州家利倍地毯有限公司,0,0,0
广州尚藏平面设计有限公司,1,0,1
广州市久百曜电子有限公司,0,0,0
广州市享美化工科技有限公司,0,0,0
广州市倍司塔化工有限公司,0,0,0
广州市勃发环境科技第二店铺,0,0,0
广州市协宇化工有限公司,0,0,0
广州市帛瑞消防工程设备有限公司,0,0,0
广州市常利贸易有限公司,0,0,0
广州市彬诚税务顾问有限公司,0,0,0
广州市扬程电子有限公司第二店铺,0,0,0
广州市搏兴机械制造有限公司,0,0,0
广州市斌龙化工有限公司,0,0,0
广州市本原纳米仪器有限公司,0,0,0
广州市梦采生物科技有限公司,1,0,1
广州市比灵天然配料有限公司,0,0,0
广州市炳杰贸易有限公司,0,0,0
广州市玩客游乐设备有限公司,0,0,0
广州市荣麦烘焙食品机械制造,0,0,0
广州市衡深盛建材有限公司,0,0,0
广州市越秀区娜烨文化第一店铺,0,0,0
广州市金澳辰动漫科技有限公司,0,0,0
广州市铂纳包装材料有限公司,0,0,0
广州帛艺服饰有限公司,0,0,0
广州常道网络科技有限公司,0,0,0
广州广超超声科技有限公司,0,0,0
广州康丽宝美容美体设备有限公司,0,0,0
广州微石科技有限公司,0,0,0
广州斯奔环境科技第三店铺,0,0,0
广州星伯仑光电科技有限公司,0,0,0
广州晨信化工有限公司,0,0,0
广州智潮网络科技有限公司,0,0,0
广州柏胜展示器材有限公司,0,0,0
广州标彪体育有限公司第二店铺,0,0,0
广州欣娱游乐设备有限公司,0,0,0
广州比妃化妆品有限公司,1,0,1
广州毕研技术有限公司第一店铺,0,0,0
广州渔痴鱼醉餐饮管理服务,1,0,1
广州潮本生物科技有限公司,0,0,0
广州潮越机械设备第一店铺,0,0,0
广州爱藏投资合伙企业有限合伙,0,0,0
广州爱藏收藏艺术有限公司,0,0,0
广州爱藏文化发展有限公司,0,0,0
广州爱藏网电子商务有限公司,0,0,0
广州爱藏艺术品鉴定有限公司,0,0,0
广州瑞彬科技有限公司,0,0,0
广州畅空广告策划有限公司,1,0,1
广州益合健康科技有限公司,0,0,0
广州碧乐园游乐设备有限公司,0,0,0
广州碧峰贸易有限公司,0,0,0
广州祺龙电子科技,0,0,0
广州稳达科技有限公司第二店铺,0,0,0
广州苍穹传媒有限公司,0,0,0
广州蒸艾康电子科技第三店铺,0,0,0
广州贝斯乐游乐设备有限公司,0,0,0
广州辰仕化工有限公司第一店铺,0,0,0
广州金童游乐设备第一店铺,0,0,0
广州金领投资合伙企业有限合伙,0,0,0
广州长疆电子科技有限公司,0,0,0
广州阐心生物科技第一店铺,0,0,0
广州陈氏太极拳培训,6,0,6
广州陈顺和餐饮管理有限公司,1,0,1
广州雅创新材料有限公司,0,0,0
广州靓龙印刷有限公司第一店铺,0,0,0
广州飞唱数码科技有限公司,0,0,0
广州餐道信息科技有限公司,1,0,1
广州餐餐添香餐饮管理第一店铺,0,0,0
广西东兴边关国际旅行社有限公司,1,0,1
广西企宾劳保用品有限责任公司,0,0,0
广西卜海建筑工程有限公司,0,0,0
广西咏玖矿业有限公司第二店铺,0,0,0
广西奔宏起重设备有限公司,0,0,0
广西来宾市大笨猪木业有限公司,0,0,0
广西碧虹景观工程有限公司,1,0,1
广西碧鸿科技有限公司,0,0,0
广西金步电力科技第一店铺,0,0,0
广西青畅科技发展有限公司,0,0,0
庆旭称谓计算器,0,0,0
庐山市天达石业有限公司,0,0,0
应橙优选,1,0,1
店查查,7,0,7
度察察,0,0,0
度标,5,0,5
康之沁坚果炒货,511,0,511
康养仓,0,0,0
康波财经,0,0,0
康波财经房贷计算器,0,0,0
康童游乐,0,0,0
廊坊丙强防腐材料有限公司,0,0,0
廊坊丰禹节能科技有限公司,0,0,0
廊坊倍达通过滤设备有限公司,0,0,0
廊坊兆彬保温材料有限公司,0,0,0
廊坊冀坤防火材料有限公司,0,0,0
廊坊勃杉防火材料有限公司,0,0,0
廊坊北建新型建材有限公司,0,0,0
廊坊市初壹科技有限公司第一店铺,0,0,0
廊坊开发区翔坤航空模拟设备,0,0,0
廊坊楚坤科技有限公司第一店铺,0,0,0
廊坊炳贤新型建材有限公司,0,0,0
廊坊炳贤新型建材第二店铺,0,0,0
廊坊王氏防火材料有限公司,0,0,0
廊坊秉发节能科技有限公司,0,0,0
廊坊轩敞防火材料第二店铺,0,0,0
廊坊钜朝保温材料有限公司,0,0,0
建成机械设备,61,516,577
建湖县远达特种材料有限公司,0,0,0
建程网,0,0,0
开平市佛泵泵业有限公司,0,0,0
开平市华泵泵业有限公司,0,0,0
开臣息心庐精品民宿,0,0,0
开臣璞居温泉美墅,0,0,0
异乡好居平台,1,0,1
弋策,0,0,0
弘毅画廊字画装裱小工匠,0,0,0
张家口搏发中空玻璃有限公司,0,0,0
张家港市众邦机械有限公司,0,0,0
强盛全自动单饼机,15,0,15
强盛单饼机,15,0,15
归阁民宿,0,0,0
当阳市凯全农资第一店铺,0,0,0
彩宇科技,0,0,0
彩心理,19,0,19
彩牛生活,0,0,0
彩生活,1,0,1
彩益纸塑,19,0,19
彪牌弹花机,0,0,0
彬泉通达搬家,0,0,0
彭大顺豆腐生产线,19,0,19
彼岸花圈,0,0,0
彼渡客栈,0,0,0
律通刑事辩护律师咨询,7,0,7
律针交通事故工伤人身损害赔偿,4,0,4
徐州市正源工业用布有限公司,0,0,0
徐州悍恒机械有限公司第一店铺,0,0,0
徐州斯派尔称重设备有限公司,0,0,0
徐州新畅纺织有限公司,0,0,0
徐州沛发矿山机械配件第二店铺,0,0,0
徐州泽龙编织机械有限公司,0,0,0
徐州爱迪尔国际贸易有限公司,0,0,0
徐州瑛琪塑业有限公司,0,0,0
徐州艾迪尔机械科技有限公司,0,0,0
徐州鸿本机械制造有限公司,0,0,0
微图册,0,0,0
微直播,69,0,69
微辰,1,0,1
德利玻璃钢缠绕设备缠绕机,0,0,0
德利缠绕编绕拉挤管设备,0,0,0
德州丙冉商贸有限公司第二店铺,0,0,0
德州中瑞土工材料工程第三店铺,0,0,0
德州呈韵空调设备有限公司,0,0,0
德州市策通塑料制品有限公司,0,0,0
德州拓巢商贸有限公司第一店铺,0,0,0
德州易丰塑业有限公司,0,0,0
德州昱成机械设备有限公司,0,0,0
德州炳创橡塑制品有限公司,1,0,1
德州福瑞特农业机械制造有限公司,0,0,0
德州科通橡塑制品第一店铺,0,0,0
德州红遍天机械设备租赁第一店铺,0,0,0
德州聚宏橡塑制品第一店铺,0,0,0
德州龙拓重工机械有限公司,0,0,0
德慕森,1,0,1
德清县莫干山镇橙月度假酒店,0,0,0
德清大湖原舍,0,0,0
心潮体验馆,1,0,1
心诚毛巾被工厂批发,2,0,2
心食谱,0,0,0
必力信光电,18,0,18
必得我客,338,0,338
必标招标,1,0,1
志和利华扫描仪部,0,0,0
快消天下方便自热食品,3,0,3
怀化市鸿渤五金制品有限公司,0,0,0
怀尘云,0,0,0
怀来拉斐水岸,0,0,0
思美达活动策划,3,0,3
思茂严选,1,0,1
思辟德智能科技江苏有限公司,0,0,0
恐艾指导中心,0,0,0
恒峰防滑布,3,0,3
恒纳昌,1,0,1
悉知设备配件,23,0,23
悠尔蜜斯烘焙培训,10,0,10
悠步观澜,0,0,0
悦奔杭州科技有限公司,1,0,1
情儿鸳鸯浴,0,0,0
惠州市世家防雷技术有限公司,0,0,0
惠州市意文电子有限公司,0,0,0
惠州市绿箔保温科技有限公司,0,0,0
惠民县大年陈镇普利鑫绳第一店铺,0,0,0
惠阳大亚湾安杰疏通厕所下水道,1,9,10
惠阳诚信疏通厕所,1,8,9
慈幼服务中心,1,0,1
慈恩电子经营部,0,0,0
慈溪市凯峰电子有限公司,0,0,0
慧灵科技深圳有限公司,0,0,0
慧达取名字改名字,0,0,0
懂茶吧,0,0,0
懒人畅听,0,0,0
成都一品庄园葡萄酒业有限公司,0,0,0
成都中鹏化工有限公司,0,0,0
成都九鼎酒酒业有限公司,0,0,0
成都优顿射线防护工程有限公司,0,0,0
成都伯奥克电子有限公司,0,0,0
成都佐冷馋餐饮管理有限公司,1,0,1
成都佳航驾培事业部,1,0,1
成都公筷公勺行动接力来啦,8,0,8
成都北钓,0,0,0
成都友财数码通讯,0,0,0
成都呈阳净化装修工程,2,0,2
成都市康成电子有限责任公司,1,0,1
成都市笨笨机电设备有限公司,0,0,0
成都市老弹匠棉业有限公司,0,0,0
成都市锦帛装饰材料有限公司,0,0,0
成都市锦帛装饰材料第二店铺,0,0,0
成都悦宾食品有限公司,1,0,1
成都成佳诚商贸有限公司,0,0,0
成都成程再生资源回收有限公司,0,0,0
成都找到北网络科技有限公司,1,0,1
成都持恒科技有限公司第三店铺,0,0,0
成都捷策会计服务有限公司,0,0,0
成都搏萨机械制造有限公司,0,0,0
成都晨诺科技有限公司,0,0,0
成都智搏佳科技有限公司,0,0,0
成都武侯博仕胃肠病医院有限公司,1,0,1
成都汇世都成新材料有限公司,0,0,0
成都润城数码,0,0,0
成都秉信科技有限公司,0,0,0
成都美步科技有限公司,1,0,1
成都美辉玻钢制品有限公司,0,0,0
成都荟川酒业有限公司,0,0,0
成都融兴诚科技有限公司,0,0,0
成都诚园,0,0,0
成都金创成科技有限公司,0,0,0
成都链企资质部,0,0,0
成都雅彬服饰有限公司第一店铺,0,0,0
成都马路边餐饮管理有限公司,1,0,1
我辈教育,3,0,3
手心菜谱,0,0,0
才易金华装饰公司,11,0,11
扬中市永工密封件有限公司,0,0,0
扬州博骏环保工程第一店铺,0,0,0
扬州天扬牌钛酸异丙酯,0,0,0
扬州市谢桥蓬布有限公司,0,0,0
扬州毅升汽车部件有限公司,0,0,0
找财网,0,0,0
承昌农产品,69,516,585
抓哇网络测速测网速度,6,0,6
折叠房打包箱房厂,0,0,0
抚仙湖遇忱度假酒店,0,0,0
拓勃精密机械制造山东有限公司,0,0,0
招考宝,0,0,0
招远市元勃实业有限公司,1,0,1
持酒君酌,0,0,0
指查查快递查询,2,0,2
换底色证件照,0,0,0
捷卞摄影,1,0,1
捷安剪力墙模板支撑,0,0,0
掌上仓,0,0,0
掌婴天下哺喂用品,3,0,3
推兵投票,0,0,0
搏佰机械上海有限公司第一店铺,0,0,0
搏佰机械上海有限公司第三店铺,0,0,0
搜一贝同城,0,0,0
携逞旅行攻略,0,0,0
擦动游戏攻略,6,0,6
故城县嘉实帆布制品第二店铺,0,0,0
教习网备课助手,0,0,0
敦煌市奔康矿业有限公司,0,0,0
文安县厚勤园林木材销第二店铺,0,0,0
文安县新鑫塑窗钢衬厂,0,0,0
文联诗词,6,0,6
斯晨健康,1,0,1
新乡县鹏呈化工有限责任公司,0,0,0
新乡宏达振动平台仓壁振动器厂家,6,0,6
新乡市先臣振动机械第三店铺,0,0,0
新乡市华西卫材有限公司,0,0,0
新乡市国铂机械设备制造有限公司,0,0,0
新乡市宏达卫材有限公司第一店铺,0,0,0
新乡市徐氏游乐设备第一店铺,0,0,0
新乡市金宏称重设备有限公司,0,0,0
新乡市鑫华轻工机械有限公司,0,0,0
新乡市鑫达便携式机床有限公司,0,0,0
新乡市领先轻工机械第一店铺,0,0,0
新兴县威箔贸易有限公司第一店铺,0,0,0
新坚地材,0,0,0
新巢优选,69,0,69
新彩数码印花,0,0,0
新彩要闻,0,0,0
新民市佳兴保温被厂,0,0,0
新沂俊工机械有限公司,0,0,0
新河县启闭机械有限公司,1,0,1
新河县泰禹水工机械厂,0,0,0
新疆奔亚能源科技开发第一店铺,0,0,0
新疆昊华鼎盛环保科技有限公司,0,0,0
新疆煎饼先生餐饮管理有限公司,1,0,1
新程网络技术服务深圳有限公司,1,0,1
新诚智慧,0,0,0
新雅厕所隔断,11,0,11
新雅厕所隔板,11,0,11
方程TDS笔,1,10,11
旅盟张家界旅游,0,0,0
旋航移动厕所,0,0,0
无忧视频剪辑,55,0,55
无恙成都美食,0,0,0
无锡主仓智能仓储设备有限公司,0,0,0
无锡亿搏不锈钢有限公司,0,0,0
无锡佑飞贸易有限公司,0,0,0
无锡凯祥新材料科技有限公司,0,0,0
无锡奔阳智能科技有限公司,0,0,0
无锡安富宏贸易有限公司第三店铺,0,0,0
无锡市三达纺配有限公司,0,0,0
无锡市云波铜铝材有限公司,0,0,0
无锡市国豪铣边机制造第二店铺,0,0,0
无锡市德氟隆防腐设备第二店铺,0,0,0
无锡市邦得胶粘制品有限公司,0,0,0
无锡康佑森科技有限公司第一店铺,0,0,0
无锡弘搏金属制品有限公司,0,0,0
无锡恒筑建筑科技有限公司,0,0,0
无锡振云环保科技有限公司,0,0,0
无锡朝达电子科技有限公司,0,0,0
无锡涛勇兵金属材料有限公司,0,0,0
无锡滨路环保设备有限公司,0,0,0
无锡澈能环境工程设备有限公司,0,0,0
无锡煜照金属制品有限公司,0,0,0
无锡盛亿欣金属制品有限第一店铺,0,0,0
无锡睿特超声设备有限公司,0,0,0
无锡臣力粉体设备有限公司,0,0,0
无锡赤澄兴金属材料有限公司,0,0,0
无锡赤澄兴金属材料第一店铺,0,0,0
无锡赤澄兴金属材料第三店铺,0,0,0
无锡赤澄兴金属材料第二店铺,0,0,0
无锡超省心企业管理有限公司,0,0,0
无锡雪浪仪表厂耐震压力表,0,0,0
日照一杰信元新材料有限公司,0,0,0
日照呈果木业有限公司,0,0,0
旭佳教育橙,6,0,6
旭鸿钢铁销售二部,0,0,0
时仓Storage,0,0,0
时区转换助手,2,0,2
时财,1,0,1
时间财富,0,0,0
昂科定量包装秤,0,0,0
昆山倍利精密仪器有限公司,0,0,0
昆山华速快捷电子第二店铺,0,0,0
昆山君道机械设备有限公司,0,0,0
昆山市天洪源工业用布第一店铺,0,0,0
昆山市福乐佑铝箔科技有限公司,0,0,0
昆山德科陈列展示用品第一店铺,0,0,0
昆山必勒超声波设备第二店铺,0,0,0
昆山必捷必信息技术有限公司,0,0,0
昆山步惠机械设备有限公司,0,0,0
昆山铭尚精密机电有限公司,0,0,0
昆明市盘龙区彼岸殡葬礼仪服务部,0,0,0
昆明苍松木业有限公司第一店铺,0,0,0
昆明陈安科技有限公司第一店铺,0,0,0
昆晶半导体热电温差冷热二极体,0,0,0
昆晶半导体热电温差致冷器件,0,0,0
昌特建材河北有限公司,0,0,0
明广展驴肉批发,3,0,3
易拍视频BGM识别,3,0,3
易采通,20,0,20
星座屋星座查询,1,0,1
星晨旭卫生间厕所隔断,1,0,1
星智日期计算器,0,0,0
星汇常一居,0,0,0
星润橡胶衬里,0,0,0
星润衬塑,0,0,0
星润衬塑管道,0,0,0
星润衬胶,0,0,0
星润钢衬塑管道,0,0,0
星火专接本机构,1,0,1
星超餐饮管理上海有限公司,1,0,1
星风卜,0,0,0
昵茶印象,0,0,0
昵茶网,0,0,0
晋中诚信编织袋厂,0,0,0
晓达工厂软件,1,0,1
晔创起重机械上海有限公司,0,0,0
晟秉环保催化燃烧设备,3,0,3
晟荣T型槽铸铁平台,0,0,0
晨暄科技,0,0,0
晨源生物科技有限公司,0,0,0
晨烟体育,0,0,0
晨皓移动共享商城,4,0,4
晨雅新材料,1,1,2
普洱茶之家,1,0,1
普洱茶之家山头价格表,0,0,0
景县景诚环保设备有限公司,0,0,0
景洪市勐养镇溢香红柚种植,0,0,0
晴晨电视指南,0,0,0
智天皮带秤螺旋铰刀磁选除铁器,20,0,20
暖空间挤塑聚苯保温板生产厂家,34,0,34
曙光机械设备,0,0,0
曲尘花民宿,0,0,0
曲阜市圣通挤扁机,0,0,0
曲阜市子航机械设备有限公司,0,0,0
曲阜市恒信机械设备销售第一店铺,0,0,0
曲阜市正达农业机械制造有限公司,0,0,0
曲阜市鑫工机械厂,0,0,0
曲阜市鸿运达金属容器有限公司,0,0,0
曲阜融兴机械设备第三店铺,0,0,0
曲阜鸿越机械设备制造有限公司,0,0,0
曲阳县昊鑫雕塑有限公司,0,0,0
曲阳县炳宇雕塑有限公司第一店铺,0,0,0
曲阳县铭博雕塑有限公司,0,0,0
曲阳县鹏勃雕塑厂,0,0,0
曹状元烧饼总部,1,1,2
有仓百货严选,3,0,3
有巢装饰,0,0,0
有鱼AH股价差对比,0,0,0
朝林广场,0,0,0
朝闻通,0,0,0
朝阳区淘表汇钟表店,0,0,0
木夕大里,0,0,0
未来城,0,0,0
本合机电常州有限公司,0,0,0
本如学英语,0,0,0
本如网络,1,0,1
本宋,0,0,0
本宫的茶,0,0,0
本根生物,0,0,0
本溪市溪湖区边牛海博水泥制品厂,0,0,0
本萱堂,1,1,2
本阅上海工业设备有限公司,0,0,0
杏花楼中秋月饼,12,0,12
杏花楼月饼,12,0,12
杜仁杰烘焙培训学校,0,0,0
杜肯新材料武汉集团股份有限公司,0,0,0
杭州乘易建筑有限公司,0,0,0
杭州人玻经营有限公司,0,0,0
杭州创搏网络科技有限公司,1,0,1
杭州启帛装饰材料有限公司,0,0,0
杭州图辰信息技术,0,0,0
杭州壁多美墙布有限公司,0,0,0
杭州奇檬无比文化创意有限公司,1,0,1
杭州宇立木业有限公司,0,0,0
杭州富阳登富铝箔保温材料厂,0,0,0
杭州彩谱科技有限公司,1,0,1
杭州必为科技有限公司第一店铺,0,0,0
杭州思巢SEO网站关键词优化,3,0,3
杭州易思通科技有限公司,0,0,0
杭州朝辰办公设备有限公司,0,0,0
杭州橙小橙企业管理咨询有限公司,1,0,1
杭州纬昌新材料有限公司,0,0,0
杭州藏汉科技有限公司,0,0,0
杭州迪高特玻建材科技有限公司,1,0,1
杭州铂晶玻璃有限公司,0,0,0
杭州阿昌健康科技有限公司,0,0,0
松博宇实木大理石背景墙,0,0,0
极别好物,1,0,1
极速汇率,0,0,0
枕星减肥手册,0,0,0
枕泉翠谷避暑房,2,0,2
林阳苦荞片生产设备,2,0,2
果夫订高尔夫球场旅游度假村酒店,1,0,1
果尔说唱,0,0,0
果聪食品上海有限公司第一店铺,0,0,0
柒月北岸,0,0,0
柒量一裁,1,0,1
柜人陈列道具母婴店货架,0,0,0
柠檬搞怪猜明星,3,0,3
柠檬看图猜电视剧,1,0,1
柠檬趣味猜图,1,0,1
柠檬趣味猜皇帝,1,0,1
查悦社保,0,0,0
查狗狗,0,0,0
柳州市碧天物资有限公司,0,0,0
柴芹股市,0,0,0
标克激光智能装备科技宁波,0,0,0
标小白,0,0,0
标快整合营销,1,0,1
标标商标查询,36,0,36
标禾科技,1,0,1
标美印刷条码不干胶标签,34,0,34
栗腾上海特种电缆有限公司,0,0,0
株洲广吉昌科技有限公司,0,0,0
格森智能餐台,12,0,12
桂平市雷亚旅游开发设备第一店铺,0,0,0
桓仁旭宏参业有限公司,0,0,0
桓仁财源苗木种植基地,0,0,0
桩基声测管,0,0,0
梁山季发二手设备购销部,0,0,0
梁山德滨汽车贸易有限公司,0,0,0
梁山承兵二手设备购销部,0,0,0
梅州市梅县区丙村镇丙雁第一店铺,0,0,0
梅河口市山城镇碧洲育苗基质加,0,0,0
梓舜建鑫信息咨询橙,6,0,6
梦之洁生活污水处理设备生产厂家,0,0,0
梦潮文化百科,0,0,0
梵之设计,0,0,0
橙子办公,6,0,6
橙智易点企业信息查询,3,0,3
欣成,1,0,1
欣欣爱巢,0,0,0
欧亚美特国际贸易北京第一店铺,0,0,0
欧兰尚壁砂陶彩砂,22,0,22
欧斯曼生物科技,0,0,0
欧铂曼门窗,1,0,1
欧飒成语练习册,19,0,19
正华办公设备,0,0,0
正和混凝土输送泵,0,0,0
步先智能锁,12,0,12
步先防盗门拉手,12,0,12
步先防盗门锁,11,0,11
步先防盗门锁体,15,0,15
步先防盗门锁芯,12,0,12
步惠机械江苏缠绕机翻转机,0,0,0
步驰割边机,12,0,12
步驰卷边机,11,0,11
步驰金属成型设备,15,0,15
武汉一承化工有限公司,0,0,0
武汉上辰设计,1,0,1
武汉亿科德精细化工有限公司,0,0,0
武汉信诺得化工有限公司第三店铺,0,0,0
武汉华士特称重科技有限公司,0,0,0
武汉华翔科洁生物技术有限公司,0,0,0
武汉叶世俊呈商贸有限公司,0,0,0
武汉奔利鑫钢构有限公司,0,0,0
武汉岽部风渔具有限公司,1,0,1
武汉市佰益特化工有限公司,0,0,0
武汉市德益邦塑业有限公司,0,0,0
武汉德塞仪器仪表科技有限公司,0,0,0
武汉怡橙网络科技有限公司,0,0,0
武汉时波网络技术有限公司,1,0,1
武汉星贝湾科技有限公司,0,0,0
武汉春盛电子科技有限公司,0,0,0
武汉森壁新材料科技有限公司,0,0,0
武汉武泵泵业制造有限公司,1,0,1
武汉江城兄弟挤塑聚苯板销售价格,21,0,21
武汉泰立运动场地工程有限公司,0,0,0
武汉泽诺生物科技有限公司,0,0,0
武汉秉祥环保塑料设备有限公司,0,0,0
武汉罗森杰化学科技有限公司,0,0,0
武汉能迈科实业有限公司,0,0,0
武汉荣冠塑化科技发展有限公司,0,0,0
武汉鑫华鑫服饰有限公司,0,0,0
武汉长光电源有限公司,1,0,1
武进区湖塘瑞升增氧设备厂,0,0,0
毅恒粮库密闭门窗,33,0,33
比迪电动叉车,0,0,0
毕奔蕾丝馆,0,0,0
毕赢家居日用,3,0,3
毕赢服饰九店,3,0,3
水滴筹,0,0,0
永嘉奔通自控阀门有限公司,0,0,0
永成厨卫电器贸易部,2,0,2
永航达波纹补偿器,0,0,0
永航达非金属补偿器,0,0,0
汇享吃,1,0,1
汇全球友上海便利店有限公司,1,0,1
汇播,2,0,2
汇播直播,2,0,2
汇泰双壁波纹管,0,0,0
汇渤科技,0,0,0
汇率宝,1,0,1
汇财吧,0,0,0
汇金达发泡布设备,12,0,12
汉威波纹管补偿器,0,0,0
汉威管道伸缩节,0,0,0
汉威膨胀节,0,0,0
汉威非金属织物补偿器,0,0,0
汐姐冰上芭蕾,0,0,0
汕头市大江家居有限公司,0,0,0
汕头市邦灿建材有限公司,0,0,0
江城林源中药材种植基地,0,0,0
江山巢牌门业有限公司第一店铺,0,0,0
江律师济宁刑事辩护律师,14,0,14
江苏专转本网,0,0,0
江苏丕承景观有限公司第一店铺,0,0,0
江苏东承环保有限公司,0,0,0
江苏仁卫环保科技发展有限公司,0,0,0
江苏伉俪森不锈钢制品有限公司,0,0,0
江苏众策科技有限公司,0,0,0
江苏全成机械制造有限公司,0,0,0
江苏创科电气有限公司,0,0,0
江苏华册物联网科技有限公司,0,0,0
江苏华骋科技有限公司,0,0,0
江苏博思维光电集团有限公司,0,0,0
江苏卡麦矿业有限公司第二店铺,0,0,0
江苏友凡索具有限公司,0,0,0
江苏嘉宇特种装备股份有限公司,0,0,0
江苏圣哲新材料科技有限公司,0,0,0
江苏宇灿智能装备有限公司,0,0,0
江苏安怡臣信息技术有限公司,1,0,1
江苏帆彬园林建设有限公司,0,0,0
江苏帛兴水处理设备第一店铺,0,0,0
江苏常达交通设施有限公司,0,0,0
江苏度微光学科技第二店铺,0,0,0
江苏思君轻食餐创,2,0,2
江苏恒益泰华环保科技有限公司,0,0,0
江苏恒隆水下工程有限公司,0,0,0
江苏扬马化工装备有限公司,0,0,0
江苏斯菲尔电气股份有限公司,0,0,0
江苏新伦石油化工有限公司,0,0,0
江苏方禹冷却设备科技第一店铺,0,0,0
江苏星球防腐科技有限公司,0,0,0
江苏欧倍力洗碗设备制造有限公司,1,0,1
江苏江才,2,0,2
江苏海驰电气制造有限公司,0,0,0
江苏润丰合成科技有限公司,0,0,0
江苏源美水下工程有限公司,0,0,0
江苏瑞柏特环保科技有限公司,0,0,0
江苏省盛利工业布第一店铺,0,0,0
江苏硕展称重设备有限公司,0,0,0
江苏福锐斯电线电缆有限公司,0,0,0
江苏稳变电气有限公司,0,0,0
江苏老裁缝家纺工业有限公司,1,0,1
江苏聚铭化工科技第一店铺,0,0,0
江苏荣业科技有限公司第一店铺,0,0,0
江苏诚亦顺自动化有限公司,0,0,0
江苏贝之曼环保科技第一店铺,0,0,0
江苏鑫巴特机械科技有限公司,0,0,0
江苏钧骋车业有限公司,1,0,1
江苏长程地坪工程有限公司,0,0,0
江苏飞庆生物科技有限公司,0,0,0
江苏鲲巢机械制造第三店铺,0,0,0
江苏龙超建设有限公司,0,0,0
江西一泵科技有限公司,0,0,0
江西中至研科技有限公司,0,0,0
江西俊玻新材料科技第一店铺,0,0,0
江西倍耐格建筑材料第三店铺,0,0,0
江西呈欣动力设备有限公司,0,0,0
江西巢因美建材科技有限公司,0,0,0
江西昌昱实业有限公司,0,0,0
江西明盛实业有限公司第一店铺,0,0,0
江西曹李餐饮管理第三店铺,0,0,0
江西楚盛基础工程有限公司,0,0,0
江西渤亿不锈钢制品有限公司,0,0,0
江西特塑新材料有限公司,0,0,0
江西省总裁装饰工程有限公司,1,0,1
江西绿歌日化科技有限公司,0,0,0
江门市新会泓际陈皮茶业有限公司,0,0,0
江阴名和沪中木业有限公司,0,0,0
江阴圆方机械制造有限公司,0,0,0
江阴市夏港街道大澄建第一店铺,0,0,0
江阴市宏澄塑胶有限公司,0,0,0
江阴市陆桥良澄车辆修配有限公司,1,0,1
江阴市青阳铝箔复合材料第一店铺,0,0,0
江阴彭澄机电有限公司,0,0,0
江阴皓睿光电新材料有限公司,0,0,0
池北小熊客栈,0,0,0
沃泵流体技术（广州）有限公司,0,0,0
沈阳万瑞兴服饰有限公司,0,0,0
沈阳信本和科技有限公司,0,0,0
沈阳华兴润达建筑材料销售,0,0,0
沈阳卓政律师,0,0,0
沈阳嘉创汇智科技有限公司,0,0,0
沈阳坤阳劲飞数控设备有限公司,0,0,0
沈阳市由氏食品有限公司,0,0,0
沈阳晋级装饰,0,0,0
沈阳欣荣环保工程有限公司,0,0,0
沈阳泽冰制冷设备销售有限公司,0,0,0
沈阳浩天拆除工程有限公司,0,0,0
沈阳金北乘机电设备技术开发,0,0,0
沈阳鑫科之杰仪器化玻有限公司,0,0,0
沈阳镀锌槽钢,0,0,0
沈阳陈富婆再生资源回收第一店铺,0,0,0
沈阳饰壁涂料科技有限公司,1,0,1
沈阳龙呈伟业科技有限公司,0,0,0
沉浸视频集,3,0,3
沧县亿达无缝管件厂,0,0,0
沧县鑫利塑料制品第一店铺,0,0,0
沧州众成集成房屋有限公司,0,0,0
沧州佳宜洁环保科技有限公司,0,0,0
沧州华彪膜结构工程有限公司,0,0,0
沧州同赢机电有限公司,0,0,0
沧州宾海机柜制造有限公司,0,0,0
沧州市滨德建材有限公司,0,0,0
沧州康利福环卫设备制造有限公司,0,0,0
沧州旭洲工量具有限公司,0,0,0
沧州昌勃金属制品有限公司,0,0,0
沧州渤威密封制品有限公司,0,0,0
沧州炳兴建筑仪器第一店铺,0,0,0
沧州远鑫电气设备第一店铺,0,0,0
沧州野营方舱集装箱制造有限公司,0,0,0
沧州鸿朗大棚保温被有限公司,0,0,0
沧海买房手册,0,0,0
沪比工业铝型材上海有限公司,0,0,0
沪江英语字母表,1,0,1
沭阳县颜集镇彩凤园林苗木园艺场,0,0,0
河北世优水利机械有限公司,0,0,0
河北东陈通讯设备第二店铺,0,0,0
河北中泵泵业有限公司,0,0,0
河北兴拓环保科技有限公司,0,0,0
河北冀畅工程材料销售第二店铺,0,0,0
河北创奔汽车配件第一店铺,0,0,0
河北勃昌保温材料第一店铺,0,0,0
河北北一环保设备有限公司,0,0,0
河北千友新材料科技有限公司,0,0,0
河北华卓金属丝网制品有限公司,0,0,0
河北变启环保科技有限公司,0,0,0
河北呈美建材科技有限公司,1,0,1
河北品力紧固件制造有限公司,0,0,0
河北善帛园林古建筑工程有限公司,0,0,0
河北埠鸠厮节能科技第三店铺,0,0,0
河北壁恋水漆有限公司,0,0,0
河北宏勃管道制造有限公司,0,0,0
河北宾圣管道制造有限公司,0,0,0
河北宾硕金属丝网制品第一店铺,0,0,0
河北层远金属丝网制品有限公司,0,0,0
河北崇业民商合同刑事辩护于律师,14,0,14
河北康宁编织品有限公司,0,0,0
河北强匠密封材料有限公司,0,0,0
河北彩地建材有限公司,0,0,0
河北彬晨橡塑制品有限公司,0,0,0
河北恒骋交通设施有限公司,0,0,0
河北捷威哈芬槽厂家,2,0,2
河北新力紧固件有限公司,0,0,0
河北易诚伟岸建筑器材有限公司,0,0,0
河北普洛斯液压技术有限公司,0,0,0
河北智玻调光玻璃科技有限公司,0,0,0
河北暖朝采暖设备科技第一店铺,0,0,0
河北朝大建材有限公司,0,0,0
河北朝登实业有限公司,0,0,0
河北来福工业泵制造有限第一店铺,0,0,0
河北毕信柜业有限公司第二店铺,0,0,0
河北江骋丝网制品有限公司,0,0,0
河北河清肠衣有限公司,0,0,0
河北泊量机床设备制造有限公司,0,0,0
河北洽卓建筑拆除第一店铺,0,0,0
河北浦乘金属制品有限公司,0,0,0
河北淀边乡园林绿化工程第一店铺,0,0,0
河北炳然金属制品第一店铺,0,0,0
河北省电子口岸发展股份有限公司,1,0,1
河北睿祺水利机械有限公司,0,0,0
河北石泵科技股份有限公司,0,0,0
河北碧堡膘醇建筑材料第三店铺,0,0,0
河北碧秀园林绿化工程有限公司,0,0,0
河北福标橡塑制品有限公司,0,0,0
河北秉顺建筑安装工程有限公司,0,0,0
河北绿电新能源科技有限公司,0,0,0
河北苍耀节能保温科技第一店铺,0,0,0
河北茂昶管道制造有限公司,0,0,0
河北西岸建材有限公司第一店铺,0,0,0
河北赤泊环保设备有限公司,0,0,0
河北越来机械设备有限公司,0,0,0
河北辉浩环保科技第一店铺,0,0,0
河北边兴丝网制品第三店铺,0,0,0
河北采装网络科技有限公司,1,0,1
河北鑫昌管道设备制造有限公司,0,0,0
河北鑫泵泵业有限公司,0,0,0
河北鑫贝电力器材有限公司,0,0,0
河北钢背楞模板支撑厂家,0,0,0
河北铁科惠通铁路器材第一店铺,0,0,0
河北铂塑管道科技有限公司,0,0,0
河北铂昭金属材料有限公司,0,0,0
河北阐扬贸易有限公司第一店铺,0,0,0
河北雲彪管道制造第一店铺,0,0,0
河南丙盛园林工程有限公司,0,0,0
河南云采热能科技有限公司,0,0,0
河南亚美玩具有限公司,0,0,0
河南企通化工设备有限责任公司,0,0,0
河南倍得丰生物科技有限公司,0,0,0
河南兴瑞金箔装饰有限公司,0,0,0
河南冰赛环保材料有限公司,0,0,0
河南名童游乐设备有限公司,0,0,0
河南嗨吃家贸易有限公司,1,0,1
河南嘉普游乐设备科技有限公司,0,0,0
河南安信游乐设备有限公司,0,0,0
河南宏彪金属制品有限公司,0,0,0
河南宏星被服制造有限公司,0,0,0
河南宝达化工有限公司,0,0,0
河南庞旭建材有限公司,0,0,0
河南彩倍涂料有限公司,0,0,0
河南成通体育场地设施工程,0,0,0
河南新电光伏箱变,2,0,2
河南新锐国机械设备第一店铺,0,0,0
河南晨翀实业,0,0,0
河南比逊净化设备有限公司,0,0,0
河南毕氏木业有限公司第一店铺,0,0,0
河南水泵厂集团有限公司,0,0,0
河南沃达丰化工有限公司,0,0,0
河南畅鸣管业有限公司第一店铺,0,0,0
河南省伟钰工贸有限公司,0,0,0
河南省兴彼岸标识标牌第三店铺,0,0,0
河南省尚羽家纺有限公司,0,0,0
河南省必菏必拓机械第一店铺,0,0,0
河南省甘霖药业有限公司,0,0,0
河南省鑫渤特种线缆有限公司,0,0,0
河南秀苍化工产品有限公司,1,0,1
河南维境新能源汽车第二店铺,0,0,0
河南联畅建材有限公司,0,0,0
河南臣甫实业有限公司,1,0,1
河南臣轩涂料有限公司,0,0,0
河南草权舆景观工程有限公司,0,0,0
河南辰闰科技有限公司,1,0,1
河南酷奇游乐充气城堡滑滑梯蹦床,0,0,0
河南鑫远洋动物药业有限公司,0,0,0
河南钡丰化工产品有限公司,0,0,0
河南钡源化工产品第二店铺,0,0,0
河南顺泽伏牛艾生物科技第二店铺,0,0,0
河南飞鲸游乐设备有限公司,0,0,0
河间市上乘帆布制品店第一店铺,0,0,0
河间市伊昊源清真食品有限公司,0,0,0
河间市涵旭纤维布厂,0,0,0
泉州中福灿宏电子科技有限公司,0,0,0
泉州市永旺塑料编织袋第一店铺,0,0,0
泊云府,0,0,0
泊头市亚泊机械设备制造有限公司,0,0,0
泊头市双龙管道设备有限公司,0,0,0
泊头市富都阀门制造有限公司,0,0,0
泊头市恒来机械设备制造有限公司,0,0,0
泊头市泊阳传动机械第一店铺,0,0,0
泊头市渤昊建筑器材有限公司,0,0,0
泊头特种泵,0,0,0
泊水居广告,0,0,0
泊泵转子泵,0,0,0
泊泵齿轮泵,0,0,0
泊祎废旧物资,0,0,0
泊祎废旧物资回收,0,0,0
泊祎电缆变压器空调回收,0,0,0
泓德法务,1,0,1
泓昌,0,0,0
法狗狗免费法律咨询,0,0,0
法辩公司顾问律师,16,0,16
泛亚冷补料,2,0,2
泰安力森路面修补料,0,0,0
泰安呈睿园林绿化工程第一店铺,0,0,0
泰安开发区泰信园艺场,0,0,0
泰安开发区荣刚园艺场,0,0,0
泰安科创矿山设备有限公司,0,0,0
泰安聚鑫源酿酒设备有限公司,0,0,0
泰州市侨尔瑞化工设备有限公司,0,0,0
泰州市宇嘉不锈钢制品厂,0,0,0
泰州市远驰金属制品有限公司,0,0,0
泰州市顶固不锈钢制品厂,0,0,0
泰衡达避雷塔电力塔厂,3,0,3
泰衡达避雷塔电力塔监控塔烟囱塔,6,0,6
泽呈健康科技江苏有限公司,0,0,0
洛阳凯锦腾网业有限公司,0,0,0
洛阳力企防腐设备有限公司,0,0,0
洛阳博胜摩擦材料有限公司,0,0,0
洛阳智衡称重设备第一店铺,0,0,0
洛阳渤航丝网有限公司第二店铺,0,0,0
测你声音有多撩人,0,0,0
测博士,0,0,0
测工项目部招聘,0,0,0
测测你的时尚感,0,0,0
测测问答,1,0,1
济南一元生物工程有限公司,0,0,0
济南乾洲化工有限公司第一店铺,0,0,0
济南华衡试验设备公司,0,0,0
济南华轩机械设备第一店铺,0,0,0
济南吉康贝尔商贸有限公司,0,0,0
济南壹度客烘焙有限公司,1,0,1
济南子安化工有限公司第一店铺,0,0,0
济南宾鸿钢结构有限公司,0,0,0
济南彩地景观艺术有限公司,0,0,0
济南斌海商贸有限公司第一店铺,0,0,0
济南新飞达植绒设备第一店铺,0,0,0
济南旭通辐射防护工程有限公司,0,0,0
济南朗瑞电气有限公司,0,0,0
济南来宝医疗器械有限公司,0,0,0
济南比睿特机械设备有限公司,0,0,0
济南比雅斯机械设备有限公司,1,0,1
济南永宸化工有限公司第一店铺,0,0,0
济南泊辉智能科技,0,0,0
济南海安特安防装备第三店铺,0,0,0
济南海源化工有限公司,0,0,0
济南爱程网络科技有限公司,1,0,1
济南畅广电子科技有限公司,0,0,0
济南益华摩擦学测试技术有限公司,1,0,1
济南益洲激光科技有限公司,0,0,0
济南芳旭化工有限公司,0,0,0
济南诚雅电子科技有限公司,0,0,0
济南鑫全化工科技有限公司,0,0,0
济南铭信达化工科技有限公司,0,0,0
济南龙乘商贸有限公司第一店铺,0,0,0
济宁万协网络科技有限公司,0,0,0
济宁东一五金有限公司,0,0,0
济宁倍福特工业控制设备有限公司,0,0,0
济宁勃亚特水泵有限公司第一店铺,0,0,0
济宁奥松工程机械有限公司,0,0,0
济宁朝达环保新材料第一店铺,0,0,0
济宁海川机械有限公司,0,0,0
济宁滨通机械制造有限公司,0,0,0
济宁炳营园林绿化工程第一店铺,0,0,0
济宁经济开发区艺澈石业有限公司,0,0,0
济宁鑫呈机械设备有限公司,0,0,0
济源源泉生物制品第一店铺,0,0,0
浙江一辰电气有限公司,0,0,0
浙江中域电气有限公司,0,0,0
浙江中域电气有限公司第二店铺,0,0,0
浙江中岩工程技术研究萧第一店铺,0,0,0
浙江亿诺智能科技第一店铺,0,0,0
浙江仁龙软包背景墙,24,0,24
浙江仪泰自控阀门科技有限公司,0,0,0
浙江健彩设备科技有限公司,0,0,0
浙江北业电气有限公司,0,0,0
浙江华戈服装科技有限公司,0,0,0
浙江博世达游乐设备有限公司,0,0,0
浙江君鹏游乐设备第一店铺,0,0,0
浙江宁波市奥美利合科技有限公司,0,0,0
浙江小玩子游乐设备有限公司,0,0,0
浙江小草电气有限公司第一店铺,0,0,0
浙江德氟阀门有限公司,0,0,0
浙江恩常智能机械有限公司,0,0,0
浙江持胜阀门有限公司,0,0,0
浙江援手律师事务所,6,0,6
浙江方鼎软包装有限公司,0,0,0
浙江晨亿电气有限公司,0,0,0
浙江朝前环保科技有限公司,0,0,0
浙江正轩阀门有限公司第二店铺,0,0,0
浙江浙野建材有限公司,0,0,0
浙江盛特电气有限公司,0,0,0
浙江言程电气有限公司,0,0,0
浙江诺行游乐设备有限公司,0,0,0
浙江超特电气科技有限公司,0,0,0
浙江超超安全阀制造有限公司,1,0,1
浙江超飞科技有限公司,0,0,0
浙江迪丽游乐设备第一店铺,0,0,0
浙江金财立信财务管理第一店铺,0,0,0
浙江长仁电气有限公司,0,0,0
浙江馨晨游乐设备有限公司,0,0,0
浮沉忆屠夜blog,0,0,0
海上牧心民宿,0,0,0
海之城,0,0,0
海南惠斌人力管家,2,0,2
海南诚房,0,0,0
海城市金柄耐火材料有限公司,0,0,0
海智工业机器人,0,0,0
海门陈大来五金产品经营部,0,0,0
润田污水处理设备,1,0,1
润致源,0,0,0
涿州市华强保温建材厂第二店铺,0,0,0
涿州市海远建材有限公司第三店铺,0,0,0
涿州市鑫建商贸有限公司,0,0,0
淄博中泽新材料,0,0,0
淄博恒泽密封制品有限公司,0,0,0
淄博恒翔陶瓷新材料有限公司,0,0,0
淄博浩森化工有限公司,0,0,0
淄博炳扬研磨科技二号店铺,0,0,0
淄博炳扬研磨科技第一店铺,0,0,0
淄博炳砚电气设备有限公司,0,0,0
淄博胜跃化工设备有限责任公司,0,0,0
淄博英澈环保科技有限公司,0,0,0
淄博莱沃化工有限公司,0,0,0
淄博通越环保设备有限公司,0,0,0
淄博通越环保设备第二店铺,0,0,0
淄博金悦隆化工科技有限公司,0,0,0
淄博高新区石桥齐娜娜手工编织加,0,0,0
淄博高氟特化工机械有限公司,0,0,0
淮阳县曹河乡君安苗木种植基地,0,0,0
淮阳县曹河乡常青楸树苗第一店铺,0,0,0
淮阳县曹河乡畅春苗木种植基地,0,0,0
淮阳县曹河乡畅春苗木第一店铺,0,0,0
深国安店铺,0,0,0
深圳中卜科技有限公司,0,0,0
深圳丰凡低功耗闭门器,6,0,6
深圳乘方电机有限公司第一店铺,0,0,0
深圳兰迪刑事辩护律师,0,0,0
深圳别具慧眼科技有限公司,0,0,0
深圳华昌伟业金属材料第二店铺,0,0,0
深圳原速科技,1,0,1
深圳巢之美健康科技有限公司,1,0,1
深圳市一本通科技有限公司,0,0,0
深圳市中太新材科技有限公司,0,0,0
深圳市九本制冷设备有限公司,0,0,0
深圳市亿凯电子元件第一店铺,0,0,0
深圳市仟铂金属有限公司,0,0,0
深圳市伯禄韬国际精工有限公司,0,0,0
深圳市佰灿科技有限公司,0,0,0
深圳市佰特利工业设备有限公司,0,0,0
深圳市信邦数控刀具有限公司,0,0,0
深圳市倍音美电子科技第一店铺,0,0,0
深圳市光明新区公明陈慧浩再生资,0,0,0
深圳市创芯思成科技有限公司,0,0,0
深圳市创骏交通设施有限公司,0,0,0
深圳市北东科技有限公司,0,0,0
深圳市千色变新材料科技有限公司,0,0,0
深圳市华明拆除清运工程有限公司,0,0,0
深圳市华钞科技有限公司第一店铺,0,0,0
深圳市博彬智能科技第一店铺,0,0,0
深圳市卜海建筑工程广州分,0,0,0
深圳市可成科技有限公司,0,0,0
深圳市同开源科技有限公司,0,0,0
深圳市品呈科技有限公司,0,0,0
深圳市图特美高分子材料有限公司,0,0,0
深圳市埠蓝科技有限公司,0,0,0
深圳市大儒科技有限公司,0,0,0
深圳市奔诚达物流有限公司,0,0,0
深圳市宏伟拆迁工程第一店铺,0,0,0
深圳市宏俊拆迁工程有限公司,0,0,0
深圳市宏翔建筑材料有限公司,0,0,0
深圳市富士恒电梯有限公司,0,0,0
深圳市常芯电子科技有限公司,0,0,0
深圳市广运诚科技有限公司,1,0,1
深圳市德瑞泰电子有限公司,0,0,0
深圳市必威尔科技有限公司,0,0,0
深圳市必顺隆实业有限公司,0,0,0
深圳市志达厨房设备有限公司,0,0,0
深圳市意千层包装科技有限公司,0,0,0
深圳市承大实业发展有限公司,0,0,0
深圳市旋依科技有限公司,0,0,0
深圳市昌融科技有限公司,0,0,0
深圳市朝旭科技有限公司,0,0,0
深圳市杉本贸易有限公司,0,0,0
深圳市橙电科技有限公司,0,0,0
深圳市比挺科技有限公司,0,0,0
深圳市比格瑞电子科技有限公司,0,0,0
深圳市比英达电子有限公司,0,0,0
深圳市汇麦烘焙机械设备有限公司,0,0,0
深圳市波光电子有限公司,0,0,0
深圳市洁宝通环保设备贸易部,0,0,0
深圳市深层互联科技有限公司,0,0,0
深圳市港和建筑拆迁工程有限公司,0,0,0
深圳市湾边贸易有限公司,0,0,0
深圳市源比铭科技有限公司,0,0,0
深圳市潮盛千瑞咨询管理第一店铺,0,0,0
深圳市瑞智星创科技有限公司,0,0,0
深圳市碧威特网络技术有限公司,1,0,1
深圳市稳超科技有限公司,0,0,0
深圳市策谱科技有限公司,0,0,0
深圳市粒子优选科技有限公司,0,0,0
深圳市紫馨源服饰有限公司,0,0,0
深圳市纽飞博科技有限公司,0,0,0
深圳市维多克科技有限公司,0,0,0
深圳市美奔科技有限公司,1,0,1
深圳市美程精密电子有限公司,0,0,0
深圳市至信工业设计第一店铺,0,0,0
深圳市致胜腾达电业有限公司,0,0,0
深圳市芯程科技有限公司,0,0,0
深圳市菲凡食品有限公司,0,0,0
深圳市蚁巢智造钢结构科技,0,0,0
深圳市诚辉创科技有限公司,0,0,0
深圳市贝皓睿科技有限公司,0,0,0
深圳市超一环境技术有限公司,0,0,0
深圳市超麦照明有限公司,0,0,0
深圳市超麦照明有限公司第二店铺,0,0,0
深圳市辉迪亚电子科技有限公司,0,0,0
深圳市达泰丰科技第一店铺,0,0,0
深圳市金倍克电子有限公司,0,0,0
深圳市金倍克电子第二店铺,0,0,0
深圳市金芯诚科技有限公司,0,0,0
深圳市鑫迈瑞电子科技有限公司,0,0,0
深圳市铂联创科技有限公司,0,0,0
深圳市锐典科技有限公司,0,0,0
深圳市零波科技有限公司,1,0,1
深圳市顺锦服饰有限公司,0,0,0
深圳市鸿兴胜电子第二店铺,0,0,0
深圳市鸿曙科技有限公司,0,0,0
深圳康怡科技有限公司,0,0,0
深圳思驰科技有限公司,0,0,0
深圳易普诺化工有限公司第一店铺,0,0,0
深圳晶材化工有限公司,0,0,0
深圳欣荣研芯科技有限公司,0,0,0
深圳步壳印刷厂,0,0,0
深圳聚一搏智能技术有限公司,0,0,0
深圳西迈尔科技有限公司,0,0,0
深圳诺铂智造技术有限公司,0,0,0
深圳辰亿电子有限公司,0,0,0
深圳辰泽科技有限公司,0,0,0
深圳迷你仓仓储股份有限公司,1,0,1
深圳陈列共和设计有限公司,1,0,1
深圳隆玻工程玻璃有限公司,0,0,0
深圳非常差异,0,0,0
深圳餐媒网络科技第一店铺,0,0,0
深州嘉信化工有限责任公司,0,0,0
深州市京华机床胶木厂,0,0,0
深州市非凡机械配件有限公司,0,0,0
渝宾制冷销售服务,0,0,0
渤海承装修承修承试电力资质代办,0,0,0
温州双诚工艺品有限公司第一店铺,0,0,0
温州奔立地坪材料有限公司,0,0,0
温州康瑞游乐设备第三店铺,0,0,0
温州滨一机械科技有限公司,0,0,0
温州漫城游乐设备有限公司,0,0,0
温州漫谷游乐设备有限公司,0,0,0
温州炳赢工艺品有限公司第一店铺,0,0,0
温州盛年游乐设备第一店铺,0,0,0
温州聚臣家居科技有限公司,0,0,0
温州诺行游乐设备第一店铺,0,0,0
温州贝婴游乐设备第一店铺,0,0,0
温州超颖游乐设备第一店铺,0,0,0
温州铭博游乐设备有限公司,0,0,0
温州雷泉电气有限公司,0,0,0
温州飞瑞游乐设备有限公司,0,0,0
湖北世腾化工科技有限公司,0,0,0
湖北东茂专用汽车有限公司,0,0,0
湖北全越新型材料有限公司,0,0,0
湖北兴东诚化工有限公司第二店铺,0,0,0
湖北创融专用汽车有限公司,0,0,0
湖北垣长专用汽车有限公司,0,0,0
湖北宁录药业有限公司第二店铺,0,0,0
湖北安耐捷炉衬材料有限公司,1,0,1
湖北宾辰安全科技有限公司,0,0,0
湖北广奥生物科技有限公司,0,0,0
湖北李时珍膏方大健康产业,0,0,0
湖北正兴源精细化工有限公司,0,0,0
湖北武玻管道有限公司,0,0,0
湖北民铂机电设备有限公司,0,0,0
湖北洛克泰克仪器第一店铺,0,0,0
湖北添材科技有限公司,0,0,0
湖北源圳新材料科技有限公司,0,0,0
湖北职称网,15,0,15
湖北艺康源化工有限公司,0,0,0
湖北鑫汉通材,0,0,0
湖北骋达机电设备有限公司,0,0,0
湖北鼎艾科技股份有限公司,0,0,0
湖北龙马除雪铲,1,0,1
湖南云集抄表机器人技术有限公司,0,0,0
湖南京昌生物科技有限公司,1,0,1
湖南嘉岚机械设备,0,0,0
湖南湘岩园林景观第一店铺,0,0,0
湖南筑巢房屋科技第二店铺,0,0,0
湖南钜晟环保科技股份有限公司,0,0,0
湖南长林新材料科技有限公司,0,0,0
湖南阿陆环保设备有限公司,0,0,0
湖州宾野酒店管理有限公司,0,0,0
溪谷合安北京环保科技有限公司,0,0,0
滁州信达环保新材料有限公司,0,0,0
滁州市南谯区施集乡瑞茵花木草,0,0,0
滋参堂海参批发,0,0,0
滚槽机切管机厂家华澳机电,17,0,17
滨安建筑网片,0,0,0
滨安钢筋网,0,0,0
滨安防抛网,0,0,0
滨展电脑科技,0,0,0
滨江彼岸,0,0,0
漯河一玻新型建材第二店铺,0,0,0
漯河市冰科斯制冷设备有限公司,0,0,0
漯河市郾城区漯曹面粉机第一店铺,0,0,0
漳州双炳金属制品有限公司,1,0,1
漳浦县官浔镇荣轩园艺场,0,0,0
潍坊世净澄环保科技有限公司,0,0,0
潍坊世净澄环保科技第二店铺,0,0,0
潍坊众科缠绕机有限公司,0,0,0
潍坊升阳机械科技有限公司,0,0,0
潍坊卞家餐饮管理有限公司,1,0,1
潍坊大道至美园林景观第一店铺,0,0,0
潍坊奔野牛农机有限公司,0,0,0
潍坊奥丰作物病害防治有限公司,0,0,0
潍坊奥丰作物病害防治第二店铺,0,0,0
潍坊市优优机械有限公司第一店铺,0,0,0
潍坊网赢网站建设,0,0,0
潍坊艾迪化工有限公司,0,0,0
潍坊迅巢装配式建筑工程第一店铺,0,0,0
潍坊鑫浩达化工有限公司,0,0,0
潍城区乐埠山永燕农机销售服务部,0,0,0
潢川县卜集镇宏昌苗圃场,0,0,0
潮州市潮安区庵埠镇炜宜塑料制品厂,0,0,0
潮州陈陈滋补批发商,2,0,2
潮新知,0,0,0
潮范运动鞋,1,0,1
澄江抚仙湖云海山居民宿,0,0,0
澜庭别院,0,0,0
濒湖山人,1,0,1
濮阳市普惠农生物科技有限公司,0,0,0
火图网,0,0,0
灵寿县光辉矿产品加工有限公司,0,0,0
灵寿县恒泰化工有限公司,0,0,0
灵璧县中谷园林工程有限公司,0,0,0
灵璧县得诺园林石业第一店铺,0,0,0
灵璧县德鸿园林工程有限公司,0,0,0
灵璧县渔沟镇云顶石业,0,0,0
灵璧县渔沟镇曼谷石业,0,0,0
炎冰上海市新房积分计算器,0,0,0
炳至晨电子经营部,0,0,0
烟台参倾堂海洋食品第一店铺,0,0,0
烟台宝肤灵生物科技有限公司,0,0,0
烟台果香丰食品有限公司,0,0,0
热沉钨钼科技东莞有限公司,0,0,0
焙咖商城,0,0,0
焙影食光Patisserie,1,0,1
焦作市章州朱氏饼业第一店铺,0,0,0
爱克森重量分级秤价格,11,0,11
爱彩网,10,0,10
爱新材,0,0,0
牧一草堂猪病工作组预约中心,0,0,0
牧居原上休闲度假营地,0,0,0
特盾特玻,1,0,1
特盾特玻防弹玻璃厂家,0,0,0
猫狗便利,0,0,0
猫趣娃娃,0,0,0
玄同新冠状病毒感染测试系统,0,0,0
玉垒吉祥缠树带,2,0,2
玉田县杨家板桥镇金双机械厂,0,0,0
玉田县林头屯乡辉磊塑第一店铺,0,0,0
玉田县石臼窝镇三合擦机布劳保用,0,0,0
王匙24小时开锁电话,0,0,0
王匙换锁芯,3,0,3
王者猜成语,0,0,0
玩吧星动猜歌,3,0,3
环保设备网,0,0,0
环游云南旅游,0,0,0
玻璃钢拉挤缠绕设备,0,0,0
珂若姆艺术壁材,0,0,0
珑翠北区,0,0,0
珠海世茂港珠澳口岸城,0,0,0
珠海市蜂巢数据技术有限公司,1,0,1
珠海爱君堂保健科技有限公司,0,0,0
珠海电子口岸管理有限公司,1,0,1
珠海蜂巢网络科技有限公司,1,0,1
瑞帛机械工具上海有限公司,0,0,0
瑞德胜产氯化镁,25,0,25
瑞恒移动厕所,0,0,0
瑞文网,1,0,1
瑞明威甲基异丁基甲苯厂,15,0,15
瑞朗达新材,0,0,0
瑞桐藏酒,1,0,1
瑞泰档烟垂壁,11,0,11
甘肃苏地肥业有限公司第一店铺,0,0,0
甘那许烘焙严选,1,0,1
申宇环保收尘设备,11,0,11
电橙科技,0,0,0
电话邦移动终端号码认证,0,0,0
男茶女茶,1,0,1
畅可企业服务有限公司第一店铺,0,0,0
畅安岩石臂,0,0,0
畅安钩机臂,0,0,0
畅心塔罗牌占卜,0,0,0
畅能会务服务上海有限公司,0,0,0
留马手册,0,0,0
畜小牧问牛病,0,0,0
畜小牧问猪病,0,0,0
白山市江源区三岔子锐兴第一店铺,0,0,0
白山市锦旺德参业第一店铺,0,0,0
百家博,2,0,2
百家号,2,0,2
百布堂,1,0,1
百度AI同传,0,0,0
百度健康,1,0,1
百度健康糖尿病中心,0,0,0
百度商标查询,0,0,0
百度惠生活,2,0,2
百度摇号助手,0,0,0
百度教育,18,0,18
百度潮玩,0,0,0
百度爱采购,0,0,0
百度语音背单词,0,0,0
百度金币乐园,0,0,0
百甲西点培训,12,0,12
皓搏手机回收,0,0,0
皖警便民服务e网通,43,0,43
盐城屹威工程设备有限公司,0,0,0
盐城康顿生物科技有限公司,0,0,0
盖世小鸡游戏手柄,0,0,0
盛世城,112,0,112
看房橙,0,0,0
眼波视界,6,0,6
知财问答,0,0,0
石家庄东铭新材科技有限公司,0,0,0
石家庄乘尚物流有限公司,0,0,0
石家庄尝思园餐饮管理有限公司,0,0,0
石家庄市古桥化工有限公司,0,0,0
石家庄捷乘农业机械第一店铺,0,0,0
石家庄曹状元食品技术服务,1,0,1
石家庄紫橙网络科技有限公司,1,0,1
石家庄蓝澄环保科技有限公司,0,0,0
石家庄诚和信化工有限公司,0,0,0
石家庄霖冰商贸有限公司,0,0,0
研学长考研网,0,0,0
碧天生态竹盐广东有限公司,0,0,0
碧清源,2,0,2
磊泰千层石,11,0,11
礼宏洁具加工场,0,0,0
神龙内衬不锈钢复合管,18,0,18
神龙别院,0,0,0
神龙钢背木护栏桥梁护栏支架,8,0,8
祥云岸芷汀兰,0,0,0
福冰商贸,1,0,1
福到家菜谱,0,0,0
福安市字在茶行,0,0,0
福州世金金箔有限公司,0,0,0
福州悦灿贸易有限公司,0,0,0
福州简实环保科技第一店铺,0,0,0
福建代美茶缘茶叶,69,516,585
福建力创开敞式发电机组,1,9,10
福建惠安东昇园林古建有限公司,0,0,0
福建昆大钢管有限公司,0,0,0
福建正顺环保科技有限公司,0,0,0
福建省泉州澄霖石材有限公司,0,0,0
福建闽宏水利机械制造有限公司,0,0,0
福星明卜名斋北京宝宝起名,10,0,10
福星明卜名斋起名,1,0,1
福腾重工金湖有限公司,0,0,0
禾智直播主播主持策划培训机构,0,0,0
私享影音,69,0,69
科众工业陶瓷加工生产厂家,0,0,0
科学辟谣,0,0,0
科展湿式电捕焦油器,6,0,6
科展电捕焦油除尘器,6,0,6
秘境舒纱丽别院,0,0,0
程同快乐农场,2,0,2
程翔掺混肥生产线,12,0,12
程芯财税,3,0,3
税博工商注册代理记账,0,0,0
稳达时深圳手表厂,0,0,0
稻孚草帘草袋草绳草支垫生产厂家,19,0,19
立搏汉鼎广州科技有限公司,0,0,0
竹山县秦巴钡盐有限公司,0,0,0
竹窗溪语三二事,0,0,0
笃挚仪器上海有限公司,0,0,0
笔神作文,0,0,0
笨狗学习站,0,0,0
策轩营销,2,0,2
策道营销,1,0,1
简云枢轴点计算器,0,0,0
简森中职信息,0,0,0
篮球场围网,2,0,2
篷客露营,0,0,0
米拍高清手机壁纸,0,0,0
精神酒厂家直销,1,0,1
紫微排盘运势大全,2,0,2
紫微黄历姓名测试打分,0,0,0
紫微黄历星盘查询,0,0,0
紫橙熊猫法律,0,0,0
紫橙爱美,0,0,0
紫葵占卜算命,0,0,0
红黑记录本,2,0,2
经济技术开发区零点先生烘焙中心,1,0,1
统一代码查询,0,0,0
绣夏七夕脱单手册,0,0,0
绣田鸟巢温室,11,0,11
维莎道卡全息投影球幕沉浸式互动,0,0,0
绵阳恒持照明,0,0,0
绿地城,115,0,115
绿城绿化茶梅红茶梅茶梅苗茶梅球,2,0,2
绿色亿家除甲醛机构,1,0,1
网仓科技,1,0,1
罗欧混凝土修补,29,0,29
美之博,1,0,1
美名腾公司起名测名,13,4,17
美名腾姓名测试打分,13,4,17
美奔科技,0,0,0
美彩上海颜料有限公司,0,0,0
美素佳儿一拍便知,0,0,0
美食天下烘焙食谱,20,0,20
美食天下菜谱大全,12,0,12
美食杰家常菜谱,0,0,0
美食街菜谱,0,0,0
群策精密非标高精密部件定制,0,0,0
老九恋爱助手,2,0,2
老陈找商机,0,0,0
考必过网,7,0,7
考试资料网搜题,0,0,0
耐优上海电子科技有限公司,0,0,0
聆云漫居,0,0,0
聊城市乐农食品有限公司,0,0,0
聊城市卜秀物资有限公司第二店铺,0,0,0
聊城广斌金属材料有限公司,0,0,0
聊城康华射线防护器材第二店铺,0,0,0
职称评定网,0,0,0
职称评审网,15,0,15
聚名财金号,0,0,0
聚奢二手手表交易平台,0,0,0
聚畅科技,0,0,0
股城消费资讯,1,0,1
股城网,2,0,2
股城股票,1,0,1
股城财经,1,0,1
背飞鸟婚姻咨询,2,0,2
臣信教育,0,0,0
至新裁判文书,1,0,1
至艺简笔画,0,0,0
致本智能科技苏州第一店铺,0,0,0
航润管道金属补偿器,0,0,0
良昌库,0,0,0
艺派美发培训学校,0,0,0
艾尔顿机械武汉有限公司,0,0,0
芃勃PE穿线管,0,0,0
芃勃PE给水管,0,0,0
芃勃PVC给水管,0,0,0
芜湖金信文化传媒第三店铺,0,0,0
芝麻备用金,0,0,0
芥舟长山行舍,0,0,0
花沁石,0,0,0
苍南县苍鸿工艺品有限公司,0,0,0
苍强工具箱,7,0,7
苍强曲谱,12,0,12
苍强网络,2,0,2
苍神自动化科技上海有限公司,0,0,0
苍穹文章平台,1,0,1
苍穹科技,1,0,1
苏州万倍机电设备有限公司,0,0,0
苏州伊诺尔拆除公司,0,0,0
苏州倍徕斯金属材料制品有限公司,0,0,0
苏州兴锦诚包装材料有限公司,0,0,0
苏州勃宇膜结构工程有限公司,0,0,0
苏州化原化工有限公司,0,0,0
苏州匠伯环氧工程有限公司,0,0,0
苏州启航生物科技,0,0,0
苏州嘉忱新材料有限公司第一店铺,0,0,0
苏州备权璋再生资源第二店铺,0,0,0
苏州大乘环保新材有限公司,0,0,0
苏州威盾复合布有限公司,0,0,0
苏州守诚电子有限公司,1,0,1
苏州安原仪器有限公司,0,0,0
苏州安踏脚手架工程有限公司,0,0,0
苏州富士精工电梯杭州分,0,0,0
苏州市金鄂物流机械有限公司,0,0,0
苏州市金鑫并铁厂,0,0,0
苏州布噜布噜服装设计第一店铺,0,0,0
苏州成层建筑材料科技第二店铺,0,0,0
苏州昊帆生物股份有限公司,0,0,0
苏州昱奔环保科技有限公司,0,0,0
苏州杉贝自动化科技有限公司,0,0,0
苏州欧焙韩式裱花翻糖蛋糕培训,3,0,3
苏州毕信吊装有限公司,0,0,0
苏州渤远弘电子有限公司,0,0,0
苏州炳辉塑胶科技有限公司,0,0,0
苏州玻色智能科技有限公司,1,0,1
苏州编织人生网络科技有限公司,1,0,1
苏州鑫派力智能机械第一店铺,0,0,0
苏州魔豆蛋糕烘焙西点培训学校,3,0,3
苏量仪器科技苏州有限公司,0,0,0
英伦贝芘,1,0,1
英德市恒艺景观石第三店铺,0,0,0
英德市望埠镇创景奇石场第一店铺,0,0,0
英德市望埠镇同信奇石场第一店铺,0,0,0
英德市望埠镇名富奇石场第一店铺,0,0,0
英德市望埠镇园辉奇石场第一店铺,0,0,0
英德市腾辉奇石景观工程第一店铺,0,0,0
英德市铭富园林有限公司,0,0,0
英策管理咨询,2,0,2
茂名市树上宝沉香文化第一店铺,0,0,0
茂名市电白区坡心镇茗龟荟龟鳖店,0,0,0
茂名市电白区峰光奇楠沉香,0,0,0
茂名市电白区沙琅镇仁亨龟鳖养,0,0,0
茂名市电白区沙琅镇仁康龟鳖养,0,0,0
茂名市电白区沙琅镇杨华龟鳖养,0,0,0
茂名市电白区沙琅镇欢喜龟鳖养,0,0,0
茂名市电白区缘起沉香有限公司,0,0,0
茶不易奶茶,0,0,0
茶世界,1,0,1
茶之恋,1,0,1
茶澜茶饮,1,0,1
茶问道,0,0,0
荆门市东宝区八里干沟正兵石灰厂,0,0,0
草和谷商城,0,0,0
草根号助手,0,0,0
草涂莫干山,0,0,0
草穆说植物,1,0,1
荣秉洗砂机,0,0,0
荣秉筛沙机,0,0,0
莒南县伟鹏大棚棉被加工厂,0,0,0
莫干山碧隐民宿,0,0,0
莱州坤骋机械有限公司第一店铺,0,0,0
菠萝孕育,2,0,2
萝卜快跑,0,0,0
营盘肥肠面,0,0,0
萧县志兴农作物种植专业合作社,0,0,0
蔡老师爱车俱乐部,0,0,0
藁城区兵海笼具加工厂,0,0,0
藁城区民源编织袋加工销售部,0,0,0
藏之慧,1,0,1
藏家宴,0,0,0
蚁巢东莞公司注册流程,28,0,28
蚂蚁自动化设备深圳有限公司,0,0,0
蛛巢,0,0,0
蛛巢zhuchao,0,0,0
蜀通电气箱式变电站,0,0,0
蜂巢基金管理有限公司,1,0,1
融望之城,0,0,0
衡水佰瑞机械部件有限公司,0,0,0
衡水岳航橡塑制品第一店铺,0,0,0
衡水广原摩擦材料有限公司,0,0,0
衡水福腾橡塑科技第一店铺,0,0,0
衡水秉途工程橡胶有限公司,0,0,0
衣品昌服饰,17,0,17
袋鼠迷你仓深圳科技有限公司,0,0,0
裁圣私服定制,1,0,1
裕兴烤漆生产厂家,12,0,12
襄城区虎强绿化苗木种植,0,0,0
襄阳东森石材有限公司第一店铺,0,0,0
西奇藏产,1,0,1
西安久巢建筑材料第一店铺,0,0,0
西安勃发膜结构景观工程有限公司,0,0,0
西安唯信机电设备有限公司,0,0,0
西安天源物资再生利用有限公司,0,0,0
西安奔云信息科技有限公司,0,0,0
西安小草植物科技第二店铺,0,0,0
西安电掣风云智能科技有限公司,0,0,0
西安米拓检测技术有限公司,0,0,0
西安远华路面桥梁隧道修补料厂家,0,0,0
观山湖区陈信水磨石装饰服务部,0,0,0
觅谷别院民宿,0,0,0
视讯速递,0,0,0
视辰信息科技上海有限公司,1,0,1
角马知识产权,0,0,0
言承文化,1,0,1
誉绅职业服装苏州有限公司,0,0,0
许昌县奔康机械有限公司,0,0,0
许昌智工机械制造第二店铺,0,0,0
讼别离婚律师,0,0,0
评中吉手表,1,0,1
诚瑞成北京科技发展有限公司,0,0,0
诚贤金聚包装秤,0,0,0
诸城市万汇机械科技有限公司,0,0,0
诸城市博祺机械有限公司,0,0,0
诸城市双业机械厂,0,0,0
诸城市同曦机械科技第一店铺,0,0,0
诸城市宝威机械科技有限公司,0,0,0
诸城市昌通机械科技有限公司,0,0,0
诸城市泰昌机械有限公司,0,0,0
诸城市睿译机械科技第三店铺,0,0,0
诸城市贵合食品机械有限公司,0,0,0
诺尔抑尘剂,0,0,0
豆果美食精选菜谱,27,0,27
贝图证件照换背景,0,0,0
贝斯通企业标准备案平台,0,0,0
贝朗乐享体检秤,0,0,0
贝猎在线,0,0,0
贝艾迪环保科技有限公司,0,0,0
贝蕴无忧,0,0,0
财程小课,0,0,0
财程考证,0,0,0
财轻松财税咨询成都有限公司,0,0,0
贵州旭茗康药业有限公司,0,0,0
贵州红遍天建筑材料有限公司,0,0,0
贵州莱微科技有限责任公司,0,0,0
贵才招聘,0,0,0
贵阳天龙摩擦材料有限公司,0,0,0
贵阳振辐射线防护器材有限公司,0,0,0
贵阳远超炒货有限公司,1,0,1
贵骋能源科技上海有限公司,0,0,0
费县老姚奇石经销处,0,0,0
贺炳箱包,2,0,2
赛亚中秋月饼团购,0,0,0
赛辰,0,0,0
赛门PVC折叠门,12,0,12
赢在托必,0,0,0
赫拉臻藏,1,0,1
超技上海贸易有限公司,1,0,1
超隆钛金属钛材,0,0,0
趣博士看图猜电影,0,0,0
路停北京路侧停车缴费,0,0,0
轻松筹,3,0,3
辉腾混凝土修补,15,0,15
辟尘2021年运势,0,0,0
辨色查,0,0,0
辰俊网络,1,0,1
辰品空间设计,0,0,0
辰熙氏,0,0,0
边锋机械集团有限公司,0,0,0
边锋机械集团有限公司第二店铺,0,0,0
辽宁三合葡萄酒,1,0,1
辽宁卓政律师事务所,0,0,0
辽宁毕托巴科技股份有限公司,0,0,0
辽宁苍赢侠餐饮管理有限公司,1,0,1
辽宁铭远称重科技有限公司,0,0,0
辽宁鼎坤建设工程有限公司,0,0,0
迅步,0,0,0
迅步自媒体,0,0,0
运融公共卫生间隔断,0,0,0
远洋装备,0,0,0
连云港赣榆新斌板材厂,0,0,0
迷你考拉仓北京仓储服务有限公司,0,0,0
通化承诚药业有限公司,0,0,0
通州区千亦膤纺织品厂,0,0,0
通彩颜料,0,0,0
通查,13,0,13
道瑞格伺服触摸屏机械手臂,13,0,13
避雷网,6,0,6
邂逅丽江人文别院,0,0,0
邢台市腾龙建筑机械厂,0,0,0
邢台荣秉机械制造有限公司,0,0,0
邦赢天津制药机械设备第三店铺,0,0,0
邮编君,1,0,1
邮编库,1,0,1
邯郸市固昌紧固件制造有限公司,0,0,0
邯郸市恒大紧固件制造有限公司,0,0,0
邯郸市持效化工科技第一店铺,0,0,0
邯郸市日益紧固件制造有限公司,0,0,0
邯郸市欧亿紧固件制造有限公司,0,0,0
邯郸市永年区久捷紧固件有限公司,0,0,0
邯郸市永年区河北铺层峰异型件,0,0,0
邯郸市永年区温窑村同伟编织袋加,0,0,0
邯郸市澳荣紧固件制造有限公司,0,0,0
邯郸市铸标紧固件制造有限公司,0,0,0
邯郸市雄彪紧固件制造有限公司,0,0,0
邵阳市鸿泰化工有限公司,0,0,0
邹平伟发商贸有限公司,0,0,0
郑州万松重工机械制造第二店铺,0,0,0
郑州三鼎磨料磨具有限公司,0,0,0
郑州东耀实业有限公司,0,0,0
郑州亿融实业有限公司,0,0,0
郑州优贝游乐设备有限公司,0,0,0
郑州健倍士食品科技有限公司,0,0,0
郑州凌智陈列设备制造有限公司,0,0,0
郑州喜尔乐游乐设备有限公司,0,0,0
郑州圣童玩具有限公司,0,0,0
郑州好奇星游乐设备有限公司,0,0,0
郑州市卧龙游乐设备有限公司,0,0,0
郑州市惠济区二手烘焙设备商行,0,0,0
郑州市洪宾机械有限公司,0,0,0
郑州市童佳游乐设备有限公司,0,0,0
郑州承锐化工产品有限公司,0,0,0
郑州晨升建筑工程第二店铺,0,0,0
郑州朝民机械设备有限公司,0,0,0
郑州比易电子科技第一店铺,0,0,0
郑州笨农农业科技有限公司,0,0,0
郑州粤冰冰雕工程有限公司,0,0,0
郑州红边形贸易有限公司,0,0,0
郑州贝固建筑科技第一店铺,0,0,0
郑州贝斯瑞游乐设备有限公司,0,0,0
郑州迎春玩具有限公司,0,0,0
郑州邦茂称重设备第一店铺,0,0,0
郑州鑫奔游乐设备有限公司,0,0,0
郑州顺和轩农产品第二店铺,0,0,0
郑州香焖饼餐饮管理有限公司,0,0,0
郓城源成专用车制造有限公司,0,0,0
郴州市湘旭矿山设备有限公司,0,0,0
郴州郴房网络咨询有限公司,1,0,1
郴州阿信车辆救援外出搭电补轮胎,10,0,10
郴房网,40,16,56
醉翁茶叶,1,1,2
采云传媒,1,0,1
采景汇,0,0,0
采来食堂承包,1,0,1
采采妈咪香,6,0,6
采采生活知识分享平台,17,0,17
重庆万年电气有限公司,0,0,0
重庆乘帆包装材料有限公司,0,0,0
重庆倍通工业设备安装工程,1,0,1
重庆元塑管业有限公司,0,0,0
重庆壹本置业有限公司,1,0,1
重庆大格科技有限公司,0,0,0
重庆太裕环境工程有限公司,0,0,0
重庆宾驰货运代理有限公司,1,0,1
重庆市庆宝园林设施制造有限公司,0,0,0
重庆市橙中橙果业第一店铺,0,0,0
重庆市江津区富边农业第一店铺,0,0,0
重庆市磁器口陈麻花食品有限公司,0,0,0
重庆常尝鲜食品开发有限公司,0,0,0
重庆建臣科技有限公司,0,0,0
重庆快成网络技术有限公司,1,0,1
重庆恒标称重设备有限公司,0,0,0
重庆斌成机电科技有限公司,0,0,0
重庆斌成衡器厂,12,0,12
重庆新灿家具有限公司,0,0,0
重庆方卞商贸有限公司第三店铺,0,0,0
重庆春倍包装制品第一店铺,0,0,0
重庆比速汽车销售有限公司,1,0,1
重庆泊名贸易有限公司,0,0,0
重庆渝之衡衡器有限公司,0,0,0
重庆滨玮建材有限公司,0,0,0
重庆秉发实业有限公司,0,0,0
重庆筑巢建筑材料有限公司,1,0,1
重庆筑巢建筑材料第一店铺,0,0,0
重庆美别嘉建材有限公司,0,0,0
重庆英斯倍,0,0,0
重庆萌小象游乐设备有限公司,0,0,0
重庆蜂巢搬家有限公司,1,0,1
重庆重橙网络科技有限公司,1,0,1
重庆麦西欧蛋糕培训学校,0,0,0
重庆龙正衡器有限公司,0,0,0
野小院民宿,0,0,0
量特人民币大写转换,0,0,0
金华信润缠绕膜厂家,11,0,11
金坦装备,1,0,1
金寨大别山栎木灵芝第一店铺,0,0,0
金尚达内衬不锈钢复合管,12,0,12
金才泰丰,1,0,1
金栢丽化妆品,2,0,2
金洁通pe双壁波纹管生产厂家,0,0,0
金球环保餐厨设备,0,0,0
金球餐厨垃圾处理设备,0,0,0
金球餐厨垃圾设备,0,0,0
金顺U型槽,17,0,17
金鹰裁断机,3,0,3
鑫丰化工高分子聚乙烯衬板,0,0,0
鑫利特电子皮带秤,12,0,12
鑫正大型钢板仓,22,0,22
鑫科缠绕膜,0,0,0
鑫顺源牛皮纸袋生产厂家,3,0,3
钜城国际,112,0,112
钟鼎机械设备,0,0,0
钡岭科技深圳有限公司,0,0,0
钰航元素周期表,0,0,0
钰航矩阵计算器,0,0,0
钵满二手集装箱租赁回收,0,0,0
铁源紧固件,0,0,0
铁臂商城,5,0,5
铁龙捕鱼游戏攻略,0,0,0
铂克尼门窗,1,0,1
铂芙艺术壁材,0,0,0
铂英特无机涂料店铺,0,0,0
铂鑫工业,0,0,0
铝窗花,0,0,0
铭将机械设备,1,0,1
铭泉达避雷塔厂家,0,0,0
银基电捕焦油除尘器,16,0,16
锐倍德高端车灯升级部件,0,0,0
锐赢海参,3,0,3
锦华钟表,1,0,1
锦鲤外币储汇计算,0,0,0
镇平普瑞尔实业有限公司,0,0,0
镇江嘉倍信息技术有限公司,0,0,0
镇江宏达家居用品有限公司,0,0,0
镇江邦卜生物科技有限公司,0,0,0
长房岭秀,0,0,0
长春北联科技有限公司,0,0,0
长春双龙密胺餐具有限公司,0,0,0
长春市乾通鹿业商贸第一店铺,0,0,0
长春市参道土特产销售第一店铺,0,0,0
长春市宽城区参山老林参茸行,0,0,0
长春市明澳参茸有限公司,0,0,0
长春市疾病预防控制中心,1,0,1
长春长衡电子衡器有限公司,0,0,0
长沙东层紧固件有限公司,0,0,0
长沙县江背镇森本绿化材第二店铺,0,0,0
长沙尊韵传媒有限公司,0,0,0
长沙市裕丰化玻器械有限公司,0,0,0
长沙思航收藏品有限公司,0,0,0
长沙水泵厂有限公司,1,0,1
长沙爱乐贝游乐设备有限公司,0,0,0
长沙秉胜电子科技有限公司,0,0,0
长沙秉胜电子科技第二店铺,0,0,0
长沙豆豆龙游乐设备有限公司,0,0,0
长沙长亿玩具有限公司,1,0,1
长湖水景花境观赏草,77,0,77
长纤（厦门）新材料科技,0,0,0
闪洁环保专业除甲醛公司,0,0,0
闪电博,12,0,12
闪电汇率,1,0,1
问标网,0,0,0
问标网商标查询,23,40,63
阳春市大河山沉香茶有限公司,1,0,1
阳朔悦榕庄,0,0,0
阳朔漓画陈家花园,0,0,0
阳江市时悦工贸有限公司第一店铺,0,0,0
阿巴倾诉树洞,0,0,0
阿罗哈售楼部,0,0,0
陈九辉铝合金门窗,11,0,11
陈百万打码机,3,0,3
陈龄琼律师,0,0,0
陕西南业电力设备第二店铺,0,0,0
陕西南山南HDPE双壁波纹管,1,0,1
陕西宝禾生物科技第一店铺,0,0,0
陕西明耀升建筑劳务有限公司,0,0,0
陕西沐菲生物科技有限公司,0,0,0
陕西百安特厨具有限公司,0,0,0
陕西航空硬质合金工具,0,0,0
陕西铭铸金属有限公司第一店铺,0,0,0
随艺手工烘焙,0,0,0
雅路人麻编工艺品,1,0,1
集英虚拟展厅开发,0,0,0
零五网,5,0,5
零点财经网,0,0,0
雾霾预报,0,0,0
霸州岔河集乡欧特工业设备销售,0,0,0
霸州市岔河集乡雄新电气设备销售,0,0,0
霸州市岔河集百安通五第二店铺,0,0,0
霸州市岔河集锐天电力机第一店铺,0,0,0
青山湖区兵哥旧货家电批第一店铺,0,0,0
青岛参到家海产品有限公司,0,0,0
青岛坤钡智能装备科技有限公司,0,0,0
青岛奔阳建材有限公司,0,0,0
青岛奔阳建材有限公司第二店铺,0,0,0
青岛市三凯医学科技第二店铺,0,0,0
青岛市中心医院,0,0,0
青岛德锦印花设备有限公司,0,0,0
青岛成泽食品有限公司,0,0,0
青岛易拆得建筑拆除工程有限公司,0,0,0
青岛晨立电子有限公司,0,0,0
青岛曹大海机械有限公司,0,0,0
青岛海俊龟鳖商贸有限责任公司,0,0,0
青岛热持环保科技第一店铺,0,0,0
青岛热持环保科技第二店铺,0,0,0
青岛瑞诺化工有限公司第三店铺,0,0,0
青岛畅岛啤酒有限公司,0,0,0
青岛积成电子股份有限公司,0,0,0
青岛红蝶新材料有限公司,0,0,0
青岛辰景网站建设,3,0,3
青岛钰恒称重设备有限公司,0,0,0
青岛领先未来政采商贸第一店铺,0,0,0
青岛马森特机械科技有限公司,0,0,0
青岛鲁派尔工业装备有限公司,0,0,0
青州先科机械制砂生产线,25,0,25
青州双福食品有限公司,0,0,0
青州宏胜花卉苗木第一店铺,0,0,0
青州市三江花卉苗木第一店铺,0,0,0
青州市佳浩瓜果苗木专业合作社,0,0,0
青州市百博农业科技有限公司,0,0,0
青州市盛诺温室园艺有限公司,0,0,0
青州市鑫灿机械有限公司第一店铺,0,0,0
青州彬泽花卉苗木第一店铺,0,0,0
青简雅居,0,0,0
青青草内衣坊,0,0,0
靓掺商贸,2,0,2
鞍山华盛重机磁衬耐磨装备,0,0,0
音乐蜂巢少儿钢琴,0,0,0
音动空间德州智能设备第一店铺,0,0,0
项城市布尔玛被服有限公司,0,0,0
项城市莉豪被服有限公司,0,0,0
项城市莉豪被服有限公司第二店铺,0,0,0
顺平县唯新肠衣有限公司,0,0,0
顺平县溢发肠衣有限公司,0,0,0
顺平县瀚康肠衣有限公司第一店铺,0,0,0
顺益启闭机,0,0,0
顺益链轮生产厂家,0,0,0
颍上头等舱科技发展第一店铺,0,0,0
颍上头等舱科技发展第二店铺,0,0,0
风云菜谱,28,0,28
风变编程,1,0,1
风必康问答,0,0,0
风途兽药残留检测仪,0,0,0
风韵卜知道,0,0,0
风韵卜讯,0,0,0
飞虹MOS管场效应管厂家直销,0,0,0
食为先浏阳蒸菜培训班,0,0,0
食为先老芝麻饼技术培训,0,0,0
食为先酱香饼培训班,0,0,0
餐赢长,1,0,1
餐餐添香食堂饭堂承包托管公司,0,0,0
餐饮杰,0,0,0
饮台,2,0,2
饶阳县金卜墙体保温工程有限公司,0,0,0
首城珑玺,0,0,0
香哈菜谱,0,0,0
香格里拉市归尘轻奢民宿,0,0,0
香港城,112,0,112
马鞍山市中其冶金机械有限公司,0,0,0
马鞍山市恒工机械科技有限公司,0,0,0
马鞍山市科威机械刀模制造,0,0,0
驰业网站建设,0,0,0
驻马店升融商贸有限公司,0,0,0
骞羽缠绕膜厂家,30,0,30
高安市彪顺物流有限公司,0,0,0
高安市彪鹏物流有限公司,0,0,0
高碑店市东马营奇奇编织第一店铺,0,0,0
高陵潮生活,1,0,1
高顿网校,2,0,2
魔秀壁纸大全,0,0,0
魔都黑科,1,0,1
魔镜测前世,0,0,0
魔镜测脸型,3,0,3
魔镜测颜值,3,0,3
鲁新悬臂吊,13,0,13
鲜货捕手北京店,1,0,1
鲸乘出行,6,0,6
鳄牌广州新材料科技有限公司,0,0,0
鸟标商标转让网,0,0,0
鸾巢美腿写真,0,0,0
鸿创侧孔机,0,0,0
鸿鹄古诗文网,49,0,49
鹊有巢,1,0,1
鹏大包装天津缠绕膜厂家,18,0,18
鹏辰新材料科技股份有限公司,1,0,1
鹰潭市创梦文化发展有限公司,0,0,0
鹰眼直播服务,32,0,32
鹿人甲本科硕士博士毕业论文写作,0,0,0
麦多奇麦多馅饼,2,0,2
麦多馅饼,0,0,0
麦知道烘焙,1,0,1
黄埔中央城房价,0,0,0
黄岛区祥林王木工机械厂第一店铺,0,0,0
黄橙子造句,2,0,2
黄河票务网,0,0,0
黑龙江北华电力设备制造有限公司,0,0,0
黑龙江省参益堂参茸特产有限公司,0,0,0
黑龙江省眼病防治研究所,0,0,0
鼎恒身高体重秤,0,0,0
鼎澈膜科技苏州有限公司第一店铺,0,0,0
齐笔网,0,0,0
齐车大圣车辆年检,13,3,16
龙泉宝剑厂,1,0,1
龙迅长天,1,0,1
龙采网站建设,3,0,3
龙鑫太空舱酒店设备广州第一店铺,0,0,0
龙门标局,0,0,0
龟谷鳖老,1,0,1
17汽车网,3,2,5
30秒懂车,25,0,25
365音乐网,0,0,0
368体育旗舰版,2,0,2
3733游戏盒,0,0,0
400电话申请,2,0,2
51好物种草,0,0,0
51懂视生活,0,0,0
51行业报告网,0,0,0
58同城二手车,0,0,0
58汽车,0,0,0
7881游戏估价,0,0,0
84hd形象展示,0,0,0
8684公交查询,18,0,18
91祈福拜佛观音灵签,3,0,3
91资质代办,0,0,0
ABC教育成考报名,2,0,2
AI鬼脸挑战赛,0,0,0
ALIENWARE外星人旗舰店,0,0,0
AMZ扒干货,0,0,0
ANQUI安葵,0,0,0
BAIDU百度营销,0,0,0
BLHC宝亮联轴器,0,0,0
BMI计算器专业版,0,0,0
Bodycode方案营养棒,2,0,2
d7ykEAs9v7PVCcwiom1QTodRKho1FClu,1,0,1
EiYXYiDDYOagyBXAFES4v0cSYLs6xCxW,0,0,0
ETC办理服务,0,0,0
e代驾,1,0,1
e行宝,37,85,122
FANS369工业风扇品牌排行榜,0,0,0
FB扒干货,0,0,0
flFqXclepWs7RdugAszy9eERL7G5dS0I,7,0,7
GRdMLe4KgtYgUyOuzopnKPIiEI8AqAb6,14,0,14
Hub动漫化,4,12,16
KKABC英语音标发音表点读版,0,0,0
LW82If1vOFcDBS6YwBsGFtfMAG3jiyww,1,0,1
MAyG7fvcIrThWgIGWRFAx0yG7rHzoCkM,0,0,0
MC中文站,1,0,1
Miss税广州记账报税,0,0,0
ON智云线上报修系统,0,0,0
OwNG5GjABLVGMjfl7Nl2dNZZTiiGI09x,0,0,0
PANAO攀傲户外订制,1,0,1
PP视频,0,0,0
QQ阅读,55,0,55
Scicome科研器材电商平台,0,0,0
SeeAnn溪岸民宿,0,0,0
shtek电路板检测,0,0,0
StayOn辻方安舍花园民宿,0,0,0
TaNEOd0wxWFsmbvaFMGd9oIOQGDGz84t,0,0,0
TA说,2,0,2
XD中文站,0,0,0
ZAKER汽车快报,0,0,0
ńø┤µÆŁÕÉ¦,9,0,9
一体板,3,0,3
一把刀中文字典,6,0,6
一方浔岸度假民宿,0,0,0
一曲相思矮胡民宿,0,0,0
一点红新疆和田玉籽料,0,0,0
一舍晓白,0,0,0
一般离心通风机,0,0,0
一览度假,0,0,0
一路易网,12,0,12
七七文案助手,0,0,0
七野科技文案,15,0,15
万徽二手叉车,0,0,0
万徽二手电动叉车,3,0,3
万词霸屏,1,0,1
万阳护栏板,0,0,0
万隆章丘黑花岗岩,0,0,0
万顺叫车,0,0,0
三亚海棠湾万丽度假酒店,0,0,0
三塑透明板供应,0,0,0
三峡人家一键智能游,8,0,8
三艾流体技术深圳有限公司,0,0,0
三门峡市陕州区振峰苗木第一店铺,0,0,0
三门峡市陕州区绿林种植第一店铺,0,0,0
上分宝,1,0,1
上堡故事,0,0,0
上学吧找答案,0,0,0
上学帮,0,0,0
上海三容化工科技有限公司,0,0,0
上海与白民宿,0,0,0
上海久页信息科技有限公司,1,0,1
上海二十一世纪输配电第一店铺,0,0,0
上海保立佳新材料有限公司,0,0,0
上海保聚材料科技有限公司,0,0,0
上海保蔚实业有限公司,0,0,0
上海傲中生物工程设备有限公司,0,0,0
上海傲沃金属制品有限公司,0,0,0
上海傲良膜结构工程有限公司,0,0,0
上海函宙遮阳制品有限公司,0,0,0
上海函朗新材料科技第三店铺,0,0,0
上海创霸工贸有限公司,0,0,0
上海务邦电子商务有限公司,1,0,1
上海勃傲,0,0,0
上海千豹精细化工有限公司,0,0,0
上海华紫观赏草园艺场,0,0,0
上海卓昂市政工程有限公司,0,0,0
上海博尔森生物科技第一店铺,0,0,0
上海博昀新材料有限公司,0,0,0
上海卧宏生物科技有限公司,0,0,0
上海双视智能科技有限公司,0,0,0
上海台迈衡器有限公司,0,0,0
上海同衫互联网科技有限公司,1,0,1
上海后肖建材有限公司,0,0,0
上海咨路信息技术有限公司,1,0,1
上海唯恋婚礼庆典策划展览设计,1,0,1
上海圣亿轩机电设备科技有限公司,0,0,0
上海埃提森仪器科技有限公司,0,0,0
上海埃眸科技有限公司,0,0,0
上海埃驱倍科技有限公司,0,0,0
上海壕金电气有限公司,0,0,0
上海壤源机械有限公司第一店铺,0,0,0
上海天邦园林,0,0,0
上海子起生物科技第一店铺,0,0,0
上海宇班工程机械有限公司,0,0,0
上海安灯信息科技有限公司,0,0,0
上海宏掘工程机械有限公司,0,0,0
上海宝天信息科技有限公司,0,0,0
上海宸鸿生物技术有限公司,0,0,0
上海富晨,0,0,0
上海川藤掘银工程机械有限公司,0,0,0
上海希言科学仪器第四店铺,0,0,0
上海帝斑实业有限公司第一店铺,0,0,0
上海帝斑实业有限公司第三店铺,0,0,0
上海库涵真空设备有限公司,0,0,0
上海康敖机械制造有限公司,0,0,0
上海弓言贸易有限公司启动分公司,0,0,0
上海弘拂铝业有限公司,0,0,0
上海徽东叉车服务有限公司,0,0,0
上海思伟软件有限公司,0,0,0
上海恒刚扭力扳手,0,0,0
上海恩群机电设备第二店铺,0,0,0
上海抚平新材料科技第三店铺,0,0,0
上海拓奥实业有限公司,0,0,0
上海拜盾机械设备有限公司,0,0,0
上海拜石实业发展有限公司,1,0,1
上海拜石实业发展有限第一店铺,0,0,0
上海拜石实业发展第二店铺,0,0,0
上海拜石生态透水路面,3,0,3
上海故得自动化设备有限公司,0,0,0
上海敏保新材料科技有限公司,0,0,0
上海斐卓喷雾系统有限公司,0,0,0
上海新晨化工有限公司,0,0,0
上海新辰工程机械有限公司,0,0,0
上海方浙金属制品有限公司,0,0,0
上海旺啊文化传播有限公司,0,0,0
上海旺啊文化传播第二店铺,0,0,0
上海昂徽铝业有限公司,0,0,0
上海昂昂实业有限公司,0,0,0
上海昂腾网络科技有限公司,1,0,1
上海易恩化学技术有限公司,0,0,0
上海昶铭汽车,0,0,0
上海晟江机械设备有限公司,0,0,0
上海普锐马电子有限公司,0,0,0
上海朗页装潢有限公司,0,0,0
上海析平科学仪器有限公司,0,0,0
上海柏仕佳实业有限公司,0,0,0
上海柏南科技有限公司,0,0,0
上海柏泛木业有限公司,0,0,0
上海柯力称重设备第一店铺,0,0,0
上海梁力实业有限公司,0,0,0
上海森地建材科技有限公司,0,0,0
上海欧鲍实业有限公司,0,0,0
上海欧鲍实业有限公司第三店铺,0,0,0
上海欧鲍实业有限公司第十三店铺,0,0,0
上海欧鲍实业有限公司第十二店铺,0,0,0
上海欧鲍实业汽油发电机,0,0,0
上海歆玉会展服务第一店铺,0,0,0
上海正灿电子科技有限公司,0,0,0
上海正逢塑胶有限公司第一店铺,0,0,0
上海毅函商务咨询中心,0,0,0
上海水傲废旧物资回收有限公司,0,0,0
上海永敖机电设备有限公司,0,0,0
上海汇堡材料科技第一店铺,0,0,0
上海汉衡称重设备有限公司,0,0,0
上海江叉工程机械有限公司,0,0,0
上海波亮电器制造有限公司,0,0,0
上海津豹金属第一店铺,0,0,0
上海浙静环保科技有限公司,0,0,0
上海涵图广告有限公司,0,0,0
上海涵得实业有限公司,0,0,0
上海涵星金属科技有限公司,0,0,0
上海澳达广告有限公司,0,0,0
上海点奥办公设备有限公司,0,0,0
上海爱杯网络科技有限公司,1,0,1
上海班旋轴承有限公司,0,0,0
上海瑞鹰机械设备有限公司,0,0,0
上海生析超声仪器有限公司,0,0,0
上海电气输配电试验中心有限公司,1,0,1
上海百亚铝棒厂家,3,0,3
上海盎巅实业有限公司,0,0,0
上海盎瑞膜结构工程第一店铺,0,0,0
上海盎轩膜结构工程第一店铺,0,0,0
上海看榜信息科技有限公司,1,0,1
上海科腾教学仪器第一店铺,0,0,0
上海紫翱家具有限公司第一店铺,0,0,0
上海翰钧活动策划公司,3,0,3
上海翱佳实业有限公司,0,0,0
上海翱宝实业有限公司,0,0,0
上海翱怡实业有限公司,0,0,0
上海翱怡实业有限公司第二店铺,0,0,0
上海翱绪膜结构工程技术有限公司,0,0,0
上海联尔试验设备有限公司,0,0,0
上海胜拔机械有限公司,0,0,0
上海般诺生物科技有限公司,0,0,0
上海茗盾建筑工程有限公司,0,0,0
上海莱热机械设备有限公司,0,0,0
上海蕴邦电子有限公司,0,0,0
上海蝶津针阀,3,0,3
上海触展智能设备第二店铺,0,0,0
上海诗丹德标准技术服务第二店铺,0,0,0
上海语纯生物科技有限公司,0,0,0
上海谨荃科技有限公司第一店铺,0,0,0
上海豹力工程机械有限公司,0,0,0
上海豹罗,0,0,0
上海豹罗实业有限公司第七店铺,0,0,0
上海豹罗实业有限公司第六店铺,0,0,0
上海豹罗有限公司,0,0,0
上海贵尔机械设备有限公司,0,0,0
上海贺加家具有限公司第三店铺,0,0,0
上海贺辰信息科技有限公司,0,0,0
上海赞维衡器有限公司,0,0,0
上海跋涉智能设备有限公司,0,0,0
上海达普美智能科技有限公司,0,0,0
上海远嘉包装技术有限公司,0,0,0
上海逢喜实业有限公司,0,0,0
上海邦塑新材料有限公司,0,0,0
上海邦念国际物流有限公司,0,0,0
上海邦拿实业有限公司,0,0,0
上海金子靖化学有限公司第一店铺,0,0,0
上海钜赋新材料科技有限公司,0,0,0
上海钟厂,0,0,0
上海钟煜精密机械有限公司,0,0,0
上海钧华防爆设备有限公司,0,0,0
上海铭安普网络科技有限公司,0,0,0
上海锦盎废旧物资回收第一店铺,0,0,0
上海阔峰叉车有限公司,0,0,0
上海陋居拾捌乡野别宿,0,0,0
上海雅齐称重设备有限公司,0,0,0
上海顺晋建筑装饰工程有限公司,0,0,0
上海首强阀门有限公司,0,0,0
上海香川电子衡器有限公司,0,0,0
上海骆重二手工程车市场,0,0,0
上海鹰腾称重衡器第一店铺,0,0,0
上海鹰衡称重设备第一店铺,0,0,0
上知幼小衔接班,11,0,11
上考站,0,0,0
不挂科,1,0,1
不腻白草,0,0,0
专汽圈,0,0,0
世纪中保北京保安服务有限公司,0,0,0
东光县冯杰包装机械经销处,0,0,0
东庚吨袋拆包机,3,0,3
东方报警,1,0,1
东方赋,0,0,0
东晟密封件工程机械密封件,0,0,0
东港市大兴食品有限公司,0,0,0
东环廊集体婚礼,2,0,2
东莞信亿玩具有限公司第二店铺,0,0,0
东莞名饰饰品有限公司,0,0,0
东莞市亚润五金电子有限公司,0,0,0
东莞市伴球机械设备有限公司,0,0,0
东莞市促裕新材料有限公司,0,0,0
东莞市信达塑胶绝缘材料第一店铺,0,0,0
东莞市健桥棉贴合第二店铺,0,0,0
东莞市凯裕化工有限公司,0,0,0
东莞市力拓化工科技第二店铺,0,0,0
东莞市包好包包装服务有限公司,0,0,0
东莞市后兴塑胶有限公司,0,0,0
东莞市后兴塑胶有限公司第二店铺,0,0,0
东莞市品昂电子科技有限公司,0,0,0
东莞市富航包装材料有限公司,0,0,0
东莞市富鑫达电子有限公司,0,0,0
东莞市广固称重设备有限公司,0,0,0
东莞市微客巴巴营销策划有限公司,1,0,1
东莞市忠诚机电设备科技有限公司,0,0,0
东莞市恒邦钛业有限公司,0,0,0
东莞市晟邦高分子材料有限公司,0,0,0
东莞市欣巨电子设备第一店铺,0,0,0
东莞市正鹏厨房设备第三店铺,0,0,0
东莞市澳鸿家具有限公司,0,0,0
东莞市烽安安防科技有限公司,0,0,0
东莞市申信包装设备有限公司,0,0,0
东莞市竟成包装材料第一店铺,0,0,0
东莞市精驰自动化设备有限公司,0,0,0
东莞市能展智能科技有限公司,0,0,0
东莞市蒂森新材料有限公司,0,0,0
东莞市蒙泰护理用品有限公司,0,0,0
东莞市诱趣生物科技第一店铺,0,0,0
东莞市钧乐塑胶有限公司第一店铺,0,0,0
东莞市钨铭精密五金有限公司,0,0,0
东莞市镜亿轩有机玻璃制品,0,0,0
东莞市长安弓匠弹簧五金商行,0,0,0
东莞市黑豹电子科技第一店铺,0,0,0
东莞市黑豹电子科技第三店铺,0,0,0
东莞惠而邦称重设备有限公司,0,0,0
东达凹凸排水板,0,0,0
东达塑料排水板,0,0,0
东达排水板,0,0,0
东达蓄排水板,0,0,0
东达蓄水板,0,0,0
东阿胶香韵阿胶厂家,0,0,0
东阿阿胶,1,0,1
丢丢贴,0,0,0
两个半圈商贸,1,0,1
两个半圈建材之家,1,0,1
中亿智能装备有限公司第一店铺,0,0,0
中傲消防科技有限公司,0,0,0
中南焦作氨阀股份有限公司,1,0,1
中原橡胶等静压包套,1,0,1
中合专利查询申请,6,0,6
中国国航,82,0,82
中国城市报,0,0,0
中国搜索防沉迷网络游戏举报平台,0,0,0
中国汽车报社有限公司,1,0,1
中国研究生招生信息网,1,0,1
中大网校报考指南,1,0,1
中山利耀织造有限公司,0,0,0
中山区孙三拨保健按摩院,61,516,577
中山市乔光照明科技有限公司,0,0,0
中山市小榄镇谢生苗木种第一店铺,0,0,0
中山市捷联机电有限公司,0,0,0
中山市盛欣荣织造有限公司,0,0,0
中山市邦诚电子设备有限公司,0,0,0
中揽北京科技有限公司第一店铺,0,0,0
中欧班列,2,0,2
中欧班列国际物流,0,0,0
中泰气动工具山东有限公司,0,0,0
中浙物流,0,0,0
中海熙岸,0,0,0
中矿煤机山东科技第一店铺,0,0,0
中科光华西安智能生物科技,0,0,0
中科博生生物工程,0,0,0
中科智慧矿山科技襄阳有限公司,0,0,0
中科汇百,0,0,0
中空板,0,0,0
中视快报网,0,0,0
中视触控一体机,0,0,0
中诺新材北京科技第三店铺,0,0,0
中诺新材北京科技第二店铺,0,0,0
中铝铝箔有限公司,1,0,1
中飞树脂排水沟,15,0,15
丰味叉骨,1,0,1
丰茂石材,0,0,0
丰诚凹版印刷机,14,0,14
临沂商城中天工业原材料信息咨,0,0,0
临沂市兰山区大润发板第一店铺,0,0,0
临沂市兰山区平云木业板第一店铺,0,0,0
临沂市兰山区琪栋木业板厂,0,0,0
临沂市兰山区美合木业板第二店铺,0,0,0
临沂市兰山区荣川木业板第二店铺,0,0,0
临沂市兰山区谢丽英广第一店铺,0,0,0
临沂市兰山区高源木业板厂,0,0,0
临沂市艾亚杯业有限公司第一店铺,0,0,0
临沂洛菲特新型材料第二店铺,0,0,0
临沂茂兴化工有限公司,0,0,0
临沂鑫饰捷装饰材料第一店铺,0,0,0
临沭县菁华种子批发中心第三店铺,0,0,0
临海揽山御园,0,0,0
临淄区皇城镇玉龙塑料薄第一店铺,0,0,0
临渭区故市镇欣欣食品厂,0,0,0
丹芭顿智能科技保定有限公司,0,0,0
丽宝资源,1,0,1
丽水欣科建材有限公司,0,0,0
久兴管件,0,0,0
义乌园友机械设备有限公司,0,0,0
义乌市联报国际货运代理有限公司,1,0,1
义乌广传机械设备有限公司,0,0,0
之了课堂初级会计报名入口,0,0,0
乐客巴巴,2,0,2
乐飞跳伞,0,0,0
乖乖鸟防鸟网,2,0,2
九亩园干拌冒菜,1,0,1
九八六一科技,0,0,0
九点半酒吧夜店管理软件,0,0,0
九酷音乐,7,0,7
九金制沙洗沙机,11,0,11
九阅小说,0,0,0
了了法律咨询,1,0,1
二三四科技车辆报废平台,2,0,2
二三四科技进京证办理,2,0,2
云侣堡,0,0,0
云南云滇起重设备第一店铺,0,0,0
云南听花堂酒店管理有限公司,0,0,0
云南柒捌玖商贸有限公司第一店铺,0,0,0
云南钢首商贸有限公司,0,0,0
云南阿奇金属制品第一店铺,0,0,0
云台山,13,0,13
云百件V客服聊天助手,2,0,2
云端广告平台,0,0,0
云端莲馨谷,0,0,0
云豹科技,0,0,0
互联网家企业版,0,0,0
五八到家生活服务,3,0,3
五爷拌面商城,1,0,1
井厚设计师民宿,0,0,0
亚东搬家公司安顺搬家,2,0,2
亚材,1,0,1
亚立德,0,0,0
享爱居,0,0,0
京仪流量计,68,0,68
京仪液位计,14,0,14
亮家科技北京有限公司,0,0,0
亮月亮,0,0,0
亲宝儿歌,0,0,0
人邦人服务站,67,0,67
亿品川成北京科技有限公司,0,0,0
亿展木业天津有限公司,0,0,0
亿晨达聚氨酯板,0,0,0
亿盛墓碑厂家,12,0,12
亿盛墓碑批发,15,0,15
亿盛石雕定制,12,0,12
亿盛石雕工艺品厂家,12,0,12
仁寿县文林镇喜来登搬第一店铺,0,0,0
今品化学技术上海第三店铺,0,0,0
从来宿,0,0,0
仙居不舍半卷精品民宿,0,0,0
仟佰科技,36,0,36
任丘市恒瑞盛电力器材有限公司,0,0,0
任丘市方通冷拉设备厂,0,0,0
企业邦经营资质服务平台,0,0,0
企盼邀请函,76,0,76
企闻网,1,0,1
伏安诱导屏杆,2,0,2
众揽冷镦加工厂家,15,0,15
众揽铰链配件加工,11,0,11
众揽门配配件厂家,12,0,12
众诺包装棉,0,0,0
众车网,52,0,52
众邦帮企公司注册服务,0,0,0
优优考试报名照片在线制作,0,0,0
优名起名,1,0,1
优帮防水补漏暗管漏水检测,13,0,13
优班智造库,0,0,0
会员宝秒到版,0,0,0
伟达冷拔无缝管,0,0,0
传智教育,0,0,0
伤心网,0,0,0
伯夫保,1,0,1
估吗回收,116,96,212
伴学作文,0,0,0
伴学知识库,0,0,0
伴山雅集,0,0,0
伴梦美食推荐,0,0,0
伽达机械,0,0,0
住总大厦,0,0,0
佑飞洗杯器,2,0,2
余生文案,13,0,13
佛山凯伦堡金属有限公司,0,0,0
佛山市乔丰塑胶实业有限公司,0,0,0
佛山市佛铝铝业有限公司,0,0,0
佛山市侨希金属科技有限公司,0,0,0
佛山市南海区丹喜露日第一店铺,0,0,0
佛山市南海区大沥镇博体铝业,0,0,0
佛山市南海区狮山联生塑料五金厂,0,0,0
佛山市南海区詹林化工原料,0,0,0
佛山市卡玫尔内衣有限公司,0,0,0
佛山市固星建材有限公司第一店铺,0,0,0
佛山市天贺钢格板有限公司,0,0,0
佛山市德堡建材有限公司,1,0,1
佛山市时盟光精密机械有限公司,0,0,0
佛山市柏大电器有限公司,0,0,0
佛山市沛齐建材有限公司,0,0,0
佛山市淼洁化工科技有限公司,0,0,0
佛山市澳欣膜科技有限公司,0,0,0
佛山市珠辉机械设备有限公司,0,0,0
佛山市粤美磁电器有限公司,0,0,0
佛山市纪元生态环境科技有限公司,0,0,0
佛山市翱孚建设科技有限公司,0,0,0
佛山市胶友建材有限公司第二店铺,0,0,0
佛山市远昂家具有限公司,0,0,0
佛山市鑫峰澳精密零件有限公司,0,0,0
佛山市铝兴铝业有限公司,0,0,0
佛山市铝巴巴金属建材第一店铺,0,0,0
佛山市长春行纺织有限公司,0,0,0
佛山市顺德区团贺钢材第二店铺,0,0,0
佛山市顺德区艾格玛机电科技,0,0,0
佛山恒业管线技术有限公司,0,0,0
佛山拜澳生物科技第一店铺,0,0,0
佛山迈薄睿科技有限公司,0,0,0
佛山金之塔玻璃棉厂家岩棉板厂家,0,0,0
佛山鑫程佳胶辊,1,0,1
佛滔抽签算命,21,0,21
作业帮,0,0,0
佰多装饰,0,0,0
佰客海景民宿,0,0,0
佰顺搬迁福田搬家公司,3,0,3
佳壕建筑防水,0,0,0
佳岩节能,0,0,0
佳翼混凝土搅拌站,0,0,0
保信化工用品,11,0,11
保信化工用品批发,11,0,11
保定北岸园林绿化工程有限公司,0,0,0
保定妙普模具制造有限公司,0,0,0
保定宏敖模具制造有限公司,0,0,0
保定屹远电子科技有限公司,0,0,0
保定市徐水区景页石材加第一店铺,0,0,0
保定市徐水区景页石材加第二店铺,0,0,0
保定市徐水区般若石材加工厂,0,0,0
保定融柏恒流泵制造有限公司,0,0,0
保定金辉苗木种植第一店铺,0,0,0
保爱深圳教育咨询有限公司,1,0,1
保顺,0,0,0
保驾护航装修网,28,0,28
信安智囊,1,0,1
倍嘉尔,3,0,3
倾后产品,2,0,2
健尔地板,1,0,1
储奥围墙网,2,0,2
储奥围挡网,2,0,2
储奥球场网,2,0,2
傲燃良,0,0,0
傲芳影,0,0,0
儒尚加速器排行榜,0,0,0
元启箱套袋,19,0,19
元成聚丙烯酰胺,0,0,0
元贝驾考,8,0,8
兄弟搬家,0,0,0
先唐沟盖板,0,0,0
先唐钢格板,0,0,0
先唐钢格板厂家,0,0,0
先唐钢格栅板,0,0,0
光致膜业太阳膜,0,0,0
光谷光激光打码机,3,0,3
光雨网络,1,0,1
光音,2,0,2
克莱澳科技,4,0,4
入驻预上线测试店铺啊啊2,4,0,4
全民游秋色,0,0,0
全球行,0,0,0
全翔白电商,2,0,2
八八趣玩,0,0,0
八块钱网,0,0,0
八熙翻译,1,0,1
八田日,1,0,1
八福康,1,0,1
八蕉免费小说,0,0,0
八零云建站,1,0,1
八零云自助建站,290,0,290
六和茗著,0,0,0
六班矿用防爆灯具,0,0,0
兰拓科技,1,0,1
共享云宠物,0,0,0
共享邦共享办公,2,0,2
共创家纺,0,0,0
共创搬家,0,0,0
共邦科技,69,0,69
兴诺商标注册,0,0,0
其邦,1,0,1
养殖帮,2,0,2
内蒙古佰林旅游旅行,66,516,582
内蒙古邯峰实业有限公司,0,0,0
内蒙古鸿清科技有限公司,0,0,0
冉SPA美容推拿按摩,0,0,0
农垦含章雅著,0,0,0
冠艺木质吸音板,25,0,25
凯峰模拟板,2,0,2
凹凸爱搞笑,0,0,0
凹凸牛场,0,0,0
凹凸猜成语,1,0,1
凹凸答题,0,0,0
凹设计事务所,0,0,0
创业宝品牌,1,0,1
创业宝服务平台,0,0,0
创视自动化,0,0,0
初衷摄影资讯,0,0,0
初馨美食社区食谱宝典排行榜,0,0,0
利得堡机械昆山有限公司,0,0,0
利德凯威西藏冷拌沥青厂家,26,0,26
制豹刹车片,6,0,6
前衍化学科技武汉有限公司,0,0,0
前途专接本河北专接本报名,0,0,0
力仕邦,69,0,69
力士霸,0,0,0
办得爽档案查询系统,9,0,9
办得爽毕业证补办,3,0,3
加固邦,0,0,0
加宝年,0,0,0
努努益智,1,0,1
勇忠莲子剥壳机,7,0,7
勇忠莲子去壳机,7,0,7
勇忠莲子脱皮机,7,0,7
包大师上海材料科技第一店铺,0,0,0
包氏低压铸造,11,0,11
包氏新能源汽车配件,11,0,11
包氏重力铸造,12,0,12
包氏铝合金铸造,12,0,12
北京东方强晟科技第一店铺,0,0,0
北京中咨国联项目管理咨询,0,0,0
北京中金研新材料科技第二店铺,0,0,0
北京之星汽车,7,0,7
北京亘辰科技有限公司第一店铺,0,0,0
北京京铝铝业有限公司,0,0,0
北京亿胜佰科技有限公司,0,0,0
北京伍壹玖捌科技有限公司,1,0,1
北京众柏家具有限公司,0,0,0
北京信安通靶场装备技术有限公司,1,0,1
北京傲德迅科技有限公司,0,0,0
北京冀诺泰科技发展有限公司,0,0,0
北京华贺技术有限公司,0,0,0
北京博远恒泰装饰装修有限公司,0,0,0
北京厚博成建教育咨询有限公司,1,0,1
北京同创中仪,1,0,1
北京堡乐翔瑞商贸有限公司,0,0,0
北京天地首和科技发展第五店铺,0,0,0
北京定制公交官方版,12,0,12
北京尤萨洗涤设备有限公司,1,0,1
北京尤萨洗涤设备第三店铺,0,0,0
北京山今宿精品民宿,0,0,0
北京康美天鸿生物科技第一店铺,0,0,0
北京数字冰雹信息技术有限公司,0,0,0
北京星际傲天,0,0,0
北京有志竟成教育科技有限公司,1,0,1
北京柯安盾安全设备有限公司,0,0,0
北京海丁堡水族有限公司第一店铺,0,0,0
北京淇岸科技有限公司,0,0,0
北京燕开能源技术有限公司,1,0,1
北京爱尚包箱包皮具有限公司,0,0,0
北京班小二科技有限公司,1,0,1
北京班工艺术装饰材料有限公司,0,0,0
北京瑞弛高科技有限公司,0,0,0
北京百旺沃瑞,7,0,7
北京研邦新材料科技有限公司,1,0,1
北京维啊科技有限公司,1,0,1
北京绿茵蓝天园林绿化第二店铺,0,0,0
北京美堡饰家丽装饰材料,1,0,1
北京致真大厦,1,0,1
北京芝兰园环境艺术有限公司,0,0,0
北京蓝海豹搬公司,3,0,3
北京衷瑞制冷设备有限公司,0,0,0
北京远筑汇达集装箱有限公司,0,0,0
北京金增泰彩钢压型板经销处,0,0,0
北京金百顺运输有限公司第一店铺,0,0,0
北京金盈质厨环保科技有限公司,0,0,0
北京金益润农科技第一店铺,0,0,0
北京鞍速达汽车服务第一店铺,0,0,0
北京页岩律所,1,0,1
北京顶好佳誉汽车技术服务,0,0,0
北京顺安联盾科技有限公司,0,0,0
北京首英智诚科技第一店铺,0,0,0
北海合奥,7,0,7
北海海故里民宿,0,0,0
北野创业,1,0,1
十心十箭,0,0,0
千山木工板,3,0,3
千泓奢侈品名表名包钻石黄金回收,2,0,2
千行惠点餐,0,0,0
千行特惠充值,0,0,0
半冷院子,0,0,0
半岛铁盒,0,0,0
半杯水设计工作室,0,0,0
半江霞民宿,0,0,0
半点评车,0,0,0
华侨城湖岸,0,0,0
华发石雕,1,8,9
华声钟表,0,0,0
华律法律咨询,0,0,0
华恒保温板,0,0,0
华恒保温板批发,0,0,0
华恒苯板苯板胶,0,0,0
华成摇摆筛,0,0,0
华策钢格板,0,0,0
华策钢格板厂,0,0,0
华策镀锌钢格板,0,0,0
华翔玻璃保温杯,11,0,11
华翔玻璃杯定制,11,0,11
华鑫摆碾径向直压铆钉机压铆机,24,0,24
华鑫汽车大梁刹车片轮毂铆接机,22,0,22
卓纳mn13钢板mn13耐磨板,12,0,12
卓纳耐候板厂家耐候钢板厂家,15,0,15
卓纳耐磨板耐磨钢板,15,0,15
卓纳进口耐磨钢板复合耐磨板,11,0,11
南京万徽工程机械有限公司,0,0,0
南京万榜膜结构工程有限公司,1,0,1
南京亚商投资管理咨询有限公司,1,0,1
南京保客保包装工程有限公司,0,0,0
南京全希化工有限公司,0,0,0
南京厚竹贸易有限公司第一店铺,0,0,0
南京名堡科技实业有限公司,0,0,0
南京宝掘工程机械有限公司,0,0,0
南京市鼓楼区乐事昌工程服务部,0,0,0
南京德美密胺制品有限公司,0,0,0
南京明顺机械设备有限公司,0,0,0
南京欧澳链条有限公司,0,0,0
南京海伦机械设备有限公司,0,0,0
南京理工大学招生办,20,0,20
南京福杯满溢干燥设备有限公司,0,0,0
南京绿厨厨房设备有限公司,0,0,0
南京翰掘工程机械有限公司,0,0,0
南京莽原之旭化工有限公司,0,0,0
南京蚌怀建材有限公司第二店铺,0,0,0
南京远太环境艺术有限公司,0,0,0
南京镍克铁克机械有限公司,0,0,0
南京霸天装饰工程有限公司,0,0,0
南宁市华海禽苗批发部第二店铺,0,0,0
南宁桂专汽车销售有限公司,0,0,0
南昌左传实业有限公司,0,0,0
南昌盛丰塑胶制品有限公司,0,0,0
南昌筑榜展览展示有限公司,0,0,0
南昌罗彼服饰有限公司第一店铺,0,0,0
南昌辰页科技有限公司,0,0,0
南江县赤坝石膏矿第一店铺,0,0,0
南溪虹著,112,0,112
南皮县瑞科五金制造有限公司,0,0,0
南阳中鑫地磅,3,8,11
南阳市宏宇电磁屏蔽设备第一店铺,0,0,0
南阳老艾岭艾草集团股份有限公司,0,0,0
南阳艾之特艾制品第一店铺,0,0,0
南阳起重机械厂有限公司,0,0,0
博翱教育志愿填报,2,0,2
博野县誉达苗圃场,0,0,0
卡券包,1,0,1
卡航搬家公司电话,1,0,1
厚学网,4,0,4
厚泰物流设备租赁,0,0,0
厦门伊人夕岸服装,61,516,577
厦门众希网站建设,2,0,2
厦门市中天恒泰机械有限公司,0,0,0
厦门帕瑟尔时钟科技第一店铺,0,0,0
厦门普峡信息科技有限公司,1,0,1
厦门炬垄森科技有限公司,0,0,0
厦门群发学车考驾照,1,8,9
厦门邦弘讯信息技术有限公司,1,0,1
厦门黑砚建材有限公司第一店铺,0,0,0
口乞和田薄皮核桃,6,0,6
叭嗒,0,0,0
叮叮企服服务资质办理,3,0,3
可宿Home,4,0,4
台安县雅化宿根福禄考园第二店铺,0,0,0
台州塑保机械设备有限公司,0,0,0
台州市箭马缝纫机有限公司,0,0,0
台州市路桥奇精剥线机制造厂,0,0,0
台州浙耀自动化设备第一店铺,0,0,0
台球酷,40,45,85
合成达供应链进口报关,0,0,0
合正汽车商务车改装,3,0,3
合肥久享汽车零部件第一店铺,0,0,0
合肥元晶科技材料有限公司,0,0,0
合肥包立美塑胶制品有限公司,0,0,0
合肥厚学信息技术有限公司,1,0,1
合肥奥为机电有限公司,0,0,0
合肥富顺搬家公司,1,0,1
合肥市包河区焱掘工程机第一店铺,0,0,0
合肥市蜀山区文掘工程机械经营部,0,0,0
合肥探奥自动化有限公司,55,0,55
合肥星安商贸,0,0,0
合肥睿铭智能科技有限公司,0,0,0
合肥硕美密胺制品第一店铺,0,0,0
合肥辉掘工程机械有限公司,0,0,0
吉林小棉袄家政集团股份有限公司,1,0,1
吉林省大方预拌混凝土有限公司,0,0,0
吉林省大瓢把餐饮管理有限公司,1,0,1
吉达同城搬家,0,0,0
同保呗,0,0,0
同济晶萃,0,0,0
同福昌挤塑板XPS挤塑板厂家,0,0,0
同里红,5,0,5
名品商标转让网,1,0,1
名星全案装饰设计竹叶山分公司,1,0,1
后肖建材,0,0,0
君君育儿小百科,5,0,5
君顺阻燃板,0,0,0
含苞友品,0,0,0
启昌芝麻白,0,0,0
呗漾优糖稻,1,0,1
和诚汇,1,0,1
品爱女仆店,1,0,1
品购返利,0,0,0
哆啦A保,0,0,0
哈尔滨万达衡器厂,0,0,0
哈尔滨东北电子汽车衡地磅秤厂家,2,0,2
哈尔滨兄地真金板苯板岩棉板,2,0,2
哈尔滨华恒岩棉板真金板挤塑板,2,0,2
哈尔滨淘稻宝粮油商贸第一店铺,0,0,0
哈尔滨碧丰草业发展有限公司,0,0,0
响水堂民宿,0,0,0
哎丫丫电脑,2,0,2
哎呀鲜北京科技有限公司,0,0,0
哎哟熊机器人领养,0,0,0
哪吒汽车,0,0,0
唐山凯莱新材料有限公司,0,0,0
唐山正兴电子衡器有限公司,0,0,0
唐山科信化工有限公司,0,0,0
唤醒通,6,0,6
唯乐石超薄柔性天然石材第一店铺,0,0,0
唯觅宠物,35,0,35
唯馨环保,1,0,1
商业新知一一数据报告库,0,0,0
商务车,0,0,0
商门天枢V引流促销活动方案库,0,0,0
喜点宝宝锦囊,0,0,0
嗨团邀请注册,2,0,2
嗨行文化旅游,61,518,579
嘉可涡街流量计,0,0,0
嘉可涡轮流量计,0,0,0
嘉益辰不锈钢仿竹篱笆护栏厂家,0,0,0
嘉祥县俊程石雕有限公司第一店铺,0,0,0
嘉祥县兴泰石业有限公司,0,0,0
嘉祥县凯旋石材销售处,0,0,0
嘉祥县小目标石雕第一店铺,0,0,0
嘉祥嘉旭石业有限公司,0,0,0
嘉祥诚鼎石业有限公司,0,0,0
嘉祥金旭石业有限公司第一店铺,0,0,0
嘉草小院,0,0,0
嘟嘟童年淘气堡,0,0,0
四川创浙川金属门窗有限公司,0,0,0
四川川叉机械有限公司第一店铺,0,0,0
四川川西坝子餐饮管理有限公司,1,0,1
四川抱汁汁餐饮管理有限公司,1,0,1
四川果木源苗木有限公司,0,0,0
四川沛医沛科技有限公司第三店铺,0,0,0
四川省双合益建材第一店铺,0,0,0
四川省斯诺德化工科技,0,0,0
四川省蜀矮冬瓜餐饮管理有限公司,1,0,1
四川红蜀蓉金属制造有限公司,0,0,0
四川蜗牛巴巴健康管理有限公司,1,0,1
四川鑫霸和阿力克斯新第一店铺,0,0,0
四川龙缘川西坝子餐饮管理,1,0,1
四通搬家,0,0,0
回成科技,1,0,1
围场满族蒙古族自治县大唤起乡,0,0,0
固力保安全系统中国有限公司,1,0,1
固安礼贤乐美玩具第一店铺,0,0,0
国全天津科技发展有限公司,0,0,0
国民保保险咨询,0,0,0
国民保咨询服务,0,0,0
图灵鉴定包小鉴,0,0,0
圣奥家具,0,0,0
圣手凹坑修复,0,0,0
圣手凹陷免喷漆,0,0,0
圣手汽车凹陷修复培训,0,0,0
圩日表,0,0,0
埃尔法租车,0,0,0
城开云外,0,0,0
堡堡家,3,0,3
堡磊服装店,2,0,2
声光视讯商城,0,0,0
壹件代发电商仓储深圳有限公司,0,0,0
壹妍国际,1,0,1
壹栖壹宿民宿,0,0,0
壹站邦,2,0,2
夏津县苏留庄镇育禽人养殖合作社,1,0,1
外云,1,0,1
外天科技,1,0,1
外推网,1,0,1
多保熊,2,0,2
多保鱼讲保险,0,0,0
多返刷脸营销系统,2,0,2
多返刷脸设备,2,0,2
大同市保保机动车检测中心,1,0,1
大唐风暴,0,0,0
大城县亿晨达保温材料第三店铺,0,0,0
大城县西留各庄鑫伟保第一店铺,0,0,0
大客商标注册资讯平台,0,0,0
大拓智库,0,0,0
大河健康,0,0,0
大洲新燕厦门生物科技有限公司,0,0,0
大理伴海壹宿,0,0,0
大理市双廊镇懒人吾舍客栈,0,0,0
大理汉坤新材料有限公司第一店铺,0,0,0
大理禾前民宿,0,0,0
大眼随身签电子公章印章提取合成,14,1,15
大艾实业有限公司,0,0,0
大运豪冷拔钢管厂家,2,0,2
大连北港石油仪器有限公司,0,0,0
大连市妇女儿童医疗中心,0,0,0
大连逢时建筑机械有限公司,1,0,1
大连限偶液力偶合器有限公司,0,0,0
大鱼解梦,12,0,12
天互400电话办理,0,0,0
天互汽车报价,4,0,4
天制保御,0,0,0
天唯股票,0,0,0
天晴干细胞股份有限公司,1,0,1
天津卓纳耐候板耐候钢板,11,0,11
天津奥析环保科技有限公司,0,0,0
天津市伊尔曼乐器有限公司,0,0,0
天津市北辰区安雅瑞保第三店铺,0,0,0
天津市合发兴吊带索具制造,0,0,0
天津市天柠合成树脂有限公司,0,0,0
天津市通达发金属工具有限公司,0,0,0
天津市驰盛商贸有限公司,0,0,0
天津旭诚电伴热带科技有限公司,0,0,0
天津时全钟表科技有限公司,0,0,0
天津昊泰铂铑偶厂家,12,0,12
天津航容电子科技第一店铺,0,0,0
天津贺莱恩机械有限公司第一店铺,0,0,0
天燕堂厦门生物科技有限公司,0,0,0
天盛缩径机,0,0,0
天相财富,5,0,5
天秋个人理财,0,0,0
天穗律师办案工具箱,0,0,0
天识广告,0,0,0
天门进保天津科技股份有限公司,0,0,0
太仓山峦胶粘制品有限公司,0,0,0
太原中燕环保科技有限公司,0,0,0
太原利康搬家太原市搬家公司,0,0,0
太原利康搬家太原市搬家公司电话,0,0,0
太原利康搬家太原搬家公司,0,0,0
太原和谐搬家公司长短途居民搬家,2,0,2
太平洋汽车网,2,0,2
太平洋电脑网,7,0,7
奇爱谷,7,0,7
奢华奢侈品包批发货源,3,0,3
奢品会,14,0,14
奢石馆,1,0,1
奢迷姿,1,0,1
奥佳华按摩椅,0,0,0
奥克罗拉辊棒,26,0,26
奥克罗拉陶瓷辊棒,21,0,21
奥凌钢丝螺套,19,0,19
奥新管道工程不停输带压开孔封堵,25,0,25
奥科讯电子深圳有限公司,0,0,0
奥衫一吨电动叉车,0,0,0
奥衫小型电动叉车,0,0,0
奥衫电动叉车,0,0,0
奥衫电动液压叉车,0,0,0
奥衫电瓶叉车,0,0,0
奶爸保测评,19,0,19
好饿啊自媒体,0,0,0
妈妈帮,1,0,1
妙妙女仆屋,0,0,0
姐妹邦问答社区,0,0,0
姑苏区雅仕保健按摩工作室,0,0,0
威哥投掷知识廊,0,0,0
威海元素金属新材料科技有限公司,0,0,0
威马智能汽车,3,0,3
威马汽车,12,0,12
娃酷信息,0,0,0
娇凤女仆,0,0,0
娟蝶鲜花,6,0,6
媒尔排行榜,0,0,0
嫣嫣按摩,0,0,0
子遇度假酒店,0,0,0
孔圣养宝拔罐喷剂定制,16,0,16
孕查查,0,0,0
学富网,14,0,14
学阶成人高考报名网,15,0,15
宁波佳信密封件有限公司,0,0,0
宁波天慈环保科技有限公司,0,0,0
宁波市甬衡计量设备有限公司,0,0,0
宁津益瑞输送机械有限公司,0,0,0
宁津远宏输送设备有限公司,0,0,0
宁海县双夏电器有限公司,0,0,0
宁野搅拌装置,25,0,25
宇翎共创机械设备山东有限公司,0,0,0
安之若宿,0,0,0
安代驾,0,0,0
安仪,0,0,0
安卡汽车,2,0,2
安吉云半间野奢精舍酒店,0,0,0
安吉伴花山宿,0,0,0
安吉含云山奢,0,0,0
安吉山原色民宿,0,0,0
安吉报福简爱饭店,0,0,0
安吉目远,0,0,0
安哥国际,2,0,2
安在软件,0,0,0
安安查,0,0,0
安平县万泰金属丝网制品第一店铺,0,0,0
安平县东丹金属丝网制品第一店铺,0,0,0
安平县亚奇丝网制品第一店铺,0,0,0
安平县亮朝丝网制品厂,0,0,0
安平县佳立塑料窗纱拔丝织网厂,0,0,0
安平县冠成丝网制造有限公司,0,0,0
安平县厚聚丝网制品第三店铺,0,0,0
安平县名策丝网制品有限公司,0,0,0
安平县品龙丝网制品有限公司,0,0,0
安平县大禹堤坝防护工程产品,0,0,0
安平县宏宁丝网制品第二店铺,0,0,0
安平县弓丹丝网厂第一店铺,0,0,0
安平县弓木石化设备制造有限公司,0,0,0
安平县强瑞丝网机械有限公司,0,0,0
安平县德澳丝网制品第一店铺,0,0,0
安平县恒全金属丝网制品第二店铺,0,0,0
安平县拓桥丝网制品有限公司,0,0,0
安平县汇海钢格板厂,0,0,0
安平县源松五金丝网制造有限公司商铺,0,0,0
安平县祥迈丝网制造第一店铺,0,0,0
安平县贺乾丝网制品有限公司,0,0,0
安平县迈润丝网制品有限公司,0,0,0
安平县邦源丝网制品第一店铺,0,0,0
安平县铂亚丝网制品有限公司,0,0,0
安平县铭久金属丝网制品第二店铺,0,0,0
安平县银牛丝网制品有限公司,0,0,0
安平县骏川丝网制品有限公司,0,0,0
安徽丛衫服饰有限公司,0,0,0
安徽亚美密胺制品第一店铺,0,0,0
安徽伊法拉电气股份有限公司,0,0,0
安徽华衡物联科技有限公司,0,0,0
安徽吉运祥智能技术第三店铺,0,0,0
安徽建筑大学招生办,17,0,17
安徽晶磨石,3,0,3
安徽池州川河水利科技有限公司,0,0,0
安徽玖玖捌环保科技有限公司,0,0,0
安徽璟安防爆电气有限公司,0,0,0
安徽省万豪水坝节能技术有限公司,0,0,0
安徽省森蓝再生资源第一店铺,0,0,0
安徽精掘工程机械有限公司,0,0,0
安徽美福汽车制动技术有限公司,0,0,0
安徽艺河智能活动坝科技有限公司,0,0,0
安徽诚一科技有限公司,0,0,0
安徽诚至建材科技有限公司,0,0,0
安徽迅尔仪表科技有限公司,0,0,0
安徽鑫佰客电子商务有限公司,0,0,0
安泰康,0,0,0
安阳君邦食用菌机械有限公司,0,0,0
安阳市龙安区马投涧乡第一店铺,0,0,0
安雅特美岩板,2,0,2
宏晟钢骨架轻型板,0,0,0
宏翔橡套电缆,0,0,0
宏进真石漆搅拌机,132,0,132
宏驰,0,0,0
定包包书包背包箱包定制,2,0,2
定州市葡海苗圃场,0,0,0
宛若故里,0,0,0
宜光杯白酒,1,0,1
宜兴罗达新材料有限公司第一店铺,0,0,0
宝丞中国,1,0,1
宝卡,0,0,0
宝发网,0,0,0
宝宝巴士故事,0,0,0
宝宝知道,6,0,6
宝旺格栅板,0,0,0
宝盖沟盖板,21,0,21
宝盖电缆沟复合盖板,13,0,13
宝盖电缆沟盖板,24,0,24
宝能中心,112,0,112
宝能城,0,0,0
宝邦化学第一店铺,0,0,0
宝鸡华博钰鑫钛业有限公司,0,0,0
宝鸡市中扬金属材料有限公司,0,0,0
宝鸡市嘉豪稀有金属有限公司,0,0,0
宝鸡市昱昇金属科技有限公司,0,0,0
宝鸡市泰辰钛镍第一店铺,0,0,0
宝鸡市海兵钛镍第一店铺,0,0,0
宝鸡市飞腾金属材料股份有限公司,0,0,0
宝鸡惟德鸿有色金属第一店铺,0,0,0
宝鸡谦腾钛业有限公司,0,0,0
宠上天宠物托运空运高铁专车服务,3,0,3
宠上天成都宠物托运服务,3,0,3
宣威市红花生物科技有限公司,0,0,0
家居链,0,0,0
宿引民宿,0,0,0
宿迁市铭扬广告设备第一店铺,0,0,0
宿迁市青洋建材股份有限公司,0,0,0
富峰欧松板,0,0,0
富川瑶族自治县绿禽养殖场,0,0,0
富平县峪岭亚龙石刻厂,0,0,0
富民喷胶棉填充棉硬质棉,2,0,2
富水食品,1,0,1
富源搬家,0,0,0
富裕老窖酒业,3,0,3
寺库奢侈品,33,0,33
寿光市百聚隆生物饲料有限公司,0,0,0
寿县涧沟镇天天草坪种植基地,0,0,0
寿县涧沟镇方氏草坪种植家庭农场,0,0,0
小T娱乐爆点,3,0,3
小不点作文,2,0,2
小不点搜索,0,0,0
小保优选,1,0,1
小天八字算命,0,0,0
小婕星座资讯,0,0,0
小婕语录,0,0,0
小小猪,0,0,0
小德甲事简单报,0,0,0
小懂识车,0,0,0
小明压缩图片,0,0,0
小杰貔貅摆件,1,0,1
小棉袄的陪伴,1,0,1
小洋葱网络好书推荐,0,0,0
小游戏排行榜,0,0,0
小猪民宿,2,0,2
小王网盘文件悬赏榜,1,0,1
小瓜翻页时钟,0,0,0
小甘看房,2,0,2
小红书,0,2,2
小谢资讯汇,0,0,0
小鹏汽车商城,1,0,1
小黄杯咖啡,1,0,1
尔木萄,1,0,1
尧函液压设备上海有限公司,0,0,0
居里亚,1,0,1
山东一网通办,3,0,3
山东东保金属制品有限公司,0,0,0
山东中傲铝业有限公司,0,0,0
山东中科冶金矿山机械有限公司,0,0,0
山东众金工程机械销售有限公司,0,0,0
山东伟泓机械设备第一店铺,0,0,0
山东佰联轴承科技有限公司,0,0,0
山东佳合机械有限公司第一店铺,0,0,0
山东佳梆数控科技集团有限公司,0,0,0
山东保蓝环保工程有限公司,1,0,1
山东全奥环保科技有限公司,0,0,0
山东利贞工程机械设备第二店铺,0,0,0
山东名舜机械,0,0,0
山东圣晖化工科技有限公司,0,0,0
山东大拇指喷雾设备有限公司,0,0,0
山东天通汽车科技股份有限公司,0,0,0
山东孚水包装制品有限公司,0,0,0
山东宇特金属制品第二店铺,0,0,0
山东尘白日用品有限公司,0,0,0
山东彩诺园艺工程有限公司,0,0,0
山东恒拓土工材料第一店铺,0,0,0
山东恒通热能醒蒸设备有限公司,1,0,1
山东恒通热能醒蒸设备第三店铺,0,0,0
山东慕春源生物科技有限公司,0,0,0
山东拉雅化学有限公司,0,0,0
山东拜珥通风设备有限公司,0,0,0
山东昌松工程机械有限公司,0,0,0
山东春泽机械科技有限公司,0,0,0
山东春龙风动机械有限公司,0,0,0
山东晨运钢铁有限公司第三店铺,0,0,0
山东晶信科技有限公司,0,0,0
山东晶驰石英有限公司,0,0,0
山东来一杯餐饮管理有限公司,1,0,1
山东板正新材料科技有限公司,0,0,0
山东欧柏特电梯有限责任公司,0,0,0
山东泰能矿山机械有限公司,0,0,0
山东泰鑫通用起重设备有限公司,0,0,0
山东洁保生物科技有限公司,1,0,1
山东海偶有机硅科技有限公司,0,0,0
山东湛蓝化工有限公司,0,0,0
山东瀚海养殖有限公司,0,0,0
山东瑞乐厨业有限公司第一店铺,0,0,0
山东瑞越机械科技有限公司,0,0,0
山东皇圣堂药业济南分第二店铺,0,0,0
山东省临沂市兰山区沂蒙木业板,0,0,0
山东省双晗杯业有限公司,0,0,0
山东省齐鲁干细胞工程有限公司,1,0,1
山东矮人工匠科技第一店铺,0,0,0
山东科德工业装备有限公司,0,0,0
山东穗华生物科技第二店铺,0,0,0
山东立彩花海景观工程第一店铺,0,0,0
山东立昂易货,0,0,0
山东竟成建材有限公司,0,0,0
山东红六八网络科技有限公司,0,0,0
山东维克赛斯重工科技有限公司,0,0,0
山东美饰嘉新型装饰材料第三店铺,0,0,0
山东茂旺电梯配件第一店铺,0,0,0
山东菏矿重工机械第一店铺,0,0,0
山东菲尔新材料有限公司第二店铺,0,0,0
山东蒂邦机械设备制造有限公司,0,0,0
山东越力重工有限公司总厂,0,0,0
山东辉翱新材料有限公司第一店铺,0,0,0
山东迈卓机械设备有限公司,0,0,0
山东钛镍特钢有限公司,0,0,0
山东铁箭工程机械设备租赁,0,0,0
山东长赢机械设备有限公司,0,0,0
山东陕十三餐饮管理有限公司,1,0,1
山东高百,2,0,2
山东鲁品半挂车,1,0,1
山东鲁尔亚,8,0,8
山东鲁探机械有限公司,0,0,0
山东鲁杯电气有限公司第三店铺,0,0,0
山东鲁杯电气有限公司第二店铺,0,0,0
山东鸿基矿山机械设备第三店铺,0,0,0
山外家居商城,1,0,1
山岳世界杯简报,0,0,0
山西丰华肥业有限公司第一店铺,0,0,0
山西天垄环保工程有限公司,0,0,0
山西忆家晋商贸有限公司,0,0,0
山西晋光建材有限公司,0,0,0
山西晋小西商贸有限公司,0,0,0
山西暴风谷节能科技第一店铺,0,0,0
山西爱平馥郁观光生态第一店铺,0,0,0
岱岸江苏装备制造有限公司,0,0,0
岸上澜湾,0,0,0
峻宁植物租摆,12,0,12
崇礼雪山著,0,0,0
工保科技,0,0,0
工恒阀门上海有限公司,0,0,0
工程通网,0,0,0
巩义市力动叉车属具有限公司,0,0,0
巩义市望岳机械设备有限公司,0,0,0
巩义市盛亚机械制造第一店铺,0,0,0
巩义市风驰机械设备有限公司,0,0,0
巴士管家汽车票火车票,36,0,36
巴愚人,1,0,1
巴才水处理,0,0,0
巴石山珍,0,0,0
巴迪车务,2,0,2
希谱检测,0,0,0
希财提前还款计算器,0,0,0
希财网,2,0,2
希采招标,1,0,1
帝保地面保护膜,0,0,0
帝保装修保护膜,0,0,0
帝斑冷轧板卷,0,0,0
帮农通,0,0,0
帮帮创意,17,0,17
帮考网,20,0,20
常州乐陵机械有限公司第二店铺,0,0,0
常州亿群机械设备有限公司,0,0,0
常州儒勒复合材料第一店铺,0,0,0
常州和邦纺织有限公司,0,0,0
常州天宁立荣机械设备有限公司,0,0,0
常州市大拇指干燥科技有限公司,0,0,0
常州市江南诚信制冷设备厂,0,0,0
常州市精铸干燥设备有限公司,0,0,0
常州市联丰镜面辊制造第一店铺,0,0,0
常州市迈希尔网业有限公司,0,0,0
常州市金瑞孚屏蔽设备第一店铺,0,0,0
常州市雅诚屏蔽科技有限公司,1,0,1
常州新马屏蔽设备有限公司,0,0,0
常州秋硕化学品有限公司第一店铺,0,0,0
常州荣松屏蔽设备有限公司,0,0,0
常州金纬片板膜科技有限公司,0,0,0
平乡县德文档案用品有限公司,0,0,0
平山县华磊雕刻工艺厂,0,0,0
平邑泽海生态农业有限公司,0,0,0
平阳县鸿雕制辊有限公司,0,0,0
平阴县玫瑰镇贵冠玫瑰第一店铺,0,0,0
广东专插本网,0,0,0
广东众驰金属有限公司,0,0,0
广东史特牢紧扣系统有限公司,0,0,0
广东富仕雅热能科技有限公司,0,0,0
广东小蚁智能称重设备有限公司,0,0,0
广东建安文件销毁有限公司,24,0,24
广东微肽生物科技第二店铺,0,0,0
广东源沛生态科技有限公司,0,0,0
广东爱敦堡环境工程科技有限公司,0,0,0
广东益夫再生资源回收有限公司,0,0,0
广东益夫再生资源回收第一店铺,0,0,0
广东益夫再生资源回收第二店铺,0,0,0
广东益夫销毁中心,1,0,1
广东精达里亚特种漆包线有限公司,0,0,0
广东翱搏自动化工程有限公司,0,0,0
广东翱胜创新科技有限公司,0,0,0
广东耀龙金属科技有限公司,0,0,0
广东联达盛机械设备回收有限公司,0,0,0
广东诚启科技有限公司,0,0,0
广东豪悦成农业有限公司,0,0,0
广东逢春制药有限公司第一店铺,0,0,0
广东顺德华焱电子科技有限公司,0,0,0
广品糍耙冰粉培训,0,0,0
广州世腾交通工程第一店铺,0,0,0
广州亮妆化妆品有限公司,0,0,0
广州南傲贸易有限公司,0,0,0
广州品触信息科技第一店铺,0,0,0
广州多阿科技VR多人影院,0,0,0
广州奥宏体育产业有限公司,0,0,0
广州妲莱玫生物科技有限公司,0,0,0
广州居能科技有限公司,0,0,0
广州市佰嘉莉化妆品有限公司,0,0,0
广州市促新贸易有限公司,0,0,0
广州市富玫雅环保材料有限公司,0,0,0
广州市希力动漫科技有限公司,0,0,0
广州市广报物流运输有限公司,0,0,0
广州市志欧智能办公设备有限公司,0,0,0
广州市拔萃软件有限公司,1,0,1
广州市星保信息科技有限公司,0,0,0
广州市晶捷软件有限公司,0,0,0
广州市欣姿美容仪器第二店铺,0,0,0
广州市番禺区石壁鸿森包第三店铺,0,0,0
广州市福垄废旧金属第一店铺,0,0,0
广州市福垄废旧金属第三店铺,0,0,0
广州市福垄废旧金属第二店铺,0,0,0
广州市诚厚环保科技有限公司,0,0,0
广州市贡包餐饮管理有限公司,0,0,0
广州市贻顺化工有限公司,0,0,0
广州市辽亮办公设备有限公司,0,0,0
广州市鸿利生物科技发展有限公司,0,0,0
广州帮邦猫环保科技有限公司,0,0,0
广州拓新塑胶制品有限公司,0,0,0
广州搬家服务顺风搬家,3,0,3
广州易沁企业管理咨询有限公司,0,0,0
广州星澳游艇有限公司,1,0,1
广州春触电子科技有限公司,0,0,0
广州晶集集装箱服务有限公司,0,0,0
广州柏妆生物科技有限公司,0,0,0
广州汇驰实业发展有限公司,0,0,0
广州泉能智能科技股份有限公司,0,0,0
广州润贤清洁服务第一店铺,0,0,0
广州温伴新能源科技有限公司,0,0,0
广州滨霸服饰有限公司,0,0,0
广州澳美生物制品有限公司,0,0,0
广州灯音广告有限公司,0,0,0
广州焕颜化妆品有限公司,0,0,0
广州琪欣蓝生物科技第一店铺,0,0,0
广州癸新数码科技有限公司,0,0,0
广州立华星注册公司,0,0,0
广州精华机械有限公司第三店铺,0,0,0
广州缔龙钟表有限公司第一店铺,0,0,0
广州美容院那些事生物科技,0,0,0
广州能环电气机械科技有限公司,0,0,0
广州致柏化妆品有限公司,1,0,1
广州艾玩网络科技,0,0,0
广州芭薇药业科技第一店铺,0,0,0
广州英触电子科技有限公司,0,0,0
广州蓝蝶化妆品有限公司,0,0,0
广州衫凯伦服饰有限公司,0,0,0
广州西陇精细化工技术第一店铺,0,0,0
广州起凡包装机械有限公司,0,0,0
广州邦众搬家有限公司,0,0,0
广州锐镐机电科技有限公司,0,0,0
广州驰扬电气机械有限公司,0,0,0
广州黑豹防水建材第二店铺,0,0,0
广州龙基输配电设备有限公司,0,0,0
广西保实轻质陶粒有限公司,0,0,0
广西南宁八图数码科技有限公司,0,0,0
广西南宁市龙叉智能机械第一店铺,0,0,0
广西垄展紧固件制造有限公司,0,0,0
广西广霸道路工程有限公司,0,0,0
广西开心吉利汽车4S店,7,0,7
广西板帮木业有限公司第三店铺,0,0,0
广西澳一澳农业科技有限公司,0,0,0
广西贵港市黑豹木业有限公司,0,0,0
广西跃龙禽苗孵化有限公司,0,0,0
广诚,1,0,1
庐山市佳豪石业有限公司,0,0,0
庐山市辉强石业有限公司,0,0,0
应敏手动榨汁机,11,0,11
应敏榨汁机厂家,11,0,11
应敏铸铁榨汁机,11,0,11
府上包包子店培训,12,0,12
度车品,1,0,1
康熙字典完整版,0,0,0
廊坊亚佰建材有限公司,0,0,0
廊坊凯维龙保温材料第一店铺,0,0,0
廊坊函胜防火材料第一店铺,0,0,0
廊坊嘻咪玩具有限公司,0,0,0
廊坊国锐电伴热有限公司第一店铺,0,0,0
廊坊市廊硕纸制品有限公司,0,0,0
廊坊市第四人民医院,0,0,0
廊坊赋顺建材有限公司,0,0,0
廊坊铂澳铝材有限公司,0,0,0
廖尘环保挂具脱塑剥漆炉,14,0,14
廖尘环保热洁炉,18,0,18
廖尘环保脱漆炉,11,0,11
廖记棒棒鸡,1,0,1
建沛中职升学网,0,0,0
建沛招生升学,1,0,1
廿舍度假村,0,0,0
开原市靠山镇环宇苗圃第二店铺,0,0,0
开封江硕农业科技有限公司,0,0,0
弓热铁丝网片,1,0,1
张家口城市窗口按钮,0,0,0
张家口市宣化恒通鑫钻孔机械,0,0,0
张家港埃布尔机械有限公司,0,0,0
张家港市奕之星机械制造有限公司,0,0,0
张家界回家的孩子野奢庄园,0,0,0
张家界涧外栖境养生度假民宿,0,0,0
弹个车汽车,0,0,0
强瑞达不锈钢板,0,0,0
强生日式搬家,2,0,2
彩云每日小健报,1,0,1
彼亿营销,0,0,0
彼岸吉他弹手,70,0,70
律伴律师,0,0,0
律伴法律咨询律师咨询,0,0,0
徐州三贤机械科技第二店铺,0,0,0
徐州亚特花辊制造有限公司,0,0,0
徐州市美诺电子科技第二店铺,0,0,0
徐州智齐制辊有限公司,0,0,0
御奢网,3,0,3
微析仪器,0,0,0
微析颗粒图像分析仪,0,0,0
微步在线X情报社区,0,0,0
微视播,0,0,0
德光激光切割机,0,0,0
德凯化工搅拌器,25,0,25
德凯搅拌器厂家,19,0,19
德凯脱硫搅拌器,13,0,13
德固机械球形爆米花设备,0,0,0
德州中傲空调设备有限公司,1,0,1
德州中安智慧安全科技有限公司,0,0,0
德州亚创空调设备第三店铺,0,0,0
德州佰晟农业机械制造第一店铺,0,0,0
德州国脉成考报名,2,0,2
德州市德城区方正孵化设第一店铺,0,0,0
德州捌骥车业有限公司,0,0,0
德州星恒牧业机械第三店铺,0,0,0
德州荣商智能机械设备第二店铺,0,0,0
德明热电偶,69,0,69
德清县莫干山镇塔莎杜朵旅舍,0,0,0
德清县莫干山镇花木深山居,0,0,0
德清县莫干山镇野舍山居,0,0,0
德清阜溪街道赵炎竹制品经营部,0,0,0
德鹿搬家,0,0,0
徽自在客栈屯溪老街店,0,0,0
志钧工业设备有限公司,0,0,0
快图二维码生成器,0,0,0
快转精选,1,0,1
忻州市忻府区顺和二手车信息咨,0,0,0
怀来县兴海防雹网有限公司,1,0,1
怒马会全麻衬西装定制,1,0,1
思容商贸,0,0,0
思尔教育快讯,4,0,4
思曼达超声波振板设备,11,0,11
怡唐女仆服装,0,0,0
怡心湖岸,0,0,0
恒沙体育,0,0,0
恒沣亚克力板,0,0,0
恒达塑化超高分子量聚乙烯板,7,0,7
恒邦报关公司,0,0,0
恒鑫地磅秤厂家,21,0,21
恩蓝小号,0,0,0
悠享汇共享按摩枕,1,0,1
悠然九希,0,0,0
悦保睛灵,0,0,0
悦禾旅游美欧澳境外华人旅行社团,0,0,0
惠友广告彩钢扣扳机,0,0,0
惠州市瑞锦纺织品第二店铺,0,0,0
惠州市衡王称重设备有限公司,0,0,0
愉村半舍山庄,0,0,0
愚公斧分裂棒,0,0,0
慈溪公安办证服务,150,0,150
懂鸟帝,0,0,0
成佰丝网,2,0,2
成都佳航二手地磅回收公司,1,0,1
成都保溉拇包装制品有限公司,0,0,0
成都保郦家居有限公司,0,0,0
成都创奥,0,0,0
成都名腾热缩材料科技有限公司,0,0,0
成都商报营销策划有限公司,1,0,1
成都埃法生物科技有限公司,0,0,0
成都天渝汽车贸易有限公司,0,0,0
成都孩乐堡游乐设备有限公司,1,0,1
成都孩乐堡游乐设备第一店铺,0,0,0
成都宏锦化工有限责任公司,0,0,0
成都市赫邦化工有限公司,0,0,0
成都懂得都懂吧文化传媒公司,0,0,0
成都景尚之妆化妆品有限公司,0,0,0
成都有让网络科技有限公司,1,0,1
成都桑霸贸易有限公司,0,0,0
成都澳地地坪工程有限公司,0,0,0
成都致力卓越衡器有限公司,0,0,0
成都诵竞商贸有限公司,0,0,0
成都鑫川电机电设备有限公司,0,0,0
成都锐利电梯有限公司第一店铺,0,0,0
成都锦宏二手车广场,0,0,0
成都零零捌商贸有限公司,0,0,0
成都饰邦装饰工程有限公司,1,0,1
我很芒,0,0,0
我爱去旅游网,0,0,0
手助小应用中心,4,0,4
手机信号屏蔽器,0,0,0
才谷网,0,0,0
扒车喵小洋葱网络,1,0,1
扬州唯升电液推杆厂家,1,0,1
扬州市铭欧辊业有限公司,0,0,0
扬州长柏金属制品有限公司,1,0,1
扬州陆琴脚艺三把刀发展有限公司,1,0,1
找房邦,0,0,0
找法网法律咨询,0,0,0
技捷改灯,0,0,0
技点网,126,0,126
技能人才评价,0,0,0
技超杂谈,0,0,0
抢卡网,0,0,0
抢金大赛,0,0,0
报云登报,0,0,0
拂记企业股份有限公司,0,0,0
拇指交通违章缴费,0,0,0
拇指白小T,0,0,0
拓客豹裂变传播移动办公,114,0,114
拔草哦北美指南,1,0,1
拔草哦海淘,10,0,10
招生帮,0,0,0
拜尔液压动力武汉股份有限公司,0,0,0
拜愚庭云涧艺术酒店,0,0,0
拜石透水混凝土地坪,6,0,6
拜读云加速博客,0,0,0
拜课云南专升本,0,0,0
拜课山西专升本,0,0,0
拜课河北专接本,0,0,0
拜课河北省专接本,0,0,0
拜课河南专升本,0,0,0
拜课陕西专升本,0,0,0
挤塑板厂家,0,0,0
掌婴天下营养品,3,0,3
掌柜宝,2,0,2
排行榜123网十大品牌,0,0,0
排行榜123网婚庆排行,0,0,0
排行榜一二三,0,0,0
揽树山房,0,0,0
搜价宝,14,0,14
搜外网,0,0,0
搬小二搬家,0,0,0
搬运帮搬家货运找工人平台,0,0,0
搬迪新能源科技青岛第一店铺,0,0,0
摆渡推广开户,2,0,2
摆渡综合服务平台,48,0,48
摩氧旗舰店,3,0,3
政策宝,1,0,1
故人居,1,0,1
故里体育,0,0,0
故里风尚书店,1,0,1
教外新加坡留学,0,0,0
敢触有限公司,1,0,1
文安县旭临板厂,0,0,0
文安县鲍氏模具皮纹加工有限公司,0,0,0
文章吧网,0,0,0
文联知梦,6,0,6
文菲科技,1,0,1
断痒拔毒膏,2,0,2
斯富财经,0,0,0
斯美沃欧特堡上海夹具有限公司,0,0,0
新乡市中南油脂机械制造有限公司,0,0,0
新乡市正页助剂有限公司第一店铺,0,0,0
新晋电线电缆,13,0,13
新港建筑模板桥梁模板竹胶合板,26,0,26
新疆万通汽车学校,0,0,0
新疆得帮搬运有限公司,0,0,0
新疆盛世百信地磅,17,0,17
新疆缘籽玉器有限公司第一店铺,0,0,0
新知榜,0,0,0
新知榜微课,25,0,25
新蔡县广泰再生资源回收第二店铺,0,0,0
新都区斑竹园镇福瑞装饰材料经,0,0,0
新都区斑竹园镇红雨编织袋加工厂,0,0,0
新驰电气集团有限公司,0,0,0
方小利紫砂,134,0,134
施克三防宁夏银川树脂油漆厂家,15,0,15
旅宿邦,1,0,1
旅法师营地,0,0,0
旅车汇,0,0,0
无畔朋友圈文案,0,0,0
无锡伍钢金属制品有限公司,0,0,0
无锡优八网络科技有限公司,1,0,1
无锡寒柏制冷机械有限公司,0,0,0
无锡市堡德科技有限公司,0,0,0
无锡市安能滑触电器第一店铺,0,0,0
无锡市德田工业自动化科技,0,0,0
无锡市立奕德实业第一店铺,0,0,0
无锡捌队建筑切割安装第三店铺,0,0,0
无锡斯达舟机械设备有限公司,0,0,0
无锡旭晖搅拌设备第三店铺,0,0,0
无锡沃信仪器有限公司,0,0,0
无锡浩普科技有限公司第二店铺,0,0,0
无锡猎豹信息科技第二店铺,0,0,0
无锡艾来微电子技术有限公司,0,0,0
无锡辰安光电有限公司,0,0,0
无锡邦注科技有限公司,0,0,0
无锡雷雨亮管业有限公司第一店铺,0,0,0
无锡鼎盈祥物流设备有限公司,0,0,0
日报印刷厂,15,0,15
日照建全石材有限公司第二店铺,0,0,0
日诵家居,1,0,1
旧百度评估,5,0,5
时尚网,0,0,0
昂优电子材料,0,0,0
昆山亿泰包装配套件有限公司,0,0,0
昆山市德骐气动工具设备第一店铺,0,0,0
昆山市玉山镇谢春来钢结构工程经,0,0,0
昆山市金威特五金工具制品厂,0,0,0
昆山新宏驾校报考大车驾照报名,0,0,0
昆山联灿消防设备有限公司,0,0,0
昆山麦菲包装机械有限公司,0,0,0
昆明昂信科技,0,0,0
昆明特澳科技有限公司第一店铺,0,0,0
昆明科隆达光学仪器有限公司,0,0,0
昌立镍板,0,0,0
明保优车,1,0,1
易企云发布吧,20,0,20
易天富,0,0,0
易尔通,0,0,0
易居捌陆,13,0,13
易巴巴教育联盟,0,0,0
易德轩臻璧化太岁锦囊吉祥物商城,47,0,47
易搬拉广州生活服务有限责任公司,0,0,0
易立公司注册代理记账报税,0,0,0
易职邦,0,0,0
易辰通,3,0,3
星火专接本,0,0,0
星知计划,0,0,0
星诺尔伴,1,0,1
春草拔罐喷剂厂家,25,0,25
春草拔罐喷剂定制,12,0,12
昱唯网站建设,0,0,0
晋升泰精密深圳有限公司,0,0,0
晋喜票务代理,0,0,0
晋州市晶腾拔丝厂,0,0,0
晋江壹六捌供应链管理第一店铺,0,0,0
晋江市宏岸机械设备有限公司,0,0,0
晋笙昌隔音房,0,0,0
晖旺镀锌钢格板,0,0,0
晟世梵容,0,0,0
晟世梵容品牌名片,1,0,1
晟艺海报设计,1,8,9
普林线路板,6,0,6
普瑞迪冷拔无缝管,0,0,0
普瑞迪冷拔精密管,0,0,0
晶全照明科技有限公司,0,0,0
晶地里程,0,0,0
晶洋中空板,2,0,2
智享高速ETC办理服务中心,0,0,0
智慧树家长版,1,0,1
智派化学,0,0,0
智霸蜂巢帘,0,0,0
暴脾气功夫鸡排,0,0,0
暴风通讯,0,0,0
暴龙湛江水产养殖第一店铺,0,0,0
曲阜华创民丰机械设备有限公司,0,0,0
曲阜圣铭机械有限公司,0,0,0
曲阜大川机械有限公司,0,0,0
曲阜山博机械有限公司第二店铺,0,0,0
曲阜市宏盛机械有限公司,0,0,0
曲阜新星机械第一店铺,0,0,0
曲阜新星机械设备第三店铺,0,0,0
曲阜聚能机械制造有限公司,0,0,0
曲阳创豪石材雕塑第三店铺,0,0,0
曲阳县万尚雕塑有限公司,0,0,0
曲阳县丰路雕塑有限公司,0,0,0
曲阳县树立雕塑有限公司,0,0,0
曲阳县水海园林雕塑有限公司,0,0,0
曲阳淼锐园林雕塑有限公司,0,0,0
曲阳运鑫电梯配件第一店铺,0,0,0
曹县沃特合板有限公司,0,0,0
最世界榜单,0,0,0
月诚阁水晶珠宝饰品摆件,0,0,0
有能教育,0,0,0
有车大师,9,0,9
有驾,0,0,0
朗科精工衡器,0,0,0
朗阅免费小说,0,0,0
木栾科技上海有限公司,0,0,0
木鸟民宿红书版,124,0,124
未来鸟服务,2,0,2
未顾意甲榜单,0,0,0
末顾英超比赛比分,0,0,0
本地宝,144,0,144
机友会挖掘机,0,0,0
权明星商标转让平台,0,0,0
来臻得爆米花,511,0,511
来艾,1,0,1
杨凌雨泊生态环境工程第一店铺,0,0,0
杨赵铁路器材配件厂家,0,0,0
杭州保恒恒温技术有限公司,0,0,0
杭州千畅米纺织科技有限公司,0,0,0
杭州合顶建筑材料有限公司,0,0,0
杭州奥为机械科技有限公司,1,0,1
杭州小拇指汽车维修科技,1,0,1
杭州尚尚签网络科技有限公司,1,0,1
杭州悦邦建筑科技有限公司,0,0,0
杭州推啊网络科技有限公司,1,0,1
杭州斑材科技有限公司,1,0,1
杭州析亚科技有限公司,0,0,0
杭州盈傲仪器有限公司,0,0,0
杭州石堡建材科技有限公司,0,0,0
杭州秋鸣山居,0,0,0
杭州赋兴钢铁有限公司,0,0,0
杰伟塑料片板膜设备,3,0,3
林州市中盛铁路工矿器材,0,0,0
林州市建东交通轨道配件有限公司,0,0,0
林恩木挂板,0,0,0
果客邦水果一件代发货源平台,2,0,2
枣强县丰科钎具厂第三店铺,0,0,0
枣强县恒巨风动工具厂,0,0,0
柏中紧固件上海有限公司,0,0,0
柏科智能玻璃温室,0,0,0
柏邻鸟精品民宿,0,0,0
柠檬2048大闯关,1,0,1
柠芬享品牌名片,1,0,1
柯依努东莞精密光电科技有限公司,0,0,0
栖又涧云山民宿,0,0,0
栖栖度假酒店,0,0,0
栗树弯珍珠棉,15,0,15
栢尔斯道弗工业技术上海有限公司,0,0,0
格拉聊公路护栏板,15,0,15
格瑞HARDOX耐磨板,11,0,11
桂林半江回眸江景民宿,0,0,0
桂林瑶氏神斑贸易有限公司,1,0,1
桂林诚龙家居有限公司,0,0,0
桃花源著,112,0,112
桐福钢套钢保温管道,0,0,0
档案查询网,9,0,9
梁山东恒二手设备购销部,0,0,0
梁山从瑞机械设备第一店铺,0,0,0
梁山兆菲机械设备有限公司,0,0,0
梁山华冠二手设备第一店铺,0,0,0
梁山火之兴机械科技第二店铺,0,0,0
梁山祥灿二手设备购销有限公司,0,0,0
梁山鑫荣二手设备购销第二店铺,0,0,0
梦创游游,7,0,7
梦语言书,6,0,6
梵谷民宿,0,0,0
棒棒锤,221,0,221
森美鑫达弯曲圆棒砂光机,12,0,12
森鹰铝包木窗,3,0,3
楚胜油罐车,14,0,14
楚胜清障车,14,0,14
楹诺小半湾INNOBAY,0,0,0
榜信网品牌竞争对手查询系统,0,0,0
橙游站,5,0,5
欣海报关公司,0,0,0
欣飞声学隔音板厂家,19,0,19
欧亚半挂车,0,0,0
欧百铝单板,0,0,0
欧蜜亚,1,0,1
武汉专信企业管理有限公司,0,0,0
武汉东保科技开发有限责任公司,1,0,1
武汉东著通风设备第一店铺,0,0,0
武汉中岩科技第一店铺,0,0,0
武汉乐盛新材料科技第一店铺,0,0,0
武汉仟柠餐饮管理有限公司,1,0,1
武汉保时鸿运科技有限公司,0,0,0
武汉先得健康科技有限公司,0,0,0
武汉博翱出国留学,2,0,2
武汉尚恩生物技术有限公司,0,0,0
武汉思特进科技发展有限公司,0,0,0
武汉捌号空间装饰设计有限公司,1,0,1
武汉楚锐科药业科技第一店铺,0,0,0
武汉汽车网,14,0,14
武汉薄荷科技有限公司,1,0,1
武汉西矿矿山设备有限公司,0,0,0
武汉赛培生物科技第一店铺,0,0,0
武汉都市行囊户外露营烧烤,11,0,11
武汉酷玫机械设备有限公司,0,0,0
武汉金穗厨房设备工程第一店铺,0,0,0
武汉霸天科技有限公司,1,0,1
武邑武翔家具有限公司,0,0,0
比你酷在线学习,0,0,0
民利搬家,0,0,0
民生信用卡申请办理,0,0,0
氨众流体科技上海有限公司,0,0,0
永友干粉搅拌设备,0,0,0
永嘉湘赣工艺品有限公司,0,0,0
永康华翔玻璃杯,11,0,11
永康市尤元商贸有限公司,0,0,0
永康市杯诺美工贸有限公司,0,0,0
永康捷德杯业有限公司,0,0,0
永康捷德杯业有限公司第二店铺,0,0,0
永润抗爆墙,0,0,0
永润防爆门,0,0,0
永盈钢格栅板,0,0,0
氿点伴,0,0,0
汁家商城,1,0,1
汇贺汽车配件商贸,0,0,0
汉中技捷车灯改装,2,0,2
汉斯顿净水器排行榜,1,0,1
汐妹滑冰资讯廊,0,0,0
汐妹短跑资讯廊,0,0,0
汐姐竞走赛讯廊,0,0,0
汝南县惠民花木种植第一店铺,0,0,0
江南半舍民宿,0,0,0
江山赋,0,0,0
江汇液压自动坝,11,0,11
江汇自动坝,12,0,12
江苏上首生物科技第二店铺,0,0,0
江苏中浙物资有限公司,0,0,0
江苏乾之盛建设工程有限公司,0,0,0
江苏保驰蓬业有限公司第一店铺,0,0,0
江苏商务云网,0,0,0
江苏大拇指国际物流有限公司,0,0,0
江苏安快安防科技有限公司,0,0,0
江苏安能钻掘设备科技第一店铺,0,0,0
江苏容大实业有限公司,1,0,1
江苏富超工程有限公司,0,0,0
江苏富鼎化学有限公司,0,0,0
江苏德厚机电有限公司,0,0,0
江苏德镍金属科技有限公司,0,0,0
江苏恰逢盛饰服装第一店铺,0,0,0
江苏摩报科技有限公司,0,0,0
江苏新坝电气集团有限公司,1,0,1
江苏明达仪器有限公司,0,0,0
江苏柏艺家具有限公司,1,0,1
江苏沛尔膜业股份有限公司,0,0,0
江苏海企国际第一店铺,0,0,0
江苏润通机具有限公司,0,0,0
江苏环堡景观工程有限公司,0,0,0
江苏盈安新材料科技有限公司,0,0,0
江苏禄之昌种业有限公司,0,0,0
江苏稻盛食品有限公司,0,0,0
江苏艾上新材料科技有限公司,0,0,0
江苏英翔称重设备有限公司,0,0,0
江苏豪隆化工有限公司,0,0,0
江苏赛斯莱地坪科技有限公司,0,0,0
江苏鑫宏华称重设备有限公司,0,0,0
江苏银锐通电工设备有限公司,0,0,0
江苏锐泉环保技术有限公司,0,0,0
江苏驰骏智能科技第一店铺,0,0,0
江苏鹰衡称重设备制造第一店铺,0,0,0
江苏黑豹检测技术有限公司,0,0,0
江西保地生物能源科技有限公司,0,0,0
江西保太有色金属集团有限公司,1,0,1
江西国衡衡器有限公司,0,0,0
江西易签商务咨询有限公司,1,0,1
江西省鼎柠建材有限公司,0,0,0
江门市众宜新材料有限公司,0,0,0
江门市嘉昊照明科技有限公司,0,0,0
江门市新会区春丰生态农业科技,0,0,0
江阴仁昌镍钛新材料有限公司,0,0,0
江阴市玺力机械设备有限公司,0,0,0
江阴市般匠机械制造第一店铺,0,0,0
江阴明铝铝业有限公司,0,0,0
江阴豪露镍钛材料制品第一店铺,0,0,0
江阴金铝铝业有限公司,0,0,0
汽车之家4S店大全,2,0,2
汽车之家二手车,17,0,17
汽车之家报价大全,12,0,12
汽车之家视频精选,1,0,1
汽车之家购车计算器,1,0,1
汽车之讯,4,0,4
汽车大师,11,0,11
汽车干货分享网,0,0,0
汽车托运网EMScar运车查价系统,0,0,0
汽车报价大全,5,0,5
汽车时间,0,0,0
沃通手机靓号优选,0,0,0
沈阳优签,1,0,1
沈阳依涵科技有限公司第一店铺,0,0,0
沈阳友伴门窗销售有限公司,0,0,0
沈阳市针轮摆线减速机第一店铺,0,0,0
沈阳慧宇真空技术第一店铺,0,0,0
沈阳捷科电力机械设备有限公司,0,0,0
沈阳淄真真空设备有限公司,0,0,0
沈阳经济技术开发区万恒吊装搬,0,0,0
沈阳美亮亮化工程有限公司,0,0,0
沈阳老搬长,0,0,0
沈阳老搬长搬家,0,0,0
沈阳邦冠数码,0,0,0
沈阳鑫茂发精细化工原料第一店铺,0,0,0
沛宣网络,0,0,0
沧州万松制辊有限公司,0,0,0
沧州德安防爆特种工具第三店铺,0,0,0
沧州昂子公共设施第一店铺,0,0,0
沧州昌隆体育器材制造有限公司,0,0,0
沧州桐抢塑胶有限公司第一店铺,0,0,0
沧州渤海防爆特种工具,0,0,0
沧州盎泰建筑器材有限公司,0,0,0
沧州翱德管道制造有限公司,0,0,0
沧州翱德管道制造第三店铺,0,0,0
沧州翱德管道制造第二店铺,0,0,0
沧州联建建材有限公司,0,0,0
沪鑫堡文化传播上海有限公司,0,0,0
沭才网,0,0,0
沭阳县中颖花木园林第一店铺,0,0,0
沭阳县航之绿花卉苗木场,0,0,0
河北中泊防爆工具第二店铺,0,0,0
河北乐沃丝网制品第二店铺,0,0,0
河北亚区科技有限公司,0,0,0
河北亚坤电讯器材有限公司,0,0,0
河北京冀防爆电器仪表第三店铺,0,0,0
河北亿保机械有限公司,0,0,0
河北佰清环保科技有限公司,0,0,0
河北佰菲特紧固件制造有限公司,0,0,0
河北佰速体育设施有限公司,0,0,0
河北依利玻璃棉制品第二店铺,0,0,0
河北保源环保机械设备有限公司,0,0,0
河北保秦交通服务有限公司,1,0,1
河北勋红丝网制品有限公司,0,0,0
河北千识门控科技有限公司,0,0,0
河北博云衡器制造有限公司,0,0,0
河北厚泽钢格板,0,0,0
河北四凯防爆工具制造有限公司,0,0,0
河北圣玫首斯暖气片第二店铺,0,0,0
河北天恒博达安防科技有限公司,0,0,0
河北威悍铝业有限公司,0,0,0
河北宏泰通信器材有限公司,0,0,0
河北富冠金属丝网制品,0,0,0
河北德方建筑材料第三店铺,0,0,0
河北怀亮尼龙板棒管,0,0,0
河北成华机械制造有限公司,0,0,0
河北承昂贸易,0,0,0
河北拜课专接本,0,0,0
河北振傲机械设备有限公司,0,0,0
河北旭盎照明工程有限公司,0,0,0
河北昂憬丝网制品有限公司,0,0,0
河北星建仪器设备有限公司,0,0,0
河北春芝建筑器材有限公司,0,0,0
河北智盾科技有限公司第二店铺,0,0,0
河北格瑞玻璃棉制品第一店铺,0,0,0
河北格瑞玻璃棉制品第十五店铺,0,0,0
河北森岸丝网科技有限公司,0,0,0
河北永廊建筑工程第一店铺,0,0,0
河北永润防暴防火门业第三店铺,0,0,0
河北沛梵机械制造有限公司,0,0,0
河北深保投资发展有限公司,1,0,1
河北犇逸通讯器材有限公司,0,0,0
河北瑞福莱客建材有限公司,0,0,0
河北璟正紧固件有限公司第三店铺,0,0,0
河北白世机械设备有限公司,0,0,0
河北石文石材雕塑有限公司,0,0,0
河北祯旭节能科技有限公司,0,0,0
河北科建商贸有限公司,0,0,0
河北科技工程职业技术大学,17,0,17
河北竟泰环保设备有限公司,0,0,0
河北聚隆丝网制品第二店铺,0,0,0
河北贝耀金属丝网制品有限公司,0,0,0
河北贺功塑胶制品有限公司,0,0,0
河北赋源密封材料有限公司,0,0,0
河北跃腾防腐材料有限公司,0,0,0
河北达创体育器材有限公司,0,0,0
河北鑫研兴制辊有限公司,0,0,0
河北鑫誉锦建筑器材有限公司,0,0,0
河北铺预埋板厂家,0,0,0
河北锃盛防爆工具有限公司,0,0,0
河北阁涧地坪工程第一店铺,0,0,0
河北陕拓管道工程有限公司,1,0,1
河北陕拓管道工程第一店铺,0,0,0
河北陕拓管道工程第三店铺,0,0,0
河北韶伦制香机械有限公司,0,0,0
河南万通交通设施工程有限公司,0,0,0
河南东康兽药有限公司,0,0,0
河南中核氯氨阀门科技,0,0,0
河南亿饰源家具有限公司,0,0,0
河南仙怀实业有限公司第一店铺,0,0,0
河南保冠铝业有限公司,0,0,0
河南八创建材有限公司,0,0,0
河南兴达机械有限公司第一店铺,0,0,0
河南冠腾机械设备有限公司,0,0,0
河南凌霸商贸有限公司第一店铺,0,0,0
河南勤英称重设备第一店铺,0,0,0
河南双城食品有限公司,0,0,0
河南启航考研辅导班,0,0,0
河南坤霸科技有限公司,4,8,12
河南奥泉环保科技有限公司,0,0,0
河南子衫环保科技有限公司,0,0,0
河南宏九机械设备有限公司,0,0,0
河南帷顶金属材料第二店铺,0,0,0
河南广恒机械设备有限公司,0,0,0
河南拓隘重工机械设备第一店铺,0,0,0
河南拓隘重工机械设备第三店铺,0,0,0
河南故道金机械设备有限公司,0,0,0
河南新国信机械制造有限公司,0,0,0
河南日报报业集团有限公司,1,0,1
河南正业水处理材料第二店铺,0,0,0
河南班输公建材有限公司,0,0,0
河南班输公建材有限公司第二店铺,0,0,0
河南瑞豪机械设备有限公司,0,0,0
河南省彪牌棉机有限公司,0,0,0
河南省欣胜阳机械设备第二店铺,0,0,0
河南省铭奥化工有限公司,0,0,0
河南索岸机械制造有限公司,0,0,0
河南翱峰电子科技第一店铺,0,0,0
河南葱农会商贸有限公司第一店铺,0,0,0
河南赋玖机电设备有限公司,0,0,0
河南邦煌实业有限公司,0,0,0
河南金衡电子衡器有限公司,0,0,0
河南鑫金源油脂工程技术第一店铺,0,0,0
河圣液压升降坝,11,0,11
河圣液压坝,12,0,12
河源市台衡顶尖称重设备有限公司,0,0,0
沸的小助手,4,0,4
泉州尤胜抛丸机设备,66,516,582
泉州市启盛机械制造有限公司,0,0,0
泉州永工机械有限公司,0,0,0
泉州起晋新材料科技有限公司,0,0,0
泉州鼎文叉装机械租赁有限公司,0,0,0
泊头市宇辉工量具有限公司,0,0,0
泊头市宇通特种工具制造厂,0,0,0
泊头市平原工量具有限公司,0,0,0
泊头市杰龙防爆工量具有限公司,0,0,0
泊头市瑞尚工量具有限公司,0,0,0
泊头市精益防爆工具有限公司,0,0,0
泊头邦拓防爆机械工具第一店铺,0,0,0
泊头锴盛防雷器材制造有限公司,0,0,0
泛亚温拌剂,2,0,2
波仕卡汽车美容装饰加盟店,0,0,0
波斯红藏红花,1,0,1
泰兴市恒新豹驰辊业有限公司,0,0,0
泰安富鼎工程材料有限公司,0,0,0
泰安搬家顺心搬家公司,6,0,6
泰州力虎工具有限公司,0,0,0
泰州市南方液压工具制造有限公司,0,0,0
泰州市德恩机械制造有限公司,0,0,0
泰州市惠泽机械有限公司,0,0,0
泰州市通江洗涤机械厂第1店铺,0,0,0
泰州市金荣绳网有限公司,0,0,0
泰州森特材料科技有限公司,0,0,0
泰江钢格板厂家,0,0,0
泰顺县艺织坊毛线网店,0,0,0
泸州腾峡索道运输第一店铺,0,0,0
泽宇玻璃杯,0,0,0
泽皓紧固件制造,0,0,0
洁海瑞泉废水脱氨,25,0,25
洁海瑞泉氨氮废水,33,0,33
洋葱商用车,0,0,0
洋葱学园,0,0,0
洛八汉精密机械苏州有限公司,0,0,0
洛阳前卫滑触线有限公司,1,0,1
洛阳德迈机械设备第一店铺,0,0,0
洛阳爱科麦钨钼科技股份有限公司,0,0,0
洛阳百为智能科技有限公司,0,0,0
洛阳航达新材料科技第二店铺,0,0,0
洛阳高峰工程机械有限公司,0,0,0
洞见研报,0,0,0
派学车驾校报名指南,11,0,11
流量计制造江苏有限公司,0,0,0
济南万中电动扳手有限公司,1,0,1
济南三延机械有限公司,0,0,0
济南中玫新材料科技有限公司,0,0,0
济南佳梆数控设备有限公司,1,0,1
济南凯研液压分裂棒,0,0,0
济南天源玫瑰制品开发有限公司,0,0,0
济南天翱数控设备有限公司,0,0,0
济南强欣种子有限公司,0,0,0
济南永辉运输有限公司,0,0,0
济南泉柠液压升降机械有限公司,0,0,0
济南清岸化工有限公司第一店铺,0,0,0
济南玫澳经贸有限公司,1,0,1
济南矿霸商贸有限公司,0,0,0
济南立行学校,1,0,1
济南维乐保商贸有限公司,0,0,0
济南舜景纸业有限公司第二店铺,0,0,0
济南荣正化工有限公司第二店铺,0,0,0
济南赋宜合经贸有限公司,0,0,0
济宁众卓机械设备第一店铺,0,0,0
济宁嘉杰特种养殖有限公司,0,0,0
济宁圣都风动工具有限公司,0,0,0
济宁宏图机械制造有限第一店铺,0,0,0
济宁盛启特种养殖场,0,0,0
济宁经济开发区马集镇盛浩石雕销,0,0,0
济宁良美建材有限公司,0,0,0
济宁萌禽传媒策划第三店铺,0,0,0
济宁迅豹网络科技第一店铺,0,0,0
济才小语种,1,0,1
济才小语种网校,1,0,1
浙伍爷企业管理杭州有限公司,1,0,1
浙江专特车辆销售有限公司,0,0,0
浙江丰虹新材料股份有限公司,0,0,0
浙江亚磊型钢冷拔有限公司,0,0,0
浙江保创电气有限公司,0,0,0
浙江凯特阀门有限公司第一店铺,0,0,0
浙江力氟金密封件有限公司,0,0,0
浙江力风机械有限公司,0,0,0
浙江包氏铸造有限公司,22,0,22
浙江国技互联信息技术有限公司,1,0,1
浙江圣能机械设备有限公司,0,0,0
浙江外国语学院招生办,19,0,19
浙江工邦电气有限公司,0,0,0
浙江帝堡凡木制品有限公司,0,0,0
浙江御轩防爆电器有限公司,0,0,0
浙江微一案信息科技有限公司,1,0,1
浙江揽盛通信科技有限公司,1,0,1
浙江昂力电气有限公司,0,0,0
浙江杭加ALC板AAC板厂,0,0,0
浙江森恩防爆电器有限公司,0,0,0
浙江浦江逢时水晶有限公司,1,0,1
浙江海哲防爆科技第二店铺,0,0,0
浙江绿森堡儿童用品,0,0,0
浙江绿森堡儿童用品有限第一店铺,0,0,0
浙江群鑫车灯有限公司第一店铺,0,0,0
浙江般若资产管理有限公司,1,0,1
浙江英科镍尔阀门第一店铺,0,0,0
浙江邦吉输配电有限公司,0,0,0
浙江镐丰环境有限公司,0,0,0
浙江鸿豹阀门科技第一店铺,0,0,0
浦江亿盛石雕栏杆,12,0,12
浩明挤塑板,11,0,11
浩洁净化板,0,0,0
海安市航天机电制造有限公司,0,0,0
海宸刹车盘,6,0,6
海报新闻,1,0,1
海程波形护栏板,0,0,0
海程波形护栏板厂家,0,0,0
海象云,0,0,0
海边之角,0,0,0
海门市上真真空泵厂,0,0,0
消邦防火门业淮安第一店铺,0,0,0
涞水万匠铜制品有限公司,0,0,0
涟漪女仆服装,0,0,0
润潭钢格栅板厂家,14,0,14
涵亿电子,0,0,0
涵忆柳贸易,2,0,2
涵悠燕窝鱼胶,0,0,0
淄博佰乐堡酒店有限公司,1,0,1
淄博敖邦锻压机械第一店铺,0,0,0
淄博淄川隆盛工业瓷厂普通合伙,0,0,0
淘车夫抵押车,0,0,0
淮安市涵淇机电科技有限公司,0,0,0
深圳中安安防科技有限公司,0,0,0
深圳佰光光电有限公司,0,0,0
深圳佰方智能科技有限公司,0,0,0
深圳光以科技有限公司,0,0,0
深圳博计计量检测技术第一店铺,0,0,0
深圳埃科瑞仪器设备有限公司,0,0,0
深圳市专城建设有限公司,0,0,0
深圳市世纪红电子有限公司,0,0,0
深圳市世纪黑豹防水工程有限公司,1,0,1
深圳市东三信纺织品第一店铺,0,0,0
深圳市中孚金弓科技有限公司,0,0,0
深圳市中正冶金科技第一店铺,0,0,0
深圳市亿丰塑胶材料有限公司,0,0,0
深圳市佰汇康企业管理咨询,0,0,0
深圳市八惠智发电子有限公司,0,0,0
深圳市函旭科技有限公司,0,0,0
深圳市历宏精专科技第一店铺,0,0,0
深圳市叭叭神州科技第一店铺,0,0,0
深圳市品极口腔生物科技有限公司,0,0,0
深圳市唯可可设计有限公司,0,0,0
深圳市宇思岸电子有限公司,0,0,0
深圳市宏星盛业制动器材有限公司,0,0,0
深圳市容亮电子有限公司,0,0,0
深圳市尤采电子有限公司,0,0,0
深圳市屏蔽罩,0,0,0
深圳市度邦科技有限公司,0,0,0
深圳市度邦金属制品有限公司,0,0,0
深圳市思源杯业有限公司,0,0,0
深圳市悦保科技有限公司,0,0,0
深圳市控邦科技有限公司,0,0,0
深圳市文盛模具制品有限公司,0,0,0
深圳市旭邦制造科技有限公司,0,0,0
深圳市昂为电子有限公司,0,0,0
深圳市晶源通电子有限公司,0,0,0
深圳市智航天科技有限公司,0,0,0
深圳市暗能量电源有限公司,1,0,1
深圳市朝邦供应链管理第一店铺,0,0,0
深圳市朝邦供应链管理第二店铺,0,0,0
深圳市松堡王国家居有限公司,1,0,1
深圳市柏贝斯科技有限公司,0,0,0
深圳市汇一邦科技有限公司,0,0,0
深圳市江芯电子科技有限公司,0,0,0
深圳市泰衡称重设备有限公司,0,0,0
深圳市海融巴巴电子有限公司,0,0,0
深圳市深龙纺织品有限公司,0,0,0
深圳市港珠澳物流有限公司,0,0,0
深圳市潮光科技有限公司,0,0,0
深圳市灵析网络科技有限公司,1,0,1
深圳市灿元金属材料有限公司,0,0,0
深圳市特力佳纺织科技有限公司,0,0,0
深圳市特达顺纺织品有限公司,0,0,0
深圳市立爻科技有限公司,0,0,0
深圳市竟业电子有限公司,0,0,0
深圳市竟航机电设备有限公司,0,0,0
深圳市竣昂科技有限公司,0,0,0
深圳市维佳芯片返修科技有限公司,0,0,0
深圳市翼动科技有限公司第一店铺,0,0,0
深圳市能之源节能技术有限公司,0,0,0
深圳市艾友会科技有限公司,0,0,0
深圳市芯巴巴科技有限公司,0,0,0
深圳市视聚科技有限公司,0,0,0
深圳市豪华重工业设备有限公司,0,0,0
深圳市赛洋塑胶材料有限公司,0,0,0
深圳市车视博科技有限公司,0,0,0
深圳市迅豹聚能科技有限公司,1,0,1
深圳市通科电气设备第一店铺,0,0,0
深圳市逢君电子有限公司,0,0,0
深圳市邦力威科技有限公司,0,0,0
深圳市金诚铝业有限责任公司,0,0,0
深圳市铁保宏泰保安服务有限公司,1,0,1
深圳市锐傲视讯有限公司第一店铺,0,0,0
深圳市锐容电子有限公司,0,0,0
深圳市锦艺泰工艺品第一店铺,0,0,0
深圳市阿的佳科技有限公司,0,0,0
深圳市际兴纺织科技第二店铺,0,0,0
深圳市陆壹捌捌玖信息第二店铺,0,0,0
深圳市顺泰镍钴技术有限公司,0,0,0
深圳市鸿宇欣纺织品有限公司,0,0,0
深圳市龙华新区德兴包第二店铺,0,0,0
深圳廊盛科技有限公司第一店铺,0,0,0
深圳扬讯电子有限公司,0,0,0
深圳新钢薄板有限公司,0,0,0
深圳智柠网络科技第一店铺,0,0,0
深圳柏汇自动化设备有限公司,0,0,0
深圳瑞奇曼卡通人偶,2,0,2
深圳疤痕网络信息有限公司,1,0,1
深圳邦运通科技发展有限公司,0,0,0
深圳醒文国际货运代理有限公司,0,0,0
深圳长基资产评估房地产土地估价,0,0,0
淼禹液压钢坝,0,0,0
淼转,0,0,0
清新学历报名,0,0,0
清远中诚企业咨询管理第一店铺,0,0,0
渝北区三把刀市场营销策划服务部,1,0,1
渝荣防爆电器上海第一店铺,0,0,0
温州上析电气有限公司第一店铺,0,0,0
温州乔灿包装有限公司第一店铺,0,0,0
温州千恋家纺有限公司,0,0,0
温州振霸弹簧有限公司,0,0,0
温州正函游乐设备第一店铺,0,0,0
温州正统防爆科技有限公司,0,0,0
温州浙施电气有限公司,0,0,0
温州浙科阀门有限公司,0,0,0
温州瑞祥化纤制品有限公司,0,0,0
温州超博五金索具有限公司,0,0,0
港澳国际海外公司注册,0,0,0
游戏智囊拓展道具商城,1,0,1
湖北三峡快捷居集成房屋第一店铺,0,0,0
湖北中楚智慧机械第一店铺,0,0,0
湖北众旺智能刹车有限公司,1,0,1
湖北全越电缆沟电缆支架,21,0,21
湖北同威专用汽车有限第一店铺,0,0,0
湖北名星全案装饰设计工程,1,0,1
湖北后浪汽车科技有限公司,0,0,0
湖北奥翔精细化工有限公司,0,0,0
湖北威德利化学科技第二店铺,0,0,0
湖北广电报业有限责任公司,1,0,1
湖北恒立工程机械有限公司,0,0,0
湖北摆渡化学有限公司,0,0,0
湖北施密特机械制造有限公司,0,0,0
湖北暴走电子商务第一店铺,0,0,0
湖北江龙水利建设开发有限公司,0,0,0
湖北省抗癌协会,1,0,1
湖北耘涧农业开发有限公司,0,0,0
湖北车之都专用汽车有限公司,0,0,0
湖北鑫红利化工有限公司,0,0,0
湖北长佰网络科技有限公司,1,0,1
湖南佳信新风机科技有限公司,0,0,0
湖南共创专业设备,0,0,0
湖南战虫环境科技第一店铺,0,0,0
湖南暖艾科技有限公司,0,0,0
湖南末凡装饰设计有限公司,1,0,1
湖南正著智能科技有限公司,0,0,0
湖南精专信息科技有限公司,0,0,0
湖南金壕利环保材料有限公司,0,0,0
湖南金榜涂料第一店铺,0,0,0
湖南长沙嗯加心理,1,0,1
湖南饰繁饰美新型环保第一店铺,0,0,0
湛江市容大水产科技有限公司,0,0,0
滇池湖岸,0,0,0
滏镕钢管套头机,0,0,0
滏镕钢管缩口机,0,0,0
滕州市张汪禽康家禽养殖厂,0,0,0
滨安基坑围栏,0,0,0
漯河市揽聚机械有限公司,0,0,0
漯河谢记驴肉,3,8,11
潍坊七棉纺纱有限公司第二店铺,0,0,0
潍坊市全健农业科技第一店铺,0,0,0
潍坊派康塑料科技有限公司,0,0,0
潍坊盛秋防水材料有限公司,0,0,0
潍坊科瑞泰机械科技有限公司,0,0,0
潮in定制打印,0,0,0
潮州市潮安区金石恒星包第一店铺,0,0,0
澳丽丝涂料,4,0,4
澳金公司注册进出口权办理,34,0,34
澳金外贸会计培训,15,0,15
濂溪区宏兴机械厂第一店铺,0,0,0
火星人集成灶,0,0,0
火龙宝,1,0,1
灯塔市富强圆苗圃第三店铺,0,0,0
灯笼火把招聘,0,0,0
灵寿依帆矿产品黑色鹅卵石,0,0,0
灵寿县佳兴石材有限公司第一店铺,0,0,0
灵寿县冀磊石材有限公司,0,0,0
灿宇建材,0,0,0
炎哥谈靶赛讯廊,0,0,0
点佰趣,0,0,0
点点奥特曼大全,3,0,3
烈焰车讯,0,0,0
烟台埃漠花岗岩有限公司,1,0,1
烟台子午线时钟科技第一店铺,0,0,0
烟台美佳钟表有限公司,0,0,0
热电偶保护管,0,0,0
烽豹阀门制造有限公司,1,0,1
焙尔妈妈,2,0,2
焦作市怀武制动器有限公司,0,0,0
焦作市晶虹盘式制动器第一店铺,0,0,0
焦作市焦冷氨阀有限公司,1,0,1
焦作市焦冷氨阀有限公司第一店铺,0,0,0
煌旗小吃培训学校,0,0,0
燃灯SEOVIP私塾班,3,0,3
燕多多燕窝,1,0,1
燕安网络定制,0,0,0
燕熙台,0,0,0
燕知容网上书店,0,0,0
爱主题网络科技,0,0,0
爱估回收,0,0,0
爱依然,0,0,0
爱兔兔女仆,1,0,1
爱卡汽车,9,4,13
爱发资源整合,0,0,0
爱唯铜门,2,0,2
爱回收,0,0,0
爱多美,2,0,2
爱奇艺,0,0,0
爱奇艺vip5折购,0,0,0
爱奢优品奢侈品回收,7,0,7
爱她心坊,1,1,2
爱年骡队,2,0,2
爱开心优惠券,0,0,0
爱悠,0,0,0
爱摆摊,6,0,6
爱普瑞彩钢板,0,0,0
爱森堡教育,1,8,9
爱生成,2,0,2
爱用商城,0,0,0
爱用建站,0,0,0
爱用智能网站,0,0,0
爱站网,9,0,9
爱站网站排行榜,2,0,2
爱签电子合同,0,0,0
爱网互联,0,0,0
爱语吧英语阅读,23,0,23
爱醒空间,1,0,1
爱问办公,2,0,2
版权家,0,0,0
牌子网品牌排行,0,0,0
牌子网排行榜,0,0,0
牛三签,1,0,1
牛签签,1,0,1
牛蚁伪原创工具,0,0,0
牧心堡悬崖酒店,0,0,0
物流巴巴,12,0,12
特立欧地磅,0,0,0
特立欧成都地磅,1,0,1
独立站扒干货,0,0,0
独角兽暴肌厨房旗舰店,1,0,1
猎鹰答案,0,0,0
猪巴巴,0,0,0
猪易帮,24,0,24
猪重八,0,0,0
猫眼专业版,0,0,0
献县振良家庭农场第一店铺,0,0,0
献县棒迪建筑器材销售处第一店铺,0,0,0
玄琳福鼎黑石材,0,0,0
玉田县暖堡供水设备有限公司,0,0,0
玉鑫昌财税,0,0,0
玖捌优选,0,0,0
玖爱红色时尚名牌包,1,0,1
玖缘签查车牌,0,0,0
玛纳轻质隔墙板生产线,0,0,0
玩吧之聚会神器,1,0,1
玩吧十二星座运势,2,0,2
玩吧猜歌装扮,3,0,3
玫卿序,1,0,1
玫德集团有限公司,0,0,0
环网考试报名查询,0,0,0
珠海润泽生物科技有限公司,0,0,0
珠海诗琴汽保设备有限公司,1,0,1
球半,0,0,0
理想汽车,0,0,0
瑞吉尔进口耐磨板耐磨钢板厂家,0,0,0
瑞安市维易制辊机械厂,0,0,0
瑞恒食品斩拌机,35,0,35
瑞蝶,0,0,0
瓜子二手车,20,0,20
甩宝,69,0,69
电动邦,19,0,19
电磁屏蔽机柜,0,0,0
留学监理网美国留学信息播报,0,0,0
番茄效率时钟,1,0,1
疤痕网,0,0,0
疤痕论坛,0,0,0
登榜金刚砂,0,0,0
登科个人档案查询,0,0,0
白凡周公解梦,0,0,0
白沟沟美甲店,1,0,1
白肤正,0,0,0
白菜券,0,0,0
白鲸鱼旧衣服回收,151,0,151
白鸥家政保洁服务,0,0,0
百一汽车,0,0,0
百保君,8,0,8
百修网,46,90,136
百合婚礼婚纱摄影在线预订,2,0,2
百呀百商城,1,0,1
百城e联,112,0,112
百姓网,5,0,5
百学习,1,0,1
百学号,13,0,13
百帆假期,1,0,1
百度AI数签神器,0,0,0
百度伴学小助手,0,0,0
百度作文,0,0,0
百度好运嘉年华,0,0,0
百度百科,0,0,0
百度知道,21,0,21
百度评估,24,0,24
百强网排行榜,0,0,0
百房网,0,0,0
百搜短视频,0,0,0
百数,0,0,0
百祥搬运,0,0,0
百科矩阵,1,0,1
百结美女大全,0,0,0
百聘企业版,20,0,20
百能云芯,0,0,0
百车宝,1,0,1
百阿腾网络,1,0,1
百顺搬家,0,0,0
的修报修平台,0,0,0
皑佑,1,0,1
皑和股票,0,0,0
皖毅拜垫厂家,11,0,11
皖毅拜垫批发,11,0,11
益保保险网,1,0,1
益阳市资阳区牧乐享艾叶畜牧棒,0,0,0
盐山县捌方管道制造有限公司,0,0,0
盘古宝,0,0,0
盛世健保,2,0,2
盛世健保信息,2,0,2
盛也排行榜,0,0,0
盛淼沟盖板,0,0,0
盛诺生物科技开发大城县有限公司,0,0,0
盟邦异型件,0,0,0
目页网络汽车救援拖车,3,0,3
相逢幸福蛋糕,1,0,1
真由美织发补发,0,0,0
真越砧板,2,0,2
知乎,0,0,0
短信宝,0,0,0
石家庄今傲科技网站建站,7,0,7
石家庄保禄科技有限公司,0,0,0
石家庄品佰化工科技第二店铺,0,0,0
石家庄宝顺搬家公司,2,0,2
石家庄市金盾防爆工具有限公司,0,0,0
石家庄望星矿棉板业第一店铺,0,0,0
石家庄柏留香科技有限公司,0,0,0
石家庄泰宇建材科技有限公司,0,0,0
码上挪车,17,1,18
碧芭代理纸尿裤,1,0,1
碧通供水胶囊,1,0,1
礼品邦,0,0,0
福威滑移装载机,0,0,0
福安康仙按摩器,61,516,577
福州兴丽防水补漏暗管漏水管检测,2,0,2
福州拓达智能装备有限公司,0,0,0
福州方页自动化设备第一店铺,0,0,0
福建惠安县凯瑞石业有限公司,0,0,0
福建惠安和之园林古建有限公司,0,0,0
福建惠安富士熙和石业有限公司,0,0,0
福建惠安闽兴福石业有限公司,0,0,0
福建省惠安博大石业有限公司,0,0,0
福建省鲜伴食品有限公司,0,0,0
福建福涧酒水,66,516,582
福建精析仪器有限公司,0,0,0
福源乒乓球资讯廊,0,0,0
福誉短信平台,0,0,0
禹函健康生活馆,1,0,1
禹城久力机械有限公司第一店铺,0,0,0
禹城市亿农机械设备第一店铺,0,0,0
禹城泽亿机械设备有限公司,0,0,0
禹建合页坝,0,0,0
禹建底轴钢坝,0,0,0
禹建钢坝,0,0,0
禹建钢坝闸,0,0,0
禽之源土鸡蛋,16,0,16
秋叶网,3,0,3
秋悦甄选,1,0,1
秋洋摄影,0,0,0
科展烟气脱白治理设备,6,0,6
科怡档案,0,0,0
科技快讯网,1,0,1
科杰地磅,0,0,0
科海屏蔽泵,24,0,24
科海液氨泵,26,0,26
科问吧科技数码问答平台,0,0,0
秒联挪车,2,0,2
秦戈奶爸,0,0,0
秦皇岛蓄德科技开发有限公司,0,0,0
移宿空间,1,0,1
程力汽车集团专用汽车,0,0,0
稻典五常大米合作社,31,0,31
稻夫草帘草支垫草袋草绳生产厂家,1,0,1
稻夫草支垫厂,0,0,0
稻映上海科技有限公司,0,0,0
立华星在线注册公司,0,0,0
立库智能伸缩货叉,0,0,0
立美地板,0,0,0
站长之家CPU天梯图,1,0,1
符号兔,0,0,0
第一车网二手车,14,0,14
答案圈,0,0,0
答案易对,0,0,0
答案解析网,41,0,41
简伴智慧社区门禁系统,2,0,2
管家婆工贸版,0,0,0
篮海情报网,0,0,0
篱笆街,1,0,1
米易庭军花岗石有限责任公司,0,0,0
米马生活,1,0,1
粤港澳生活网,0,0,0
精彩商标转让网,41,0,41
索娜根布黑枸杞,0,0,0
索岸分切机,11,0,11
索岸涂布机,11,0,11
紫皓洋葱干红批发,11,0,11
紫皓洋葱红酒,12,0,12
紫皓洋葱红酒厂家,11,0,11
紫皓洋葱葡萄酒,12,0,12
红大汇诚,112,0,112
红掌柜,1,0,1
红数科技,0,0,0
红玩社区,0,0,0
红珊瑚,1,0,1
纤曼袜社,0,0,0
纽之源深圳商贸有限公司,0,0,0
绍兴上虞广通风机有限公司,0,0,0
绍兴鸿薄防腐木,2,0,2
维梯埃消防设备上海有限公司,0,0,0
缩我短链接生成,2,0,2
网安网,0,0,0
网帮你分类信息网,0,0,0
罗田大别山薄刀峰旅游有限公司,1,0,1
美保科技,0,0,0
美保雇主责任险预约,0,0,0
美名腾宝宝起名,13,3,16
美味不用等餐厅取号排队优惠预订,0,0,0
美嘉玉器貔貅摆件,0,0,0
美团外卖,0,0,0
美图秀秀,0,0,0
美村美镇,0,0,0
美物计商城,1,0,1
美逛运营平台,0,0,0
群杰周公解梦,0,0,0
翀捷解梦大全,0,0,0
翰林AMC10报名,0,0,0
翱云牧场,1,0,1
耀家鸡蛋价格播报,0,0,0
老二每日讲车,0,0,0
老抢旅行景点庄园,1,0,1
老搬长,0,0,0
老搬长搬家,0,0,0
老搬长搬家电话,0,0,0
老贾说车,0,0,0
考易公务员,0,0,0
考易建筑师,0,0,0
耙多多,1,0,1
聊城唯度家居家纺用品,0,0,0
聊城市金榜钢管有限公司第一店铺,0,0,0
聊城市钢函钢管有限公司,0,0,0
联图二维码生成器,0,0,0
联贝财务,10,0,10
聚丙烯酰胺pam赫龙厂家,2,0,2
聚力报修管家,18,0,18
聚奢会在线,0,0,0
聚诚红叶石楠大杯,11,0,11
育世新才,0,0,0
育路中外合作办学硕士招生,4,0,4
腾俊钢格板,0,0,0
腾俊钢格栅板销售,0,0,0
腾旺店铺榜,0,0,0
腾灿排水沟盖板,0,0,0
腾灿钢格板厂家,0,0,0
自然醒工程资料,2,0,2
自然醒有图有真相,2,0,2
臻霸传奇,2,0,2
舞力全开AR跳舞,0,0,0
航天地磅维修,11,0,11
航天地磅软件,11,0,11
航天电子地磅价格,11,0,11
航岸线国际供应链,0,0,0
般诺智能深圳有限公司第一店铺,0,0,0
艺客书法字典,0,0,0
艺涵网络,0,0,0
艺班科技天津有限公司,3,0,3
艾伟拓,0,0,0
艾力斯特按摩椅,0,0,0
艾卡环保,0,0,0
艾多美,2,0,2
艾多美艾购,2,0,2
艾我智能家居,0,0,0
艾自汇,0,0,0
艾谷心理测试,0,0,0
芒果TV视频,0,0,0
芝麻白玉根,3,0,3
芬华名表名包回收,12,0,12
芭夯,1,0,1
芭辣塑身,1,0,1
芭黎人轻奢酒店,0,0,0
花田雨野奢,0,0,0
花花昵称,0,0,0
花说咨询,0,0,0
花鸟岛半山半海民宿,0,0,0
芷岚秋民宿,0,0,0
苏州世纪行工业科技有限公司,0,0,0
苏州嘉著建材贸易有限公司,0,0,0
苏州宏硕净化设备有限公司,0,0,0
苏州柏瞬门业有限公司,0,0,0
苏州欧外藏斋百香籽,0,0,0
苏州浩燕物资有限公司,0,0,0
苏州海歌化工有限公司第一店铺,0,0,0
苏州海百化工有限公司第一店铺,0,0,0
苏州火把自动化科技第一店铺,0,0,0
苏州神巴巴网络科技有限公司,1,0,1
苏州艺强塑料制品有限公司,0,0,0
苏州阿凡提防爆,0,0,0
苏州陆拾捌科技有限公司,0,0,0
苏昆摆线减速机,2,0,2
苏燕定做红木家具坐垫,11,0,11
苏燕红木家具坐垫,11,0,11
苏燕红木沙发坐垫,11,0,11
苏田净化板岩棉复合板,12,0,12
茶悦世界杯简报,0,0,0
荟计手,0,0,0
荣保昌脱氨氮,17,0,17
荣县多营陶业有限公司,0,0,0
荥阳僮琳软籽石榴种植有限公司,0,0,0
荥阳市凯凯软籽石榴种植园,0,0,0
荥阳市果满园软籽石榴苗木种植,0,0,0
荥阳市百胜软籽石榴第一店铺,0,0,0
莒县刘官庄玉德塑料搅拌机大全,0,0,0
莘野揽山,0,0,0
莫干山爱町堡度假庄园,0,0,0
莱州山叉机械有限公司,0,0,0
菏泽万腾木制品有限公司,0,0,0
菜帮帮,0,0,0
菲凡通讯,0,0,0
菲速科技,4,0,4
萨满拔罐厂家,16,0,16
蓉尔桢魂动手表,1,0,1
蓝蜗牛搬家,0,0,0
蓝装家博会,0,0,0
蔬东坡软件,0,0,0
蕲春县知艾堂艾制品有限公司,0,0,0
蕲春艾世界健康科技有限公司,0,0,0
薄荷健康指南,0,0,0
薄荷民宿,0,0,0
薄荷部落,1,0,1
薄荷食物库,0,0,0
薪申邦天津涂料厂家,15,0,15
虎邦辣酱,0,0,0
蚂蚁搬家,0,0,0
蚌埠大业彩钢夹芯板有限公司,0,0,0
蚌埠市蚌山区冀兴建材经第一店铺,0,0,0
蛋蛋玩趣世界杯,0,0,0
蜀镇,0,0,0
蜜悦美宿,0,0,0
蜻蜓FM,0,0,0
蝴蝶游记,1,0,1
蝶变考研,0,0,0
蝶变高考志愿,11,0,11
蝶来三舍,0,0,0
蝶莱环境,1,0,1
蝶锦台,0,0,0
融柏恒流泵,1,0,1
行运民宿,0,0,0
衡水利特尔新型建材有限公司,0,0,0
衡水品尤橡塑科技有限公司,0,0,0
衡水恒洋工程橡胶有限公司,0,0,0
衡水港汇橡塑制品有限公司,0,0,0
衡水笳灿金属制品有限公司,0,0,0
衡水聚才人才网,0,0,0
衡水赫轩防护建材有限公司,0,0,0
衢州保信化工,11,0,11
衣柜网,1,0,1
衣邦人,1,0,1
衫纺班服,69,0,69
袋来财富集装袋吨包袋厂,0,0,0
襄汾县晟逢建筑工程有限公司,0,0,0
襄阳九利机械制造有限公司,0,0,0
襄阳永力通机械有限公司,0,0,0
西北信息报社,1,0,1
西安中盈科技发展第一店铺,0,0,0
西安佳成钢格板厂家,2,0,2
西安全奥生物科技有限公司,0,0,0
西安凯新生物科技有限公司,0,0,0
西安卓力硅碳棒科技有限公司,0,0,0
西安品立德塑胶制品有限公司,0,0,0
西安尚道电子科技第一店铺,0,0,0
西安心安交通安全设施有限公司,0,0,0
西安悦达衡器科技有限公司,0,0,0
西安文页贸易有限公司,0,0,0
西安昌鼎盛市政工程有限公司,0,0,0
西安晋君浩水处理技术有限公司,0,0,0
西安瑞禧生物科技有限公司,0,0,0
西安白梦行教育科技有限公司,1,0,1
西安菲亚菲餐饮技术服务第三店铺,0,0,0
西安超邦生物科技有限公司,0,0,0
西安陕隆自动化传动系统第一店铺,0,0,0
西安非凡保温材料有限公司,0,0,0
西山著,115,0,115
西江秋间里民宿,0,0,0
视趣网,8,0,8
触站,0,0,0
触达信用卡申请分期借,3,0,3
警快办,0,0,0
订真酒,1,0,1
让山,0,0,0
许昌埃瑞克绝缘制品有限公司,0,0,0
词典网,10,0,10
诗如意杯壶,0,0,0
诚厚信息科技,0,0,0
诚晓制砂机,0,0,0
诚源管业,0,0,0
诱拉拉宾馆,0,0,0
诱美榨汁品,0,0,0
诱趣居,0,0,0
诸城市东科特种装备有限公司,0,0,0
诸城市华氨新材料有限公司,0,0,0
诸城市国邦机械有限公司第一店铺,0,0,0
诸城市国邦机械有限公司第三店铺,0,0,0
诸城市恒滨机械有限公司第一店铺,0,0,0
诸城市星辉机械有限公司第一店铺,0,0,0
诸城市永创机械科技有限公司,0,0,0
诸城市神龙机械厂第三店铺,0,0,0
诸城市精工凹印器材商行第一店铺,0,0,0
诸城市舜康包装机械有限公司,0,0,0
诸城市鲁研机械有限公司,0,0,0
诸城昊诺机械科技有限公司,0,0,0
诸葛帮帮,31,2,33
诺保科商贸上海有限公司,1,0,1
诺尔聚丙烯酰胺,0,0,0
诺蓬上海光电设备有限公司,0,0,0
读车号读车,0,0,0
课普达汽车教学设备,22,0,22
谢谢茶,12,0,12
谷哥扒干货,0,0,0
谷稻醇酒坊,0,0,0
象山青葱家庭农场,0,0,0
豪鑫亿衣叉杆,24,0,24
贝乐虎儿歌动画大全,0,0,0
贝可恩高端狗粮猫粮OEM贴牌代工,0,0,0
贝悦达情侣头像好评榜,0,0,0
贝特水稳拌合站,0,0,0
贝特混凝土搅拌站配件,0,0,0
财经时报网,0,0,0
贤邦微商城,0,0,0
贴吧,7,0,7
贵州三醉三醒酒业有限公司,0,0,0
贵州仁英赋工程咨询,61,0,61
贵州创饰兴装饰材料有限公司,0,0,0
贵州建沛高中招生网,0,0,0
贵州钧钧机电技术开发有限公司,1,0,1
贵菲蓉,2,0,2
贸易宝,20,0,20
资质宝,1,0,1
赛洋剥离剂,0,0,0
赣榆区班庄镇一鼎石材厂,0,0,0
赣榆区班庄镇永晓石材工艺厂,0,0,0
赣榆区班庄镇锦石石材厂第一店铺,0,0,0
超鸿微晶板,12,0,12
超鸿高分子板,22,0,22
越邦中央空调服务,2,0,2
越邦机电,2,0,2
跃联西安电信宽带办理,17,0,17
跃腾不饱和聚酯树脂,0,0,0
跳青,1,0,1
跳青科技,0,0,0
车300,8,0,8
车主之家汽车报价,0,0,0
车主查养车省钱平台,2,0,2
车享网,0,0,0
车保宝车辆查违章,0,0,0
车保宝违章查询,0,0,0
车动动检车管家,0,0,0
车千秋车检服务,0,0,0
车市网,0,0,0
车开新二手车,8,0,8
车态度,0,0,0
车来了精准实时公交,0,0,0
车检客,0,0,0
车点点,5,0,5
车百科网,0,0,0
车评网,1,0,1
车豪汽车快讯,4,0,4
车车查违章,43,0,43
车轮驾考通,142,0,142
软饰美家家居,1,0,1
轻松保代缴,0,0,0
辉瑞泡沫镍泡沫铜,2,0,2
辛夷疫情快报,1,0,1
辣木籽伊佰益联盟,3,0,3
辽宁企航机械设备第一店铺,0,0,0
辽宁俏牌机械有限公司,0,0,0
辽宁厚日科技第一店铺,0,0,0
辽宁抚叉工业车辆第二店铺,0,0,0
辽宁福山公墓有限公司,0,0,0
辽宁鞍特钢结构工程有限公司,0,0,0
达州市正力衡器有限公司,0,0,0
达维箱包,2,0,2
运德运邦物流,0,0,0
运河铭著,0,0,0
进贤县兴农种禽场第三店铺,0,0,0
远也科技,0,0,0
远大弘元氨基酸半胱系列,15,0,15
远策排水板,0,0,0
远策滤水板,0,0,0
连云港赣榆越强洗沙制沙机械经,0,0,0
连城豸明源白鸭,1,8,9
连才网,0,0,0
连接吧免费头像,0,0,0
迪邦,1,0,1
迹外营地民宿,0,0,0
通河县新稻路水稻农民专业合作社,1,0,1
逛心疆,1,0,1
逛街啦时尚型录,2,0,2
逛逛猫,0,0,0
遵化市堡子店镇栗粒香板第一店铺,0,0,0
遵化市长城种禽有限公司,0,0,0
邢台傲邦机械制造有限公司,0,0,0
邢台奥川科技有限公司,0,0,0
邢台昂昂机械制造有限公司,0,0,0
邢台磊昂机械制造厂,0,0,0
邦唐邦北京知识产权服务有限公司,1,0,1
邦弘讯数码专卖,0,0,0
邦迪紧固件,0,0,0
邯郸市力道紧固件制造有限公司,0,0,0
邯郸市强森紧固件制造第一店铺,0,0,0
邯郸市永年区千固紧固件有限公司,0,0,0
邯郸市禽乐生物技术有限公司,0,0,0
邯郸市辉熠紧固件制造第二店铺,0,0,0
邯郸市通盛彩钢压型板材有限公司,0,0,0
邯郸市铭澳紧固件制造第二店铺,0,0,0
邯郸飞龙开锁换锁按装指纹锁,2,0,2
郑州三邦环保机械设备第一店铺,0,0,0
郑州亿饰鑫装饰工程有限公司,0,0,0
郑州保昌涂料有限公司,0,0,0
郑州吉利搬家公司,0,0,0
郑州启航考研辅导班,0,0,0
郑州大福假肢矫形器第一店铺,0,0,0
郑州天工石雕艺术第三店铺,0,0,0
郑州容大科技股份有限公司,1,0,1
郑州市恒达电子衡器有限公司,0,0,0
郑州市精衡衡器有限公司,0,0,0
郑州市豹伟游乐设备有限公司,0,0,0
郑州德敬机械设备第三店铺,0,0,0
郑州恒运钢绳销售有限公司,0,0,0
郑州旭阳衡器有限公司,0,0,0
郑州永亚智能设备有限公司,0,0,0
郑州泳霸泳池设备有限公司,0,0,0
郑州清新教育,0,0,0
郑州舍末信息科技有限公司,1,0,1
郑州航丰机械设备第二店铺,0,0,0
郑州锦华塑料制板有限公司,0,0,0
郑州震达耐火材料有限公司,0,0,0
郑州飞昂建材有限公司,0,0,0
郓城博冉园林绿化工程第一店铺,0,0,0
郓城县华仁珍禽养殖场,0,0,0
郓城鼎峰牧业有限公司,0,0,0
郫都区宏捌建材经营部,0,0,0
郴州市苏仙区新叶苗圃第一店铺,0,0,0
都美科电磁屏蔽材料,12,0,12
鄢陵东风机械有限公司,0,0,0
酒泉绿象农业服务第一店铺,0,0,0
酷乐米,0,0,0
酷多科技,1,0,1
酷查查,0,0,0
酷盈,0,0,0
酷邮编,0,0,0
醉人足球积分榜,0,0,0
重庆万通汽车学校,0,0,0
重庆三峡银行股份有限公司,1,0,1
重庆义门白家商业管理有限公司,1,0,1
重庆众峡金属制品有限公司,0,0,0
重庆八个六企业服务集团有限公司,0,0,0
重庆善促电子科技有限公司,0,0,0
重庆微客巴巴信息技术,1,0,1
重庆心懿品企业管理咨第二店铺,0,0,0
重庆恒立达称重设备有限公司,0,0,0
重庆房保宝,1,0,1
重庆故月惜文化创意有限责任公司,1,0,1
重庆数衡科技有限公司,0,0,0
重庆有容工业有限公司,1,0,1
重庆沛宣网络建站,0,0,0
重庆海润资产评估有限公司,0,0,0
重庆神龙峡旅游开发有限公司,1,0,1
重庆网灿科技有限公司,0,0,0
重庆自成地磅,0,0,0
重庆豹衡科技有限公司,0,0,0
重庆赛宁特衡器,3,0,3
重庆金巴巴岗亭金属制品第一店铺,0,0,0
重庆首巨科技有限公司第一店铺,0,0,0
量才工作网,0,0,0
量江湖ASM竞价广告ASO优化,0,0,0
金佰泡沫,31,0,31
金力车载式绿篱修剪机绿化修剪车,12,0,12
金圆食品机械,19,0,19
金宏搅拌斗装载机,0,0,0
金拍档GPARTNER,1,0,1
金暴舞台,0,0,0
金榜题名北京科技有限公司,1,0,1
金科阳极板机,4,0,4
金纬塑料片板膜设备,3,0,3
金远纳税申报代办,11,0,11
金鸣文字识别免费版,3,0,3
鑫化机械全自动套标定制服务,0,0,0
鑫建华移动伸缩雨棚,3,0,3
鑫澳影通投影机会议系统专卖,0,0,0
鑫茂泄爆门,0,0,0
鑫茂玻璃钢格栅板,3,0,3
鑫贺岚克贺德克液压油滤芯,0,0,0
鑫雄发密度计水分仪,0,0,0
钧一检测技术上海有限公司,0,0,0
钧享堂,3,0,3
钧发冶金,12,0,12
钧焕实业上海有限公司,0,0,0
铁岭地稻食品有限公司,0,0,0
铁行机票火车票汽车票,1,0,1
铝善铝窗花,0,0,0
铝泰建材,0,0,0
铝翼铝单板,0,0,0
铨安安防,0,0,0
铭新存钢材制造专家,11,0,11
锦囊妙计财税,0,0,0
锦州锦容科技有限公司,0,0,0
镇安镇通农业平台,64,92,156
镇海角白居驿民宿,0,0,0
长信鸿诚,2,0,2
长安镐洋五金产品经销处第一店铺,0,0,0
长春市际远纸箱包装制品有限公司,0,0,0
长沙卓海衡器有限公司,0,0,0
长沙和悦塑胶制品有限公司,0,0,0
长沙容测电子有限公司,0,0,0
长沙巴跃仪器有限公司,0,0,0
长沙市啟睿新材料有限公司,0,0,0
长沙市报钟王电子科技有限公司,0,0,0
长沙市金阿和信息,0,0,0
长沙市雨花区周家湾苗圃,0,0,0
长沙柠祥建材有限公司第一店铺,0,0,0
长沙鑫康新材料有限公司,0,0,0
长泰燕集山居,0,0,0
长隆AR动物园体验版,0,0,0
问卷网,0,0,0
闽瑞祥拉森钢板桩,1,8,9
阅品万年历,4,0,4
阅品小工具,24,0,24
阅品教育,0,0,0
阅品美食,0,0,0
防雹网,2,0,2
阳光tpu爆米花,12,0,12
阳朔县依秋巴四酒店,0,0,0
阳澄榜,1,0,1
阿利茄汁面,0,0,0
阿日善商贸,1,0,1
阿沙姆甩脂机,4,0,4
阿里影业灯塔专业版,0,0,0
阿闻宠物,0,0,0
阿隆索苏州液压机械有限公司,0,0,0
陕企邦,1,0,1
陕蒙情土特产工厂店,1,0,1
陕西公平地磅,0,0,0
陕西华策电气科技有限公司,0,0,0
陕西唯玩商贸,0,0,0
陕西海陕海水电材料有限公司,0,0,0
陕西秦岗警用器材有限公司,0,0,0
陕西赋安门窗有限公司第二店铺,0,0,0
陕西蹇昂贸易有限公司,0,0,0
陕西钧冠电子科技有限公司,0,0,0
陕西驾小宝,0,0,0
陕西鲍昌茂物资有限公司第一店铺,0,0,0
陕西鸿泽生物工程第一店铺,0,0,0
院八间民宿,0,0,0
隆尧县贞盛拔丝制钉厂第一店铺,0,0,0
隆攀板材生态板,0,0,0
雅淳花卉绿植租摆,19,0,19
集慧资产评估北京有限公司,0,0,0
雨果网跨境电商,2,0,2
雷创矿山机械拌合机,0,0,0
霞浦紫云人家茗宿,0,0,0
青县希宁苗木种植专业合作社,0,0,0
青岛包质达铸造设备有限公司,0,0,0
青岛奥美克生物信息科技有限公司,0,0,0
青岛昊之月气囊有限公司第三店铺,0,0,0
青岛智航机电科技有限公司,0,0,0
青岛杰联食品有限公司第一店铺,0,0,0
青岛润壕达科技有限公司,0,0,0
青岛索引翱申教育服务有限公司,1,0,1
青岛英豹机械制造有限公司,0,0,0
青岛谢记食品有限公司第一店铺,0,0,0
青岛谢记食品有限公司第二店铺,0,0,0
青岛财经日报有限责任公司,1,0,1
青岛齐运金属材料有限公司,0,0,0
青州万胜花卉苗木有限公司,0,0,0
青州友倩花卉苗木有限公司,0,0,0
青州市中旺花卉苗木第一店铺,0,0,0
青州市九木花卉苗木有限公司,0,0,0
青州市俊宇花卉苗木有限公司,0,0,0
青州市八零后花卉苗木第一店铺,0,0,0
青州市启兴温室园艺工程第三店铺,0,0,0
青州市坤诺市政工程第一店铺,0,0,0
青州市天亿良友花卉园第一店铺,0,0,0
青州市宝轩园林绿化有限公司,0,0,0
青州市志超花卉苗木第一店铺,0,0,0
青州市敏诺花卉苗木有限公司,0,0,0
青州市晓敏花卉苗木第一店铺,0,0,0
青州市欣美园艺场第二店铺,0,0,0
青州市永茂食品机械厂,0,0,0
青州市沐辉园艺有限公司第三店铺,0,0,0
青州市沙霸王采沙机械第一店铺,0,0,0
青州市海苓花卉苗木专业合作社,0,0,0
青州市玺诺园林景观工程第二店铺,0,0,0
青州市神农花卉苗木专业合作社,0,0,0
青州市美森花卉苗木第二店铺,0,0,0
青州市聚盛园林工程第三店铺,0,0,0
青州市蓝云花卉苗木第二店铺,0,0,0
青州市通胜消防器材第一店铺,0,0,0
青州市雅华花卉苗木第一店铺,0,0,0
青州市颖瑾花卉苗木第一店铺,0,0,0
青州欣力能节能设备有限公司,0,0,0
青州黄楼永利矿沙筛沙水洗设备,34,0,34
青州黄楼永利矿沙筛沙洗沙机械,19,0,19
青希消防,1,0,1
青才网,0,0,0
青旗上海生物技术发展第二店铺,0,0,0
青阳县蓉城镇九华周氏第三店铺,0,0,0
靖江市锦通公共安全设备有限公司,0,0,0
靖邦线路板,2,0,2
面康北京健康管理产业第一店铺,0,0,0
鞍山鞍热精仪热工仪表有限公司,0,0,0
顶好汽车整备,0,0,0
顺义搬家军友搬家公司,2,0,2
领克汽车,6,2,8
风华国韵艺考集训班,0,0,0
飞唯网络,15,0,15
飞啊HS编码查询,1,0,1
飞娴女仆服饰,0,0,0
飞常准查航班,15,0,15
食为先上海生煎包培训班,0,0,0
饮朵拉大杯茶,0,0,0
饶阳县天德金属丝网制品有限公司,0,0,0
首冠FRR教学中心,1,0,1
首客首享,15,0,15
首屏科技,0,0,0
首码项目,1,0,1
马鞍山市罗泰特机械制造有限公司,0,0,0
马鞍山沃顿机械科技有限公司,0,0,0
驰越世纪,0,0,0
驾便利,4,0,4
驾小鱼恒哥,1,0,1
驾考宝典,101,0,101
驾驰云,0,0,0
骏宇不饱和树脂设备,0,0,0
高安市龙叉工程机械有限公司,0,0,0
高州市谢鸡贵昌鱼苗养殖场,0,0,0
高州市谢鸡镇正洋淡水鱼苗养殖场,0,0,0
高牌地板,0,0,0
高速ETC办理中心,0,0,0
高锰钢锤头衬板鄂板,0,0,0
鲁柠生物科技山东有限公司,0,0,0
鲍锦记纸包鱼加盟,24,0,24
鲨鱼皮汽车凹陷玻璃修复,1,0,1
鸣让寻狗启事,1,0,1
鸿远电子,0,0,0
鸿通镀锌板,0,0,0
鹏汉电气集团有限公司第二店铺,0,0,0
鹰纳陶瓷,1,0,1
黄冈彩之霸电子科技有限公司,0,0,0
黄山市泰瑞按摩器具有限公司,0,0,0
黑森林科技,0,0,0
黑边网,0,0,0
黑鲨装机大师,0,0,0
黑龙江靖柏服装有限公司,0,0,0
鼎鸿淡水石斑鱼,11,0,11
鼎鸿石斑鱼,11,0,11
齐车大圣,29,0,29
齐车大圣罚单缴费,39,0,39
齐车大圣车贷计算器,0,0,0
齐车大圣违章缴费,28,0,28
齐车大圣驾考题库,7,6,13
齐车大圣高价卖车,0,0,0
龙口市友邦电工机械设备第一店铺,0,0,0
龙岩市雷码数爆管电子科技,0,0,0
龙港凹印制版,11,0,11
龙港市思福工艺品有限公司,0,0,0
龙潭大峡谷一键智能游,8,0,8
龙瑞pe板,21,0,21
龙瑞超高分子量聚乙烯板,16,0,16
龙腾东方资质代办,0,0,0
0025网址导航,2,0,2
0UatFSw7G3Gd214O42gVKH0EbOBHvfwT,33,0,33
104萌宠,0,0,0
12315,206,0,206
1MORE万魔耳机,0,0,0
1对1海口三亚租车公司,2,0,2
23分类导航,0,0,0
4TrbvGF7B80hXb98xWGX3IhaTsRGthxT,15,0,15
50网址导航,0,0,0
51沪牌代拍,0,0,0
51社保个税计算器,0,0,0
52赫兹多感元酒店,0,0,0
6090UV打印机,2,0,2
832云仓,1,0,1
8i98上网导航,0,0,0
920游戏攻略,0,0,0
998雪糕网,0,0,0
A9骨传导蓝牙耳机,1,0,1
ABC攻略,0,0,0
AcFun,0,0,0
AGON爱攻电竞,0,0,0
b9yy翡翠玉石,0,0,0
BASF反渗透RO膜,1,10,11
BASF反渗透滤芯,1,10,11
BASF反渗透膜,1,9,10
BASF反渗透膜厂家,1,9,10
BASF反渗透膜工厂,1,10,11
BASF反渗透膜方程,1,10,11
BASF工业反渗透RO膜,1,10,11
BOSS直聘,0,0,0
COFFEEGAGA咖啡鸭,7,0,7
COPILOT手表汽车钥匙,0,0,0
DateOne一生一遇民宿,0,0,0
Eazycolor车身改色膜,69,0,69
EMS中国邮政速递物流,0,0,0
EOP钢琴谱五线谱双手简谱PDF等,18,10,28
ESSEC管理咨询北京代表处,1,0,1
E宠商城,0,0,0
e点送水订水软件,0,0,0
e袋洗,0,0,0
FeelHows民宿预定,0,0,0
FGp9quFa45LknZns7fPySoHgybNPgvM3,11,5,16
FX168财经日历,1,0,1
G58mH87xCd6yEyG2a65lU1Ht44HSjNLi,15,0,15
GcrDM7T6YTLEfQlHvAVY06COnw713xzl,33,0,33
GidbxGjMhcXQsHbhL7KHyLm2qWim65ct,1,0,1
G宝盆咖啡模板,2,9,11
Home设计,0,0,0
iqGEzuugNRwenqZVqmSziK5ZZ99I1qDU,0,0,0
JoMaloneLondon祖玛珑商城,2,0,2
KKABCиӢұиҜӯзҝ»иҜ‘жҹҘиҜҚ,18,0,18
KM豆米信息,0,0,0
kumokumo蛋糕,0,0,0
kuy8短网址,0,0,0
KYOKO谷子店,0,0,0
lBAuZ7zAFcHwmDKYnaPamWFKHO18eyxS,0,0,0
Mew社区,0,0,0
MOGO摩高美缝砖家,1,0,1
NB直线导轨,1,0,1
NIANPET念宠,2,0,2
NPM光触媒资讯平台,2,0,2
PSA制氮机派格机械,14,0,14
QM短连接,0,0,0
Q拼车顺风车信息平台,0,0,0
R7NENdkQIKzRrrPGgFZ6xCVhycN1ThSP,3,0,3
SegmentFault思否,1,0,1
SeptBlog九月博客,0,0,0
slG2zWaXGI47Wm2ekHkFjo7Ty7WXmjKt,9,0,9
StarJee森肽基负离子生成机,1,0,1
TPT殿商智造,0,0,0
TVS光师傅投影灯,2,0,2
UNDO度假村,0,0,0
VIPKID在线青少儿英语,0,0,0
wee旅海岛攻略订酒店门票一日游,0,0,0
wp4upEbDDNICtaYjSa6sENaUyokROhue,0,0,0
WRO问题肌肤专家,1,0,1
yIGSN3tE3aovknfOsXjZLGeWVqlw7qC3,0,0,0
ZOL护眼灯报价,5,0,5
ÕøøÕĘØµćÆĶÖ½ÕøĮķÖģµŚģĶĪīńżŠµ£ēķÖÉÕģ¼ÕÅĖ,1,0,1
Õ╣┐ÕÀ×Úæ½þÉªµÿîþ║║þ╗çÕôüµ£ëÚÖÉÕà¼ÕÅ©,0,0,0
ÞïÅÕÀ×ÕÀÑõ©ÜÕø¡Õî║µû░µêÉþ║║þ╗çÕôüµ£ëÚÖÉÕà¼ÕÅ©,0,0,0
ÞïÅÕÀ×õ┐Åþºæþ║║þ╗çµ£ëÚÖÉÕà¼ÕÅ©,0,0,0
ÞïÅÕÀ×Ú©┐µêÉõ©Øþ╗©Õì░Þè▒µ£ìÚÑ░þ¼¼õ©ÇÕ║ùÚô║,0,0,0
þ╗ìÕà┤ÚçæÕçñÕç░Õ«Âþ║║þºæµèÇµ£ëÚÖÉÕà¼ÕÅ©,0,0,0
ķāŁÕĖłÕéģµ£łķź╝Õ║Ś,14,0,14
ńÖŠÕ║”ń╗Åķ¬īńēćÕŹĢ,0,0,0
дЄКжµЈзЫЫзФЄдЉ†еК®иЃЊе§ЗжЬЙйЩРеЕђеПЄ,0,0,0
е§ІиНФеОњж≤ЩиЛСиНЙзФЄиНЙеЭ™зІНж§НеЬЇ,0,0,0
еҸӨиҜ—иҜҚзҪ‘,48,0,48
ж°УдїБеЕЂйЗМзФЄе≠РйХЗзїњеЫ≠иЛЧеЬГ,0,0,0
жЄЕеОЯжї°жЧПиЗ™ж≤їеОњжєЊзФЄе≠РйСЂй¶®йЫЖжИР,0,0,0
жЄЕеОЯжї°жЧПиЗ™ж≤їеОњжєЊзФЄе≠РйХЗйЄњжЇРжЬ®еИґ,0,0,0
丛生娜塔栎,2,0,2
丛生河桦,2,0,2
丛生福禄考,0,0,0
东人织造苏州有限公司,0,0,0
东儿品牌活动中心,1,0,1
东光县冀东对焊机厂,0,0,0
东光县星池包装机械制造有限公司,0,0,0
东光县耿雨机械设备有限公司,0,0,0
东光县耿雨机械设备第二店铺,0,0,0
东南大学附属中大医院,203,20,223
东台市大明生物有机肥有限公司,0,0,0
东台市海舟救生用品厂,0,0,0
东喜茶,0,0,0
东塑FIBC吨包袋太空袋吨袋厂家,0,0,0
东塑导电集装袋吨袋厂,0,0,0
东塑纸塑复合袋阀口袋厂家,0,0,0
东塑编织袋危险品吨包厂,0,0,0
东塑集装袋吨袋厂家,0,0,0
东子科技,0,0,0
东尊高次团粒客土喷播,0,0,0
东庚吨包卸料设备,3,0,3
东新科技,1,0,1
东方云宠,1,0,1
东方供水设备,0,0,0
东方智感浙江科技第一店铺,0,0,0
东昂浮雕,0,0,0
东易日盛南京第一分公司,0,0,0
东星塑业集装袋吨袋厂,0,0,0
东海县亚新抛光粉厂,0,0,0
东港勇猛水产食品第一店铺,0,0,0
东港市马家岗富源草莓第一店铺,0,0,0
东福,1,0,1
东粤得包装设备有限公司,0,0,0
东莞万福妇产健康管理,0,0,0
东莞东美食品有限公司,0,0,0
东莞全风环保科技,0,0,0
东莞卓芃工贸有限公司,0,0,0
东莞博亿桥智能装备有限公司,0,0,0
东莞吉欧塑料片板膜辅助设备制造,0,0,0
东莞市万江宏达仓储设第二店铺,0,0,0
东莞市万维精密仪器有限公司,0,0,0
东莞市三奋包装有限公司,0,0,0
东莞市三恩磁业有限公司,0,0,0
东莞市东坑东纺绳带厂,0,0,0
东莞市东城翠逸维修部,0,0,0
东莞市东城金兴回收典当,0,0,0
东莞市中益创天仪器设备有限公司,0,0,0
东莞市久复凯五金制品有限公司,0,0,0
东莞市亿岗精密机械有限公司,0,0,0
东莞市伏嘉环境科技第一店铺,0,0,0
东莞市优品科技有限公司,0,0,0
东莞市优品胜钉装科技第一店铺,0,0,0
东莞市佳丹润滑油有限公司,0,0,0
东莞市共晟包装材料有限公司,0,0,0
东莞市典华电脑刺绣有限公司,1,0,1
东莞市冠登机电科技第二店铺,0,0,0
东莞市凰力机械有限公司,0,0,0
东莞市剑桥体育设施第二店铺,0,0,0
东莞市力电电池有限公司,0,0,0
东莞市勇敢真男孩服饰有限公司,1,0,1
东莞市博崇自动化设备有限公司,0,0,0
东莞市博雅智能电热科技第一店铺,0,0,0
东莞市厚街达刚机械厂第一店铺,0,0,0
东莞市友城包装胶垫制品有限公司,0,0,0
东莞市友科自动化设备第二店铺,0,0,0
东莞市合众金属有限公司,0,0,0
东莞市品科仪器有限公司,0,0,0
东莞市嘉尚印刷有限公司,0,0,0
东莞市嘉盟镀膜有限公司,0,0,0
东莞市地美固装饰材料有限公司,0,0,0
东莞市大岭山三辉塑胶制品厂,0,0,0
东莞市大岭山明鸿家具制第二店铺,0,0,0
东莞市天酬塑胶科技有限公司,0,0,0
东莞市头等仓数控机床第一店铺,0,0,0
东莞市如鼎机械设备有限公司,0,0,0
东莞市威隆光电有限公司,0,0,0
东莞市存亿电子有限公司第一店铺,0,0,0
东莞市宇恒磁业科技有限公司,0,0,0
东莞市宠萌达信息服务第一店铺,0,0,0
东莞市宸丰塑胶原料有限公司,0,0,0
东莞市容富电子有限公司,0,0,0
东莞市展祥精密五金有限公司,0,0,0
东莞市峻沣五金制品有限公司,0,0,0
东莞市川熊磁材有限公司,0,0,0
东莞市帝为智能设备有限公司,0,0,0
东莞市帝保环保科技有限公司,0,0,0
东莞市常平烽达电热设备厂,0,0,0
东莞市广运精密刀模有限公司,0,0,0
东莞市广进胶垫制品第二店铺,0,0,0
东莞市广风通风设备有限公司,0,0,0
东莞市庆辉鞋材有限公司,0,0,0
东莞市康导新能源连接器第二店铺,0,0,0
东莞市建业搭架工程有限公司,0,0,0
东莞市开源气动钉业有限公司,0,0,0
东莞市弗锐斯实业有限公司,1,0,1
东莞市弘登金属制品有限公司,0,0,0
东莞市强宇新材料第一店铺,0,0,0
东莞市德晟智能科技第一店铺,0,0,0
东莞市德瑞仪器有限公司,0,0,0
东莞市愿者上钩餐饮管理有限公司,1,0,1
东莞市捷准激光刀模有限公司,0,0,0
东莞市敦辉金属制品第一店铺,0,0,0
东莞市新定源机电设备有限公司,0,0,0
东莞市新慈建材科技第二店铺,0,0,0
东莞市新泽威服装辅料第一店铺,0,0,0
东莞市昇镀环保科技有限公司,0,0,0
东莞市星原化工有限公司,0,0,0
东莞市普佃塑胶有限公司第一店铺,0,0,0
东莞市景鹏船舶机械第六店铺,0,0,0
东莞市智慧袋包装制品有限公司,0,0,0
东莞市望洪交通设施有限公司,0,0,0
东莞市本份生活用品有限公司,0,0,0
东莞市林格储物包装第二店铺,0,0,0
东莞市栋源喷雾净化设备有限公司,0,0,0
东莞市桥头悦美包装胶垫厂,0,0,0
东莞市桥头福曜胶垫制品厂,0,0,0
东莞市桥头龙竣胶垫制品厂,0,0,0
东莞市樟木头柯瑞达塑胶经营部,0,0,0
东莞市横沥钢之刃数控刀第二店铺,0,0,0
东莞市正润服装辅料第一店铺,0,0,0
东莞市殿华机械有限公司,0,0,0
东莞市永合齿轮有限公司第一店铺,0,0,0
东莞市永惠皮革机械有限公司,0,0,0
东莞市永鑫服装辅料有限公司,0,0,0
东莞市汇泰磁电科技有限公司,0,0,0
东莞市海发化工有限公司,0,0,0
东莞市淀川钢铁有限公司第一店铺,0,0,0
东莞市淇锋化工有限公司,0,0,0
东莞市深度洁环保科技有限公司,0,0,0
东莞市添安实业有限公司,0,0,0
东莞市清爽节能材料第二店铺,0,0,0
东莞市港益服饰有限公司,0,0,0
东莞市烽盛精密齿轮有限公司,0,0,0
东莞市烽盛精密齿轮第二店铺,0,0,0
东莞市瑞邦制氮净化设备有限公司,0,0,0
东莞市甘沐机电设备有限公司,1,0,1
东莞市登威服饰有限公司,0,0,0
东莞市皓通电子有限公司,0,0,0
东莞市石排创顺服装辅第一店铺,0,0,0
东莞市磁丰电子有限公司,0,0,0
东莞市祺阜塑胶模具有限公司,0,0,0
东莞市福顺胶垫制品有限公司,0,0,0
东莞市科惠工业材料有限公司,0,0,0
东莞市粤锻机械设备有限公司,0,0,0
东莞市精域环境测试设备第一店铺,0,0,0
东莞市索诚电子有限公司,0,0,0
东莞市老鼠打洞皮革科技第二店铺,0,0,0
东莞市莞氟高分子科技第一店铺,0,0,0
东莞市蒂宝地毯有限公司,0,0,0
东莞市蓝冰环保科技有限公司,0,0,0
东莞市贝努复合材料有限公司,0,0,0
东莞市赛世磁电科技有限公司,0,0,0
东莞市赛氟五金制品有限公司,0,0,0
东莞市越飞陶瓷科技有限公司,0,0,0
东莞市跃翔塑胶制品第一店铺,0,0,0
东莞市道滘莱博特仪器设备厂,0,0,0
东莞市金和虫害防治有限公司,1,0,1
东莞市金鑫磁业科技有限公司,0,0,0
东莞市金鑫粉体科技有限公司,0,0,0
东莞市金门石化有限公司第一店铺,0,0,0
东莞市鑫拓智能机械科技第一店铺,0,0,0
东莞市鑫繁二手设备有限公司,0,0,0
东莞市铁兄弟新材料科技有限公司,0,0,0
东莞市铭方纸业有限公司,0,0,0
东莞市铭科智能科技有限公司,0,0,0
东莞市镁丰机械设备有限公司,0,0,0
东莞市长安红卫五金制品厂,0,0,0
东莞市长安茂福五金刀第二店铺,0,0,0
东莞市长安钺昇精密刀第二店铺,0,0,0
东莞市领风搬运有限公司,0,0,0
东莞市高升电子精密科技第三店铺,0,0,0
东莞市黄江三阳五金弹簧制品厂,0,0,0
东莞市黄江速捷机械设备厂,0,0,0
东莞市龙科白蚁害虫防治有限公司,0,0,0
东莞康思海水淡化处理科技,1,0,1
东莞德鑫新材料有限公司,0,0,0
东莞樟城锁业五金开锁店,1,0,1
东莞欧博服装辅料有限公司,0,0,0
东莞特爱纺实业有限公司,0,0,0
东莞百昌冷冻机电设备第一店铺,0,0,0
东莞禾登自动化有限公司第一店铺,0,0,0
东莞远帆空压机小型储气罐,26,0,26
东营华拓防腐工程有限公司,0,0,0
东营市帆都工贸有限公司,1,0,1
东营广元生物科技第一店铺,0,0,0
东营浩栋新能源有限公司,0,0,0
东讯集团,1,0,1
东迈硬齿面减速机,25,0,25
丰优精选,1,0,1
丰吉斗地主,3,0,3
丰顺卓记锁业,1,0,1
丹东亿阳泵业科技有限公司,0,0,0
丹东天赐阻燃材料科技有限公司,0,0,0
丹东市兄弟建材有限公司,0,0,0
丹东黄海特种专用车第二店铺,0,0,0
丹菲尔,1,0,1
丹阳市海陆灯具厂,0,0,0
丹阳市访仙镇伟海五金厂,0,0,0
丹隆生态,7,0,7
二一教育资讯,0,0,0
二更呆住民宿,0,0,0
二道区鑫盛达建筑材料销第一店铺,0,0,0
二邻二依,1,0,1
互盾恢复大师,0,2,2
互盾数据恢复,3,0,3
亨氏,0,0,0
亳州友客开锁,0,0,0
亳州市枫林生物科技第一店铺,0,0,0
从创,1,0,1
付支贝宝,2,0,2
伏安交通标志牌,2,0,2
伏安交通照明,2,0,2
伏安八角杆,2,0,2
伏安监控杆,2,0,2
伏安高速龙门架,2,0,2
伏尔甘科技苏州有限公司,0,0,0
伏羲梭椤山,0,0,0
伏能士智能设备上海有限公司,1,0,1
传众,0,0,0
传志塑料袋,14,0,14
低卡博士,1,0,1
佛山东越纺织有限公司,0,0,0
佛山市三水区乐平镇概南铝制品厂,0,0,0
佛山市三良机械设备第一店铺,0,0,0
佛山市上锻机械设备有限公司,0,0,0
佛山市丹祺纸类制品有限公司,0,0,0
佛山市主恩钢业有限公司,0,0,0
佛山市义福铝业科技有限公司,0,0,0
佛山市优鲜鹅食品有限公司,0,0,0
佛山市佐高塑化有限公司,0,0,0
佛山市佛孟钢铁有限公司第一店铺,0,0,0
佛山市佛文丰机械有限公司,0,0,0
佛山市佛泓建筑机械第一店铺,0,0,0
佛山市佛润钢铁有限公司,0,0,0
佛山市佛耀金属制品贸易第二店铺,0,0,0
佛山市佛诺斯除铁机械设备,0,0,0
佛山市佛镀钢铁有限公司,0,0,0
佛山市公旭化工材料有限公司,0,0,0
佛山市兰顿家具有限公司,0,0,0
佛山市共誉金属材料第二店铺,0,0,0
佛山市兽美畜牧设备有限公司,0,0,0
佛山市利普森科技有限公司,0,0,0
佛山市南海区慈恒照明第三店铺,0,0,0
佛山市南海区林拱建材经营部,0,0,0
佛山市南海区里水天之池卫浴厂,0,0,0
佛山市南海区鑫淼展览器材,0,0,0
佛山市南海区顺枫机械设备,0,0,0
佛山市南海双氟化工有限公司,0,0,0
佛山市博纤纺织科技第一店铺,0,0,0
佛山市印象派金属科技有限公司,0,0,0
佛山市哥德哥节能科技有限公司,0,0,0
佛山市圣诺门窗有限公司,0,0,0
佛山市墙顶建材科技第四店铺,0,0,0
佛山市多能多电器有限公司,0,0,0
佛山市威廉顿陶瓷有限公司,1,0,1
佛山市小板凳信息科技有限公司,0,0,0
佛山市尚橱建材有限公司,0,0,0
佛山市崇匠建材科技有限公司第一商铺,0,0,0
佛山市崇匠建材科技第一店铺,0,0,0
佛山市崇匠建材科技第三店铺,0,0,0
佛山市崇匠建材科第一店铺,0,0,0
佛山市崇博装饰材料科技有限公司,0,0,0
佛山市广淳节能设备有限公司,0,0,0
佛山市弗顺智能设备有限公司,0,0,0
佛山市弗顺智能设备第二店铺,0,0,0
佛山市御窗世家金属制品第一店铺,0,0,0
佛山市心一钢钢铁有限公司,0,0,0
佛山市感钊金属材料有限公司,0,0,0
佛山市新特金属制品第三店铺,0,0,0
佛山市日港实业有限公司,0,0,0
佛山市洁地地坪工程第一店铺,0,0,0
佛山市洁特丽电器第三店铺,0,0,0
佛山市浩邦机械有限公司,0,0,0
佛山市海峨桩工机械有限公司,0,0,0
佛山市溢升金属制品第一店铺,0,0,0
佛山市滇驰金属有限公司第二店铺,0,0,0
佛山市点登网络科技有限公司,0,0,0
佛山市狄姆斯五金制品有限公司,1,0,1
佛山市珑邦金属制品有限公司,0,0,0
佛山市瓷创源陶瓷有限公司,0,0,0
佛山市瓷浮记装饰工艺品有限公司,0,0,0
佛山市登锦建材有限公司,0,0,0
佛山市禅城区大鹏楼梯扶手店,0,0,0
佛山市禅城区新曼五金制第三店铺,0,0,0
佛山市福上居建材有限公司,0,0,0
佛山市稻金香米业第一店铺,0,0,0
佛山市第一人民医院,0,0,0
佛山市简概家具有限公司第一店铺,0,0,0
佛山市纲武钢铁贸易有限公司,0,0,0
佛山市藤尺机电设备有限公司,0,0,0
佛山市蝶昇信息科技有限公司,1,0,1
佛山市诚协防治白蚁除四害,0,0,0
佛山市豪锋建材有限公司,0,0,0
佛山市邦工机械设备有限公司,0,0,0
佛山市邸扼绯塑料有限公司,0,0,0
佛山市邸扼绯塑料第二店铺,0,0,0
佛山市钢云钢铁有限公司,0,0,0
佛山市钢冶钢铁有限公司,0,0,0
佛山市钢劲钢铁有限公司,0,0,0
佛山市钢豪钢铁有限公司,0,0,0
佛山市钢隆钢材贸易有限公司,0,0,0
佛山市钢鸿钢铁有限公司,0,0,0
佛山市锋镀不锈钢有限公司,0,0,0
佛山市锋镀不锈钢第二店铺,0,0,0
佛山市锦丹制服有限公司,0,0,0
佛山市青花瓷典科技第二店铺,0,0,0
佛山市顺德区乐从镇劳村泛美服,0,0,0
佛山市顺德区厨派厨具有限公司,1,0,1
佛山市顺德区地博士建筑材料,0,0,0
佛山市顺德区容桂科诚机械厂,0,0,0
佛山市顺德区强龙义海玻璃机械,0,0,0
佛山市顺德区旭风自动化设备,0,0,0
佛山市顺德区精弗斯数控车床制造,1,0,1
佛山市顺德区顺之信机械有限公司,0,0,0
佛山市顺德区顺崇机械第一店铺,0,0,0
佛山市鲜鹅皇食品有限公司,0,0,0
佛山市鹅冠君食品有限公司,0,0,0
佛山慧氟高分子材料有限公司,0,0,0
佛山拾尚红金属制品有限公司,0,0,0
佛山方天家居科技有限公司,1,0,1
佛山智得智能门窗有限公司,0,0,0
佛山泰铵金属制品有限第一店铺,0,0,0
佛山粤顺烟囱油漆防腐工程,0,0,0
佛山西窗门窗科技有限公司,1,0,1
佛山跟我一起学英语口语信息咨询,0,0,0
佛山钢瑞钢铁贸易有限公司,0,0,0
佛山雷格丁钢格板构件有限公司,0,0,0
佛山魔牙汽车服务有限公司,0,0,0
佛斯特高端家装管道,75,0,75
佛滔占卜算卦,7,0,7
佛滔老黄历万年历,0,0,0
佛驿宫墓地,0,0,0
佰君青蛙养殖网,2,0,2
佰肤语BauEar,1,0,1
侗天井上民宿,0,0,0
供应网,7,12,19
供需无忧,0,0,0
俄圈品牌名片,1,0,1
保利叁仟栋,0,0,0
保安盾智能安全帽,0,0,0
保定世泽园林,0,0,0
保定奥发吊索具制造第二店铺,0,0,0
保定宇发废旧物资回收有限公司,0,0,0
保定市晨泽模具制造有限公司,0,0,0
保定恒瑞橡胶机带制造有限公司,0,0,0
保定机汞塑料机械制造有限公司,0,0,0
保定灯谷新能源科技第一店铺,0,0,0
保定神速开锁配钥匙,2,0,2
保定聪可园林绿化工程第一店铺,0,0,0
保定腾光废旧物资回收有限公司,0,0,0
保定艺凡广告,0,0,0
保定赤檑再生资源回收第一店铺,0,0,0
保定金林废旧物资回收第一店铺,0,0,0
保时达典帆,4,0,4
保时达适分,2,0,2
傅利叶智能线上商城,1,0,1
儿歌多多,0,0,0
儿歌点点,5,0,5
兑卡吧,0,0,0
兑鸭,0,0,0
党史E路学,3,0,3
党史百年天天读,0,0,0
党爽催乳饮,29,0,29
兜在学,0,0,0
八分之三茶研所,1,0,1
八大锤卤蛋厂家,26,0,26
八大锤鹌鹑蛋厂家,26,0,26
八盾法务,1,0,1
八镀厦门科技有限公司第一店铺,0,0,0
公文阁,13,0,13
共为雕塑制作雕塑加工厂,0,0,0
共为雕塑厂作品图片大全,0,0,0
共源检测科技惠州有限公司,0,0,0
共腾,0,0,0
典帆出行,4,0,4
典豪防腐木长廊,24,0,24
冠县鑫星纺织有限责任公司,0,0,0
冠登生物燃料漳州有限公司,0,0,0
冬嵩快讯,0,0,0
冬嵩每日手机资讯,0,0,0
冯天表业,1,0,1
凡东尼美缝剂,0,0,0
凡千珠宝,61,518,579
凡科互动,0,0,0
凡科建站,0,0,0
凡科快图,0,0,0
凡钛思科技北京第一店铺,0,0,0
凡锐科技,0,0,0
凡鱼垃圾分类助手,0,0,0
凤和铝业广东有限公司,0,0,0
凤悦酒店管理江苏有限公司,0,0,0
凤来仪,119,0,119
凤林府,0,0,0
出国留学网,1,0,1
出国网,69,0,69
刀客源码,2,0,2
刀锋商行,11,0,11
分享吧创业博客,0,0,0
分付通,0,0,0
分毫计算器,1,0,1
创业狗,0,0,0
创为律师,0,0,0
创为环境,47,0,47
创兴甲醇钠乙醇钠,3,0,3
创印象童装尾货批发,3,0,3
创品精品,0,0,0
创收优惠券,0,0,0
创新麦饭石不粘锅,12,0,12
创时尚美缝剂,3,0,3
创极科技,1,0,1
创汇展览,0,0,0
创站网,0,0,0
创络,1,0,1
创能防水防腐,21,0,21
创能防腐保温,12,0,12
创能防腐保温工程,12,0,12
初三网,0,0,0
初丘,0,0,0
初乐相册,1,0,1
初因子,2,0,2
初妆科技,0,0,0
初曦,0,0,0
初梦博客,0,0,0
初翼教育哈尔滨ui设计培训,1,0,1
初翼教育哈尔滨UI设计培训机构,1,0,1
到喜啦,1,0,1
到家客家庭服务,1,0,1
到家客精选服务,0,0,0
刺舍商贸,2,0,2
功意广告,0,0,0
功道讲堂,1,0,1
动平机械设备上海第一店铺,0,0,0
动梨,0,0,0
勾拉多,0,0,0
北京一亩地儿科技有限公司,0,0,0
北京一只船教育科技有限公司,1,0,1
北京一峰达科技有限公司,0,0,0
北京一担粮酒庄有限公司,1,0,1
北京世纪佳博,0,0,0
北京世纪鑫风环保科技有限公司,0,0,0
北京世纪锋华科技有限公司,0,0,0
北京世通万达不锈钢制品有限公司,0,0,0
北京东创旭新测控技术第二店铺,0,0,0
北京东联同创科技孵化器有限公司,0,0,0
北京东鼎伟业催化燃烧,15,0,15
北京中检维康生物技术有限公司,0,0,0
北京中瑞地科地球物理技术,0,0,0
北京中西华大科技第一店铺,0,0,0
北京丽康伟业科技第二店铺,0,0,0
北京乐宠天下科技第三店铺,0,0,0
北京云存科技有限公司,0,0,0
北京云视兄弟文化传媒有限公司,1,0,1
北京京北通宇电子元件济南分,0,0,0
北京京北通宇电子元件深圳分,0,0,0
北京伏牛山纸业有限公司第三店铺,0,0,0
北京佳企恒通,0,0,0
北京兴荣源科技有限公司,0,0,0
北京兴荣源科技有限公司第二店铺,0,0,0
北京冶锻液压元件厂,0,0,0
北京分分钟信息技术有限公司,1,0,1
北京创意坊科技有限公司,1,0,1
北京初速度科技有限公司,1,0,1
北京北牧鑫商贸中心第一店铺,0,0,0
北京医帮扶救护车转运站,0,0,0
北京千典网络科技有限公司,0,0,0
北京华兴瑞安科技有限公司,0,0,0
北京华奥复兴科技有限公司,0,0,0
北京华安润成变形缝伸缩缝厂家,0,0,0
北京华瑞益康有害生物第一店铺,0,0,0
北京博源芯科电子第一店铺,0,0,0
北京各南门控科技第一店铺,0,0,0
北京君方科仪专业生产液氮罐厂家,0,0,0
北京哆米云科技有限公司第一店铺,0,0,0
北京嘉复欣科技有限公司第一店铺,0,0,0
北京国安广传网络科技有限公司,0,0,0
北京复阅科技有限公司,1,0,1
北京多彩多艺广告传媒有限公司,0,0,0
北京大易文化传媒有限公司,1,0,1
北京天亿鑫服装服饰第一店铺,0,0,0
北京天才狗宠物学校,0,0,0
北京天赐传媒,0,0,0
北京天骏商媒科技有限公司,0,0,0
北京奈督尔印务技术有限责任公司,0,0,0
北京奋朗商贸有限公司,0,0,0
北京奋钧景观工程第一店铺,0,0,0
北京奥东嘉华游泳池设备公司,0,0,0
北京奥蒂思品牌管理咨询第一店铺,0,0,0
北京宇泰宏图体育用品有限公司,0,0,0
北京宏晟博源科技有限公司,0,0,0
北京宏途赶考教育科技有限公司,1,0,1
北京定荣家科技有限公司,1,0,1
北京寝夜思床上用品,1,0,1
北京寰宇科创生物科技发展,0,0,0
北京峰赢园林工程有限公司,0,0,0
北京崇雨网络技术有限公司,1,0,1
北京市京番番茄研究所,0,0,0
北京市圣大律师事务所,1,0,1
北京市朝阳区双桥凤全标第二店铺,0,0,0
北京市阜昌典当行有限责任公司,0,0,0
北京市阜昌典当行第三店铺,0,0,0
北京市阜昌典当行第二店铺,0,0,0
北京希诺德科技有限公司,0,0,0
北京帝阔健康管理郑州分,0,0,0
北京广而告之网讯传媒有限公司,1,0,1
北京庄构人防设备厂第二店铺,0,0,0
北京度一文化发展有限公司,0,0,0
北京康高特仪器设备第一分,0,0,0
北京延中兴业科技有限公司,0,0,0
北京建营建芳商贸有限公司,0,0,0
北京弗罗美教育科技有限公司,1,0,1
北京弛信安网络科技有限公司,1,0,1
北京德严科技有限公司,0,0,0
北京德天地兴科技发展有限公司,0,0,0
北京恒池雅建装饰工程第二店铺,0,0,0
北京战影,0,0,0
北京戴美克科技有限公司,0,0,0
北京戴鑫旺达科技有限公司,0,0,0
北京捷足先登教育科技有限公司,1,0,1
北京新宇新发科技有限公司,0,0,0
北京新居卫士办公室室内除甲醛,0,0,0
北京方盒子图灵优视科技有限公司,1,0,1
北京昊艺轩,2,0,2
北京易丛文化传播有限公司,1,0,1
北京易村客农业科技有限公司,1,0,1
北京星风传媒,0,0,0
北京春康健康科技有限公司,0,0,0
北京朗仕特安全监察设备,23,0,23
北京杰丽视讯,0,0,0
北京样儿户外用品有限公司,0,0,0
北京梦美,1,0,1
北京椿榆塑环境艺术有限公司,0,0,0
北京欧仕顿电器有限公司,1,0,1
北京欧蒙诊断技术咨询第一店铺,0,0,0
北京每日一淘共享科技有限公司,1,0,1
北京汇亿鑫电光源技术,0,0,0
北京法高阳光科技有限公司,0,0,0
北京泛泰克斯仪器第三店铺,0,0,0
北京津工青缝缝制机械第一店铺,0,0,0
北京淳业科技有限公司,0,0,0
北京爱存仓储服务有限责任公司,0,0,0
北京王匙备案开锁公司,0,0,0
北京王匙燃气灶维修,3,0,3
北京瑞亿斯科技有限公司,0,0,0
北京瓷砖美缝网,0,0,0
北京登宸之冠仓储设备有限公司,0,0,0
北京盾牌网业,0,0,0
北京研邦新材料科技第一店铺,0,0,0
北京磁清环保科技第一店铺,0,0,0
北京祥瑞灌溉科技有限公司,0,0,0
北京福意电器有限公司福意联,0,0,0
北京福递物流有限公司,0,0,0
北京科迪艾斯科技有限公司,0,0,0
北京网动网络科技股份有限公司,1,0,1
北京耐尔得智能科技有限公司,0,0,0
北京至上至美信息技术有限公司,0,0,0
北京航天科峰电子科技有限公司,0,0,0
北京航峰,0,0,0
北京艾舍伦斯乐器有限公司,0,0,0
北京芬仕达包装制品有限公司,0,0,0
北京英祥科技有限公司,0,0,0
北京蓝伯斯科技有限公司,0,0,0
北京诚志达电子,0,0,0
北京质信德科技有限公司,0,0,0
北京赤承宏远仓储设备有限公司,0,0,0
北京轻松筹网络科技有限公司,1,0,1
北京迪天嘉业信息科技,0,0,0
北京迪美特佳建筑材料有限公司,0,0,0
北京金诺时代科技发展河北分,0,0,0
北京金马世纪,0,0,0
北京金马典当第一店铺,0,0,0
北京锋向画室,0,0,0
北京隆越兴牧生物技术有限公司,0,0,0
北京首储农业科技有限公司,0,0,0
北京高控科技有限公司,0,0,0
北京高瑞思特科技有限公司,0,0,0
北京高美环保科技有限公司,0,0,0
北京龙洁斯经贸有限公司,0,0,0
北京龙腾威环保科技有限公司,0,0,0
北京龙蒂成声光科技第二店铺,0,0,0
北关巩记红高粱,0,0,0
北大恒定中学,0,0,0
北工翅片换热器,25,0,25
北极信息港,20,0,20
北海刘先生遇范小姐,0,0,0
北海范哥建筑工程有限公司,0,0,0
北票市鑫名爽沸石经销处,0,0,0
北科电北京电器有限公司,0,0,0
华人影视孵化器有限公司,1,0,1
华刃广东木工刀业科技有限公司,0,0,0
华动智能云,35,0,35
华动网站建设,35,0,35
华哥说车,0,0,0
华域康源室内除甲醛,11,0,11
华夏找房,0,0,0
华奥斯煤气改电,0,0,0
华子栋热风炉,0,0,0
华寸网站建设seo优化,0,0,0
华尔华蒂臻享,1,0,1
华工品牌金属制品科技主店铺,0,0,0
华律律师解答,0,0,0
华数互动汉语词典,0,0,0
华数互动英文名,0,0,0
华海钢管调直机,25,2,27
华环化工醋酸钠厂家,3,0,3
华盛铭大型对辊破碎机,11,0,11
华盛铭对辊破碎机,12,0,12
华肤美广州化妆品第一店铺,0,0,0
华鑫峰,1,0,1
华风气象传媒集团有限责任公司,1,0,1
单典创业资讯分享,0,0,0
博威机械限高杆,0,0,0
博宇科技电子负载,0,0,0
博思得,0,0,0
博报堂生活综研产品概念有奖调查,0,0,0
博晶恒远扫描仪专营,0,0,0
博洛尼橱柜,5,0,5
博白县三滩镇展宏农副产第三店铺,0,0,0
博白县三滩镇裕华农副产品购销部,0,0,0
博白县城区桂之园农副产品批发经,0,0,0
博磁磁环,0,0,0
博航电子商品防盗,16,0,16
博野县中恒金属制品有限公司,0,0,0
博锐百纳北京信息技术第一店铺,0,0,0
厨嫂当家,0,0,0
发稿猫,1,0,1
发货人e卡加油卡礼品卡回收兑换,0,0,0
叠璟院,0,0,0
叠禄马上海仓储有限公司,1,0,1
叠翠雅筑民宿,0,0,0
古文岛,0,0,0
叮一修家庭维修,0,0,0
叮了咣当,1,0,1
叮咚上门,2,0,2
叮咚猫回收,0,0,0
叮咚看房,0,0,0
叮咚附近上门电脑维修,1,0,1
叮当到家,45,0,45
叮当牛旗舰店,1,0,1
合工仿真,0,0,0
合浦县绿色海鸭蛋店,0,0,0
合肥三次元智能家居有限责任公司,1,0,1
合肥佑夫工程技术有限公司,0,0,0
合肥兄弟家具有限公司,0,0,0
合肥创端机械设备第一店铺,0,0,0
合肥发源地智能科技有限公司,0,0,0
合肥大汉机械制造有限公司,0,0,0
合肥奇普,0,0,0
合肥小夫包装有限公司,0,0,0
合肥市包河区万达钢木家俱厂,0,0,0
合肥市第二人民医院,29,0,29
合肥市龚怀峰再生资源回收服务,0,0,0
合肥服创科技有限公司,0,0,0
合肥格兰帝卫生材料第一店铺,0,0,0
合肥烽辉商贸有限公司第一店铺,0,0,0
合肥爱上宠物行业平台,66,516,582
合肥穿三甲自动化设备有限公司,0,0,0
合肥联禾影音,0,0,0
合肥致盛节能科技第一分,0,0,0
合肥芳林信息技术有限公司,1,0,1
合肥蛋总管蛋业有限公司,0,0,0
合肥风聘网络科技有限公司,1,0,1
呆呆民宿,0,0,0
呆头鹅恋爱聊天话术宝典,2,0,2
呼和浩特市金锤子装饰装潢,1,0,1
和成创展科技,0,0,0
和颂府,0,0,0
和鼎美食创业资讯,4,0,4
咕咕驴,1,0,1
咕噜小匠,1,0,1
咕噜联盟,2,0,2
哆拉密发,1,0,1
哆达达约车,0,0,0
哈尔滨众诚玻璃钢防腐,2,0,2
哈尔滨北量工具制造苏州分,0,0,0
哈尔滨华其皮草染色改款专家,2,0,2
哈尔滨启明塑钢门窗断桥铝门窗,2,0,2
哈尔滨壹久婚庆用品,3,0,3
哈尔滨市嵩源混凝土制品第一店铺,0,0,0
哈尔滨市文农农业科技发展,0,0,0
哈尔滨强弓男性功能治第一店铺,0,0,0
哈尔滨新视野牌匾制作党建宣传栏,2,0,2
哈尔滨构镜铝艺大门围栏扶手厂家,2,0,2
哈尔滨艳辉鹅雏孵化场,2,0,2
哈尔滨路达PC仿石砖厂,2,0,2
哈尔滨通城达,0,0,0
哈尔滨钰豪居铝塑铝铝包木断桥铝,2,0,2
哈尔滨雪佳氟硅化学有限公司,0,0,0
哈工共哲机器人再制造第二店铺,0,0,0
哥瓦弟玉陶瓷鉴定,2,0,2
嗨走乡村,218,0,218
固地管道,0,0,0
固始县保付水产养殖场,0,0,0
固安县费欧特过滤器材有限公司,0,0,0
固安县隆信过滤器第一店铺,0,0,0
国亨单双组份聚氨酯密封膏,0,0,0
国亨双组份聚硫密封胶,3,0,3
国储天津钢铁发展有限公司,0,0,0
国务院客户端,14,0,14
国哥味道,1,0,1
国家政务服务平台,8,0,8
国方天线,2,0,2
国测VR云监工,0,0,0
国翠世家,0,0,0
国鑫洗涤设备,0,0,0
地上铁租车深圳有限公司第二店铺,0,0,0
地亿建设,22,0,22
地宜驾校,0,0,0
地板师傅专业木地板翻新养护,1,8,9
地板师傅铝合金脚线厂家,1,8,9
地生金发酵羊粪,0,0,0
地生金发酵鸡粪有机肥,0,0,0
地生金有机肥厂家,0,0,0
地苑驾校,2,0,2
地龙哥蚯蚓养殖,31,0,31
城阳马上到搬家公司,2,0,2
堤斯基变频器,0,0,0
堵金防水补漏,3,0,3
复地雅园公馆,0,0,0
复境FUJINN,0,0,0
复怀盈裕,2,0,2
复旦大学附属肿瘤医院,0,0,0
复星诊断科技上海有限公司,0,0,0
复材易购北京科技有限公司,0,0,0
复禾养生,0,0,0
复禾新材料科技上海有限公司,0,0,0
复纳科学仪器上海有限公司,0,0,0
复衡保险经纪,0,0,0
多广网,0,0,0
多当家,1,0,1
多执笔造句,2,0,2
多端多餐厅演示版,413,0,413
多端智慧政务演示版,343,0,343
多端零售电商演示版,415,0,415
多策试验设备上海第二店铺,0,0,0
多老师打击乐,0,0,0
多饭星球,39,0,39
够燥体娱圈,0,0,0
大乐之野,0,0,0
大作,0,0,0
大冶市都鑫摩擦粉体第一店铺,0,0,0
大刘信息,3,0,3
大厂回族自治县源肤美日化用品,0,0,0
大同市云冈区旺福昌隆第一店铺,0,0,0
大同市触点网络科技有限公司,1,0,1
大嘉购注册,0,0,0
大图激光切割机,0,0,0
大城县丁庄荣浩保温材料销售部,0,0,0
大城县东迷堤巨萱机械设备厂,0,0,0
大城县东迷堤赫阳机械设备厂,0,0,0
大城县东迷堤飞鸿机械设备厂,0,0,0
大城县宫村鑫海源编织第一店铺,0,0,0
大城县恩腾防腐材料有限公司,0,0,0
大城县樊庄子鸿升装饰材第一店铺,0,0,0
大城县西迷堤巨晟机械设备厂,0,0,0
大城县邓零巨瑞尔美保第二店铺,0,0,0
大城县邓零巨硕义保温材料销售部,0,0,0
大城县阔成保温钉第一店铺,0,0,0
大城县阔成保温钉第三店铺,0,0,0
大城县阔成保温钉第二店铺,0,0,0
大城县高堤商仕达密封材第一店铺,0,0,0
大客搞笑轻松一刻,1,0,1
大客百科知识大全,1,0,1
大导电气上海有限公司,1,0,1
大庆石油管理局松原装备制造分,0,0,0
大掌柜科技,2,0,2
大斌家串串火锅,15,0,15
大楚人才,0,0,0
大楚和知讯,0,0,0
大楚资讯,14,0,14
大楚长歌,1,0,1
大王工业大风扇,0,0,0
大理三色云河连锁客栈,0,0,0
大理宁芙海宿,0,0,0
大理岭绣设计师海景度假摄影美墅,0,0,0
大理市双廊别想那只大象美宿馆,0,0,0
大理市美人鱼旅游服务,0,0,0
大理空山客栈,0,0,0
大理莫奈的花园民宿,0,0,0
大象非酸花梨木,11,0,11
大连万泉油缸厂第一店铺,0,0,0
大连仁昌石化设备有限公司,0,0,0
大连医科大学附属第二医院,0,0,0
大连大学附属新华医院,0,0,0
大连天座建筑艺术工程有限公司,0,0,0
大连富渔岛海洋生物科技有限公司,0,0,0
大连本庄化学有限公司,0,0,0
大连泰和装饰构件有限公司,0,0,0
大连溦风科技有限公司,1,0,1
大连百润科技有限公司,0,0,0
大连金利达食品有限公司第一店铺,0,0,0
大连鑫盛不干胶标签印刷,0,0,0
大雅查重,0,0,0
大鹏激光激光切割机,0,0,0
大鼎光学薄膜,0,0,0
奉君企业,0,0,0
奉君短视频,2,0,2
奉君短视频学习,2,0,2
奉道科技,0,0,0
奋发物流供应链广东有限公司,0,0,0
奋斗哥三农产品,3,0,3
奋金吸塑,1,9,10
奋金洁福雨刮器,1,8,9
奋钧智能深圳科技第一店铺,0,0,0
奋钧智能深圳科技第二店铺,0,0,0
奥宝龙悬浮式拼装地板,48,6,54
奥斯催化材料大连有限公司,0,0,0
奥科科技干混砂浆系列产品,19,0,19
奥芙休闲沙滩椅,11,0,11
奥芙便携沙滩椅,11,0,11
奥芙折叠沙滩椅,11,0,11
奥芙沙滩椅厂家,11,0,11
好分小课,0,0,0
好分期贷款,0,0,0
好前程高考复读补习,0,0,0
好厨美食,4,0,4
好去毛刺机,0,0,0
好孕待产包清单,0,0,0
好帮手自动挡汽车陪练,0,0,0
好德门业,0,0,0
好易贷,0,0,0
好玩哟游戏攻略大全,1,0,1
好甘净科技,0,0,0
好的生活网,0,0,0
好问法法律咨询,0,0,0
好顺佳公司起名查询系统,0,0,0
娥姐清货平台,2,0,2
存珍优品,1,0,1
存知己行李寄存,1,0,1
安七洱海酒店,0,0,0
安力公司丹东开锁公司配汽车钥匙,2,0,2
安吉丰生川玉民宿,0,0,0
安吉小瘾素颜民宿,0,0,0
安帕尔臭氧检测仪,0,0,0
安平兑航金属制品有限公司,0,0,0
安平县世恒器械有限公司,0,0,0
安平县乔元丝网制品有限公司,0,0,0
安平县冠吉金属制品有限公司,0,0,0
安平县卓锋丝网机械制第二店铺,0,0,0
安平县和纯丝网有限公司,0,0,0
安平县圣森金属丝网制品有限公司,0,0,0
安平县圣赐金属丝网制品有限公司,0,0,0
安平县天萱丝网制品有限公司,0,0,0
安平县崇德丝网制品有限公司,0,0,0
安平县崇松丝网制品有限公司,0,0,0
安平县崇泽丝网制品有限公司,0,0,0
安平县崇联交通设施有限公司,0,0,0
安平县彦峰刺绳厂,0,0,0
安平县德崇丝网制品第一店铺,0,0,0
安平县德普丝网制造有限公司,0,0,0
安平县文胜丝网制品有限公司,0,0,0
安平县旭闯金属丝网制品有限公司,0,0,0
安平县旺丰丝网制品第三店铺,0,0,0
安平县曙阳仿竹护栏丝网厂,0,0,0
安平县江盖丝网制造第一店铺,0,0,0
安平县沐聪丝网制品第一店铺,0,0,0
安平县祥芳过滤器材第一店铺,0,0,0
安平县稻丰丝网制品有限公司,0,0,0
安平县笛港金属制品第一店铺,0,0,0
安平县艾瑞金属丝网有限公司,0,0,0
安平县茂聪丝网制品厂第二店铺,0,0,0
安平县誉石丝网制品第二店铺,0,0,0
安平县诺尔丝网制品有限公司,0,0,0
安平县赐发丝网制品第一店铺,0,0,0
安平县鑫渤源丝网制品第二店铺,0,0,0
安平县铁锦金属丝网制品有限公司,0,0,0
安平县铭力丝网制品有限公司,0,0,0
安平县颂拓筛网制造有限公司,0,0,0
安平县领达丝网制品厂,0,0,0
安平县龚祥丝网制品有限公司,0,0,0
安康宇邦教育平台,66,516,582
安徽五湖滤材有限公司,0,0,0
安徽仙奇生物工程技术有限公司,0,0,0
安徽共盈日化有限公司,0,0,0
安徽刀客网络科技有限公司,1,0,1
安徽力盾防爆电气有限公司,0,0,0
安徽华中二建钢结构有限公司,0,0,0
安徽华友精泰机电设备第二店铺,0,0,0
安徽华旦科技有限公司,0,0,0
安徽华诚洗涤设备有限公司,0,0,0
安徽友泰生物工程有限公司,0,0,0
安徽可成建材科技第一店铺,0,0,0
安徽复尔新商贸有限公司第二店铺,0,0,0
安徽安维节水灌溉技术有限公司,0,0,0
安徽宏放智联科技第二店铺,0,0,0
安徽宠滴出行科技有限公司,0,0,0
安徽封锐电力科技有限公司,0,0,0
安徽峰路建设有限公司,0,0,0
安徽崇泽商贸有限公司,0,0,0
安徽崇锦净化科技有限公司,0,0,0
安徽微付网络科技有限公司,1,0,1
安徽拓涂防腐技术第二店铺,0,0,0
安徽斯戴新材料有限公司第二店铺,0,0,0
安徽昱锻精密刃模制造第一店铺,0,0,0
安徽枫川塑胶有限公司,0,0,0
安徽正华生物仪器设备第一店铺,0,0,0
安徽泰锭新材料科技第一店铺,0,0,0
安徽泾县宏森粉体科技有限公司,0,0,0
安徽洁纯生物科技有限公司,0,0,0
安徽海铬尔智能装备第一店铺,0,0,0
安徽点为科技有限公司第一店铺,0,0,0
安徽玖东科技有限公司,3,0,3
安徽省一锻机床有限公司,0,0,0
安徽省亚锻机械科技发展有限公司,0,0,0
安徽省庐江县古镇矿产品有限公司,0,0,0
安徽省老贡酒业有限公司,0,0,0
安徽省馨和宫种植科技产业园,1,0,1
安徽窜街信息技术有限公司,1,0,1
安徽缔格节能科技有限公司,0,0,0
安徽肤之源医学科技有限公司,1,0,1
安徽艺砼仿石栏杆,22,0,22
安徽英瑞骐生物科技第一店铺,0,0,0
安徽范氏门业有限公司,0,0,0
安徽荷圣坊酒业有限公司,0,0,0
安徽金骏感应加热设备有限公司,0,0,0
安徽钢卓钢铁有限公司,0,0,0
安徽阜金再生资源回收第二店铺,0,0,0
安徽阜雪制冷设备工程有限公司,1,0,1
安徽阜雪制冷设备工程第一店铺,0,0,0
安徽韦斯实验设备有限公司,0,0,0
安徽风之范通风设备有限公司,0,0,0
安心养宠助手,0,0,0
安新县翠湖园林绿化工程有限公司,0,0,0
安新县荷缘再制蛋加工有限公司,0,0,0
安新县跃达水生植物种植第一店铺,0,0,0
安泊顿船舶设备（上海）有限公司,0,0,0
安灵园公墓,0,0,0
安百利蒸汽风机消声器挡板门,0,0,0
安百颜美肤馆,1,0,1
安阳市夺目电子科技有限公司,0,0,0
安阳点滴广告有限责任公司,1,0,1
安阳茗朗宫珠宝有限公司,0,0,0
宏固二手钢构,16,0,16
宏宇陶瓷,0,0,0
宏星佳业绘图仪销售,0,0,0
官厅公共艺术小镇,0,0,0
定州市华博苗木花卉农民第一店铺,0,0,0
定襄博弈肉牛养殖场第一店铺,0,0,0
宝丰县雨露节水灌溉器材有限公司,0,0,0
宝仕拓运动,0,0,0
宝付网络科技上海有限公司,1,0,1
宝宝巴士儿歌,4,0,4
宝应宏华辊业有限公司,0,0,0
宝应邵大开锁,15,0,15
宝珞摩耳红酒,0,0,0
宝的钓鱼艇,0,0,0
宝盖复合井盖,11,0,11
宝盖复合电缆沟盖板,22,0,22
宝盖无机电缆沟盖板,22,0,22
宝盖树脂井盖,21,0,21
宝盖水沟盖板,12,0,12
宝盖玻璃钢盖板,25,0,25
宝盖盖板,13,0,13
宝盖铸铁井盖,25,0,25
宝盖隧道沟盖板,13,0,13
宝聚环保催化燃烧设备,0,0,0
宝胜应供丝马特网纱彩皇帝国代理,1,0,1
宝贝聚合支付,2,0,2
宝迪金尚太阳能杀虫灯,15,0,15
宝鸡市陈仓区食用菌研究所,0,0,0
宝鸡市高新区巩固编织袋厂,0,0,0
宝龙典当平台,0,0,0
宝龙抵押贷款平台,0,0,0
宠e生,0,0,0
宠友帮宠物社区,0,0,0
宠呦呦,0,0,0
宠呦呦宠物健康检测,0,0,0
宠呦呦宠物医生,0,0,0
宠呦呦宠物百科,0,0,0
宠呦呦找狗寻狗,0,0,0
宠圣广州宠物有限公司第三店铺,0,0,0
宠夫子领养中心,1,0,1
宠搜,0,0,0
宠来也,0,0,0
宠爱生活节,0,0,0
宠知识,1,0,1
宠站,0,0,0
宠贝贝宠物托运,0,0,0
宠邦宠物托运,6,0,6
宫夫人高级月嫂,3,0,3
宫明茶GUUMINN,0,0,0
宸然生活知识分享,0,0,0
富士川硅藻泥,1,0,1
富平县支槿洲农副产品经销部,0,0,0
富平县胡墩子粮油批零中心,61,518,579
富彩玻璃粉,0,0,0
富春江天空民宿,0,0,0
富江全自动刮粪机,0,0,0
富瑶深圳包包回收估价,2,0,2
富瑶深圳翡翠回收估价,2,0,2
富耐通制氮机,2,0,2
寸心影像,0,0,0
寸美颜一寸二寸证件照,0,0,0
对路品牌,1,0,1
封律师滨州刑事律师,13,0,13
封阳台法罗莱门窗,3,0,3
尔屿石家庄新材料科技有限公司,0,0,0
岗位职责网,0,0,0
岗峰柑橘苗批发,11,0,11
岗峰甘平柑橘苗,11,0,11
岗春激光科技江苏有限公司,1,0,1
岗琪商贸,0,0,0
峨眉山市红旗不锈钢构技术开发,0,0,0
峨眉山泰鑫钙业材料厂普通合伙,0,0,0
峰峦共板法兰风管,6,0,6
崇匠铝单板,0,0,0
崇名电气设备公司,0,0,0
崇峰壹号院,0,0,0
崇州市建绿生物有机肥有限公司,1,0,1
崇海电子,0,0,0
川云科技上海有限公司,0,0,0
川可上海泵业有限公司,0,0,0
川姐刺槐小苗,29,0,29
川川川川,15,0,15
川川川川夏邑串串,15,0,15
川源中国机械有限公司,1,0,1
川皇建筑木方,0,0,0
川红高粱,0,0,0
川网国际花园,0,0,0
川耐阀门,0,0,0
工之宝,1,0,1
工具狗网,0,0,0
工活9188平台,14,0,14
巩义市北山口德卿设备调第一店铺,0,0,0
巩义市志军耐材有限公司,0,0,0
巩义市方正机械厂第二店铺,0,0,0
巩义市方锐机械厂第二店铺,0,0,0
巩义市明阳净水填料厂,0,0,0
巩义市桩师傅新材料有限公司,0,0,0
巩义市金飞蛋托机设备第一店铺,0,0,0
巩义市锐鑫峰机械制造有限公司,0,0,0
巩记酒销售中心,2,0,2
巴奴毛肚火锅有限公司,1,0,1
巴西比戈成登,2,0,2
巴课特队竞赛报名,0,0,0
布达拉宫一键智能游,8,0,8
帝信誉,0,0,0
帝品御居,0,0,0
帝斯固新材料,0,0,0
帝方购,0,0,0
帝而微波炉,1,0,1
帝邦租车,0,0,0
带一点,0,0,0
常州万科仪器科技有限公司,0,0,0
常州三千科技有限公司,0,0,0
常州从财物资回收第一店铺,0,0,0
常州典晟化工有限公司,0,0,0
常州利浩制粒干燥设备第一店铺,0,0,0
常州华隆照明灯具有限公司,0,0,0
常州博纳德热处理系统有限公司,0,0,0
常州品正复合材料有限公司,0,0,0
常州姚领自动化设备有限公司,0,0,0
常州岗田电子有限公司,0,0,0
常州市人峰机械科技有限公司,0,0,0
常州市俊胜包装科技有限公司,0,0,0
常州市凯工环保工程有限公司,0,0,0
常州市宝博机械有限公司,0,0,0
常州市恒迈干燥设备第一店铺,0,0,0
常州市捷干干燥设备第一店铺,0,0,0
常州市杰聪干燥设备有限公司,0,0,0
常州市泰腾装饰材料第一店铺,0,0,0
常州市滇顺干燥设备第一店铺,0,0,0
常州市瑞聪机电有限公司第二店铺,0,0,0
常州市范信干燥设备有限公司,0,0,0
常州市范干干燥制粒设备有限公司,0,0,0
常州市贵好焊割设备有限公司,0,0,0
常州市锻钢阀门有限公司第一店铺,0,0,0
常州市鹏栋干燥设备有限公司,0,0,0
常州德誉诚新材料科技有限公司,0,0,0
常州沪阀阀门有限公司,0,0,0
常州纺纤机电科技第一店铺,0,0,0
常州联建防腐工程有限公司,0,0,0
常州虹弛服装有限公司第一店铺,0,0,0
常州虹弛服装有限公司第二店铺,0,0,0
常州辉驰制带有限公司,0,0,0
常州通干干燥工程第一店铺,0,0,0
常州道存壹电气有限公司第一店铺,0,0,0
常州金奇雕数控机床有限公司,0,0,0
常州雪晟节能冷冻设备第一店铺,0,0,0
常州鱼乐有机玻璃科技有限公司,0,0,0
常熟市三禾钙化物有限公司,0,0,0
常熟市古里镇白茆中威变形缝装,0,0,0
常熟市宏宇钙化物有限公司,0,0,0
常熟市沙家浜镇天合变形缝装置厂,0,0,0
常熟市鑫丰货运有限公司第一店铺,0,0,0
常熟韩家开锁换锁服务部,2,0,2
干霸干燥剂深圳有限公司,1,0,1
干霸干燥剂深圳有限公司第一店铺,0,0,0
广东一丰建材有限公司,0,0,0
广东万城万充电动车运营第一店铺,0,0,0
广东东绿环保科技有限公司,0,0,0
广东中天仪器第一店铺,0,0,0
广东中研护肤,0,0,0
广东中研护肤研究院,0,0,0
广东五盟精密陶瓷有限公司,0,0,0
广东佛岭景观工程有限公司,1,0,1
广东佛衡仪器有限公司,0,0,0
广东兆峰环保智能装备有限公司,0,0,0
广东全有为服装辅料第一店铺,0,0,0
广东冈田智能科技第一店铺,0,0,0
广东刀父精工科技有限公司,0,0,0
广东力泰塑胶制品有限公司,0,0,0
广东博雕智能装备有限公司,0,0,0
广东嘉兴通基础工程有限公司,0,0,0
广东地平空间建材有限公司,0,0,0
广东士佳固建建材技术第二店铺,0,0,0
广东天功自动化科技有限公司,0,0,0
广东天地达科技发展有限公司,1,0,1
广东妙机精密科技股份有限公司,0,0,0
广东宏堂基础建设工程有限公司,0,0,0
广东宝刚钢市钢铁有限公司,0,0,0
广东寒丹科技有限公司,0,0,0
广东居峰环境科技有限公司,0,0,0
广东广盾门业有限公司,0,0,0
广东弗艾博纤维技术研究有限公司,0,0,0
广东御容宫生物科技第一店铺,0,0,0
广东德一工程技术有限公司,0,0,0
广东恒兆环保科技凤岗分,0,0,0
广东恒添生物科技第一店铺,0,0,0
广东晋枫木业有限公司,0,0,0
广东晟泽科技有限公司,0,0,0
广东更豪光电科技第一店铺,0,0,0
广东正业科技股份有限公司,0,0,0
广东江风集团有限公司,1,0,1
广东沸西尔流体科技第一店铺,0,0,0
广东泛洲文化传播有限公司,1,0,1
广东润成创展木业有限公司,0,0,0
广东煊皓基础工程有限公司,0,0,0
广东牛力物流机械科技有限公司,0,0,0
广东牧人王电器有限公司,0,0,0
广东瑞宇空分设备有限公司,0,0,0
广东甘全建材有限公司,0,0,0
广东盛放律师事务所,1,0,1
广东省中研护肤,0,0,0
广东省展曜照明有限公司第一店铺,0,0,0
广东省布岗水产科技有限公司,0,0,0
广东磁立热科技有限公司,0,0,0
广东繁树电子商务第一店铺,0,0,0
广东绿戈环保科技第一店铺,0,0,0
广东翠控珠宝专业回收翡翠玉器,2,0,2
广东能创科技有限公司,0,0,0
广东蔓安工贸有限公司,0,0,0
广东蝶莱环境技术有限公司,0,0,0
广东螺主新型建材科技有限公司,0,0,0
广东趣园食品有限公司,0,0,0
广东醇氢新能源研究院有限公司,0,0,0
广东金缘美容第一店铺,0,0,0
广东鑫风风机,0,0,0
广东钢鉴钢铁有限公司,0,0,0
广东镖臣防盗设备有限公司,1,0,1
广东静音声学科技,2,0,2
广东革利电子科技第一店铺,0,0,0
广东顺德百淳节能设备有限公司,1,0,1
广东顺德蓝导电器科技有限公司,0,0,0
广东飞客网络科技有限公司,1,0,1
广东高电技术有限公司,0,0,0
广品卤鹅培训,0,0,0
广品烧鹅培训,0,0,0
广品猪肚鸡培训,0,0,0
广品笼仔饭培训,0,0,0
广品豆腐培训,0,0,0
广州一村科技发展有限公司,0,0,0
广州一村科技发展第三店铺,0,0,0
广州三品生物科技有限公司,0,0,0
广州东塑吨袋编织袋集装袋厂家,0,0,0
广州中峨工程机械有限公司,0,0,0
广州中峨工程机械第一店铺,0,0,0
广州中研护肤,0,0,0
广州中研护肤研究院,0,0,0
广州中研美容,0,0,0
广州丽人妆生物科技有限公司,0,0,0
广州丽春阁网络科技有限公司,1,0,1
广州亚泽户外家具第一店铺,0,0,0
广州京驰精工机械设备有限公司,0,0,0
广州亿乐声公共广播,23,0,23
广州从心隐酒店管理有限公司,0,0,0
广州代洋电子科技第一店铺,0,0,0
广州兄弟总部搬家公司,2,0,2
广州兰蝶生物科技有限公司,0,0,0
广州共信化工有限公司第二店铺,0,0,0
广州凡歌服饰有限公司,0,0,0
广州医科大学附属第一医院,0,0,0
广州华丽宫服饰有限公司第二店铺,0,0,0
广州卓钒化工有限公司,0,0,0
广州印文奇皮革有限公司,0,0,0
广州发妍化妆品制造有限公司,0,0,0
广州发妍生物科技第一店铺,0,0,0
广州吉铁轿车托运,0,0,0
广州名峰科技有限公司,0,0,0
广州周行商贸有限公司,0,0,0
广州和飞,0,0,0
广州喜登堡床垫机械有限公司,0,0,0
广州嘉德乐生化科技有限公司,0,0,0
广州地石丽科技股份有限公司,0,0,0
广州夏泳泳池设备有限公司,0,0,0
广州多宇多生物科技有限公司,0,0,0
广州天斯秀尔化妆品第三店铺,0,0,0
广州威格斯泳池设备工程有限公司,0,0,0
广州嫣戈生物科技有限公司,0,0,0
广州宇佳化妆品有限公司第一店铺,0,0,0
广州安氟制冷设备工程第三店铺,0,0,0
广州宗山虫害防治有限公司,0,0,0
广州富崇水泥制品第一店铺,0,0,0
广州小云朵互联网有限公司,1,0,1
广州尚研生物科技有限公司,0,0,0
广州岗琪商贸,0,0,0
广州崖落香氛,0,0,0
广州嵩晨机电科技有限公司,0,0,0
广州巨蛋日化有限公司,1,0,1
广州市丁世皮具制品有限公司,1,0,1
广州市三地信息技术有限公司,1,0,1
广州市三昌化工有限公司,0,0,0
广州市东日洗涤服务有限公司,0,0,0
广州市中研护肤,0,0,0
广州市九盈机械设备第二店铺,0,0,0
广州市五宫格信息科技第二店铺,0,0,0
广州市从化江埔进建蔬菜档,0,0,0
广州市传东机械设备有限公司,0,0,0
广州市健凡服饰有限公司,0,0,0
广州市力净洗涤机械有限公司,1,0,1
广州市升力齿轮有限公司,0,0,0
广州市同环彩建材第一店铺,0,0,0
广州市国乐动漫科技第一店铺,0,0,0
广州市大尚皮革科技第一店铺,0,0,0
广州市大环臭氧设备有限公司,0,0,0
广州市天醇化工有限公司第一店铺,0,0,0
广州市太阳村文化传播广告,0,0,0
广州市威伦食品有限公司,0,0,0
广州市富和泳池桑拿设备有限公司,0,0,0
广州市崇志机械有限公司第二店铺,0,0,0
广州市巨人化妆品有限公司,0,0,0
广州市巨斧游乐设备有限公司,0,0,0
广州市广传电子材料有限公司,0,0,0
广州市戈慕莱网制品有限公司,0,0,0
广州市景聪废旧金属回收有限公司,0,0,0
广州市景聪废旧金属回收第二店铺,0,0,0
广州市梦哆啦文化传播有限公司,0,0,0
广州市梵绮诺生物科技有限公司,0,0,0
广州市楚工家具有限公司,1,0,1
广州市洋清水族科技有限公司,0,0,0
广州市浪腾游泳池设备有限公司,0,0,0
广州市海珠华银小额贷款,1,0,1
广州市爱哆米动漫科技第一店铺,0,0,0
广州市番之华动漫科技第一店铺,0,0,0
广州市番威包装材料有限公司,0,0,0
广州市番禺区南村仲绿恒环境保,0,0,0
广州市番禺区市桥街端第一店铺,0,0,0
广州市白云区大荣精细化工,0,0,0
广州市白云区拉符音响设第三店铺,0,0,0
广州市祥九瑞盈机械设备有限公司,0,0,0
广州市聪颖康体设备有限公司,0,0,0
广州市至淳化工有限公司,0,0,0
广州市艺英光电科技发展第一店铺,0,0,0
广州市芬雅实业发展有限公司,0,0,0
广州市蒂洲生物科技有限公司,0,0,0
广州市赐美生物科技有限公司,0,0,0
广州市超涤洗涤机械科技有限公司,0,0,0
广州市远景达科技开发厦门分,0,0,0
广州市铁人金属制品有限公司,0,0,0
广州市顺慈急救转运第一店铺,0,0,0
广州市香蕉地动漫科技第一店铺,0,0,0
广州市黄埔区友翠围栏服第一店铺,0,0,0
广州帝帆生物科技有限公司,0,0,0
广州常晖电子科技有限公司,0,0,0
广州康神世纪生物科技第三店铺,0,0,0
广州德诺泳池设备有限公司,0,0,0
广州思晟电子有限公司,0,0,0
广州恒庭锋门业有限公司,0,0,0
广州惠民禽业有限公司,0,0,0
广州慧翼智能科技第一店铺,0,0,0
广州戴龙企业管理有限公司,1,0,1
广州扶元保健器材有限公司,0,0,0
广州旭岗化工科技第一店铺,0,0,0
广州星河丹堤,0,0,0
广州星迪智能光电科技有限公司,1,0,1
广州晨雕机械设备第一店铺,0,0,0
广州晶能光伏科技有限公司,0,0,0
广州智轮科技有限公司第二店铺,0,0,0
广州樊文花化妆品有限公司,1,0,1
广州橙氏公共关系咨询有限公司,1,0,1
广州正格农牧服务第一店铺,0,0,0
广州水质洁泳池水疗设备第二店铺,0,0,0
广州永航传动带有限公司,0,0,0
广州江博汽配有限公司,0,0,0
广州洁派化工科技有限公司,0,0,0
广州海涟液压设备有限公司,0,0,0
广州涉外经济职业技术学院,0,0,0
广州润程汽配有限公司第一店铺,0,0,0
广州润程汽配有限公司第三店铺,0,0,0
广州港发水产有限公司,0,0,0
广州港发水产有限公司第一店铺,0,0,0
广州滴米汽车租赁有限公司,0,0,0
广州漫风游乐设备有限公司,0,0,0
广州澳迅仪器有限公司,0,0,0
广州瀚沃冷冻机械有限公司,0,0,0
广州环纯环保科技第一店铺,0,0,0
广州甘来信息科技有限公司,1,0,1
广州盗梦信息科技有限公司,0,0,0
广州祥烽机电设备第一店铺,0,0,0
广州科沃登传动件制造有限公司,0,0,0
广州纯简网络科技有限公司,1,0,1
广州纵康泳池设备第一店铺,0,0,0
广州纵康泳池设备第三店铺,0,0,0
广州美黛拉科技有限公司,0,0,0
广州萝薇化妆品有限公司,0,0,0
广州萝薇生物科技有限公司,0,0,0
广州蒂耀家具租赁服务有限公司,0,0,0
广州蓝品盾建材科技第二店铺,0,0,0
广州蓝筹办公设备有限公司,0,0,0
广州诚我贸易有限公司,0,0,0
广州诺胜化妆品有限公司,0,0,0
广州谱纯仪器设备有限公司,0,0,0
广州豆豆云科技有限公司,0,0,0
广州赣之韵科技有限公司,0,0,0
广州赣铭化工有限公司,0,0,0
广州赤普科技有限公司,0,0,0
广州超级共识科技有限公司,0,0,0
广州辉德蛋黄酥生产线,0,0,0
广州达芬家具有限公司,0,0,0
广州通泽医疗盆底肌修复仪器,0,0,0
广州道一科学技术有限公司,0,0,0
广州邦坚水泥制品第一店铺,0,0,0
广州都联信息科技有限公司,0,0,0
广州醇利汇贸易有限公司,0,0,0
广州金颜化妆品有限公司第一店铺,0,0,0
广州铨聚臭氧科技,0,0,0
广州雅座会展家具租赁,2,0,2
广州驰佳供应链管理有限公司,0,0,0
广州驰博自动化系统有限公司,0,0,0
广州魔力舞台设备有限公司,0,0,0
广州鸿利动漫科技第一店铺,0,0,0
广拓短视频去水印,0,0,0
广缘e购,1,0,1
广西丽美地建材有限公司,0,0,0
广西共弘科技发展有限公司,0,0,0
广西共振广告有限公司,0,0,0
广西北流市西江钙业第一店铺,0,0,0
广西千淳建筑防水材料有限公司,1,0,1
广西南宁冬星制冷节能设备,0,0,0
广西墙师傅建筑材料有限公司,0,0,0
广西宁楚建材有限公司,0,0,0
广西成奋环保科技第一店铺,0,0,0
广西明浩家禽孵化有限公司,0,0,0
广西春发生物科技有限公司,0,0,0
广西桂平市圣润钙业有限公司,0,0,0
广西浩天峰科技有限公司,0,0,0
广西湘范儿餐饮管理有限公司,1,0,1
广西社根农副产品有限公司,0,0,0
广西联达机械制造第二店铺,0,0,0
广西芸耕科技有限公司,0,0,0
广西蝶塑管业有限公司,0,0,0
广西贺州市科隆粉体有限公司,0,0,0
广西鑫钙矿业有限公司,0,0,0
广西青龙化学建材,0,0,0
广西韵道新材料科技有限公司,0,0,0
广西顶之家建筑装饰材料有限公司,0,0,0
广超煤改电,0,0,0
广陵区耐美特胶辊厂,0,0,0
广顺福茶业精选,1,0,1
店卫士,0,0,0
店掌柜,2,0,2
庚圣自动化科技上海第一店铺,0,0,0
庚生流量卡上网卡商城,1,0,1
度优惠加油,2,0,2
度划算,0,0,0
度小境,53,0,53
度小满礼包,0,0,0
度成就,1,0,1
度掌柜,0,0,0
度晓晓盲盒,0,0,0
度网科技,0,0,0
度读小说,0,0,0
弗戈在线,0,0,0
弗润德泵业河北有限公司,0,0,0
弗雷曼纸业苏州有限公司,0,0,0
弘帝重庆整体家居,15,0,15
弘范天气小助手,0,0,0
当代悦城,0,0,0
当当,0,0,0
当承科技上海有限公司第三店铺,0,0,0
当桔,1,0,1
当禾,1,0,1
当禾程序代理招商加盟,0,0,0
当铛数码,0,0,0
当阳市玉阳华胜欧式构第一店铺,0,0,0
待克优证件照,0,0,0
待萨箱包,2,0,2
得利特北京科技有限公司,0,0,0
得有店,0,0,0
得物商城,1,0,1
得间小说,19,0,19
德兰克防腐设备,0,0,0
德力弗山东升降机械有限公司,0,0,0
德力弗山东升降机械第二店铺,0,0,0
德圣建筑烟囱新建,3,0,3
德尼尔科组合式挡水板,0,0,0
德州久森基础工程有限公司,0,0,0
德州元盛复合材料有限公司,1,0,1
德州卓普空调设备有限公司,0,0,0
德州唯润渔具用品,0,0,0
德州奈特尔新能源科技有限公司,0,0,0
德州威诺斯健身器材有限公司,0,0,0
德州市德城区兴邦孵化设备销售部,0,0,0
德州市德城区同富孵化设备厂,0,0,0
德州市德城区辉都孵化设备厂,0,0,0
德州市海腾工贸有限公司第三店铺,0,0,0
德州市科裕孵化设备有限公司,1,0,1
德州市誉声商贸,0,0,0
德州市金禾机械有限公司,0,0,0
德州市陵城区诺泰孵化设备厂,0,0,0
德州德翔地基基础工程有限公司,0,0,0
德州旺源食品有限公司第二店铺,0,0,0
德州欧诺特健身器材第一店铺,0,0,0
德州泰岳供水设备第二店铺,0,0,0
德州登科电子商务有限公司,0,0,0
德州聚兴食品有限公司第一店铺,0,0,0
德州蓝力生物技术有限公司,0,0,0
德州超枫通风设备有限公司,0,0,0
德州顶标机械设备有限公司,0,0,0
德工V牌仿石漆,0,0,0
德朴科技深圳有限公司,0,0,0
德沃丹兴,0,0,0
德法河南新技术有限公司,0,0,0
德莱奇起重吊索具昆山第三店铺,0,0,0
德诚旺氟塑,0,0,0
必达福环境技术无锡有限公司,0,0,0
怀安县左卫镇顺利建材部第一店铺,0,0,0
怀食餐饮,0,0,0
恒丰机械拉断阀,13,0,13
恒亿豆腐设备,0,0,0
恒好激光切割机,3,0,3
恒娥不锈钢花盆,0,0,0
恒峰蓝RTO蓄热式焚烧炉厂家,0,0,0
恒新复合材料,0,0,0
恒漉工作服,0,0,0
恩亲公墓大全,1,0,1
恩全百货,2,0,2
恩珂轩家具,61,516,577
恩股科技,0,0,0
恭城县栗木镇建玉育苗基地,0,0,0
恭王府一键智能游,8,0,8
慈孝堂,1,0,1
慈溪市宁慈注塑机商行第一店铺,0,0,0
慈溪市菲富利旋塑工程有限公司,0,0,0
慈远航专业摄影摄像器材,0,0,0
慈远航数码二店,0,0,0
懂你所在民宿,0,0,0
懂得网,23,0,23
懂我卡,0,0,0
懂我卡畅享版,0,0,0
懂苗服务,0,0,0
戈斯顿煤改电采暖厂家,0,0,0
戈锐特厦门机电有限公司,0,0,0
成登鹿凝片,0,0,0
成都三寸科技有限公司,1,0,1
成都东胜付信息技术有限公司,0,0,0
成都中冷低温科技有限公司,0,0,0
成都中建材光电材料高纯店铺,0,0,0
成都乾干科技有限公司,0,0,0
成都二当家餐饮管理有限公司,1,0,1
成都二次元爱优漫,0,0,0
成都二次元看漫画,0,0,0
成都二次元神漫画,0,0,0
成都京盛川贸易,0,0,0
成都亿联多机械制造有限公司,0,0,0
成都优家美地园艺场,0,0,0
成都优布纺窗帘有限公司,0,0,0
成都俭让市井串串,0,0,0
成都共同管业集团股份有限公司,1,0,1
成都冰稻制冷设备有限公司,0,0,0
成都初约健康咨询有限公司,1,0,1
成都北钓烹饪学校,0,0,0
成都千铭儿网络科技有限公司,1,0,1
成都华寅粉体科技有限公司,0,0,0
成都华能低温设备制造有限公司,0,0,0
成都吉地电子技术有限公司,0,0,0
成都君梓易食品有限公司,0,0,0
成都圣卡丹服饰有限公司,0,0,0
成都基业苗木,0,0,0
成都壹贰叁锁业有限公司,0,0,0
成都大树底下餐饮管理有限公司,1,0,1
成都天府新区邓氏骨科医院,1,0,1
成都威莱尔低温设备第一店铺,0,0,0
成都宣复石材有限公司,0,0,0
成都家具展非色,0,0,0
成都小代财税服务有限公司,0,0,0
成都川氟泵阀有限公司,0,0,0
成都川钢模板有限公司,0,0,0
成都市厚强农业开发宜昌分,0,0,0
成都市呱串串餐饮管理有限公司,1,0,1
成都市柯林农业发展有限责任公司,0,0,0
成都市禹轩农业开发第二店铺,0,0,0
成都市第一等科技有限公司,0,0,0
成都市缔宸商贸有限公司,0,0,0
成都市胡记串串香有限公司,1,0,1
成都市锦江区鼓乐镁文第一店铺,0,0,0
成都市青白江区新发建材福隆分,0,0,0
成都市鹏程靓地新型地坪材料,0,0,0
成都帝言家居有限公司,1,0,1
成都弗洛泽伊新材料科技有限公司,0,0,0
成都思萌宠物火化,3,0,3
成都怡鑫美美贸易有限公司,0,0,0
成都恒盛达展览展示设计搭建工厂,0,0,0
成都恩亲公墓网,0,0,0
成都感智索蓝科技有限公司,1,0,1
成都新侨丰电子,0,0,0
成都新房除甲醛迪凌,2,0,2
成都普瑞法科技开发有限公司,0,0,0
成都景赐园林绿化第一店铺,0,0,0
成都景赐园林绿化第二店铺,0,0,0
成都智雨节水灌溉科技有限公司,0,0,0
成都服灵饰秀,3,0,3
成都机地科技有限公司,1,0,1
成都渝荣化工有限公司,0,0,0
成都源码标识技术第二店铺,0,0,0
成都瀚腾触控科技第一店铺,0,0,0
成都独门驿餐饮管理有限公司,1,0,1
成都环球智感科技有限公司,0,0,0
成都甘先生食品有限公司,0,0,0
成都田园兄弟木业有限公司,0,0,0
成都百年炊烟餐饮管理有限公司,1,0,1
成都百都科技,258,0,258
成都知寸空间测绘仪器第一店铺,0,0,0
成都福莫斯工业技术有限公司,0,0,0
成都结创源游泳池设备有限公司,0,0,0
成都翠控文化传播有限公司,0,0,0
成都艾珀耐特复合材料有限公司,1,0,1
成都英美尔农牧科技第三店铺,0,0,0
成都蓝色卫士除虫服务第一店铺,0,0,0
成都蜀洁康惠纸业有限公司,0,0,0
成都贰麻餐饮娱乐有限公司,1,0,1
成都赶紧拍科技有限公司,1,0,1
成都辰聪装饰材料有限公司,0,0,0
成都邓老幺空调制冷设备有限公司,0,0,0
成都金水斧机械设备第一店铺,0,0,0
成都鑫崇星建筑工程有限公司,0,0,0
成都鑫繁塑料有限公司第一店铺,0,0,0
成都鑫耀智达灯具有限公司,0,0,0
成都锁当家科技有限公司,0,0,0
成都阜达液压设备有限公司,0,0,0
成都青青农林机械有限公司,0,0,0
成都非凡生物高新科技有限公司,0,0,0
成都顶冠农业有限公司,1,0,1
成都顺师傅餐饮管理有限责任公司,0,0,0
成都顿力达流体科技有限公司,0,0,0
成都领创空间孵化器有限公司,0,0,0
戴先生酒庄,0,0,0
戴尔芙蒂,0,0,0
戴思乐与泳池,0,0,0
戴歌科技深圳有限公司,0,0,0
戴纳标识技术上海第二店铺,0,0,0
戴西勒缓冲清扫系列,11,0,11
房产超市网,0,0,0
房大全找房,0,0,0
房来啦新房,0,0,0
扶创财务咨询深圳有限公司,0,0,0
扶摇上健体,0,0,0
扶遥网络设备专营店,0,0,0
扶风斯诺特生物科技第二店铺,0,0,0
承德天大钒业有限责任公司,1,0,1
承德水滴网络科技有限公司,1,0,1
抖几句短视频剧本平台,1,0,1
抖开平台,0,0,0
抖洁山东环境科技有限公司,0,0,0
抖精灵,0,0,0
抖趣,1,0,1
抖趣视频,1,0,1
抚州市东乡区华轩缘佛艺有限公司,0,0,0
抚州市东乡区慈结缘法器第一店铺,0,0,0
抚州市隆远混凝土切割有限公司,0,0,0
抚肤香体,0,0,0
抚顺市新抚区天富家庭农场,0,0,0
抚顺弘扬防腐材料有限公司,0,0,0
抚顺期待化工产品销售第一店铺,0,0,0
抵奥云,0,0,0
抵押车交易网,0,0,0
拆车坊,0,0,0
拱墅文旅服务平台,0,0,0
搭消百货,2,0,2
改色之家车身贴膜,1,0,1
放空山居,0,0,0
故城县恒耀再生资源回收有限公司,0,0,0
斗斗七,1,0,1
斗米兼职全职工作,38,2,40
斧冠实木地板,0,0,0
方亿峯度,0,0,0
方寸智造科技东莞市有限公司,0,0,0
方寸雅居,14,0,14
方鼎科技有限公司,0,0,0
昊天斗式提升机,0,0,0
昊然内膜袋厂家,34,0,34
昊秦,0,0,0
昌乐令元孵化场,0,0,0
昌图丽春鹅雏孵化厂第一店铺,0,0,0
昌益二次构造柱泵,26,0,26
昌隆家纺床品,0,0,0
昌黎县质存苗木繁育基地第一店铺,0,0,0
春久换热器,3,0,3
春强化工用搅拌釜反应釜,22,0,22
春泽居,0,0,0
春泽屋,0,0,0
春甜催乳师培训,10,0,10
春蜂,1,0,1
春鲜生态农业,5,0,5
晟智充话费充值,0,0,0
晨阳快乐篮球范,0,0,0
更三高考,0,0,0
更点自编书,0,0,0
服云玺,0,0,0
服品汇,0,0,0
朝阳宏宝豆制品设备有限公司,0,0,0
朝阳市鑫河沸石科技有限公司,0,0,0
本地屋网,0,0,0
本溪市三合钙粉有限公司,0,0,0
朵一小墅,0,0,0
村伴竹院民宿,0,0,0
杜帮人造石,0,0,0
杜拉西,1,0,1
杜鸥广东标识技术有限公司,0,0,0
杭州万事利丝绸文化股份有限公司,1,0,1
杭州东导数据技术有限公司,1,0,1
杭州中复,0,0,0
杭州中复资讯站,0,0,0
杭州云渡民宿,0,0,0
杭州五重智能科技第一店铺,0,0,0
杭州共普智能技术有限公司,0,0,0
杭州兴都纺织品有限公司第一店铺,0,0,0
杭州冬岛科技有限公司,0,0,0
杭州利纯环保科技有限公司,1,0,1
杭州千峰废旧物资回收有限公司,0,0,0
杭州古大科技,0,0,0
杭州可当科技有限公司,1,0,1
杭州四季青服装大市场鸽帝服饰,0,0,0
杭州复恒科技有限公司,1,0,1
杭州多方信息科技有限公司,1,0,1
杭州大索科技有限公司,1,0,1
杭州天迪电子技术有限公司,1,0,1
杭州存信数据科技有限公司,1,0,1
杭州宝格丽生物科技有限公司,0,0,0
杭州崇科高端原材料高岭土滑石粉云母,0,0,0
杭州巩筑机电有限公司,1,0,1
杭州市西湖区七丐百货店第一店铺,0,0,0
杭州德普测量设备有限公司,0,0,0
杭州慈孝堂,1,0,1
杭州搞定网络科技有限公司,0,0,0
杭州旦悦科技有限公司,1,0,1
杭州朵一小墅民宿,0,0,0
杭州桂冠环保科技有限公司,0,0,0
杭州棕榈地科技开发有限公司,0,0,0
杭州欧德霸阀业有限公司,0,0,0
杭州汇成供应链管理有限公司,0,0,0
杭州泛索能超声科技有限公司,0,0,0
杭州泛索能超声科技第二店铺,0,0,0
杭州注册公司点到,0,0,0
杭州测功科技有限公司,0,0,0
杭州海韵泳池工程第一店铺,0,0,0
杭州然尔科技,0,0,0
杭州甘蓝建筑装饰有限公司,0,0,0
杭州碟滤膜技术有限公司,1,0,1
杭州碟滤膜技术有限公司第一店铺,0,0,0
杭州科盈环境工程有限公司,0,0,0
杭州而墨物联网科技有限公司,1,0,1
杭州而然科技有限公司,1,0,1
杭州聪普智能科技有限公司,1,0,1
杭州胜得机械有限公司,0,0,0
杭州菲跃仪器有限公司,0,0,0
杭州董小宛生物科技有限公司,1,0,1
杭州西斗环境科技有限公司,0,0,0
杭州进取纺织品有限公司,0,0,0
杭州远洋新河酒店拱墅分公司,0,0,0
杭州铭蕾生物科技有限公司,0,0,0
杭州阿昌健康科技第一店铺,0,0,0
杭州雷德夫科技有限公司,1,0,1
杭州风马牛科技有限公司,0,0,0
杭州高科复合材料有限公司,0,0,0
杭州龙洞塑料制品有限公司,0,0,0
杭度网络,0,0,0
果冻宝盒,0,0,0
果冻宝盒运营中心,1,0,1
果友柑桔苗,11,0,11
枸杞岛阡陌海景客栈,0,0,0
柏乐玻璃反应釜,0,0,0
柏乡县星选炊具销售中心,0,0,0
柏林电加热反应釜,12,0,12
查典库,4,0,4
查无NotFound美容护肤,1,0,1
栋另商贸,2,0,2
格乐利雅,3,0,3
格理昂移民,0,0,0
格瑞特全自动穿条机厂,13,0,13
格瑞特开齿机复合机厂,11,0,11
格瑞特数控穿条机厂家,13,0,13
格瑞特穿条机械厂家,12,0,12
格致天赋测评,0,0,0
格鲁吉亚红酒品鉴,0,0,0
格鲁夫机械,1,0,1
桂林石光纪珠宝有限公司,0,0,0
桂林领创汇润酒店管理有限公司,0,0,0
桂电电力科技有限公司,0,0,0
桂聪,0,0,0
档托邦全国个人档案查询入口,0,0,0
椿上村宿预定,0,0,0
椿下煮食,0,0,0
椿风养生茶,15,0,15
楚品鲜三国优品,1,0,1
楚雄市东华镇益农有机肥厂,0,0,0
楚齐电工仪表,0,0,0
樊登读书,0,0,0
橙诚上海国际贸易有限公司,0,0,0
橱柜网,1,0,1
次元宝,0,0,0
歌梵图,1,0,1
歌蓝新风系统,29,0,29
段记服饰,21,0,21
毒勿潮库,1,0,1
比斯特冷冻组合岛柜,16,0,16
氟仪塑料上海有限公司,0,0,0
氟美斯滤袋PPS除尘袋,0,0,0
汉中构店云,22,0,22
汉中高海英调味品平台,66,516,582
汉斯顿反渗透净水器,1,0,1
汉明盾科技,0,0,0
汉鑫镀锌管,0,0,0
汉鼎垂钓商城,1,0,1
池州市金盾防火材料有限公司,0,0,0
池州正万护栏有限公司,0,0,0
汾州香食品,1,0,1
沧县卫春塑料制品厂,0,0,0
沧县崇臻塑料制品厂第一店铺,0,0,0
沧州仁辉体育设施第一店铺,0,0,0
沧州信必达农牧科技第二店铺,0,0,0
沧州兴元调压器有限公司,0,0,0
沧州兴林交通设施有限公司,0,0,0
沧州北钢管业有限公司,0,0,0
沧州双旗炼化设备科技有限公司,0,0,0
沧州四凯机车车辆配件有限公司,0,0,0
沧州垂盛建筑器材有限公司,0,0,0
沧州奕辉工量具有限公司,0,0,0
沧州奥成体育器材制造有限公司,0,0,0
沧州奥栋健身器材有限公司,0,0,0
沧州岗鑫管件有限公司,0,0,0
沧州市崇隆管道制造第一店铺,0,0,0
沧州市狮城鸽楼景观工程有限公司,0,0,0
沧州康仕达建筑器材有限公司,0,0,0
沧州恒阜管道设备有限公司,0,0,0
沧州栋强管道制造有限公司,1,0,1
沧州求真仪器设备有限公司,0,0,0
沧州环通交通设施有限公司,0,0,0
沧州登顶体育设施有限公司,0,0,0
沧州百荣电力器材有限公司,0,0,0
沧州聪颖减速机有限公司,0,0,0
沧州荣轩自动化设备有限公司,0,0,0
沧州蜂之翼蜡业有限公司,0,0,0
沧州贡德模具制造有限公司,0,0,0
沧州赋锦多管道装备制造第一店铺,0,0,0
沧州运通体育器材制造有限公司,0,0,0
沧州金牧机械设备有限公司,0,0,0
沧州龙泰体育器材第三店铺,0,0,0
沧州龚晟保温材料有限公司,0,0,0
沪尚茗居整体家装,3,0,3
沪科无锡机械刀片有限公司,0,0,0
河北一矿矿产品有限公司第二店铺,0,0,0
河北一雕景观工程有限公司,0,0,0
河北丛卫园林雕塑有限公司,0,0,0
河北丛泰路桥养护工程有限公司,0,0,0
河北丰农有机肥制造有限公司,0,0,0
河北丹铭生物科技有限公司,0,0,0
河北九津环保技术有限公司,0,0,0
河北乾登泵业有限公司第一店铺,0,0,0
河北乾登泵业有限公司第二店铺,0,0,0
河北互感器制造厂,1,0,1
河北仨龙索具有限公司第一店铺,0,0,0
河北优范环保科技有限公司,0,0,0
河北佳莹环保科技有限公司,0,0,0
河北俄孚石油机械第一店铺,0,0,0
河北俊田生物科技有限公司,0,0,0
河北元科丝网制品有限公司,0,0,0
河北兆顺毛毡制品第一店铺,0,0,0
河北全封橡塑制品有限公司,0,0,0
河北兰蒂斯环保科技有限公司,0,0,0
河北共产党员,0,0,0
河北共威液压机械设备第一店铺,0,0,0
河北共晶激光技术有限公司,0,0,0
河北兴润燃气调压器有限公司,0,0,0
河北养乐新型建材有限公司,0,0,0
河北冀中志翔科技第二店铺,0,0,0
河北冠力环保设备有限公司,0,0,0
河北初彩贸易有限公司,0,0,0
河北利祥灯具制造有限公司,0,0,0
河北削滴子智能机械设备第一店铺,0,0,0
河北动联智能设备科技有限公司,0,0,0
河北华佐德佑风电设备科技,0,0,0
河北华品生物科技第一店铺,0,0,0
河北卓为网络科技有限公司,0,0,0
河北博古园林雕塑工程第一店铺,0,0,0
河北印刚紧固件制造有限公司,0,0,0
河北厚雅环保科技第一店铺,0,0,0
河北双航园林古建筑工程有限公司,0,0,0
河北古润园林古建筑工程有限公司,0,0,0
河北呆米科技有限公司,0,0,0
河北周亚废旧物资回收有限公司,0,0,0
河北品硕机械设备有限公司,0,0,0
河北地生金肥业有限公司第一店铺,0,0,0
河北声定环保科技有限公司,0,0,0
河北大拙管道设备第一店铺,0,0,0
河北大牛节水果树滴灌,0,0,0
河北奕聪门业有限公司,0,0,0
河北妙弛园林绿化工程有限公司,0,0,0
河北威力东方复合材料有限公司,0,0,0
河北宁宇化工有限公司,0,0,0
河北宇雕起重装备科技有限公司,1,0,1
河北宏匠模具制造有限公司,0,0,0
河北宏绰玻璃钢制品有限公司,0,0,0
河北宝日土工材料有限公司,0,0,0
河北崇懿仿古建材第一店铺,0,0,0
河北崇煊丝网制品第三店铺,0,0,0
河北崇申环保设备第一店铺,0,0,0
河北崇艺雕塑工艺品制造有限公司,0,0,0
河北崇艺雕塑工艺品制造第二店铺,0,0,0
河北崇雨网络技术有限公司,1,0,1
河北崔氏橡塑制品科技第一店铺,0,0,0
河北弛轩园林绿化工程有限公司,0,0,0
河北德愿智能科技有限公司,0,0,0
河北德硕新材料科技有限公司,0,0,0
河北德科机械科技第一店铺,0,0,0
河北恒帆丝网制品,0,0,0
河北扶摇管道设备有限公司,0,0,0
河北振邦氟涂料有限公司,0,0,0
河北捷弗维供暖设备第二店铺,0,0,0
河北方寸电气设备有限公司,0,0,0
河北昂创丝网制品第一店铺,0,0,0
河北春深科技发展有限公司,0,0,0
河北昶咏晟新材料科技第二店铺,0,0,0
河北晁群农业科技循环化工园区分,0,0,0
河北晟冬建筑工程第一店铺,0,0,0
河北晟冬建筑工程第三店铺,0,0,0
河北晟冬建筑工程第二店铺,0,0,0
河北晨酬建设工程有限公司,0,0,0
河北普信顿仪器销售有限公司,0,0,0
河北景瑞金属丝网制造有限公司,0,0,0
河北智科电力器材销售有限公司,0,0,0
河北智缔农业科技有限公司,0,0,0
河北朝歌仿古建材有限公司,0,0,0
河北杜美交通设施安装第一店铺,0,0,0
河北杰喜龙建材有限公司,0,0,0
河北格宾五金丝网,2,0,2
河北森顿粮储机械有限公司,0,0,0
河北正鑫电气科技有限公司,0,0,0
河北殿华保温材料第一店铺,0,0,0
河北殿华保温材料第二店铺,0,0,0
河北汇德福农业科技第一店铺,0,0,0
河北沁迈金属材料有限公司,0,0,0
河北泛众科技设备有限公司,0,0,0
河北泰功金属丝网制品第一店铺,0,0,0
河北海栋丝网制品有限公司,0,0,0
河北海栋丝网制品第二店铺,0,0,0
河北润丛建筑器材有限公司,0,0,0
河北润强环保能源装备第二店铺,0,0,0
河北淀荷水生植物种植有限公司,0,0,0
河北炽繁生物科技第一店铺,0,0,0
河北瑞云丝网科技第一店铺,0,0,0
河北瑞翰防腐材料第二店铺,0,0,0
河北登捷焊接材料有限公司,0,0,0
河北登润机械设备科技第一店铺,0,0,0
河北皋端建材科技有限公司,1,0,1
河北皓刚管道防腐保温工程,0,0,0
河北盛世恒屹体育用品有限公司,0,0,0
河北盛马电子科技河南分,0,0,0
河北省厚康矿产品第一店铺,0,0,0
河北祎锋门窗有限公司第一店铺,0,0,0
河北福乾管道科技第一店铺,0,0,0
河北科维特管道装备有限公司,0,0,0
河北端勤环保科技有限公司,0,0,0
河北端星气体机械有限公司,0,0,0
河北筑宁乾阀门制造有限公司,0,0,0
河北米阳防腐材料有限公司,0,0,0
河北精工机床制造第二店铺,0,0,0
河北繁东丝网制品有限公司,0,0,0
河北繁强保温材料第一店铺,0,0,0
河北繁恒金属丝网制品第一店铺,0,0,0
河北罗奇新材料科技有限公司,0,0,0
河北美春散热器第二店铺,0,0,0
河北美隆废旧物资回收有限公司,0,0,0
河北翔亿机械设备有限公司,0,0,0
河北耕石网络科技,0,0,0
河北肥源农业科技第二店铺,0,0,0
河北腾跃防腐材料有限公司,0,0,0
河北腾达电力器材制造有限公司,0,0,0
河北至上机械设备有限公司,0,0,0
河北蓝星清洗工程有限公司,0,0,0
河北蓝池园林古建筑工程有限公司,0,0,0
河北蓝泽化工有限公司,0,0,0
河北衡风环保设备第一店铺,0,0,0
河北裂变客科技成果孵化器,1,0,1
河北裕荣仿古建材有限公司,0,0,0
河北诺安科技有限公司,0,0,0
河北贺翔光电科技有限公司,0,0,0
河北赛夫特建筑设备有限公司,0,0,0
河北赤坤环保科技第三店铺,0,0,0
河北赤锦新能源科技第一店铺,0,0,0
河北轩诺粮储机械设备制造,1,0,1
河北辰力吊索具集团有限公司,0,0,0
河北迅鸽外呼系统,6,0,6
河北迅鸽网络科技第二店铺,0,0,0
河北迪菱机电设备销售有限公司,0,0,0
河北通明钢结构有限公司第一店铺,0,0,0
河北通祺输送机械枣强分,0,0,0
河北通能紧固件制造有限公司,0,0,0
河北道酬工程材料有限公司,0,0,0
河北郸农肥业有限公司,0,0,0
河北郸图,1,0,1
河北酬勤管道防腐保温工程,0,0,0
河北醴泉甘泠科技有限公司,0,0,0
河北金羽养殖设备第一店铺,0,0,0
河北鑫中科技有限公司第二店铺,0,0,0
河北鑫钰建材有限公司,0,0,0
河北鑫麒钢管调直机,1,0,1
河北钦池园林工程有限公司,0,0,0
河北铭福丝网制品有限公司,0,0,0
河北铸晨贸易有限公司,0,0,0
河北锐业玻璃钢制品有限公司,0,0,0
河北镀程丝网制品第一店铺,0,0,0
河北镀程丝网制品第二店铺,0,0,0
河北雄安崇恒环保科技有限公司,0,0,0
河北雄安淀荷园林绿化第一店铺,0,0,0
河北雪傲管道设备有限公司,0,0,0
河北顿淼科技有限公司,0,0,0
河北风之盾门窗有限公司,0,0,0
河北驰崇丝网制品有限公司,0,0,0
河北骏帆丝网制品有限公司,0,0,0
河北鲸浪泳池设备技术第一店铺,0,0,0
河北鹏尚金属丝网,2,0,2
河北鼎基丝网制品有限公司,0,0,0
河北龙泉剑钉业集团有限公司,1,0,1
河南万之瑞纸业有限公司,0,0,0
河南万川环保设备有限公司,0,0,0
河南三峰化工设备有限公司,0,0,0
河南东全科技有限公司,0,0,0
河南东泰低温设备有限公司,0,0,0
河南东阳净化设备有限公司,0,0,0
河南中兴苗木第一店铺,0,0,0
河南中安电子探测技术有限公司,0,0,0
河南中耐化工设备有限公司,0,0,0
河南中辰生物科技有限公司,0,0,0
河南中钦悬浮式拼装地板,0,0,0
河南乐佳电子科技第一店铺,0,0,0
河南九港星润生物科技有限公司,0,0,0
河南云朵机械有限公司,0,0,0
河南人从众机械制造有限公司,0,0,0
河南众晟复合材料,0,0,0
河南佳柔纸业有限公司,0,0,0
河南修康药业第二店铺,0,0,0
河南兆迪电子科技有限公司,0,0,0
河南六鹤药业第一店铺,0,0,0
河南共威机械设备第三店铺,0,0,0
河南共威机械设备第二店铺,0,0,0
河南凤轩养殖设备有限公司,0,0,0
河南利星畜牧设备第三店铺,0,0,0
河南十二药坊药业有限公司,0,0,0
河南千从智能科技第一店铺,0,0,0
河南华隆特机械设备有限公司,0,0,0
河南卓格农牧机械第一店铺,0,0,0
河南吉星猫电子设备有限公司,0,0,0
河南和而福食品贸易有限公司,1,0,1
河南地卫士生物科技有限公司,0,0,0
河南地特力电气有限公司第一店铺,0,0,0
河南塑诚环保科技有限公司,0,0,0
河南复晶仪器设备有限公司,0,0,0
河南天佑辰机械设备第一店铺,0,0,0
河南天成鸽业有限公司第一店铺,0,0,0
河南天明鸽业有限公司第一店铺,0,0,0
河南天行健生物科技有限公司,0,0,0
河南天酬化工产品有限公司,0,0,0
河南天驰低温机械设备第一店铺,0,0,0
河南奉民宇隆工业设备制造,0,0,0
河南宇丰商用厨具有限公司,0,0,0
河南宇航金属材料第二店铺,0,0,0
河南客串信息科技有限公司,0,0,0
河南家师到教育科技有限公司,1,0,1
河南宸歌机械有限公司,0,0,0
河南宸泽环保科技有限公司,0,0,0
河南富存机械设备有限公司,0,0,0
河南崇创路桥设备有限公司,0,0,0
河南崇旭机械设备有限公司,0,0,0
河南工防消防公司,1,0,1
河南巩械机械设备第二店铺,0,0,0
河南帝利达建材有限公司,0,0,0
河南帝通科技有限公司,1,0,1
河南惠阳矿山机械设备有限公司,0,0,0
河南感芯物联网科技第一店铺,0,0,0
河南房大锤网络技术有限公司,1,0,1
河南抖火网络科技有限公司,1,0,1
河南捷亚机械制造有限公司,0,0,0
河南斯派特蜘蛛吊,3,0,3
河南新鸽摩托车有限公司,1,0,1
河南昌奇水处理材料第一店铺,0,0,0
河南易护园林绿化工程第一店铺,0,0,0
河南晟赫化工有限公司,0,0,0
河南景典标识设计制作第三店铺,0,0,0
河南朋来科技有限公司,0,0,0
河南本池实业有限公司,0,0,0
河南格润利格农林设备第一店铺,0,0,0
河南格润利格农林设备第二店铺,0,0,0
河南森创机械设备第一店铺,0,0,0
河南殷之都环保科技有限公司,0,0,0
河南永益同丰智能科技有限公司,0,0,0
河南洪顺特科技有限公司,0,0,0
河南洱星建材有限公司,0,0,0
河南清淼基础工程有限公司,0,0,0
河南灵甫实业有限公司第一店铺,0,0,0
河南煜辰耐火材料有限公司,0,0,0
河南照顺环保科技有限公司,0,0,0
河南爱阅抖商蓝V企业认证服务,132,0,132
河南特分环保科技有限公司,0,0,0
河南独树包装有限公司,0,0,0
河南独树包装有限公司第二店铺,0,0,0
河南玛恩汽车用品有限公司,0,0,0
河南环山实业有限公司第二店铺,0,0,0
河南百汇低温设备有限公司,0,0,0
河南盈磁电子科技有限公司,0,0,0
河南省匠弛节能科技有限公司,0,0,0
河南省华尚滑导电器第一店铺,0,0,0
河南省四海防腐集团有限公司,1,0,1
河南省宏盛农牧机械设备有限公司,0,0,0
河南省彭大顺实业第一店铺,0,0,0
河南省福牛秸秆综合利用第三店铺,0,0,0
河南省纳川基础工程有限公司,1,0,1
河南省豫封多肉植物种植有限公司,1,0,1
河南省躬耕农业机械制造有限公司,0,0,0
河南省郑登耐火材料第一店铺,0,0,0
河南省雪淳建筑材料第三店铺,0,0,0
河南立隔实业有限公司,0,0,0
河南米岛信息科技有限公司,0,0,0
河南精恒机械设备有限公司,0,0,0
河南红星移动破矿山机器,0,0,0
河南缔展国际贸易有限公司,0,0,0
河南缔展国际贸易第二店铺,0,0,0
河南美迪泰实业有限公司第二店铺,0,0,0
河南耕晖机械设备有限公司,0,0,0
河南耕鑫机械设备有限公司,0,0,0
河南衣坊秀服饰有限公司,0,0,0
河南豫恩净化设备有限公司,0,0,0
河南豫雕雕塑艺术有限公司,0,0,0
河南赛傅生物科技第一店铺,0,0,0
河南赤铖光电科技第二店铺,0,0,0
河南赵府黑米醋酿造有限公司,1,0,1
河南辰之佃金属制品有限公司,0,0,0
河南通富机械有限公司,0,0,0
河南金瑞艾杰建材第一店铺,0,0,0
河南金箍制动器股份有限公司,1,0,1
河南金箍制动器股份有限第一店铺,0,0,0
河南金色圣火叶面肥冲施肥水溶肥,4,8,12
河南鑫农生物科技第三店铺,0,0,0
河南鑫昊冶金有限公司第一店铺,0,0,0
河南银雁机械设备有限公司,0,0,0
河南锐都机械制造有限公司,0,0,0
河南非零网络科技有限公司,1,0,1
河南高开电气有限公司,0,0,0
河南高泽耐材有限公司第一店铺,0,0,0
河南龙宇滴灌带微喷带,1,0,1
河南龙迪智能科技有限公司,0,0,0
河圣卧床式翻板闸门,12,0,12
河钢山东钢铁有限公司,0,0,0
河间市易兴保温钉厂,0,0,0
河间市永固保温钉厂第一店铺,0,0,0
河间市鑫万顺保温钉厂第三店铺,0,0,0
河间市鑫瑞模具有限责任公司,0,0,0
法临说法,0,0,0
法在法律咨询,0,0,0
法妞问答律师咨询,2,0,2
法尼工业机械上海有限公司,0,0,0
法师兄法律咨询,0,0,0
法帮律师法律咨询,0,0,0
法库县包家屯兴业沸石第一店铺,0,0,0
法桥律师咨询,27,0,27
法磁附近律师咨询,15,0,15
法罗威江苏电子科技有限公司,0,0,0
法莎莉工作服定制,1,0,1
法讯网,20,0,20
泛亚彩色路面,2,0,2
泛亚快干水泥,2,0,2
泛瑞凌悦山居,0,0,0
洞酩酒业,1,0,1
洪叶权演讲稿教学,0,0,0
洪星浮船挖掘机出租,3,0,3
洪江市八门果业苗木专业合作社,0,0,0
洪江市绿农果业苗木种植,0,0,0
洪江市绿农果业苗木种植第二店铺,0,0,0
洪江市绿鑫果业苗木专业合作社,0,0,0
浩天供应异麦芽酮糖醇,1,0,1
浩德隆矿用带式给煤机厂家,19,0,19
浮云牧场海子,0,0,0
浮云网络,0,0,0
浮以白咖民宿,0,0,0
浮岛水生,2,0,2
浮水栖居民宿,0,0,0
浮游云上美宿馆,0,0,0
浮游花园民宿,0,0,0
浮生设计,0,0,0
浮鲸恋爱蜜语,0,0,0
海一宇畜牧清粪机,0,0,0
海之隆专业火锅牛羊肉出品商,0,0,0
海南一岛一梦户口迁移,0,0,0
海南枋革行商贸有限公司,1,0,1
海南高灯科技有限公司,1,0,1
海口欣佳达机电有限公司,0,0,0
海口海木纺工艺品有限公司,0,0,0
海口秀英颍川堂珠宝店,0,0,0
海口非访科技,2,0,2
海固防化服,0,0,0
海固防毒面具,0,0,0
海宁市风丽苗木专业合作社,0,0,0
海宁钦锐机械有限公司,0,0,0
海底捞调味料旗舰店,1,0,1
海德水刀切割机,0,0,0
海林正德臭氧油厂家,0,0,0
海洁抽沙船,19,0,19
海派三防漆涂覆机,0,0,0
海淀府,115,0,115
海源劳保工服定制厂家,0,0,0
海源工作服,0,0,0
海烽留学,0,0,0
海狸兄弟防水,1,0,1
海耀废旧物资回收,0,0,0
海鑫首创网络科技,0,0,0
海风一对一辅导,0,0,0
涤美工业洗衣机,0,0,0
涪州汇,2,0,2
淡蓝旅游,0,0,0
淳仕资产管理上海有限公司,1,0,1
淳源创设计,0,0,0
渡华丝网,0,0,0
港邦物流,1,0,1
湖北中复能新型材料第一店铺,0,0,0
湖北丰热科技有限公司,0,0,0
湖北互赢食用菌机械有限公司,0,0,0
湖北五三农场绿普旺食品第一店铺,0,0,0
湖北以楚健康生物科技有限公司,0,0,0
湖北俊卓汽车销售有限公司,0,0,0
湖北健楚生物有限公司,0,0,0
湖北公信会计师事务有限公司,1,0,1
湖北共业复合材料第一店铺,0,0,0
湖北共业复合材料第三店铺,0,0,0
湖北共业复合材料第二店铺,0,0,0
湖北兴东诚化工有限公司第三店铺,0,0,0
湖北兴恒业科技有限公司第一店铺,0,0,0
湖北凯胜清洗有限公司第一店铺,0,0,0
湖北华放建设工程第二店铺,0,0,0
湖北华醇食品有限公司,0,0,0
湖北博蓝化工有限公司,0,0,0
湖北双焱化工有限公司,0,0,0
湖北天问专业钓饵第一店铺,0,0,0
湖北威尔特芬房车科技第二店铺,0,0,0
湖北富山新材料科技有限公司,0,0,0
湖北康慈投资有限责任公司,1,0,1
湖北弗威德尔科技有限公司,0,0,0
湖北成丰化工有限公司第三店铺,0,0,0
湖北新中绿专用汽车工程车分,0,0,0
湖北新府铝业有限公司,0,0,0
湖北星炬专用汽车有限公司,0,0,0
湖北普力克防腐技术有限公司,0,0,0
湖北桓禾科技有限公司,0,0,0
湖北楚大智能装备有限公司,0,0,0
湖北楚罐楚蒸餐饮管理有限公司,1,0,1
湖北武当道和旅游开发有限公司,1,0,1
湖北永达电扶梯有限公司,0,0,0
湖北清月复合材料股份有限公司,0,0,0
湖北滴水科技有限公司第一店铺,0,0,0
湖北省兆复安电气自动化第二店铺,0,0,0
湖北省妇幼保健院,0,0,0
湖北科教导刊杂志社,1,0,1
湖北科沃德化工有限公司,0,0,0
湖北绿筑新型建材有限公司,0,0,0
湖北联创美尚高隔铝业第一店铺,0,0,0
湖北肖氏景观工程第一店铺,0,0,0
湖北艾师傅科技有限公司,0,0,0
湖北艾弗斯机械有限公司第一店铺,0,0,0
湖北英拓智能装备有限公司,0,0,0
湖北菇人自动化机械有限公司,0,0,0
湖北菌丰自动化机械有限公司,0,0,0
湖北象地惠欣环保设备有限公司,0,0,0
湖北速普尔化工有限公司,0,0,0
湖北速普尔化工有限公司第二店铺,0,0,0
湖北鄂动机电设备制造有限公司,0,0,0
湖北鄂桥工程有限公司第一店铺,0,0,0
湖北锋瑞热能科技有限公司,0,0,0
湖北雄兑特种线缆有限公司,0,0,0
湖北飞虹钢结构工程有限责任公司,0,0,0
湖北驰向工业设备有限公司,0,0,0
湖北鲁泉新型材料第一店铺,0,0,0
湖北鼎顺石化,17,0,17
湖北龙马除雪车,1,0,1
湖南中医药大学第二附属医院,34,0,34
湖南九丰建筑科技有限公司,0,0,0
湖南井原新材料科技有限公司,0,0,0
湖南佳元禄食品有限公司,0,0,0
湖南健耳听力助听器有限公司,1,0,1
湖南全波段微波电子第一店铺,0,0,0
湖南国藩环保新材料第一店铺,0,0,0
湖南天美钢结架三面翻建设,0,0,0
湖南开景科技发展有限公司,0,0,0
湖南弗信昱智能科技有限公司,0,0,0
湖南德骏食品科技有限公司,0,0,0
湖南战虫环境科技第二店铺,0,0,0
湖南昊德仪器设备有限公司,0,0,0
湖南本业绿色防控科技第一店铺,0,0,0
湖南楚一机电有限公司,0,0,0
湖南甄金交通设施工贸广东分,0,0,0
湖南登腾广告设备有限公司,0,0,0
湖南省定家宜装饰材料第二店铺,0,0,0
湖南省戴永红商业连锁有限公司,1,0,1
湖南省瑞源农业有限公司,0,0,0
湖南省蒂红科技有限公司,1,0,1
湖南省铁储物资有限公司,0,0,0
湖南符氏机电设备第一店铺,0,0,0
湖南耐得丽三面翻网架钢结构工程,0,0,0
湖南胜峰龙保温材料,0,0,0
湖南达醇润滑油有限公司第一店铺,0,0,0
湖南雅华信息,0,0,0
湖南首药商城,0,0,0
湖山郡府,0,0,0
湖州邓氏智能装备有限公司,0,0,0
湖州韵峰丝绸有限公司,1,0,1
滁州市南谯区家传苗木专业合作社,0,0,0
滇赞科技,0,0,0
滇香阁,1,0,1
滏镕调直机,0,0,0
滏镕钢管调直除锈机,0,0,0
滑县弹花匠弹花机械有限公司,0,0,0
滨州市辉大蛋白饲料有限公司,0,0,0
滨州鲁汇化纤绳网第一店铺,0,0,0
滴家整装,0,0,0
滴水筹,0,0,0
滴海北京环保科技有限公司,0,0,0
滴答顺风车,0,0,0
潮安东凤安特莱不锈钢制品厂,0,0,0
潮州丛香汇茶厂,2,0,2
澄城县缘份喜庆文化传媒有限公司,61,516,577
瀚泓温调地源热泵,19,0,19
瀚泓节能温调水源热泵,25,0,25
瀚泓节能温调空气源热泵,19,0,19
瀚海峰,0,0,0
灯塔市狄菲帝雅貂皮回第一店铺,0,0,0
灯师傅,0,0,0
炊烟时代,1,0,1
点刷客服,0,0,0
点学英语阅读,0,0,0
点点孤独测试,0,0,0
点点恶搞电话,1,0,1
点点文档,0,0,0
点睛起名,3,0,3
炽赫篮球馆,0,0,0
烽首映,0,0,0
爱典爱押,2,0,2
爱厨爱家美食,5,0,5
爱宠守护者,0,0,0
爱尚呆呆狐文具,2,0,2
爱彩沙滩珍珠宝贝壳,1,0,1
爱心筹,0,0,0
爱押,1,0,1
爱法社,14,0,14
爱钓网,0,0,0
爱问共享资料,10,0,10
狄千格猜谜语,0,0,0
狄氏光电科技天津第三店铺,0,0,0
狐狸精内衣坊,0,0,0
猴吉吉,0,0,0
瓷妍氏,2,0,2
甘丹科技河北有限公司第一店铺,0,0,0
甘南县富裕孵化设备厂,0,0,0
甘度菌种,0,0,0
甘棠育儿,0,0,0
甘肃华富泰不锈钢装饰工程,0,0,0
甘肃峰河传媒,0,0,0
甘肃登顶照明工程有限公司,0,0,0
甫广净化过滤器,0,0,0
电励士（上海）电子有限公司,0,0,0
电手,1,0,1
电百科电线电缆知识大全,14,0,14
电票邦贴现计算器,0,0,0
电视猫,0,0,0
电银付伙伴,0,0,0
番番增长宝典,0,0,0
番禺打印机,2,0,2
疯狂BP讲商业计划书,0,0,0
疯狂龙博士托育加盟,1,0,1
登丰电力,2,0,2
登品黄页查询,0,0,0
登报通,39,0,39
登报通学生证件挂失登报,49,0,49
登报通收据登报挂失,49,0,49
登报通身份证挂失,49,0,49
登泰地脚螺栓,0,0,0
白山市圣恩树莓种植第一店铺,0,0,0
白山市溪岭农业发展有限公司,0,0,0
白沟凤凰国际,0,0,0
白沟华府国际,69,0,69
白鸽惠递,11,0,11
百京尼反传销资讯,0,0,0
百信房贷计算器,5,0,5
百信手机充值,8,0,8
百修圈,13,12,25
百力仕食品机械,0,0,0
百图企服,0,0,0
百川世纪实业管材分,0,0,0
百川金哋逸景售楼处,0,0,0
百年华汉分肤定制,0,0,0
百年德园,1,0,1
百度保障商家端,1,0,1
百度公益,1,0,1
百度口算批改,1,0,1
百度听歌识曲,0,0,0
百度宠物,1,0,1
百度小说活动中心,0,0,0
百度房产,0,0,0
百度文库,23,0,23
百度漫画抽盒机,0,0,0
百度爱番番,1,0,1
百度直播活动中心,0,0,0
百度美学辞典,0,0,0
百度翻译,0,0,0
百度轻松学,2,0,2
百度闪付,0,0,0
百想膏,2,0,2
百捷集团全网代托管运营,1,0,1
百斗街景,1,0,1
百汇甲醇燃烧机,0,0,0
百澜菲LED智能镜,1,0,1
百问百答,0,0,0
皓宇液体氯化钙,6,0,6
皓月先森博客,0,0,0
盎司一起充值,0,0,0
盖土网,2,0,2
盖定电梯上海有限公司,0,0,0
盖州市清华浴池,0,0,0
盾宁门窗上海有限公司,0,0,0
短文学,8,0,8
砀山县范建立副食商行,0,0,0
硅酸钙板尚合建材,26,0,26
碧浪菲尔儿童游泳池报价,15,0,15
碧浪菲尔游泳池,15,0,15
碧蒂曼诗BeautyMyth,1,0,1
福中集团有限公司,1,0,1
福到美食,0,0,0
福囍板材,0,0,0
福天诚酒业,1,0,1
福安市甘棠镇上塘瑞鑫茶苗,0,0,0
福州宇风众通环保设备有限公司,0,0,0
福州宠物特惠店,1,0,1
福州巴特夫建材有限公司第一店铺,0,0,0
福州市仓山区万搭家居店,0,0,0
福州市妇幼保健院,34,0,34
福州市瑞福达机械有限公司,0,0,0
福州市精华供水设备有限公司,2,0,2
福州当固宇新材料有限公司,0,0,0
福州雨顺灌溉设备有限公司,1,0,1
福州馈通穿心电容器科技第一店铺,0,0,0
福建初奇装饰材料有限公司,1,0,1
福建力创移动电站,1,9,10
福建医科大学附属第二医院,68,18,86
福建华南重工机械制造有限公司,0,0,0
福建南烽防火科技有限公司,1,0,1
福建双轮弗瑞特种阀门第二店铺,0,0,0
福建大丰收灌溉科技有限公司,0,0,0
福建奋祥金属制品有限公司,0,0,0
福建杰艺水泥仿木护栏,1,10,11
福建泉州大华蓄电池北京分,0,0,0
福建泉州市加啡猫陶瓷有限公司,0,0,0
福建海岸粉体科技第二店铺,0,0,0
福建省二电新能源科技第二店铺,0,0,0
福建省人民医院,188,19,207
福建省地恒建材有限责任公司,0,0,0
福建省妇幼保健院,193,10,203
福建票付通信息科技有限公司,1,0,1
福建粤聪金属制造第一店铺,0,0,0
福正升电子,0,0,0
福正集团股份有限公司,1,0,1
福润得复合新材料有限公司,0,0,0
福禄充值中心,0,0,0
福科森北京体育产业有限公司,0,0,0
福缘殿商城,0,0,0
福茂祥,1,0,1
福萊卡浙江智能科技有限公司,1,0,1
稻典东北五常大米直营,31,0,31
稻夫草支垫草绳草袋草帘制品厂,0,0,0
稿件吧发稿平台,0,0,0
笛蜂泳衣,0,0,0
等风与你资讯百科,1,0,1
等风旅居,0,0,0
答问网,0,0,0
粉丝抽奖中心,0,0,0
糕糕爱黄油,0,0,0
繁墨云题库,0,0,0
红猫咖啡机投放,1,0,1
红艳坊,0,0,0
纯牌润滑油,12,0,12
纷彩内衣坊,0,0,0
纷沓游戏盒子,0,0,0
纺链,0,0,0
给夫特,1,0,1
缔景仿真稻草,0,0,0
缔景仿真茅草,0,0,0
翠琅堂珠宝店,3,0,3
翡翠严品,0,0,0
翡翠云庐,115,0,115
翡翠山,0,0,0
翡翠滨江,112,0,112
翡翠潮庭,0,0,0
翡翠王朝手镯源头直播,7,0,7
翡翠西湖,0,0,0
翰林AMC12竞赛辅导,0,0,0
翰池文化传媒上海有限公司,1,0,1
翻字典语录,0,0,0
耳语小栈,1,0,1
耿真SEO,0,0,0
聪明玩具厂,0,0,0
聪硕科技,0,0,0
聪聪谈事,0,0,0
股城问答,0,0,0
肤美达护肤品南京有限公司,1,0,1
肥东县财鑫二手工程机械销售部,0,0,0
肥尾缠论108课,0,0,0
肥肥家柯基,1,0,1
船之齐船舶,2,0,2
船木村,1,0,1
艾宁檬蛋糕店,1,0,1
艾尚宿舍床,0,0,0
艾弗斯天津科技有限公司,0,0,0
艾涂邦资讯网,0,0,0
艾熊手机清灰大师,0,0,0
艾腾抖商抖店无货源电商,0,0,0
艾莉爱小狗,1,0,1
艾都勘探,0,0,0
芬华翡翠回收,11,0,11
芬坊度假,0,0,0
芬泰克天津科技有限公司第二店铺,0,0,0
芬购鲸选,0,0,0
花付宝软件北京有限公司,1,0,1
花兜,0,0,0
花样年,0,0,0
花礼网蛋糕,4,0,4
花花订,1,0,1
花袖美甲穿戴甲,0,0,0
花鸟岛伍码客栈,0,0,0
花鸟岛吾欢喜的民宿,0,0,0
花鸟岛玛塔海景民宿,0,0,0
芳馨科技软件开发,0,0,0
苍南县春春服饰有限公司,0,0,0
苍南县诗豪包装制品厂,0,0,0
苍南县金乡永兴工艺厂第二店铺,0,0,0
苍南县钱库镇小平烫金厂纸袋等,0,0,0
苍南县鼎丰金属工艺厂,0,0,0
范芝琳FENCHILIN,0,0,0
范范采耳养生,1,0,1
荷莲浮岛批发,0,0,0
菇星食用菌机械,11,0,11
菇星食用菌烘干机,11,0,11
菇星食用菌自动扎口机,11,0,11
菇星食用菌装袋机,11,0,11
菇星食用菌装袋机械,11,0,11
菏泽市木易花卉有限公司第三店铺,0,0,0
菏泽泉鸿节水灌溉设备有限公司,0,0,0
菲之娇烟台广告,0,0,0
菲德艾达饲料添加剂,0,0,0
菲林格,23,0,23
菲林格品牌名片,1,0,1
菲比克包装,32,0,32
菲诗奇迹,0,0,0
董博士,1,0,1
董小姐一人一份酸菜鱼,1,0,1
董小姐酸菜鱼,1,0,1
董恰恰美食优选,3,0,3
董恰恰食品小店,3,0,3
董技叔软件开发,55,0,55
藏珑府,0,0,0
虫帮吉林有害生物防治有限公司,0,0,0
蚌埠三缘孵化设备有限公司,0,0,0
蚌埠旭皓水果商城,66,512,578
蛋卷钢琴调律服务,0,0,0
蛋壳公寓租房品牌名片,1,0,1
蛋蛋俱乐部,0,0,0
蛋蛋宝典,2,0,2
蜂享家,0,0,0
蜂享家平台,0,0,0
蜂享店,0,0,0
蝈佳上门除甲醛,117,0,117
蟾王癞蛤蟆皮华蟾素,0,0,0
衡水中阜农业机械科技有限公司,0,0,0
衡水中防安全防护设施有限公司,0,0,0
衡水名岗橡塑制品有限公司,0,0,0
衡水天之鹰丝网制品第一店铺,0,0,0
衡水富海堤坡防护工程第二店铺,0,0,0
衡水帝腾粮储机械制造有限公司,0,0,0
衡水恒绰建筑工程有限公司,0,0,0
衡水景烽铁塔有限公司第三店铺,0,0,0
衡水润和新型建材有限公司,0,0,0
衡水焊镭焊割科技第一店铺,0,0,0
衡水瑞茨橡塑制品第一店铺,0,0,0
衡水登浩钢结构有限公司第一店铺,0,0,0
衡水百功管业有限公司,0,0,0
衡水鑫瑞粮储机械制造有限公司,0,0,0
衡水鑫程祥翅片管换热器,0,0,0
衡阳功整钢纤维有限公司,0,0,0
衡阳县大安乡湘雁孵化场,0,0,0
衡阳市绿野堂生物化工第一店铺,0,0,0
被动边坡防护网,2,0,2
覆卮山那园,0,0,0
观法律师,3,0,3
订花快网,0,0,0
词第一,2,0,2
诚意普天视频会议核代,0,0,0
诚泰搪瓷反应釜,2,0,2
诚达蛋饺机,25,0,25
读睡诗社,2,0,2
读睡诗选,0,0,0
调直机,0,0,0
谷城县至诚平价毛竹交易中心,0,0,0
谷楚建站,2,0,2
豆尚专业祛痘,0,0,0
豆牛农产品行情,0,0,0
豆神作文宝,0,0,0
豆谷通信,1,0,1
豆豆兼职,0,0,0
豆锋分公司虫草资讯,3,0,3
豪赫蒂夫生态地暖,0,0,0
豪鑫亿扫把杆,24,0,24
贝夫芝士,2,0,2
贝斯通质检报告检测报告,0,0,0
财缝宝集团,0,0,0
财金企服,2,0,2
贰十九号民宿,0,0,0
贰壹叁壹伍北京征信管理集团,1,0,1
贰拾伍度蓝酒店,0,0,0
贰锤河北耐磨材料第一店铺,0,0,0
贵人冠变形缝伸缩缝厂家,0,0,0
贵存机制通风道,12,0,12
贵存水泥通风道,11,0,11
贵存耐火通风排气道,12,0,12
贵州刚宁包装有限公司第一店铺,0,0,0
贵州喜相逢贸易有限公司,0,0,0
贵州四方科技有限公司,0,0,0
贵州富饶新型环保材料有限公司,0,0,0
贵州敢创建材有限公司,0,0,0
贵州省仁怀市封钦酒业有限公司,0,0,0
贵州省仁怀市父传子酒业第一店铺,0,0,0
贵州茅贡米业有限公司,1,0,1
贵州领盛建筑材料铜仁分,0,0,0
贵州龙箫玉笛农旅发展有限公司,1,0,1
贵港市覃塘区玉锋灰钙粉厂,0,0,0
贵溪市京西竹业有限公司第二店铺,0,0,0
贵阳市南明区贰拾肆小时个体寄,0,0,0
贵阳经济技术开发区锦达塑机翻,0,0,0
贵阳观山湖永福顺门窗销第三店铺,0,0,0
贷款猫金融管家,1,0,1
费尔伯恩精密仪器上海有限公司,0,0,0
费戈仕常州润滑油有限公司,0,0,0
费波斯测量技术常州有限公司,0,0,0
费马特汽车配件盱眙有限公司,0,0,0
贺州市永通新型环保涂料有限公司,0,0,0
赋力深圳供应链科技第二店铺,0,0,0
赋美极轻奢,2,0,2
赋耘检测技术上海第三店铺,0,0,0
赣和实业上海有限公司,1,0,1
赣州人才港,0,0,0
赣州煜达虫控环保科技有限公司,0,0,0
赣州鑫荣煌金属制品有限公司,0,0,0
赣达桥架,2,0,2
赤壁市北海竹业农民专业合作社,0,0,0
赤峰小樊网络科技有限公司,1,0,1
赤蛟验房,1,0,1
赤象工业控制设备上海第一店铺,0,0,0
赶田科技,0,0,0
跅驰覆膜机,12,0,12
跟单网,0,0,0
车保宝交通违章图片查询,0,0,0
车务界违章查询,0,0,0
车艺尚汽车改色,0,0,0
车行易违章罚款缴费,0,0,0
车车网违章查询,5,0,5
车道道违章代缴,3,0,3
辅光精密仪器上海有限公司,0,0,0
辅德网络青岛网站建设网络推广,0,0,0
辅热武汉电炉有限公司,0,0,0
辅程塑化科技上海有限公司,0,0,0
辞南疫情快报,0,0,0
达刚控股集团股份有限公司,0,0,0
达晟高新技术企业认定咨询,0,0,0
达锐西,0,0,0
迪仕霍尔,8,0,8
迪凌专业除甲醛公司,2,0,2
迪哥宠物店,0,0,0
迪宠宠物平台,17,0,17
迪必尔生物工程上海有限公司,0,0,0
迪拓废旧金属废旧物资废铁回收,2,0,2
迪莱飘移窗,97,0,97
迪雅广州高新科技有限公司,0,0,0
道一云,3,0,3
道传网络,0,0,0
道客阅读,0,0,0
道易智慧学习,0,0,0
道有道北京科技股份有限公司,1,0,1
道然设计,0,0,0
邓之夏职场香水,0,0,0
邓州市佛道家工艺厂,0,0,0
邓州市佛道家工艺厂第一店铺,0,0,0
邦企忙纳税筹划,0,0,0
邦华芝麻灰石材厂,0,0,0
邯郸市乾坤仿古建材有限公司,0,0,0
邯郸市向昂紧固件制造第一店铺,0,0,0
邯郸市复液液压机械复兴分,0,0,0
邯郸市复液液压机械第一店铺,0,0,0
邯郸市天禾裕不锈钢复第三店铺,0,0,0
邯郸市巩沃紧固件有限公司,0,0,0
邯郸市昌实紧固件有限公司,0,0,0
邯郸市杲昂建材销售第一店铺,0,0,0
邯郸市永年区共发紧固件制造,0,0,0
邯郸市永年区共润紧固件第三店铺,0,0,0
邯郸市永年区务诚化工原料回收,0,0,0
邯郸市永年区河北铺村嘉实紧固件,0,0,0
邯郸市永年区河北铺村樊第一店铺,0,0,0
邯郸市永年区河北铺村涵华紧固件,0,0,0
邯郸市永年区河北铺村鸿第一店铺,0,0,0
邯郸市永年区河北铺淼鑫建筑配件,0,0,0
邯郸市永年区皎辉紧固件销售,0,0,0
邯郸市永年区裴坡庄村凌固紧固,0,0,0
邯郸市永年区西滩头村单燕紧固件,0,0,0
邯郸市永年区西滩头村美多紧固件,0,0,0
邯郸市永年区通亚标准件制造,0,0,0
邯郸市永年区鑫好兄弟第一店铺,0,0,0
邯郸市永年区隆昌紧固件制造,0,0,0
邯郸市永年区龙泉恒元制管厂,0,0,0
邯郸市白鲨吨袋包装,3,0,3
邯郸市缔景温室工程有限公司,0,0,0
邯郸市迈罗丁紧固件销售有限公司,0,0,0
邯郸永盛机械制造有限公司,0,0,0
邯郸联胜新材料科技发展第一店铺,0,0,0
郴州裕芳板材,10,0,10
郸团智能票务,0,0,0
都对科技,0,0,0
都市好房都是好房,7,0,7
都斓注电,3,0,3
都美科导热材料,12,0,12
鄂州市燕矶镇金池锯业刀第一店铺,0,0,0
醇味坊私房菜谱,2,0,2
醇选生活馆,1,0,1
钓猎人,3,0,3
铂爵旅拍,0,0,0
铂茨无锡传动设备有限公司,0,0,0
锋凡看指数,0,0,0
锋凡看财经,0,0,0
锋达铸铁平板铸铁平台铁底座,0,0,0
锤定拍卖,0,0,0
闯cft形象墙,0,0,0
闯词英语学习机,1,0,1
闺阁兔女郎服,0,0,0
阜宁县曙光合成革有限公司,0,0,0
阜房网房产门户,0,0,0
防一生,0,0,0
防一生房修护卫,1,0,1
防抛网,2,0,2
防虫网,2,0,2
阿尔赛苏州无机材料第二店铺,0,0,0
阿拉丁三亚旅游,14,0,14
阿拉丁旅行日记,14,0,14
阿法拉伐上海技术有限公司,0,0,0
阿法拉伐上海技术第二店铺,0,0,0
阿鹏文稿PPT,0,0,0
隔立雅办公室隔断装修设计,12,0,12
隔立雅双层玻璃带百叶隔断,25,0,25
霸州市康仙庄明企达交通设施制,0,0,0
霸州市明仕理容家具有限公司,0,0,0
非宅旅行,1,0,1
非小酋数据统计,0,0,0
非指手游资讯,0,0,0
非色北欧家具,0,0,0
非选裱花蛋糕培训,1,8,9
非选面线糊培训,1,10,11
韩国惠人株式会社北京代表处,1,0,1
韩师傅集成家居有限公司,1,0,1
韩师傅集成家居有限公司第一店铺,0,0,0
韩文军水钻打洞拆除,16,0,16
顶上拾光,0,0,0
顶信科技,0,0,0
顶能科技有限公司,0,0,0
顶讯科技,0,0,0
顿开律说,2,0,2
风上散热风扇,1,0,1
风上电子,1,0,1
风友机械上海有限公司,1,0,1
风友机械上海有限公司第一店铺,0,0,0
风吹花落博客,14,0,14
风电之家,44,0,44
风脉能源武汉股份有限公司,1,0,1
风谷山居,0,0,0
风途校园气象站设备,0,0,0
风途物联网小型自动气象站,0,0,0
飞优网,0,0,0
飞力泵业有限公司,0,0,0
飞图教育,2,0,2
飞岳反渗透膜,0,0,0
飞数,1,0,1
飞比达印刷上海有限公司,0,0,0
飞瀛特价机票,1,0,1
飞猴房贷计算器,2,0,2
飞英自动化设备上海有限公司,0,0,0
饭不着旗舰店,1,0,1
饭小妞,1,0,1
饭式钢,0,0,0
饭糕育智文化发展北京有限公司,1,0,1
饭饭娱乐,0,0,0
饿了外卖红包外卖优惠券服务折扣,0,0,0
饿懂你私厨,0,0,0
馆陶县博睿编织袋厂,0,0,0
驰成电子科技苏州有限公司,0,0,0
驰瑞不锈钢楼梯扶手,33,0,33
高三网,2,0,2
高优圣诞祝福语,0,0,0
高优智商测试IQ测试,0,0,0
高低温试验箱,0,0,0
高密市海宸助剂有限公司第二店铺,0,0,0
高州市双盈鱼苗孵化养殖场,0,0,0
高州汇丽皮革服装制品有限公司,0,0,0
高新区燕鱼装饰材料经营部,0,0,0
高氏万斯磁化器,0,0,0
高洁雅郑州开封除甲醛除异味,0,0,0
高珍上海实业深圳分第一店铺,0,0,0
高科农种业,0,0,0
高要区金渡镇鸿宇精密机械制品厂,0,0,0
高邮市秦邮蛋品有限公司,1,0,1
高铝矾土,0,0,0
高阳县从鑫窗纱厂,0,0,0
鸿云阁文化用品商贸,0,0,0
鸿城金属切割及焊接设备制造北镇,0,0,0
鸿威翡翠城,0,0,0
鸿德节水灌溉设备行业平台,8,50,58
鸿成吹塑制品加工厂,0,0,0
鸿晨网带,11,0,11
鸿煊石材蘑菇石,0,0,0
鸿硕环保沼气池,0,0,0
鸿通润达小吊车汽车吊车厂家,17,0,17
鸿鹄古诗,0,0,0
鹅毛肆商城,1,0,1
鹅鹅鹅科技,0,0,0
鹤城区椽木坊家具厂,0,0,0
鹤壁京福建材有限公司,0,0,0
鹤壁大宇仪器仪表有限公司,0,0,0
黑池蛋糕,1,0,1
黑洞IP,32,0,32
黑龙江弘燊门业有限公司,0,0,0
黑龙江德醇科技开发有限公司,0,0,0
黑龙江成东建材集团有限公司,0,0,0
黑龙江省富裕老窖酒业有限公司,1,0,1
黑龙江省果蒂源食品第一店铺,0,0,0
黑龙江舜隆救援装备有限公司,0,0,0
黑龙江麦跃分分投孵化器有限公司,1,0,1
鼎信充值中心,0,0,0
鼎工机械,0,0,0
鼎欧蛋蛋宝典,2,0,2
鼎洲科技,0,0,0
鼎興实业,0,0,0
鼎裕鑫铣刀丝攻钻咀,1,0,1
鼎鸿光唇鱼,11,0,11
鼎鸿淡水鱼苗,11,0,11
鼓浪屿聆感民宿,0,0,0
七七剧本杀复盘,0,0,0
七彩在线尺子,0,0,0
七彩蛋糕,0,0,0
七板斧,69,0,69
七舍洗涤服务,69,516,585
七鱼工单,0,0,0
三个厦大人民宿,0,0,0
三个月亮主题村落,0,0,0
三亚与海共眠旅租,0,0,0
三亚山海天JW万豪,0,0,0
三亿农业有机肥加工设备,23,0,23
三亿农业有机肥生产线,34,0,34
三亿农业有机肥设备,35,0,35
三六零帝国CMS模板仿站开发,0,0,0
三农致富热,0,0,0
三勾商城系统,0,0,0
三台在线人才网,2,0,2
三恒旗舰店,3,0,3
三板斧科技,1,0,1
三浮广州水处理科技第二店铺,0,0,0
三特炉业,0,0,0
三禾炊事设备,0,0,0
三维液压油缸机械,0,0,0
三轮吸粪车,0,0,0
三钻泥浆泵缸套,22,0,22
三门峡德云介质粉第二店铺,0,0,0
三龙机械水泥管模具,11,0,11
上德智能科技武汉有限公司,0,0,0
上杭县永荣农副产品购销站,1,9,10
上格生物科技上海第一店铺,0,0,0
上格生物科技上海第二店铺,0,0,0
上格筑家,2,0,2
上格网,1,0,1
上海三村电子技术有限公司,0,0,0
上海三根实业有限公司,0,0,0
上海三氟化工有限公司第一店铺,0,0,0
上海三葛茗茶文化传播第一店铺,0,0,0
上海上屿船舶设备有限公司,0,0,0
上海东享电器有限公司,0,0,0
上海东方汇直复营销有限公司,1,0,1
上海丞纲包装材料有限公司,0,0,0
上海中人科教设备制造有限公司,0,0,0
上海丹嵘阀门有限公司,0,0,0
上海丹正电子科技有限公司,0,0,0
上海乐敦电子科技第一店铺,0,0,0
上海乐航会务服务第一店铺,0,0,0
上海九麟实业有限公司,0,0,0
上海云颠计算机科技有限公司,1,0,1
上海京蝶阀门制造有限公司,0,0,0
上海仁日辐射防护设备有限公司,0,0,0
上海今力精密五金第一店铺,0,0,0
上海从鹭智能科技有限公司,0,0,0
上海仝科电炉设备有限公司,0,0,0
上海众公实业有限公司第一店铺,0,0,0
上海众星洗涤机械制造第一店铺,0,0,0
上海众缔进出口有限公司第一店铺,0,0,0
上海传华实业有限公司,0,0,0
上海传进机械设备有限公司,0,0,0
上海佑富自动化,2,0,2
上海信共机电有限公司第三店铺,0,0,0
上海信共机电有限公司第二店铺,0,0,0
上海倾菲电子科技第二店铺,0,0,0
上海储叠工业装备有限公司,0,0,0
上海元冬阀门有限公司,0,0,0
上海全扶实业有限公司,0,0,0
上海全景医学影像诊断中心,1,0,1
上海全风实业有限公司,1,0,1
上海全风实业有限公司第二店铺,0,0,0
上海共州机电设备第三店铺,0,0,0
上海共格实业有限公司第一店铺,0,0,0
上海兴春展览展示有限公司,0,0,0
上海典士工艺品有限公司第一店铺,0,0,0
上海典昭阀业有限公司,0,0,0
上海冠伏电力科技有限公司,0,0,0
上海冠共实业有限公司第一店铺,0,0,0
上海冠复实业有限公司,0,0,0
上海冠笛通用电气第二店铺,0,0,0
上海冷冻研磨仪,0,0,0
上海冷迪实业有限公司,0,0,0
上海凤粤门窗系统有限公司,0,0,0
上海凯姆测控技术有限公司,0,0,0
上海凯赛化工有限公司,0,0,0
上海刚乐废旧物资回收有限公司,0,0,0
上海刚哲实业有限公司第一店铺,0,0,0
上海刚煦实业有限公司,0,0,0
上海创嘉,0,0,0
上海创新给水设备制造,0,0,0
上海力净洗涤机械制造有限公司,0,0,0
上海力瀚自动化科技有限公司,0,0,0
上海劲恭钻井技术有限公司,0,0,0
上海华肯电子科技有限公司,0,0,0
上海博聪膜结构工程技术有限公司,0,0,0
上海厉风机械有限公司,0,0,0
上海发网供应链管理第一店铺,0,0,0
上海叠泉水泵第一店铺,0,0,0
上海叠泉水泵第九店铺,0,0,0
上海叠泉水泵第二店铺,0,0,0
上海叠泉水泵集团有限公司,0,0,0
上海叠泉泵阀制造有限公司,0,0,0
上海可付信息技术有限公司,1,0,1
上海名收废旧物资回收有限公司,0,0,0
上海君树合金材料有限公司,0,0,0
上海君赐废旧物资回收第二店铺,0,0,0
上海和村阀门有限公司,0,0,0
上海品瑞服饰有限公司第一店铺,0,0,0
上海哆咪装饰装修设计,0,0,0
上海哈驰机械设备有限公司,0,0,0
上海哥兰低温设备第一店铺,0,0,0
上海唯纷文化传播第一店铺,0,0,0
上海喜赫精细化工第一店铺,0,0,0
上海嘉定洁敏洗涤剂厂,0,0,0
上海国瑞液压科技有限公司,0,0,0
上海圣刚机械设备第一店铺,0,0,0
上海地为新材料科技有限公司,0,0,0
上海垂恒实业有限公司第一店铺,0,0,0
上海堆云雕塑艺术第一店铺,0,0,0
上海境苑金属制品第一店铺,0,0,0
上海复宗管业有限公司,0,0,0
上海大御金属制品有限公司,0,0,0
上海天奉钢管有限公司第二店铺,0,0,0
上海天锋电工器材有限公司,0,0,0
上海天龚铝制品有限公司第二店铺,0,0,0
上海夺彩膜结构工程有限公司,0,0,0
上海奉净环保设备有限公司,1,0,1
上海奉实实验仪器有限公司,0,0,0
上海奉实彩钢板结构有限公司,0,0,0
上海奉溪机械实业有限公司,0,0,0
上海奋荷机械设备第一店铺,0,0,0
上海奕道封企业管理咨询第一店铺,0,0,0
上海奥耕贸易有限公司第一店铺,0,0,0
上海如发化工科技有限公司,0,0,0
上海威斯杰实业有限公司第一店铺,0,0,0
上海娱公信息科技有限公司,1,0,1
上海娱公竞宇网络有限公司,1,0,1
上海存知光电科技有限公司,0,0,0
上海定卓WIII,28,0,28
上海定宸传感器有限公司,0,0,0
上海宝帆纺织有限公司第一店铺,0,0,0
上海客聪建筑科技有限公司,0,0,0
上海富功阀门科技有限公司,0,0,0
上海寸宇自动化科技有限公司,0,0,0
上海导全自动化设备第二店铺,0,0,0
上海寿歌塑料制品有限公司,0,0,0
上海寿谦电气有限公司,0,0,0
上海寿通管道清洗疏通抽粪电话,0,0,0
上海封虹电子科技有限公司,0,0,0
上海小初初品牌管理有限公司,1,0,1
上海小聪科技有限公司,0,0,0
上海岗权办公家具有限公司,0,0,0
上海峰慈自动化设备第二店铺,0,0,0
上海崇扬铝业有限公司第三店铺,0,0,0
上海嵩端焊材有限公司,0,0,0
上海川黎宝钢马钢镀铝锌彩涂板,0,0,0
上海左乐仪器有限公司,0,0,0
上海巨传电子有限公司,0,0,0
上海帆蓝智能科技有限公司,0,0,0
上海希格玛高技术有限公司,1,0,1
上海帕弗洛文化用品有限公司,1,0,1
上海帝依国际物流有限公司,0,0,0
上海广其顿众化工设备第二店铺,0,0,0
上海广隔建筑装饰第一店铺,0,0,0
上海庆繁智能遮阳技术第一店铺,0,0,0
上海庚尚国际贸易第一店铺,0,0,0
上海庚雷压缩机设备有限公司,0,0,0
上海康构膜结构工程技术有限公司,0,0,0
上海康营机械有限公司第二店铺,0,0,0
上海康鲜农副产品配送第一店铺,0,0,0
上海开业网商务服务第一店铺,0,0,0
上海开地电子有限公司,1,0,1
上海弗正传动机械设备有限公司,0,0,0
上海弗雷西阀门有限公司第三店铺,0,0,0
上海弘鸽信息科技有限公司,1,0,1
上海彩帆膜结构工程技术第一店铺,0,0,0
上海待武膜结构有限公司,0,0,0
上海徕氟化工科技有限公司,0,0,0
上海微庚信息科技有限公司,1,0,1
上海微醇商贸有限公司第一店铺,0,0,0
上海德耳电线电缆有限公司,0,0,0
上海志皋自动化设备有限公司,0,0,0
上海忠川阀业有限公司,0,0,0
上海怀功电磁科技有限公司,0,0,0
上海思方耐火材料,2,0,2
上海恒封密封制品有限公司,0,0,0
上海恒派网络技术武汉分,0,0,0
上海恒远生物科技有限公司,0,0,0
上海恩箴网络科技第一店铺,0,0,0
上海恭兴搬场有限公司第一店铺,0,0,0
上海恺鼎泳池工程有限公司,0,0,0
上海慈轲科技有限公司第一店铺,0,0,0
上海戴普机械设备有限公司,0,0,0
上海戴普机械设备第二店铺,0,0,0
上海房地产网,0,0,0
上海拓弗机电设备有限公司,0,0,0
上海撼拓阀业有限公司第一店铺,0,0,0
上海攻亿自控阀门有限公司,0,0,0
上海敢诚化工科技有限公司,0,0,0
上海敦品铝业科技有限公司,0,0,0
上海敦旺仓储设备第一店铺,0,0,0
上海敦茂自动化技术有限公司,0,0,0
上海敦辰机械设备有限公司,0,0,0
上海敦金数控机床有限公司,0,0,0
上海文辅机场配套设备有限公司,0,0,0
上海斧坤自动化设备有限公司,0,0,0
上海新居卫士除甲醛公司,2,0,2
上海新居除甲醛公司,0,0,0
上海新概念保险经纪有限公司,1,0,1
上海新诺仪器设备有限公司,0,0,0
上海方丰实业有限公司,0,0,0
上海方星包装机械第三店铺,0,0,0
上海旋戈实业发展有限公司,0,0,0
上海旦顺实业有限公司第一店铺,0,0,0
上海旦鼎国际贸易第二店铺,0,0,0
上海旭杜包装材料有限公司,0,0,0
上海旭粹贸易有限公司第二店铺,0,0,0
上海旺德利农副产品配送服务,0,0,0
上海易赋五金机电有限公司,0,0,0
上海春巡生物工程有限公司,0,0,0
上海景繁磁业有限公司,0,0,0
上海暨皋机械设备有限公司,0,0,0
上海更宜机电科技有限公司,0,0,0
上海月帆国际贸易有限公司,0,0,0
上海有分科技发展有限公司,1,0,1
上海朗而美电器有限公司,0,0,0
上海朵亿钢结构工程第三店铺,0,0,0
上海机纯实业有限公司第一店铺,0,0,0
上海杜美精密仪器有限公司,0,0,0
上海树羽科教仪器设备有限公司,0,0,0
上海根派半导体,0,0,0
上海格瓦森工程技术第一店铺,0,0,0
上海楷登石业有限公司第三店铺,0,0,0
上海楷鄂贸易有限公司,0,0,0
上海樊伊电子科技第一店铺,0,0,0
上海欣从机械设备有限公司,0,0,0
上海欧风小语种,0,0,0
上海正枫信息,0,0,0
上海氟睿精细化学有限公司,0,0,0
上海汇付数据服务有限公司,1,0,1
上海汇公电子科技有限公司,0,0,0
上海汇登铝材有限公司,0,0,0
上海沪旦生物科技有限公司,0,0,0
上海沪贡阀门制造第一店铺,0,0,0
上海沪贡阀门制造第二店铺,0,0,0
上海沸科思自动化设备,0,0,0
上海泉尔泵阀制造有限公司,0,0,0
上海法亦特建设发展第一店铺,0,0,0
上海法熠实业有限公司第三店铺,0,0,0
上海泛哲热处理事务所第一店铺,0,0,0
上海泛联科技股份有限公司,0,0,0
上海泰优汇典当有限公司,1,0,1
上海泽迪展台搭建,0,0,0
上海洁挺洗涤有限公司第一店铺,0,0,0
上海洛耕实业有限公司,0,0,0
上海津和防护用品有限公司,0,0,0
上海洲顶机电设备有限公司,0,0,0
上海海冰新材料科技第一店铺,0,0,0
上海润度生物科技第一店铺,0,0,0
上海深定实业有限公司,0,0,0
上海港志机电设备租赁广州分,0,0,0
上海湘帝贸易有限公司,0,0,0
上海源存机械制造有限公司,1,0,1
上海满创实验仪器第一店铺,0,0,0
上海滴冠实业有限公司第三店铺,0,0,0
上海滴石机械制造第一店铺,0,0,0
上海瀚香生物科技第三店铺,0,0,0
上海灯晟仪器制造有限公司,0,0,0
上海炫风实业集团有限公司,0,0,0
上海点闯实业有限公司,0,0,0
上海焦工环保科技有限公司,0,0,0
上海煜阀流体科技有限公司,0,0,0
上海狄兹精密机械第二店铺,0,0,0
上海狄兹精密机械股份有限公司,0,0,0
上海狄塔家具有限公司,0,0,0
上海珉戈新材料科技有限公司,0,0,0
上海珐瑾电力设备有限公司,0,0,0
上海琛菲机械科技有限公司,0,0,0
上海琨杜实业有限公司第一店铺,0,0,0
上海瑞番生物科技有限公司,0,0,0
上海瑞贝石化有限公司,0,0,0
上海瓦乐夫建筑材料有限公司,0,0,0
上海甘度环境工程第二店铺,0,0,0
上海田渡浜五金仪器厂,0,0,0
上海田野农副产品配送服务,0,0,0
上海申猴木业有限公司,0,0,0
上海登捷机械设备有限公司,0,0,0
上海百强洗涤设备制造有限公司,0,0,0
上海百强洗涤设备制造第三店铺,0,0,0
上海皆准仪器设备有限公司,0,0,0
上海皋中经贸有限公司第二店铺,0,0,0
上海皋申化工有限公司,0,0,0
上海益赛铬节能环保设备第一店铺,0,0,0
上海睦聪实业有限公司,0,0,0
上海睿旦教育信息咨询有限公司,1,0,1
上海睿池全国周转箱共用租赁,0,0,0
上海知能医学模型设备第一店铺,0,0,0
上海矾泉泵业有限公司第一店铺,0,0,0
上海研丰电子科技有限公司,0,0,0
上海砥锋新材料有限公司,0,0,0
上海础实工业装备有限公司,1,0,1
上海祥奉试验仪器设备厂,0,0,0
上海福驰科技有限公司,0,0,0
上海科盈环保设备有限公司,0,0,0
上海科而阀门有限公司,0,0,0
上海科辰实验设备有限公司,0,0,0
上海端盛实业有限公司,0,0,0
上海笃特科学仪器有限公司,0,0,0
上海第翼信息科技有限公司,1,0,1
上海米洋木业有限公司第一店铺,0,0,0
上海米洋木业有限公司第二店铺,0,0,0
上海精秒自动化,0,0,0
上海精端网络科技有限公司,1,0,1
上海素初化妆品有限公司,0,0,0
上海紫一试剂厂,0,0,0
上海繁易信息科技第一店铺,0,0,0
上海红唇餐饮管理有限公司,1,0,1
上海红帝金属制品有限公司,0,0,0
上海红英寸建筑科技有限公司,1,0,1
上海红鹿冻干机设备生产厂家,0,0,0
上海纺融机械有限公司第一店铺,0,0,0
上海绿尹贸易有限公司,0,0,0
上海绿芳草坪有限公司,0,0,0
上海缔营国际贸易第一店铺,0,0,0
上海缔营国际贸易第二店铺,0,0,0
上海缔鸿设备,0,0,0
上海网夫柯传动设备第一店铺,0,0,0
上海美涤服装机械有限公司,0,0,0
上海翟氏建材科技有限公司,0,0,0
上海耕捷物流有限公司,0,0,0
上海耕捷物流有限公司第二店铺,0,0,0
上海耕能液压技术第一店铺,0,0,0
上海耕达电子技术第一店铺,0,0,0
上海聚筹信息科技有限公司,1,0,1
上海肖晃纳米科技有限公司,0,0,0
上海肤原化妆品有限公司,1,0,1
上海肥图工程机械有限公司,0,0,0
上海肥马自动化技术中心,0,0,0
上海能共实业有限公司,0,0,0
上海能炽流体控制工程有限公司,0,0,0
上海臣功机械制造有限公司,0,0,0
上海舜封密封件有限公司,0,0,0
上海舜烨贸易有限公司第一店铺,0,0,0
上海良工阀门厂西安销售分,0,0,0
上海艾锐化工有限公司,0,0,0
上海芳周建筑装饰有限公司,0,0,0
上海茸风暖通设备第三店铺,0,0,0
上海荣戈机电设备有限公司,0,0,0
上海莼试生物技术有限公司,0,0,0
上海菲慕乐科技有限公司,0,0,0
上海蒂凯姆实业有限公司第一店铺,0,0,0
上海蒂盾电子科技有限公司,1,0,1
上海蒂秀生物科技有限公司,1,0,1
上海蒂钢实业有限公司,0,0,0
上海蒂钢实业有限公司第三店铺,0,0,0
上海蒂钢实业有限公司第二店铺,0,0,0
上海蓝夺电气科技有限公司,0,0,0
上海蓝夺电气科技第二店铺,0,0,0
上海蓝润化学有限公司,0,0,0
上海蜀乾自动化设备有限公司,0,0,0
上海蝶津阀门制造有限公司,0,0,0
上海衍申能源科技有限公司,0,0,0
上海西格生物科技有限公司,0,0,0
上海誉乏电子有限公司第二店铺,0,0,0
上海诠世精密工业设备第二店铺,0,0,0
上海诺聪包装制品有限公司,0,0,0
上海谷渡电子科技有限公司,0,0,0
上海贡赢废旧物资回收有限公司,0,0,0
上海费勒力机械有限公司,0,0,0
上海费波自控技术第三店铺,0,0,0
上海赐金彩钢结构有限公司,0,0,0
上海赞国自动化科技第二店铺,0,0,0
上海赣工泵业第一店铺,0,0,0
上海赣工泵业第二店铺,0,0,0
上海赣庆建筑工程有限公司,0,0,0
上海赫狄通纳米科技有限公司,0,0,0
上海路纯工程机械有限公司,0,0,0
上海轩发木业有限公司第三店铺,0,0,0
上海辅轶工程机械第一店铺,0,0,0
上海辅锌机械设备有限公司,0,0,0
上海辐新辐照技术有限公司,0,0,0
上海辞翰空间设计第一店铺,0,0,0
上海达芯新能源科技有限公司,0,0,0
上海迈皋科学仪器有限公司,0,0,0
上海述复钢结构有限公司,0,0,0
上海逗趣网络科技有限公司,1,0,1
上海速充实业有限公司,0,0,0
上海邦赋建材宝山第一分第一店铺,0,0,0
上海邵氏珠宝科技有限公司,0,0,0
上海都阜金属材料第一店铺,0,0,0
上海鄂泉泵业,0,0,0
上海酉芬化工贸易第一店铺,0,0,0
上海重逢科学仪器第一店铺,0,0,0
上海野齿仪器科技有限公司,0,0,0
上海釜科实业有限公司,0,0,0
上海钊戈实业有限公司第一店铺,0,0,0
上海钛凡科技发展有限公司,0,0,0
上海钢擎气调包装机,25,0,25
上海钰康生物科技有限公司,0,0,0
上海铁贡冶金科技发展有限公司,0,0,0
上海铉封橡塑制品第一店铺,0,0,0
上海铭宝废旧物资回收有限公司,0,0,0
上海锋锋纸业有限公司,0,0,0
上海锐茨阀门制造有限公司,0,0,0
上海锦顿环保设备有限公司,0,0,0
上海阀天阀门有限公司第一店铺,0,0,0
上海阀天阀门有限公司第二店铺,0,0,0
上海阜力测量设备有限公司,0,0,0
上海阜润塑化科技有限公司,0,0,0
上海阜润塑化科技第二店铺,0,0,0
上海阜锦机械设备有限公司,0,0,0
上海阿拉丁生化科技股份有限公司,0,0,0
上海陆储实业有限公司,0,0,0
上海隆岗自动化仪表有限公司,0,0,0
上海雕宝实业有限公司第一店铺,0,0,0
上海雷韵试验仪器制造有限公司,0,0,0
上海霆恒商贸有限公司第一店铺,0,0,0
上海霍氏水族用品有限公司,0,0,0
上海顺抽给排水科技有限公司,0,0,0
上海顺督自动化设备有限公司,0,0,0
上海顿万财务咨询第二店铺,0,0,0
上海领感科技有限公司第二店铺,0,0,0
上海颖桂磁业有限公司,0,0,0
上海风启金属材料有限公司,0,0,0
上海风官国际贸易有限公司,0,0,0
上海飞发化工有限公司,0,0,0
上海飞可斯铆钉有限公司,0,0,0
上海飞蛾包装科技第一店铺,0,0,0
上海食根餐饮管理有限公司,1,0,1
上海饭雅餐饮管理有限公司,1,0,1
上海首窗科技有限公司,1,0,1
上海馨艺生物科技第一店铺,0,0,0
上海高矗拆除工程有限公司,0,0,0
上海鸿崇实业发展有限公司,0,0,0
上海鹿虎陶瓷科技有限公司,0,0,0
上海麦贺环保材料有限公司,0,0,0
上海黄路大治河钢窗厂,0,0,0
上海黑盾照明科技有限公司,0,0,0
上海黔茨网络科技中心,0,0,0
上海鼎念机械科技有限公司,0,0,0
上海鼎方电子科技有限公司,0,0,0
上海鼎湄实业有限公司,0,0,0
上海鼓登自动化设备有限公司,0,0,0
上风通风设备北京有限公司,0,0,0
世富环保科技,0,0,0
世盛供热管道,0,0,0
世纪远航北京净化科技安徽分,0,0,0
世邦工业科技第一店铺,0,0,0
两点衣现内衣坊,0,0,0
临安三渡度假民宿,0,0,0
临朐县刘杰农副产品经营部,0,0,0
临沂优果食品有限公司第三店铺,0,0,0
临沂多轮多物流设备有限公司,0,0,0
临沂尚景新型建材第一店铺,0,0,0
临沂崇鑫建筑装饰材料第一店铺,0,0,0
临沂市佰亿木业有限公司,0,0,0
临沂市兰山区傅鑫电动车厂,0,0,0
临沂市唐艺装饰建材有限公司,0,0,0
临沂市恒源矿物化工有限公司,0,0,0
临沂市祥龙打包带厂,0,0,0
临沂市许健气模有限公司,0,0,0
临沂易世工艺品有限公司第一店铺,0,0,0
临沂晟亦达工艺品第二店铺,0,0,0
临沂浩竹装饰材料有限公司,0,0,0
临沂海世博新材料科技第一店铺,0,0,0
临沂盛德塑胶有限公司第一店铺,0,0,0
临沂睿雕数控设备第一店铺,0,0,0
临沂芳雅园艺有限公司,0,0,0
临沂菲标信息科技第一店铺,0,0,0
临沂蒂世亨塑料制品有限公司,0,0,0
临沂豆之家豆制品器具有限公司,0,0,0
临沂铝佰汇家居有限公司,0,0,0
临沭县景逸种业中心第一店铺,0,0,0
临海三抚一宅民宿,0,0,0
临清市董街博信机械加第一店铺,0,0,0
临清市鑫迈机械有限公司第一店铺,0,0,0
临清市鸣宇机械制造第一店铺,0,0,0
临颍县乐天木业有限公司,0,0,0
临颍县力昌木业有限公司第一店铺,0,0,0
临颍县昊聪机械加工厂第一店铺,0,0,0
丽嘉防盗门,11,0,11
久丰管道垫木,0,0,0
久友软件定制开发,0,0,0
久悦文化,1,0,1
久趣英语,0,0,0
久达大象登车桥,1,0,1
乐享搞笑段子,0,0,0
乐冠悬浮地板,3,0,3
乐奇熊阅读,0,0,0
乐安县登仙桥食品发展第一店铺,0,0,0
乐山市市中区辜氏花木专业合作社,0,0,0
乐平市义辉钙业有限公司,0,0,0
乐慈电脑配件经营部,0,0,0
乐清市宁得利弹簧制造有限公司,0,0,0
乐清市宏翔气动元件经营部,0,0,0
乐清市慈豪电器有限公司第一店铺,0,0,0
乐清市诚烽防爆电气第一店铺,0,0,0
乐而乐天气,0,0,0
乐邦济南开锁换锁汽车钥匙指纹锁,2,0,2
乐陵市科诚农牧机械有限公司,0,0,0
乔尔丝丹,81,6,87
九二应用资讯,0,0,0
九发二次构造柱泵,0,0,0
九发二次构造柱砼泵,0,0,0
九发二次构造浇筑泵,0,0,0
九发二次结构输送泵,0,0,0
九号机器人旗舰店,0,0,0
九戈音响,1,0,1
九樾府,0,0,0
九江兵刚园林绿化有限公司,0,0,0
九江市李师傅有害生物第一店铺,0,0,0
九江管道疏通沪概家政,0,0,0
九狐复利计算器,0,0,0
九狐营业税计算器,0,0,0
九阁情楼,0,0,0
九阳阜亳淮旗舰店,1,0,1
书呆呆自习室,24,0,24
买菜篮,1,0,1
乾元风上海国际贸易有限公司,1,0,1
乾坤八字算命,0,0,0
井冈山市安居装饰材料有限公司,0,0,0
井冈山市长郁花卉苗木种植,0,0,0
井冈山艰苦奋斗干部教育培训中心,1,0,1
井陉县鑫旺钙业有限公司,0,0,0
井陉鑫安达钙业有限公司,0,0,0
交子支付,0,0,0
交港每日挑战打卡,0,0,0
京东到家,21,0,21
京东快递,0,0,0
京东橡胶有限公司第一店铺,0,0,0
京灵税务筹划,0,0,0
亮洁洗涤,0,0,0
亲宝育儿说,0,0,0
什么值得买,47,0,47
什邡市木头老建材科技有限公司,0,0,0
仁成达地布,0,0,0
今时智慧党建技术服务中心,0,0,0
仟谷云舍度假村,0,0,0
任丘市华跃门业有限公司,0,0,0
任丘市至顺禽蛋制品有限公司,1,0,1
任丘市赋安消防科技有限公司,0,0,0
任丘市钰林电气设备厂第一店铺,0,0,0
任丘市龙峰刀具厂,0,0,0
任县云胜机械配件厂,0,0,0
任县厚德机械制造厂,0,0,0
任县宸硕机械制造厂第一店铺,0,0,0
任县恩齐机械制造厂,0,0,0
任县晟邦机械厂,0,0,0
任县正亚机械制造厂第一店铺,0,0,0
任县泉森机械制造厂,0,0,0
任县联隆机械制造厂,0,0,0
任县腾达机械厂第一店铺,0,0,0
任县远通机械厂,0,0,0
任泽区稻悦机械制造厂,0,0,0
企二哥公司核名系统,5,0,5
企服上海网络信息技术有限公司,1,0,1
企服云信息科技,0,0,0
企服谷网络,1,0,1
企服谷网络科技,1,0,1
企法地注册公司注册代理记账服务,2,0,2
企源翻抛机,1,0,1
企鸣网公司注册,0,0,0
你懂我吗大考验,71,0,71
佩盾检测,0,0,0
佳世代做投标书,0,0,0
佳伦地下室堵漏,0,0,0
佳卓电子科技服务器,0,0,0
佳润灰钙氢氧化钙厂家,26,0,26
佳硕化工除油除锈剂,0,0,0
佳艾证件照照片换底色换尺寸,0,0,0
佳苑防腐木,0,0,0
佳通付,2,0,2
佳隆利宜达北京电子贸易上海分,0,0,0
俊客健身房专用无人值守蛋白粉机,14,0,14
俊客商用现磨咖啡机蛋白粉机,21,0,21
俊客智能共享无人咖啡机厂家,8,0,8
倩宠家园,0,0,0
儒工二次构造柱泵,19,0,19
克初成都透水混凝土,0,0,0
全冠不锈钢穿线软管,0,0,0
全心全意登报,7,0,7
全球共德,1,0,1
全风机电设备无锡有限公司,0,0,0
全风环保科技有限公司,0,0,0
全风环保科技第一店铺,0,0,0
全风环保科技股份有限公司,0,0,0
全鲜达,12,0,12
六兄弟科技,0,0,0
六十度宴会,17,0,17
六路企服税务筹划平台,3,0,3
兰山区壹幅好画工艺品厂第一店铺,0,0,0
兰山区立恒吨袋包装厂,0,0,0
兰州祥瑞废旧物资回收,0,0,0
兰州银强建筑科技贵州分,0,0,0
兰工绕筋机,0,0,0
兰研化妆品,0,0,0
兰陵县亿晟钢构厂第三店铺,0,0,0
兰陵县晟鑫钢构厂,0,0,0
兰陵泓昌钢构厂第二店铺,0,0,0
冀中人工浮岛,0,0,0
内丘县汇裕农副产品经销处,0,0,0
内蒙古一诺喷码科技有限公司,0,0,0
内蒙古佰佳企业孵化器第二店铺,0,0,0
内蒙古敕勒歌酒业有限责任公司,1,0,1
内蒙古景和园防腐木业有限公司,0,0,0
内蒙古炬烽装配式材料第一店铺,0,0,0
农夫山泉送水到府,1,0,1
农村网,0,0,0
农问答,0,0,0
决对美,2,0,2
净尚净美防静电服,0,0,0
凌云玻纤嵌缝带接缝带,12,0,12
凌海市温滴楼镇天达滤第一店铺,0,0,0
几度cms建站平台,1,0,1
凯丽隆海外外贸营销推广,6,0,6
凯悦防盗门厂家,11,0,11
凯洁地板,1,0,1
凯茂防撞扶手,0,0,0
凯鸽注聚丙烯塑料,0,0,0
利普生多肽护肤品,0,0,0
利泽浮雕厂家,0,0,0
券券哥优惠券,0,0,0
前好程公司注册营业执照代理记账,0,0,0
前端教程网,0,0,0
前途科技,0,0,0
剧本岛剧本杀攻略,0,0,0
力健悬浮地板,0,0,0
力源户外丧事灵棚,24,0,24
力源户外白事拱门,24,0,24
力源户外白事灵棚,24,0,24
力胜标志杆厂,11,0,11
力胜标志杆厂家,11,0,11
力迈水刀,16,0,16
力道吹缆,0,0,0
加惠出国移民,2,0,2
励帆云,69,0,69
劲动通讯,0,0,0
勉县香吧佬卤肉馆,61,516,577
匠人之家,0,0,0
匠村卧香民宿,0,0,0
区快洞察,0,0,0
十二分装饰,0,0,0
十堰益和粉体有限公司,0,0,0
十堰经济开发区智零五第一店铺,0,0,0
十点创意长沙短视频代运营,0,0,0
千明智能艺名起名,0,0,0
千明智能长笛指法表,0,0,0
千渡东山晴,0,0,0
千游携号转网查询,3,0,3
千红蜂业,1,0,1
千线集团千里挑一,1,0,1
千鲜汇品牌名片,1,0,1
南京一创炉业科技有限公司,0,0,0
南京丛林人企业管理咨询有限公司,0,0,0
南京东顶化工有限公司,1,0,1
南京丹越光电科技有限公司,0,0,0
南京九段机电科技有限公司,0,0,0
南京云磁电子科技有限公司,0,0,0
南京众昌工程机械有限公司,0,0,0
南京俱孚国际贸易第一店铺,0,0,0
南京先登雕塑有限公司第二店铺,0,0,0
南京凯萍洗涤,0,0,0
南京可高新材料科技第二店铺,0,0,0
南京地生门业有限公司,0,0,0
南京垂的汽车服务第一店铺,0,0,0
南京大地水刀股份有限公司,0,0,0
南京天佑开锁换锁配钥匙指纹锁,2,0,2
南京奕聪,0,0,0
南京奕聪信息技术第二店铺,0,0,0
南京存科物流装备有限公司,0,0,0
南京宏尔机械制造有限公司,0,0,0
南京寸雪文化传播有限公司,1,0,1
南京尚书生物科技第一店铺,0,0,0
南京崇创环保科技有限公司,0,0,0
南京市浦口区缘份苗圃场,0,0,0
南京市第一医院,34,0,34
南京帆软软件有限公司,1,0,1
南京平岗机械设备有限公司,0,0,0
南京广隔建筑装饰有限公司,0,0,0
南京庚乾信息科技第一店铺,0,0,0
南京微构医药科技有限公司,1,0,1
南京恒腾电子科技有限公司,0,0,0
南京振锋机械刀具有限公司,0,0,0
南京文森宝国际贸易有限公司,0,0,0
南京易村客电子商务有限公司,1,0,1
南京春秋生物工程有限公司,0,0,0
南京晶世隔隔断装饰有限公司,0,0,0
南京楚拓船舶设备有限公司,0,0,0
南京楚林智能科技有限公司,0,0,0
南京概盈店,0,0,0
南京水滴子射流科技第一店铺,0,0,0
南京淳志环境工程有限公司,0,0,0
南京淳聚环保科技有限公司,0,0,0
南京百夫诺机械设备有限公司,0,0,0
南京科瑞森仓储设备有限公司,0,0,0
南京绿岛机械设备有限公司,0,0,0
南京缔安钢结构有限公司,0,0,0
南京能德新材料技术有限公司,0,0,0
南京蓝风新材料科技有限公司,0,0,0
南京蝶创服饰有限公司,0,0,0
南京誉鸽信息科技有限公司,1,0,1
南京贡广家具有限公司,0,0,0
南京通如科技有限公司,0,0,0
南京首盾企业管理有限公司,0,0,0
南京骏矗建材有限公司,0,0,0
南京高能机械刀模有限公司,0,0,0
南京黎焱菲机械设备第三店铺,0,0,0
南京龙王山基础工程有限公司,0,0,0
南充天润农业开发有限公司,0,0,0
南召县聚能光伏工程有限公司,0,0,0
南召县金磊钙业有限公司,0,0,0
南召县鼎成钙业有限公司,0,0,0
南召县鼎成钙业有限公司第二店铺,0,0,0
南宁伸碟给排水设备有限公司,0,0,0
南宁宇赐商贸有限公司微型企业,0,0,0
南宁市佛峻建筑机械有限公司,0,0,0
南宁市广肥农资有限公司,0,0,0
南宁市欧之风通风管道设备,0,0,0
南宁市聪雄鱼苗批发店,0,0,0
南宁昱如科技,0,0,0
南宁普印科技有限公司,0,0,0
南宁鼓发清洗鱼缸鱼缸订做护理,2,0,2
南安大众杀虫公司,1,10,11
南宫市中迈金属材料有限公司,0,0,0
南山竹海归来小院精品民宿,0,0,0
南开府,0,0,0
南昌共鸣实业有限公司,0,0,0
南昌分和节能技术第一店铺,0,0,0
南昌县一品仙蛋品加工厂,0,0,0
南昌友亭基础工程有限公司,0,0,0
南昌大学附属眼科医院,29,0,29
南昌家缝靓瓷砖美缝,2,0,2
南昌市伟丰顶建筑材料第一店铺,0,0,0
南昌市嘉事洁病虫害防治第三店铺,0,0,0
南昌市宏兴辐射防护有限公司,0,0,0
南昌市汽纯环保科技有限公司,0,0,0
南昌市滕王阁管理处,1,0,1
南昌市赣达金属材料有限公司,0,0,0
南昌当代青云文化艺术学校,69,0,69
南昌水木源画室,1,0,1
南昌赣高环保科技有限公司,0,0,0
南洋大师傅,0,0,0
南通东庚机械有限公司,0,0,0
南通中皋铝制品有限公司第一店铺,0,0,0
南通九泽化工有限公司,0,0,0
南通优氟防腐科技有限公司,0,0,0
南通佳禾橱柜有限公司,0,0,0
南通全风环保科技有限公司,0,0,0
南通华绽颜料有限公司,0,0,0
南通南锻锻压设备有限公司,0,0,0
南通大学附属医院,0,0,0
南通汤臣数码科技第一店铺,0,0,0
南通烽喜装饰材料有限公司,1,0,1
南通科辉化工科技第一店铺,0,0,0
南通维斯特精密齿条制造第一店铺,0,0,0
南通荣翠化工有限公司,0,0,0
南阳丰瑞秸秆综合利用第一店铺,0,0,0
南阳市朴欣肥业有限公司,0,0,0
南阳市益生源肥业有限公司,0,0,0
南阳美好愿景装饰设计公司,1,0,1
南阳高新区冬源家具店第一店铺,0,0,0
南靖戴亿果农业,61,516,577
卡到充值中心,1,0,1
卡姆派蒂,1,0,1
卯金刀安全科技上海第一店铺,0,0,0
厦门三滴生物科技有限公司,1,0,1
厦门井钿低噪音性空压机,1,8,9
厦门亿联网络技术深圳分,0,0,0
厦门傅氏开锁,2,0,2
厦门华最灌溉设备科技有限公司,1,0,1
厦门天聪智能软件有限公司,1,0,1
厦门姿致健康科技有限公司,0,0,0
厦门宜歌登报遗失公告,1,9,10
厦门市永得裕皮革第一店铺,0,0,0
厦门市湖里区玖贰雅居第三店铺,0,0,0
厦门改灯店,1,8,9
厦门易感智能测控技术有限公司,0,0,0
厦门易法通法务信息管理,1,0,1
厦门易纺纺织科技有限公司,0,0,0
厦门概率吧科技有限公司,1,0,1
厦门沁田灌溉园艺设备有限公司,0,0,0
厦门沸腾网络科技有限公司,1,0,1
厦门登迅仪器设备第二店铺,0,0,0
厦门紫祥防水堵漏工程有限公司,0,0,0
厦门赣通铁路货运,1,10,11
厦门阜欣光电显示屏,1,8,9
厦门阜欣光电智慧LED大屏,1,11,12
厦门风鱼动漫有限公司,1,0,1
叁朵花民宿,0,0,0
双印粗粮,1,0,1
双月湾温德姆至尊豪廷度假酒店,0,0,0
双艺黄花风铃木价格,1,8,9
双辞球鞋资讯,0,0,0
口袋育儿,0,0,0
可可天下桂林米粉螺蛳粉,1,8,9
可喜喜洋洋番禺钟村连兑店,0,0,0
可感物联科技店铺,0,0,0
可拉伐阀门上海有限公司,0,0,0
吉利豆腐机,0,0,0
吉命姓名测试,0,0,0
吉命宝宝天赋,0,0,0
吉姆大师傅,0,0,0
吉屋房贷计算器,0,0,0
吉林功业律师事务所,0,0,0
吉林北芝生物科技第一店铺,0,0,0
吉林吉大孵化器有限公司,1,0,1
吉林大川落煤管防堵科技有限公司,1,0,1
吉林市包黑公餐饮管理有限公司,1,0,1
吉林市育强粉体设备制造有限公司,0,0,0
吉林百翠餐饮有限公司,1,0,1
吉林省义江电动窗有限公司,0,0,0
吉林省凯琳泳池安装第一店铺,0,0,0
吉林省华旦科技有限公司,0,0,0
吉林省叁陆陆家政服务第一店铺,0,0,0
吉林省奥海光学机械有限公司,0,0,0
吉林省每顿餐饮管理有限公司,1,0,1
吉林省百顺管道工程南关分,0,0,0
吉林省立辉工程机械有限公司,0,0,0
吉林省蛋无止境生物科技有限公司,1,0,1
吉林省装信装饰装修创业孵化基地,1,0,1
吉林省黑土寒地农业发展第一店铺,0,0,0
吉林省默克药业科技有限公司,0,0,0
吉林蛟河天岗石材产业园区祥宇石,0,0,0
吉羲招生升学,0,0,0
名刀雕塑冰灯,0,0,0
名刀雕塑冰雕,0,0,0
名刀雕塑冰雪雕塑设计,0,0,0
名刀雕塑室内冰雕馆,0,0,0
名刀雕塑雪雕,0,0,0
名和沪中建筑木方厂家,3,0,3
名正公司测名打分,0,0,0
名瑞给袋式包装机,0,0,0
名雕,0,0,0
吕梁天蕊蜂产品商城,29,506,535
君客美句分享,0,0,0
君科重工齿辊破碎机,1,0,1
君雅文化产业大连有限公司,0,0,0
咔叮卡丁,1,0,1
咔啡雾化,126,0,126
咪咕阅读,20,0,20
品传,2,0,2
品天丝绸铺子,0,0,0
品牌网,0,0,0
品祺智能教学触控会议平板一体机,3,0,3
品融电商,2,0,2
商丘崇尚环保机械设备第一店铺,0,0,0
商丘崇尚环保机械设备第二店铺,0,0,0
商丘市建安广告有限公司第一店铺,0,0,0
商丘市沃尔龙量具有限公司,0,0,0
啥都花卉苗木,0,0,0
喵咪视界数码推荐,0,0,0
嘉兴喜宝共享水机,0,0,0
嘉兴法布丽供应链管理有限公司,0,0,0
嘉奥翅片管散热器,0,0,0
嘉屹环保布袋脉冲除尘器催化燃烧,0,0,0
嘉祥冠峰石业有限公司,0,0,0
嘉祥县宠恩宠物用品店,0,0,0
嘉祥县志远环卫设备销售中心,0,0,0
嘉祥县新洲鹌鹑养殖场,0,0,0
嘉祥县正大牧业有限公司第一店铺,0,0,0
嘉祥县盛淳石材批发中心,0,0,0
嘉祥县祥瑞石雕厂,0,0,0
嘉祥县马集乡恒业石材厂,0,0,0
嘉祥县龙腾环卫设备销售处,0,0,0
嘉祥来金畜禽养殖有限公司,0,0,0
嘉祥焕栋石业有限公司,0,0,0
嘉祥裕农农业机械有限公司,0,0,0
嘉祥马可石业有限公司,0,0,0
嘉祥鸿大农牧机械有限公司,0,0,0
嘉谷亦禾办公室地毯,2,0,2
嘉辞信息网,5,0,5
四川一东塑胶有限公司,0,0,0
四川万泰机械设备第一店铺,0,0,0
四川东久科技股份有限公司,0,0,0
四川中活低温设备有限公司,0,0,0
四川中甘环境治理第三店铺,0,0,0
四川中防振兴玻璃科技有限公司,0,0,0
四川中防振兴防火玻璃,2,0,2
四川九倒拐餐饮管理有限公司,1,0,1
四川人人帮创业孵化器有限公司,1,0,1
四川佰春科技有限责任公司,0,0,0
四川公共安全产业有限公司,1,0,1
四川共安消防设备有限公司,0,0,0
四川凤来锌钢护栏有限公司,0,0,0
四川华月灯具制造第一店铺,0,0,0
四川固地环保科技第二店铺,0,0,0
四川国敦电气设备有限公司,0,0,0
四川地之缘装饰工程有限公司,0,0,0
四川大度印务包装有限公司,0,0,0
四川天壹环保科技第二店铺,0,0,0
四川奥源节能环保设备有限公司,0,0,0
四川岷山饭店商城,0,0,0
四川岷山饭店有限公司,1,0,1
四川岷建贡饷酒业有限公司,0,0,0
四川川恒瑞防腐科技有限公司,0,0,0
四川希灵文化传媒第一店铺,0,0,0
四川忧遁网络科技有限公司,1,0,1
四川思科达科技有限公司,0,0,0
四川捷佳润灌溉科技有限公司,0,0,0
四川旦旦旦餐饮管理有限公司,1,0,1
四川易递供应链管理第一店铺,0,0,0
四川橘满天下农业科技有限公司,0,0,0
四川泛梦科技有限公司,1,0,1
四川源单科技有限责任公司,0,0,0
四川炬烽金属结构制造第一店铺,0,0,0
四川玉林串串香投资管理有限公司,1,0,1
四川瑞隆螯合肥科技有限公司,0,0,0
四川甘旨食品有限公司第二店铺,0,0,0
四川省中盾门业有限公司,0,0,0
四川省人民医院,0,0,0
四川省壹贰叁餐饮管理有限公司,1,0,1
四川省天卫盾防火防盗门窗,0,0,0
四川省泛驾智能技术第三店铺,0,0,0
四川省申氏泽涵农业开发有限公司,0,0,0
四川省贰柒壹再生资源第二店铺,0,0,0
四川碟滋味餐饮有限公司,1,0,1
四川竣安囤建筑工程有限公司,0,0,0
四川竹根水处理设备有限公司,0,0,0
四川筐哆哆塑料制品第一店铺,0,0,0
四川美时华旦家具第一店铺,0,0,0
四川美登家具有限公司,1,0,1
四川翠冰科技有限公司第一店铺,0,0,0
四川芳田旦液压设备第一店铺,0,0,0
四川蓝川管道有限公司,12,0,12
四川蓝筹建材有限公司,1,0,1
四川蜀当家餐饮管理有限公司,1,0,1
四川蜂零零蜂业科技第三店铺,0,0,0
四川诚品畜牧有限公司,0,0,0
四川贰龙科技有限公司,0,0,0
四川赶酒会文化传媒有限责任公司,1,0,1
四川鑫福石油化工设备制造广东分,0,0,0
四川镁戈新材料有限公司,0,0,0
四川阆中卓尚丝绸工业有限公司,1,0,1
四川集风集成房屋科技有限公司,0,0,0
四川高隔李装饰工程材料有限公司,0,0,0
四格互联,0,0,0
四辐新材料天津有限公司第一店铺,0,0,0
圣力基础桩基工程,1,0,1
圣宠宠物美容师培训学校,3,0,3
圣泰机械秸秆打捆机,0,0,0
圣鑫典当抵押回收,0,0,0
圣隆青储秸秆打包机,0,0,0
坤宇玻璃钢污水处理池,27,0,27
坤宇玻璃钢烟囱,11,0,11
埋堆堆,0,0,0
基智地,0,0,0
墨色江南别墅围栏扶手,11,0,11
士达,1,0,1
奇奇侃热事,0,0,0
奇妙豆豆书屋,1,0,1
奎屯万吨钢结构有限公司第一店铺,0,0,0
奎文清峰农副产品专营,0,0,0
如君意家居服务,0,0,0
如皋市天更蓝环保科技有限公司,0,0,0
如皋市辉腾氟塑防腐有限公司,0,0,0
如顺勾花网,2,0,2
娄底市安信物流信息有限公司,0,0,0
娄底辰州催化剂销售有限公司,1,0,1
娄底辰州催化剂销售第一店铺,0,0,0
娇凤制服,0,0,0
娜姐帮帮购,24,0,24
媒介匣亲戚关系助手,9,0,9
孟州市百纯节能技术有限公司,0,0,0
孟村回族自治县宝池弯第一店铺,0,0,0
宁夏杞果兄弟生物科技有限公司,0,0,0
宁强富强农副产品平台,66,516,582
宁德市福然客科技有限公司,0,0,0
宁晋县丰和农业机械销售有限公司,0,0,0
宁晋天纯科技,0,0,0
宁波亿鸿食品机械有限公司,0,0,0
宁波分清爽物联科技有限公司,0,0,0
宁波奉化付强再生资源回第一店铺,0,0,0
宁波宝蒂塑胶阀门有限公司,0,0,0
宁波市丛一工艺品有限公司,0,0,0
宁波市格烽善气动有限公司,1,0,1
宁波市鄞州固特易工具有限公司,0,0,0
宁波市铁壳虫管业有限公司,1,0,1
宁波德而森液压传动有限公司,0,0,0
宁波朗顺塑料容器第二店铺,0,0,0
宁波泓泰机械有限公司,0,0,0
宁波泛在电力材料有限公司,0,0,0
宁波痘鱼网络有限公司,1,0,1
宁波筑通堵漏技术有限公司,0,0,0
宁津县杜蒙商贸有限公司第一店铺,0,0,0
宁陕国圣生物科技第二店铺,0,0,0
守兴昌茶业昆明店,1,0,1
实地广州蔷薇花园,0,0,0
实地木槿,0,0,0
实德白蚁防治中心,0,0,0
家丰母婴,3,0,3
家园新房找房专车看房买房,0,0,0
家有爱宠,0,0,0
容县红利农业发展第一店铺,0,0,0
容易达网络,0,0,0
宽城区恒发物资经销处,0,0,0
密峰家修,0,0,0
寝夜思宾馆床上用品,1,0,1
寝夜思礼品床上用品,1,0,1
寿光人才港,0,0,0
寿光市叁点零农业科技第三店铺,0,0,0
寿光市巨淀湖防水材料有限公司,0,0,0
寿光市庚鑫农业设施有限公司,0,0,0
寿光市新三合盐化有限公司,0,0,0
寿光市芳程农业科技有限公司,0,0,0
寿光旺宇农用有机肥,0,0,0
寿光水滴农业有限公司,0,0,0
寿光芳耕农业科技有限公司,0,0,0
寿光芳耕农业科技第二店铺,0,0,0
少三通天答题器,0,0,0
少春中学,1,0,1
尚代青岛电器设备有限公司,0,0,0
尚宏消防水池,0,0,0
就发物流网,2,0,2
就爱读在线学习,0,0,0
居高家居,1,0,1
山东一村空调有限公司,1,0,1
山东一锻液压有限公司第一店铺,0,0,0
山东一锻重工机床第一店铺,0,0,0
山东万事达涂镀应用艺术有限公司,0,0,0
山东万誉石膏制品有限公司,0,0,0
山东东青石业有限公司第一店铺,0,0,0
山东中交桥隧重型机械有限公司,0,0,0
山东中尔环保科技有限公司,0,0,0
山东中旺油脂有限公司,0,0,0
山东中昊环保科技第一店铺,0,0,0
山东中衡自动化设备第二店铺,0,0,0
山东中赐工程机械设备,0,0,0
山东中辐安辐射防护器材第一店铺,0,0,0
山东丰沃节水灌溉设备有限公司,0,0,0
山东乐童游乐设备第一店铺,0,0,0
山东乔海健康科技第二店铺,0,0,0
山东二机重工有限公司第二店铺,0,0,0
山东亿洁机械科技第一店铺,0,0,0
山东从利金属材料有限公司,0,0,0
山东伟豪思智能仓储装备有限公司,0,0,0
山东伟邦机械有限公司,0,0,0
山东传康管业有限公司,0,0,0
山东佳信机械设备有限公司,0,0,0
山东佳卓服务器商城,0,0,0
山东佳宇机械有限公司,0,0,0
山东佳誉恒辐射防护工程有限公司,0,0,0
山东保东机械有限公司,0,0,0
山东元捷空调设备第一店铺,0,0,0
山东光合农业科技有限公司,0,0,0
山东公信安全科技有限公司,1,0,1
山东共发商贸有限公司,0,0,0
山东共建新材料科技有限公司,0,0,0
山东兴茂源防辐射材料第一店铺,0,0,0
山东兴茂源防辐射材料第二店铺,0,0,0
山东军宇旗辐射防护器材有限公司,0,0,0
山东冠县力泰复合材料有限公司,0,0,0
山东冬起机械设备有限公司,0,0,0
山东凡蒂洛工艺品第二店铺,0,0,0
山东创睦生物科技有限公司,0,0,0
山东华纺纺纱有限公司第一店铺,0,0,0
山东博创辐射防护工程有限公司,0,0,0
山东博创辐射防护工程第一店铺,0,0,0
山东博发辐射防护工程第一店铺,0,0,0
山东博宇锅炉有限公司,0,0,0
山东博康辐射防护工程有限公司,0,0,0
山东博风风机有限公司,1,0,1
山东博风风机有限公司第一店铺,0,0,0
山东卫肤药业有限公司第一店铺,0,0,0
山东厨帮邦厨房设备有限公司,0,0,0
山东双格智能科技有限公司,0,0,0
山东名流餐处装备股份有限公司,0,0,0
山东名诺食品工业装备有限公司,0,0,0
山东哆啦美新型建材第一店铺,0,0,0
山东哆啦美新型建材第三店铺,0,0,0
山东哆啦美新型建材第二店铺,0,0,0
山东哆啦美新型建材第五店铺,0,0,0
山东哆啦美新型建材第四店铺,0,0,0
山东喜玛供应链管理第三店铺,0,0,0
山东嘉迎牧业有限公司第二店铺,0,0,0
山东嘉郓养殖有限公司,0,0,0
山东因斯绰科技有限公司第一店铺,0,0,0
山东国俊护栏有限公司,0,0,0
山东圣盾辐射防护工程第一店铺,0,0,0
山东大庚工程材料科技第二店铺,0,0,0
山东大鼎爆炸焊复合材料,0,0,0
山东天美生物技术有限公司,0,0,0
山东头等文化产业股份有限公司,1,0,1
山东奉鸣不锈钢有限公司第一店铺,0,0,0
山东存福新能源科技有限公司,0,0,0
山东宁工数控机械有限公司,0,0,0
山东安吉丸食品有限公司,0,0,0
山东宏捷机床有限公司,0,0,0
山东宜尺工艺品有限公司,0,0,0
山东富铭环保设备制造有限公司,0,0,0
山东岽达机电设备有限公司,0,0,0
山东崇德机械租赁有限公司,0,0,0
山东崇德电缆有限公司,0,0,0
山东崇浩环保科技有限公司,0,0,0
山东布洛尔智能科技有限公司,0,0,0
山东平宇化工有限公司,0,0,0
山东庚浩金属制品第一店铺,0,0,0
山东庚浩金属制品第二店铺,0,0,0
山东庚鑫金属材料第一店铺,0,0,0
山东康源辐射防护材料第一店铺,0,0,0
山东康牧机械有限公司第一店铺,0,0,0
山东开航新型材料有限公司,0,0,0
山东强辉陶瓷科技有限公司,0,0,0
山东得象电器科技有限公司,1,0,1
山东德建集团有限公司,1,0,1
山东德耐弛新能源第一店铺,0,0,0
山东德阜兴业环保设备第一店铺,0,0,0
山东悦凯金属制品有限公司,0,0,0
山东惠刚环保科技有限公司,0,0,0
山东惠民华正化纤绳网有限公司,0,0,0
山东懿锦石膏制品第二店铺,0,0,0
山东戈威士电子科技有限公司,1,0,1
山东戴奇自动化设备配件有限公司,0,0,0
山东扶邦防护用品第二店铺,0,0,0
山东拓博悬浮智能技术有限公司,0,0,0
山东振中辐射防护材料第一店铺,0,0,0
山东捷安智能科技有限公司,0,0,0
山东搜到网络科技有限公司,1,0,1
山东敢当石业有限公司第三店铺,0,0,0
山东斯塔克机床有限公司,0,0,0
山东新势力工程材料第一店铺,0,0,0
山东旗云生物科技有限公司,0,0,0
山东昊地机械设备第一店铺,0,0,0
山东昌盛木制品有限公司,0,0,0
山东易千禾机械设备第一店铺,0,0,0
山东易服信息技术有限公司,1,0,1
山东星地新材料股份有限公司,0,0,0
山东景阳冈酒厂,1,0,1
山东智创重工科技有限公司,0,0,0
山东更易光伏科技有限公司,0,0,0
山东更易光伏科技第二店铺,0,0,0
山东有路食品有限公司,0,0,0
山东朱氏药业济南分,0,0,0
山东枫海商贸有限公司,0,0,0
山东枫盈机械科技有限公司,0,0,0
山东格瑞德集团有限公司第七店铺,0,0,0
山东格瑞特穿条设备厂,13,0,13
山东欧陆智能设备有限公司,0,0,0
山东正乔木业股份有限公司,0,0,0
山东正源全铝家居定制第一店铺,0,0,0
山东殿聪机械配件第二店铺,0,0,0
山东水夫网络科技有限公司,0,0,0
山东沃森环保包装科技有限公司,0,0,0
山东沃鹏新型建材有限公司,0,0,0
山东泓泽瑞达节水灌溉设备,0,0,0
山东泳华矿业科技有限公司,0,0,0
山东泽能环保科技有限公司,0,0,0
山东浩海清淤船,34,0,34
山东润德复合材料有限公司,1,0,1
山东润程金属材料R780跟管厂家,0,0,0
山东淳亿智能机械科技有限公司,0,0,0
山东淳瑞化工有限公司,0,0,0
山东清秀村环境科技有限公司,1,0,1
山东爱威夫友环保科技有限公司,0,0,0
山东爱耳健康管理有限公司,0,0,0
山东爱非克刀锯制造第二店铺,0,0,0
山东特亚供水设备第二店铺,0,0,0
山东独厚管业有限公司第二店铺,0,0,0
山东独秀公路养护技术有限公司,0,0,0
山东环俄出国留学中介服务,1,0,1
山东玲华环保科技有限公司,0,0,0
山东瑞兆源生物科技有限公司,0,0,0
山东申兴钙业科技有限责任公司,1,0,1
山东益统重工机械第三店铺,0,0,0
山东盖无双建材有限公司,0,0,0
山东盖无双建材有限公司第二店铺,0,0,0
山东盖香云照明工程第一店铺,0,0,0
山东盛搪化工设备第一店铺,0,0,0
山东盛欣辐射防护工程有限公司,0,0,0
山东盛泰仪器有限公司,0,0,0
山东盛达辐射防护工程第一店铺,0,0,0
山东省千佛山医院,0,0,0
山东省圣博化纤绳网第一店铺,0,0,0
山东省妇幼保健院,1,0,1
山东省德康辐射防护材料有限公司,0,0,0
山东省本盈环保科技有限公司,0,0,0
山东省滨州市通源水产第二店铺,0,0,0
山东省王子宫殿影视文化发展,1,0,1
山东硕力新材料科技有限公司,0,0,0
山东社保缴费导引,0,0,0
山东福根工业装备第二店铺,0,0,0
山东福根科技有限公司第二店铺,0,0,0
山东科发豆制品设备第一店铺,0,0,0
山东科风节能设备第一店铺,0,0,0
山东精顺机械设备有限公司,0,0,0
山东精驰机械有限公司,0,0,0
山东精驰机械有限公司第三店铺,0,0,0
山东繁奥射线防护工程有限公司,0,0,0
山东繁程金属制品第一店铺,0,0,0
山东红舵建材科技有限公司,0,0,0
山东经欣粉体设备科技第三店铺,0,0,0
山东美创新型材料有限公司,0,0,0
山东耘夫机械设备第一店铺,0,0,0
山东聊东金属制造有限公司,0,0,0
山东聚创辐射防护工程第一店铺,0,0,0
山东聪申新能源科技第一店铺,0,0,0
山东范泰克斯塑胶制品有限公司,0,0,0
山东莱士敦装配式建筑第三店铺,0,0,0
山东莱特机械设备第三店铺,0,0,0
山东蒂辉机械设备有限公司,0,0,0
山东蒂辉机械设备第二店铺,0,0,0
山东蓝典环保科技有限公司,0,0,0
山东蓝恩防水材料有限公司,0,0,0
山东蓝盟防腐科技股份有限公司,0,0,0
山东蓝鼎新能源科技股份有限公司,0,0,0
山东裕登装备制造有限公司,0,0,0
山东诚达辐射防护工程有限公司,0,0,0
山东诚达辐射防护工程第二店铺,0,0,0
山东诚顺化工科技有限公司,0,0,0
山东诺嘉新型材料第一店铺,0,0,0
山东谷瑞工艺品有限公司第一店铺,0,0,0
山东豆将军食品设备有限公司,0,0,0
山东贝富雷射线防护器材有限公司,0,0,0
山东贝特尔环保科技第二店铺,0,0,0
山东赫盾新材料有限公司,0,0,0
山东超磁环保设备有限公司,0,0,0
山东路腾建筑设备有限公司,0,0,0
山东辛格化工有限公司,0,0,0
山东远景交通设施第一店铺,0,0,0
山东通耳健康管理第一店铺,0,0,0
山东道奇警示设备第一店铺,0,0,0
山东金远宏农牧机械有限公司,0,0,0
山东金风鼓风机有限公司,0,0,0
山东金风鼓风机有限公司第一店铺,0,0,0
山东金鳞辐射防护材料有限公司,0,0,0
山东鑫众联辐射防护工程有限公司,0,0,0
山东鑫华辐射防护材料有限公司,0,0,0
山东鑫旺达生物科技有限公司,0,0,0
山东鑫然农牧机械有限公司,0,0,0
山东鑫航船舶,0,0,0
山东鑫隆昌金属材料有限公司,0,0,0
山东钙氏药业有限公司第一店铺,0,0,0
山东钢信钢铁有限公司,0,0,0
山东钢恒钢铁有限公司,0,0,0
山东钢源涂镀钢板有限公司,0,0,0
山东铁建数控设备有限公司,0,0,0
山东铅卫士射线防护工程第一店铺,0,0,0
山东铅泰龙达辐射防护工程,0,0,0
山东铭匠通风设备第二店铺,0,0,0
山东铭江机械有限公司第二店铺,0,0,0
山东阳谷金岗钎具有限公司,1,0,1
山东雅思特辐射防护工程第一店铺,0,0,0
山东霖枫型材有限公司,0,0,0
山东非线科技有限公司,0,0,0
山东领扬新材料有限公司,0,0,0
山东风舞畜牧科技有限公司,0,0,0
山东风航食品机械有限公司,0,0,0
山东食环自动化设备有限公司,0,0,0
山东马仁堂药业有限公司第二店铺,0,0,0
山东驰牛机械设备有限公司,0,0,0
山东鲁新启达机械科技第一店铺,0,0,0
山东鲁涤洗涤设备第一店铺,0,0,0
山东鲁艺公共设施有限公司,0,0,0
山东鲁阀阀门科技有限公司,0,0,0
山东鸿亚辐射防护工程有限公司,0,0,0
山东鸿美新材料有限公司第一店铺,0,0,0
山东鸿途辐射防护材料第一店铺,0,0,0
山东鼎崇新型建材有限公第一店铺,0,0,0
山东鼎盖环卫设施有限责任公司,0,0,0
山东龙昌动物保健品有限公司,0,0,0
山东龙邦石膏制品有限公司,0,0,0
山东龙鹏消防设备有限公司,0,0,0
山东龚氏环保科技第一店铺,0,0,0
山河醋业有限公司,1,0,1
山西一物一码科技第一店铺,0,0,0
山西公田智能科技有限公司,0,0,0
山西华立机械制造第一店铺,0,0,0
山西君雁药业长治药械分第一店铺,0,0,0
山西堂弟生物科技有限公司,0,0,0
山西塘韵农副食品,61,516,577
山西宏星佳业打印机,0,0,0
山西强力矿用防爆,15,0,15
山西德恩普科技,0,0,0
山西德辅钢结构容器有限公司,0,0,0
山西恒强化工有限公司,0,0,0
山西明辉工程机械设备制造,0,0,0
山西晓栋机械设备租赁第一店铺,0,0,0
山西普天大幅面打印机,0,0,0
山西瑶珂醋业有限公司,0,0,0
山西百春居教育,66,516,582
山西省定襄县精制冶锻有限公司,0,0,0
山西繁盛昇煤机设备有限责任公司,0,0,0
山西耕云网络科技,0,0,0
山西蓝飞服务器,0,0,0
山西进万谦护栏围网,0,0,0
山西风源机械制造有限公司,0,0,0
山西飞鑫绘图仪,0,0,0
山里花间民宿线上预定,0,0,0
山隐禾风,0,0,0
山风学生床厂家批发,12,0,12
嵊州市火夫电器有限公司,1,0,1
嵊州市鼎诺园艺场,0,0,0
嵌宿预订小程序,0,0,0
巨多哆游乐有限公司,0,0,0
巨蜂创意,0,0,0
巨高精机,24,0,24
巨鹿县鸿腾麻纺有限公司,0,0,0
市政尚塬颐都汇,0,0,0
帅发苗木,0,0,0
师乐广西教师招聘公告,0,0,0
平乐县二塘镇鑫鹏塑料竹筏厂,0,0,0
平乡县叠丰橡塑制品厂,0,0,0
平乡县子欧档案用品厂第一店铺,0,0,0
平安好贷计算器,0,0,0
平山县千镒矿产品加工厂,0,0,0
平山空目有机肥,0,0,0
平度市天一制粉有限公司,0,0,0
平湖市霞杜葡萄酒有限公司,1,0,1
平潭北港十里春风民宿,0,0,0
平舆县文学秸秆回收场第一店铺,0,0,0
平邑县佳品苗木种植第一店铺,0,0,0
平邑县勇登石材有限公司,0,0,0
平陆县晋纲新型耐火材料有限公司,0,0,0
平陆县秦晋石墨制品有限公司,0,0,0
庆繁电动天棚帘厂家,6,0,6
庐山市星子镇品博石材雕第一店铺,0,0,0
康恒仿铜屏风,0,0,0
康诺新材料南京有限公司第一店铺,0,0,0
康阜PP阻燃剂,0,0,0
廊坊丛泰节能科技有限公司,0,0,0
廊坊中水化工有限公司第八店铺,0,0,0
廊坊仙扶缘工艺品有限公司,0,0,0
廊坊功诺节能科技有限公司,0,0,0
廊坊功诺节能科技第二店铺,0,0,0
廊坊双通防腐制品第二分,0,0,0
廊坊向纬防腐材料有限公司,0,0,0
廊坊君储保温材料销售有限公司,0,0,0
廊坊复康防火材料第一店铺,0,0,0
廊坊岳淼化工材料有限公司,0,0,0
廊坊崇起过滤器材第二店铺,0,0,0
廊坊市迩赫弹簧有限公司,0,0,0
廊坊春放保温材料第一店铺,0,0,0
廊坊普恩蒂节能科技第一店铺,0,0,0
廊坊杜训建筑工程有限公司,0,0,0
廊坊瑞千富弹簧制造有限公司,0,0,0
廊坊登博科技有限责任公司,0,0,0
廊坊登汇环保科技有限公司,0,0,0
廊坊聪源节能科技有限公司,0,0,0
廊坊聪源节能科技第二店铺,0,0,0
廊坊蓝佳防腐材料有限公司,0,0,0
廊坊达欧环保科技有限公司,0,0,0
廊坊鑫漫建材有限公司,0,0,0
建国电加热反应釜,12,0,12
建弟二手车,0,0,0
建湖县上冈镇周殿门窗加第二店铺,0,0,0
建辉环保催化燃烧,0,0,0
开原市东北苗木种植第一店铺,0,0,0
开原市木林森苗圃,0,0,0
开原市永顺苗圃第三店铺,0,0,0
开原市靠山镇老郑苗圃,0,0,0
开原池成研磨材料有限公司,0,0,0
开封亿茂园艺造型有限公司,0,0,0
开封市博朗预应力智能设备公司,0,0,0
开封竹根文化传播有限公司,0,0,0
开封膏祖堂药业有限公司第三店铺,0,0,0
开封高强石膏有限公司第一店铺,0,0,0
开泰二次结构输送泵,0,0,0
开源宿主调试工具,0,0,0
强力吊装,0,0,0
强峰移动登车桥装卸货平台厂家,11,0,11
强生仿木花箱,0,0,0
强辉飞科FLYCO剃须刀,415,0,415
彭大顺豆制品设备,33,0,33
彭州人才网,0,0,0
彭州杰烽建材第一店铺,0,0,0
径山牧野,0,0,0
律说律答,6,0,6
徽凡智能,0,0,0
快兑在线,0,0,0
快印达,17,0,17
快发开锁配汽车钥匙,3,0,3
快发济南开锁换锁修锁,3,0,3
快对,1,0,1
快当点单智慧餐厅管理系统,1,0,1
快抖平台,2,0,2
快搞文档,0,0,0
快狗打车,0,0,0
快电,0,0,0
怀远县恒邦农副产品有限公司,0,0,0
思亲园,0,0,0
思杜国际贸易上海有限公司,0,0,0
思购趣拼,6,0,6
急切网繁体字转换器,1,0,1
恋内衣坊,0,0,0
恋足美腿高跟鞋,0,0,0
恋足高跟鞋购,0,0,0
恢复大师,8,2,10
惠安大众杀虫公司,1,8,9
惠山区西漳永翠大棚管厂,0,0,0
惠州博莱特低压螺杆空压机,1,10,11
惠州市华希建材有限公司,0,0,0
惠州市妇幼保健计划生育服务中心,0,0,0
惠州市建崇防水装饰工程第三店铺,0,0,0
惠州市惠城区金鑫吹塑厂,0,0,0
惠州市永佳源电子科技有限公司,0,0,0
惠州市河伏暖通设备有限公司,0,0,0
惠州市英泓蛋品有限公司,1,0,1
惠州市镁浮机电设备有限公司,0,0,0
惠州市鼎优水泥制品有限公司,0,0,0
惠州帝威泳池设备有限公司,0,0,0
惠州锦尚置业龙光城独家,1,8,9
惠州隆城展示展览有限公司,0,0,0
惠普打印,0,0,0
惠民鹅苗批发厂家,16,0,16
惠购小精灵,0,0,0
慕弘工业设备（上海）有限公司,0,0,0
慢城蛋糕,1,0,1
慧得利气浮机设备,25,0,25
慧想词典,0,0,0
慧用工,0,0,0
或德实业上海有限公司,0,0,0
手搭手搬家司机端,0,0,0
手搭手搬家服务,0,0,0
拉勾招聘,0,0,0
拉萨一间次村别院度假酒店,0,0,0
换屏哥,31,2,33
捷充充话费,0,0,0
捷充话费充值,0,0,0
捷帆帆布,13,0,13
捷帆防雨布,12,0,12
掘金开发者社区,0,0,0
描川网游攻略,0,0,0
摄摄证件照制作换底色,0,0,0
撸宠宠物商城,1,0,1
攀之登机械设备租赁,11,0,11
收米武汉汽车抵押贷款,0,0,0
数导考试信息,0,0,0
数智导览,0,0,0
斯凯肯中国集团股份有限公司,0,0,0
斯特丽橱柜,4,0,4
斯飞科技,15,0,15
旗娱派兑,20,0,20
旗杆磐达旗杆,2,0,2
日历网,1,0,1
日宝德国喷胶阀刮胶阀,15,0,15
日成压电喷射阀螺杆阀点胶机,12,0,12
日照中峰木业有限公司,0,0,0
日照从乾塑料制品第一店铺,0,0,0
日照港集团有限公司,1,0,1
日照碧水湾泳池工程有限公司,0,0,0
日照舜枫农林科技有限公司,0,0,0
时萃咖啡,0,0,0
昆山全能达机械设备有限公司,0,0,0
昆山复贝尔新材料有限公司,0,0,0
昆山天金冈金属制品有限公司,0,0,0
昆山天金冈金属制品第二店铺,0,0,0
昆山市淀山湖镇良品五金机械商行,0,0,0
昆山康鸣包装设备第二店铺,0,0,0
昆山彩渡数码印花有限公司,0,0,0
昆山新凡诚机器人,0,0,0
昆山晟安生物科技有限公司,0,0,0
昆山联纯机电设备有限公司,0,0,0
昆山聚纳光伏科技第一店铺,0,0,0
昆山至尚光伏科技有限公司,0,0,0
昆山西默润滑科技有限公司,0,0,0
昆山邓氏精密机械有限公司,0,0,0
昆明云万寄售服务第一店铺,0,0,0
昆明品世食品有限公司第一店铺,0,0,0
昆明固特瑞塑业,61,516,577
昆明国钢钢材有限公司,0,0,0
昆明崇顺科技有限公司第一店铺,0,0,0
昆明市官渡区万邦货物运第二店铺,0,0,0
昆明市官渡区华辉货运服第一店铺,0,0,0
昆明市官渡区旺客隆珠宝玉器经,0,0,0
昆明市官渡区春羽床上用品经营部,0,0,0
昆明市官渡区木邦农副产品经营部,0,0,0
昆明市官渡区滇惜再生物资回收经,0,0,0
昆明市第一人民医院,202,19,221
昆明春威科技有限公司,0,0,0
昆明梓晨农业生物科技第二店铺,0,0,0
昆明滇印彩印有限责任公司,0,0,0
昆明滇誉管道疏通服务第一店铺,0,0,0
昆明特奉商贸有限公司,0,0,0
昆明猎虫农业科技第一店铺,0,0,0
昆明申科高隔装饰工程有限公司,0,0,0
昆明窜旭商贸有限公司第一店铺,0,0,0
昆明繁渠商贸有限公司,0,0,0
昆明赤流雕塑设计有限公司,0,0,0
昆明酷番网络科技有限公司,1,0,1
昆明金炊旺厨房环保设备安装工程,0,0,0
昆晶半导体帕尔帖珀耳帖珀尔贴,0,0,0
昆晶半导体珀耳贴帕耳贴帕耳帖,0,0,0
明媚网带烘干机烘干设备,16,0,16
明泽伙伴网络资讯,0,0,0
明琪二次构造柱泵,0,0,0
明琪二次构造柱浇筑泵,0,0,0
明琪二次结构输送泵,0,0,0
明通重型物流合肥分,0,0,0
晋中市能次方净化设备科技,0,0,0
晋州市东方盛世钉线厂,0,0,0
晋州市泉渡预拌混凝土有限公司,0,0,0
晋江优尔康丽床上用品,61,516,577
晋江市安海镇长虎土笋冻加工点,0,0,0
晋江市超钒机械有限公司,0,0,0
普宁市广太冬升花木场,0,0,0
普罗盾智能科技,0,0,0
普道云,1,0,1
景丰鱼缸照明,0,0,0
景仹厦门奶茶咖啡设备高价回收,1,8,9
景洪清枫云客栈,0,0,0
晴天飞航旅在线,0,0,0
晴村生活馆,1,0,1
晴风汉服社,0,0,0
暑期翻牌分百万,0,0,0
曲阜佳诚机械设备第一店铺,0,0,0
曲阜兴亚输送带销售第二店铺,0,0,0
曲阜市启航机械有限公司第二店铺,0,0,0
曲阜市宇晨机械设备第一店铺,0,0,0
曲阜市宏博机械设备第二店铺,0,0,0
曲阜市宏鑫机械厂,0,0,0
曲阜市康宏机械销售处,0,0,0
曲阜市豆香缘食品机械制第一店铺,0,0,0
曲阜市鑫科机械设备有限公司,0,0,0
曲阜市鸿源机械销售处,0,0,0
曲阜建科工贸有限公司,0,0,0
曲阜牧源机械有限公司第三店铺,0,0,0
曲阜鑫联重工机械制造有限公司,0,0,0
曲阜香豆园食品有限公司第二店铺,0,0,0
曲阳县一堆园林雕塑第一店铺,0,0,0
曲阳县泽业园林雕塑有限公司,0,0,0
曲阳县石旭园林雕塑有限公司,0,0,0
曲阳县雕美艺术雕塑厂,0,0,0
曲靖英美尔反刍动物营养科技,0,0,0
朗哥办公家具,3,0,3
朗腾富建材有限公司,0,0,0
朦登幸运飞艇星座运势,4,0,4
朦登楚汉德州,3,0,3
朦登老虎机平台,6,0,6
木丁喜,1,0,1
木串自营商城,0,0,0
木功文化,1,0,1
木司幽兰酒店,0,0,0
木子沈阳有害生物防治有限公司,0,0,0
木峰整木定制,0,0,0
木瓜视频,0,0,0
木约,0,0,0
木西又见民宿,0,0,0
朴业溱源洞穴民宿,0,0,0
朴悦villa日落之地精品民宿,0,0,0
机械工业第六设计研究院有限公司,1,0,1
机械革命旗舰店,0,0,0
机蜂侠,0,0,0
来安县绿水坊生物剂销售有限公司,0,0,0
来答题吧,1,0,1
来驰商标转让平台,6,0,6
杰达拱形屋面,0,0,0
杰达拱形屋顶,0,0,0
极兔速递,0,0,0
极睿咖啡北京有限公司,1,0,1
极达物流,0,0,0
林恩,0,0,0
柒柒的爱情笔记,0,0,0
柒等科技,0,0,0
柯尼卡美能达,0,0,0
柯珞克,0,0,0
柯美亚肤美美,0,0,0
柳州市妇幼保健院,1,0,1
柳州市添顺汇养殖第一店铺,0,0,0
柳州戴姆富勒技术开发有限公司,0,0,0
柳州毛师傅开锁,2,0,2
栾城区冰和制冷设备销售中心,0,0,0
栾城区初彩鱼缸制作厂,0,0,0
栾川汪氏开锁换锁配汽车钥匙,2,0,2
桓仁正阳刺五加苗圃第二店铺,0,0,0
桓台县果里镇齐锻锻压机床厂,0,0,0
桔光科技武汉有限公司,0,0,0
桔子企服,0,0,0
桔子育儿,0,0,0
桔皋化工上海有限公司,0,0,0
梁山从瑞机械设备有限公司,0,0,0
梁山县典强机械设备第一店铺,0,0,0
梁山县崇和畜牧有限公司第一店铺,0,0,0
梁山县符林二手化工设第二店铺,0,0,0
梁山复鑫二手设备购销有限公司,0,0,0
梁山天辰二手设备购销第一店铺,0,0,0
梁山宇金牧业有限责任公司,0,0,0
梁山栋发二手设备购销第二店铺,0,0,0
梁山火之兴机械科技第一店铺,0,0,0
梁山祥佑机械设备有限公司,0,0,0
梅州戈为实业有限公司,0,0,0
梅州翁山实业有限公司,0,0,0
梦初严选,1,0,1
梦语鲜花店同城送花订花预订速递,1,0,1
梦远共享设备,0,0,0
森之家装修管家,0,0,0
森宇文化,0,0,0
森鹰空调窗,3,0,3
森鹰铝包木门窗,3,0,3
楼盘网房贷计算器工具,0,0,0
欧心高隔,2,0,2
欧思嘉电器,0,0,0
欧派衣柜,11,0,11
欧码厂家一激光油墨小字符喷码机,0,0,0
欧迪克门窗,0,0,0
每房精选,343,0,343
毛家饭店,0,0,0
民强水利机械租赁有限公司,12,0,12
民强水陆勾机出租,21,0,21
民政通,34,0,34
民鑫墙体改梁,22,0,22
水感肌,1,0,1
水滴字典,7,0,7
水滴智慧科技深圳有限公司,1,0,1
水滴筹筹款,0,0,0
汇内购,2,0,2
汇富有机肥撒粪车,3,0,3
汇耕,1,0,1
汇鑫反应釜,0,0,0
汇鑫淘金船淘金设备,1,0,1
汕头市烽明光电科技有限公司,1,0,1
江水平装修队,1,0,1
江汇翻板闸门,11,0,11
江汇自控翻板闸门,11,0,11
江苏万德福公共设施科技有限公司,0,0,0
江苏三众弹性技术股份有限公司,0,0,0
江苏三里港高空建筑防腐有限公司,1,0,1
江苏东久机械有限公司第一店铺,0,0,0
江苏东旺环保滤袋厂家店铺,0,0,0
江苏中吴LED灯具,0,0,0
江苏丰腾建设工程有限公司,0,0,0
江苏二机机床有限公司第二店铺,0,0,0
江苏亿晋昊堵漏工程有限公司,0,0,0
江苏优胜特堵漏科技有限公司,0,0,0
江苏全德电气有限公司,0,0,0
江苏全给净化科技有限公司,0,0,0
江苏全风环保科技有限公司,1,0,1
江苏全风环保科技第一店铺,0,0,0
江苏兴特嘉环保设备制造第一店铺,0,0,0
江苏冬庆数控机床有限公司,1,0,1
江苏创清环保工程第二店铺,0,0,0
江苏力威塑业科技有限公司,0,0,0
江苏劲国重工机械有限公司,0,0,0
江苏华一船舶有限公司,1,0,1
江苏华力防腐工程有限公司,0,0,0
江苏华淼防水堵漏工程有限公司,0,0,0
江苏博莱客冷冻科技发展有限公司,0,0,0
江苏博跃气体设备有限公司,0,0,0
江苏博鸿化工有限公司,0,0,0
江苏君耀电气有限公司,0,0,0
江苏吾贰网络科技有限公司,1,0,1
江苏品优干燥设备有限公司,0,0,0
江苏坤旭基础工程有限公司,0,0,0
江苏复兴科技发展有限公司,0,0,0
江苏大信环境科技第一店铺,0,0,0
江苏奥福生物科技有限公司,0,0,0
江苏如意菜饭餐饮管理有限公司,1,0,1
江苏存联建设工程有限公司,0,0,0
江苏安美环保科技有限公司,0,0,0
江苏富澜德制冷科技有限公司,0,0,0
江苏寻贻生物科技有限公司,0,0,0
江苏展宏环保科技有限公司,0,0,0
江苏峰科环保科技有限公司,0,0,0
江苏峰超泵业有限公司,0,0,0
江苏崇泽科技发展第一店铺,0,0,0
江苏崔氏船业有限公司第三店铺,0,0,0
江苏巨义环境工程有限公司,0,0,0
江苏巨公环保科技有限公司,0,0,0
江苏帕斯玛环境科技有限公司,0,0,0
江苏常盛无纺设备有限公司,1,0,1
江苏广立吊索具有限公司,0,0,0
江苏开拓者救援装备第一店铺,0,0,0
江苏弘生生物工程第一店铺,0,0,0
江苏弘辉通市政环保工程有限公司,0,0,0
江苏御地温室工程有限公司,0,0,0
江苏德柯能环保科技有限公司,0,0,0
江苏恒顺醋业股份有限公司,1,0,1
江苏悦华高空建筑防腐第一店铺,0,0,0
江苏戴纳米克机械科技有限公司,0,0,0
江苏拓戴管业有限公司,0,0,0
江苏振迪检测科技有限公司,0,0,0
江苏探索光电科技有限公司,0,0,0
江苏新大防水堵漏,3,0,3
江苏新大高空工程第五店铺,0,0,0
江苏新澎复合材料有限公司,1,0,1
江苏新聚力新材料有限公司,0,0,0
江苏明昇建设工程第三店铺,0,0,0
江苏景南环保科技第一店铺,0,0,0
江苏景同钢铁有限公司,0,0,0
江苏杜昌电力设备制造第二店铺,0,0,0
江苏杰步五金制品有限公司,0,0,0
江苏格棱美金属科技股份有限公司,0,0,0
江苏梭顺高空工程有限公司,0,0,0
江苏概盈电子,0,0,0
江苏欧得利环保科技有限公司,0,0,0
江苏欧湿电器制造有限公司,0,0,0
江苏欧锦机械制造有限公司,0,0,0
江苏氟鼎防腐设备有限公司,0,0,0
江苏汉煌特钢有限公司,0,0,0
江苏泽大建筑材料有限公司,0,0,0
江苏洲方新能源有限公司,0,0,0
江苏济通复合材料有限公司,1,0,1
江苏浩久高空建筑防腐第一店铺,0,0,0
江苏浩飞机械科技有限公司,0,0,0
江苏清如环境工程有限公司,0,0,0
江苏溯码防伪技术有限公司,0,0,0
江苏灯创,0,0,0
江苏炬烽热能科技第一店铺,0,0,0
江苏炽德森金属制品第一店铺,0,0,0
江苏煜阀阀门科技第一店铺,0,0,0
江苏玉海防水堵漏工程有限公司,0,0,0
江苏瑞丰公共设施制造有限公司,0,0,0
江苏瑞氟龙防腐材料第一店铺,0,0,0
江苏登品水利工程有限公司,0,0,0
江苏省中西医结合医院,6,0,6
江苏省妇幼保健院,0,0,0
江苏福曼斯仪器有限公司,0,0,0
江苏离茨风机科技第一店铺,0,0,0
江苏科华智能加热装备有限公司,0,0,0
江苏立锋智能科技有限公司,0,0,0
江苏米咖弗贸易有限公司第一店铺,0,0,0
江苏美森洗涤设备第一店铺,0,0,0
江苏致良知木业有限公司,0,0,0
江苏舜烽冶金机械制造有限公司,1,0,1
江苏舜烽冶金机械制造第一店铺,0,0,0
江苏苏纯环保科技有限公司,1,0,1
江苏英吉润滑科技,0,0,0
江苏茂福机电设备有限公司,0,0,0
江苏荷涤洗涤机械,0,0,0
江苏荷涤洗涤机械制造第一店铺,0,0,0
江苏荷涤洗涤机械制造第三店铺,0,0,0
江苏荷涤洗涤机械制造第二店铺,0,0,0
江苏菌钥生命科技发展第三店铺,0,0,0
江苏蜂窝载存科技第二店铺,0,0,0
江苏融汇环境工程第三店铺,0,0,0
江苏裕昌干燥工程有限公司,0,0,0
江苏赖氏环保科技第一店铺,0,0,0
江苏赛氟罗新材料第一店铺,0,0,0
江苏迅迪仪器科技有限公司,0,0,0
江苏迈翰环保科技有限公司,0,0,0
江苏通淼机械设备第一店铺,0,0,0
江苏金为建工集团有限公司,0,0,0
江苏金湖金龙生态龙虾第二店铺,0,0,0
江苏锋德钢结构工程有限公司,0,0,0
江苏锤正堂健康管理有限公司,0,0,0
江苏镀宝泵业有限公司,0,0,0
江苏隆之鼎建设有限公司,0,0,0
江苏顺和教学仪器有限公司,0,0,0
江苏驰耐特防腐科技有限公司,0,0,0
江苏骤风干燥工程第一店铺,0,0,0
江苏鹏殿机械有限公司第二店铺,0,0,0
江苏鼎跃金属制品有限公司,0,0,0
江苏鼎高烟塔工程有限公司,0,0,0
江西万革智能科技有限公司,0,0,0
江西业成实业有限公司,0,0,0
江西中瑞防雷技术有限公司,0,0,0
江西中盛工业设备有限公司,0,0,0
江西中谷园家具有限公司,0,0,0
江西九峰碳酸钙填充母料有限公司,0,0,0
江西九通电梯有限公司,0,0,0
江西佰鸿切割工程第一店铺,0,0,0
江西共盈家具有限公司,0,0,0
江西共盈家具有限公司第二店铺,0,0,0
江西创先精细钙业第一店铺,0,0,0
江西博鑫精陶环保科技有限公司,0,0,0
江西名川公共设施有限公司,0,0,0
江西复真药业有限公司第二店铺,0,0,0
江西大创农牧机械第一店铺,0,0,0
江西恒昌矿山机械设备第二店铺,0,0,0
江西慧骅科技有限公司,0,0,0
江西泰氟隆新材料第一店铺,0,0,0
江西环球天然香料有限公司,0,0,0
江西省三耳装饰工程有限公司,0,0,0
江西省五丰陶瓷有限公司第二店铺,0,0,0
江西省匠存建材有限公司,0,0,0
江西省吉水县鹏辉皮革制第三店铺,0,0,0
江西省艾珀耐特复合材料有限公司,0,0,0
江西省金旭园艺花木有限公司,0,0,0
江西省高峰碳酸钙有限公司,0,0,0
江西省鸽鸽食品有限公司,1,0,1
江西立清钙业有限公司,0,0,0
江西艾瑞斯咖啡奶茶饮品培训学校,3,0,3
江西调水人生态环境工程第一店铺,0,0,0
江西赐金设备租赁第一店铺,0,0,0
江西赣硕材料科技有限公司,0,0,0
江西赣秀体育发展有限公司,0,0,0
江西越动体育文化发展有限公司,1,0,1
江西驴充充充电技术有限公司,0,0,0
江门市江海区林宇自动化第二店铺,0,0,0
江门市金釜照明电器厂第一店铺,0,0,0
江阴市凯迪轻工机械有限公司,0,0,0
江阴市华酉纺机配件有限公司,1,0,1
江阴市宇光金属光整辅料有限公司,1,0,1
江阴市宏锻机械制造有限公司,0,0,0
江阴市胶辊制造有限公司,0,0,0
江阴市麦尔登毛纺织有限公司,0,0,0
江阴戴勒姆动力设备有限公司,0,0,0
江阴泰运来文化传播有限公司,0,0,0
江阴派格机械设备有限公司,0,0,0
沁源县沁河镇醋妮土特产店,3,0,3
沈锐数控3150滚齿机床,0,0,0
沈阳东朝红革仪器仪表有限公司,0,0,0
沈阳乐芙食品商贸有限公司,0,0,0
沈阳于洪盛京坤泰安全防盗门商行,0,0,0
沈阳亿珠苗木有限公司,0,0,0
沈阳从科化工有限公司第一店铺,0,0,0
沈阳冯家老胡同餐饮管理有限公司,1,0,1
沈阳初心哆咪食品有限公司,1,0,1
沈阳华兴润达变形缝伸缩缝,3,0,3
沈阳博士盖陶瓷有限公司,0,0,0
沈阳周老爹食品有限公司,1,0,1
沈阳圣宝源冷冻食品有限公司,0,0,0
沈阳天放再生资源回收第一店铺,0,0,0
沈阳天赐伟刚铝合金制品有限公司,0,0,0
沈阳天酬制冷设备有限公司,0,0,0
沈阳奉达钢结构工程有限公司,0,0,0
沈阳宝顺捷精细化工有限公司,0,0,0
沈阳市于洪区中交路桥设备租赁处,0,0,0
沈阳市于洪区反渗透纯第二店铺,0,0,0
沈阳市于洪区超人消杀服务中心,0,0,0
沈阳市天意园林景观有限公司,0,0,0
沈阳市沈北新区宏泰雕第一店铺,0,0,0
沈阳市沈北新区淼通源钻井队,0,0,0
沈阳市沈河区昊峰园林绿第一店铺,0,0,0
沈阳市皇姑区添顺商贸调第二店铺,0,0,0
沈阳市盛德工业电炉厂,0,0,0
沈阳市铁西区地丰建材经销部,0,0,0
沈阳海利克机械设备有限公司,0,0,0
沈阳琅顿金属制品有限公司,0,0,0
沈阳睿聪房科技有限公司第一店铺,0,0,0
沈阳福耐斯新材料科技第一店铺,0,0,0
沈阳科辽防腐有限公司,0,0,0
沈阳维尔有害生物防治工程,0,0,0
沈阳联科风幕空调设备第一店铺,0,0,0
沈阳蒂暄服装有限公司,0,0,0
沈阳赤那印刷机械第三店铺,0,0,0
沈阳路客广告传媒有限公司,0,0,0
沈阳逸构家具有限公司第一店铺,0,0,0
沈阳金明源通风设备德州分,0,0,0
沈阳金福鸟蛋业有限公司,0,0,0
沈阳金赐晟建材有限公司,0,0,0
沈阳鑫冬乐管业有限公司第一店铺,0,0,0
沈阳鑫正通达金属制品有限公司,0,0,0
沈阳鑫金辉金属制品有限公司,0,0,0
沈阳镀锌方管,0,0,0
沈阳镀锌管,0,0,0
沈阳隆润精细化工原料有限公司,0,0,0
沈阳霏顿网络科技有限公司,1,0,1
沈阳顺远人力资源服务第二店铺,0,0,0
沈阳鼎晟伟业办公,0,0,0
沐夏二次构造柱上料机,0,0,0
沭阳县孝中鹅业专业合作社,0,0,0
沭阳县新河镇崔法稻草人销售中心,0,0,0
沭阳网,7,0,7
泉州周御坊生物科技第二店铺,0,0,0
泉州守甫工艺品有限公司,0,0,0
泉州市勤蜂包装制品第一店铺,0,0,0
泉州市复腾机械设备第一店铺,0,0,0
泉州市复腾机械设备第二店铺,0,0,0
泉州市大纲建筑工程有限公司,0,0,0
泉州市妇幼保健院,29,0,29
泉州市正骨医院,168,9,177
泉州市洛江区汇丰妇幼用品,0,0,0
泉州市谓道文化传媒有限公司,0,0,0
泉州市金殿化工材料第一店铺,0,0,0
泉州晶烽石业有限公司,0,0,0
泉州格上科技有限公司,1,0,1
泉州永春黄花倒水莲苗木,0,0,0
泉州物否贸易有限公司,0,0,0
泉州非选饮品奶茶培训,1,9,10
泉税叮咚,0,0,0
泊头云拓量具有限公司,0,0,0
泊头市丰普机械科技有限公司,0,0,0
泊头市佰茂铸件销售中心,0,0,0
泊头市全恒车辆配件有限公司,0,0,0
泊头市兴成铸造机械有限公司,0,0,0
泊头市博聪环保机械有限公司,0,0,0
泊头市圣迈亿量具制造有限公司,0,0,0
泊头市宏大纺机配件厂,0,0,0
泊头市巨奥机械有限公司,0,0,0
泊头市永嘉机械制造有限公司,0,0,0
泊头市河联机床设备有限公司,0,0,0
泊头市泽宸机械制造有限公司,0,0,0
泊头市洁润泵阀制造厂第一店铺,0,0,0
泊头市环海机械工具有限公司,0,0,0
泊头市瑞琦工量具制造有限公司,0,0,0
泊头市金冈工量具制造有限公司,0,0,0
泊头市金弛压瓦机械厂,0,0,0
泌阳县共利石材厂第一店铺,0,0,0
泌阳县共利石材厂第二店铺,0,0,0
泸县川一石材加工厂第三店铺,0,0,0
泸州上等缘酒类销售有限公司,0,0,0
泸州古存酒业有限公司,1,0,1
泸州国醇酒业有限公司,0,0,0
泸州曾师傅管道疏通管道维修,2,0,2
泸州池窖集团股份有限公司,0,0,0
洁万家消杀药械商城,0,0,0
洁利来洗涤机械,0,0,0
洁夫森上海环保科技第一店铺,0,0,0
洁福五段式雨刮器,1,9,10
洛阳中都仿古建材第二店铺,0,0,0
洛阳从信轴承有限公司,0,0,0
洛阳众芳牡丹产业集团有限公司,0,0,0
洛阳俯冲设备有限公司,0,0,0
洛阳华熔窑炉有限公司,0,0,0
洛阳原恒照明灯具有限公司,0,0,0
洛阳宏达炉业有限公司,0,0,0
洛阳市伊滨区庞村镇崇第一店铺,0,0,0
洛阳市誉龙净水材料第一店铺,0,0,0
洛阳昌瑞炉业第一店铺,0,0,0
洛阳易存智能科技有限公司,0,0,0
洛阳智存科技有限公司,0,0,0
洛阳泰瑞炉业有限公司第一店铺,0,0,0
洛阳洛汝给水净水设备有限公司,0,0,0
洛阳润邦机械科技有限公司,0,0,0
洛阳焱华加热科技有限公司,0,0,0
洛阳纯青炉业有限公司,0,0,0
洛阳钙丰工贸有限公司,0,0,0
洛阳鼎信高温科技有限公司,0,0,0
津川电子预付费水表,0,0,0
津门瑞府,0,0,0
派派宠物,0,0,0
派美香氛,69,0,69
济南丁豪家政服务有限公司,1,0,1
济南二锻机床有限公司第一店铺,0,0,0
济南代能新能源科技有限公司,0,0,0
济南优纯科学仪器有限公司,0,0,0
济南允诚生物科技第一店铺,0,0,0
济南博公信息咨询有限公司,1,0,1
济南历下航领电子产品,0,0,0
济南圆月刀智能装备有限公司,0,0,0
济南天丰放射防护器材有限公司,0,0,0
济南天赤智能设备有限公司,0,0,0
济南奋诚自动化设备第一店铺,0,0,0
济南宇涵升降机械有限公司,0,0,0
济南宏旺辐射防护工程有限公司,1,0,1
济南宏泰食品机械有限公司,0,0,0
济南崇高升降机械有限公司,0,0,0
济南崇高建筑材料有限公司,1,0,1
济南市章丘区永鸿炊具机第一店铺,0,0,0
济南市章丘区飞翔炊具设备厂,0,0,0
济南广隶达防护用品有限公司,0,0,0
济南建韶升降机械第三店铺,0,0,0
济南弗尼斯焊接技术有限公司,0,0,0
济南快发开锁汽车钥匙,3,0,3
济南振翠化工有限公司,0,0,0
济南敦睦机电有限公司第二店铺,0,0,0
济南斐然信息,0,0,0
济南晟绘电子,0,0,0
济南晨阳科技有限公司,0,0,0
济南晶昊化工有限公司,0,0,0
济南暖致采暖设备有限公司,0,0,0
济南欧莱博科学仪器有限公司,0,0,0
济南欧非信息,0,0,0
济南殿华化工科技有限公司,0,0,0
济南永风机械有限公司,0,0,0
济南泛诺化工有限公司,0,0,0
济南泽铭凯焊割设备第一店铺,0,0,0
济南济雕数控设备第二店铺,0,0,0
济南海林臭氧科技有限公司,0,0,0
济南申盛铝塑制品有限公司,0,0,0
济南留安石膏机械设备制造,0,0,0
济南登邦化工有限公司第二店铺,0,0,0
济南登高机械有限公司,0,0,0
济南福之音新型材料有限公司,0,0,0
济南科瑞达化工有限公司第二店铺,0,0,0
济南章丘鲁裕炊具厂,0,0,0
济南翥鸿汽车零部件有限公司,0,0,0
济南舜立达辐射防护器材有限公司,1,0,1
济南舜立达辐射防护器材第二店铺,0,0,0
济南茂鑫化工有限公司,0,0,0
济南范师傅汽车服务有限公司,1,0,1
济南誉峰化工有限公司,0,0,0
济南贝特甄选共享科技有限公司,1,0,1
济南辉瑞射线防护工程有限公司,0,0,0
济南辰东辐射防护材料有限公司,1,0,1
济南迪讯信息技术有限公司,1,0,1
济南金开辐射防护技术有限公司,1,0,1
济南鑫元汽车配件有限公司,0,0,0
济南锐天防辐射器材有限公司,1,0,1
济南麦丰化工有限公司,0,0,0
济南鼎恒重型汽车配件有限公司,0,0,0
济宁中煤操车技术第一店铺,0,0,0
济宁久科工程机械设备有限公司,0,0,0
济宁亿豪竹制品有限公司第二店铺,0,0,0
济宁伯颜机械有限公司,0,0,0
济宁华德环保设备服务第四店铺,0,0,0
济宁博圣机械设备有限公司,0,0,0
济宁嘟嘟侠游乐设备有限公司,0,0,0
济宁峻熙吸粪车,0,0,0
济宁市任城区卓越化工营销中心,0,0,0
济宁市任城区天赐苗木种植基地,0,0,0
济宁市任城区纽威达机械设备销,0,0,0
济宁市任城区龙祥吊车销第一店铺,0,0,0
济宁市嘉宁生物科技有限公司,0,0,0
济宁市恒巨钙业有限公司,0,0,0
济宁市振焱机械有限公司第一店铺,0,0,0
济宁市辰安环保材料有限公司,0,0,0
济宁庚申机械设备有限公司,0,0,0
济宁德亿石材有限公司,0,0,0
济宁德耐弛新能源第一店铺,0,0,0
济宁恒沃矿山机械设备第二店铺,0,0,0
济宁意玛机电有限公司,0,0,0
济宁昌禾机械有限公司第一店铺,0,0,0
济宁现代养殖场,0,0,0
济宁矿恒机械设备有限公司,0,0,0
济宁祥宸特种养殖场,0,0,0
济宁科迈液压机械有限公司,0,0,0
济宁经济开发区华冠石第一店铺,0,0,0
济宁经济开发区轩豪石业有限公司,0,0,0
济宁经济开发区马集镇娅婻石材销,0,0,0
济宁荣屹工程机械第一店铺,0,0,0
济宁萨奥机械有限公司第三店铺,0,0,0
济宁豪涵环卫设备有限公司,0,0,0
济宁迅大管道防腐材料第二店铺,0,0,0
济宁金林机械设备有限公司,0,0,0
济宁金诚杆塔有限公司,0,0,0
济宁鸿嘉宇竹制品第一店铺,0,0,0
济宁鼎东机械设备二号店铺,0,0,0
济源艾格弗作物保护有限公司,0,0,0
济铭企服,3,0,3
浏阳市兴乐农业科技开发有限公司,0,0,0
润旭监控杆,3,0,3
润旭高杆灯,3,0,3
润步生物,0,0,0
润江府,0,0,0
润田兄弟,1,0,1
润田兄弟节水设备,19,0,19
润看,1,0,1
润锦,3,0,3
淮南金乾垃圾焚烧发电有限公司,0,0,0
淮安市中访文化传播有限公司,1,0,1
淮安市淮阴区王营兄弟塑料瓶加,0,0,0
淮安淮格钢格板有限公司,0,0,0
淮安融旺基础工程有限公司,0,0,0
深业堤亚纳湾,0,0,0
深圳七代鹰安防科技第一店铺,0,0,0
深圳七代鹰安防科技第二店铺,0,0,0
深圳三分热度,0,0,0
深圳世纪百利环保科技有限公司,0,0,0
深圳中氟科技有限公司,0,0,0
深圳企云方科技有限公司,0,0,0
深圳共华科技有限公司,0,0,0
深圳凌谊视觉科技有限公司,0,0,0
深圳凤城电脑维修,1,0,1
深圳凯烽达科技有限公司第一店铺,0,0,0
深圳创夫科技有限公司,0,0,0
深圳前海天堤实业发展有限公司,0,0,0
深圳原上展览搭建,0,0,0
深圳名流世家家居成都分第二店铺,0,0,0
深圳大工人电动缸技术有限公司,0,0,0
深圳天丰泰科技股份有限公司,0,0,0
深圳宇凡微电子有限公司,0,0,0
深圳市一杆高尔夫科技有限公司,0,0,0
深圳市一电电池技术有限公司,1,0,1
深圳市一道网络有限公司,1,0,1
深圳市万华源皮革第一店铺,0,0,0
深圳市万芯时代贸易第二店铺,0,0,0
深圳市万铭达科技有限公司,0,0,0
深圳市三佛科技有限公司,0,0,0
深圳市三顿电源科技有限公司,0,0,0
深圳市东宸机械设备第一店铺,0,0,0
深圳市东阳机电有限公司,0,0,0
深圳市中洲港琪食品第一店铺,0,0,0
深圳市中磁计算机技术宝安分,0,0,0
深圳市中达强电炉有限公司,0,0,0
深圳市丰华信科技有限公司,0,0,0
深圳市丰和电子有限公司,0,0,0
深圳市丹唯科技有限公司,0,0,0
深圳市为恩科技有限公司,0,0,0
深圳市九段科技有限公司第一店铺,0,0,0
深圳市云传物联技术有限公司,1,0,1
深圳市众强健康科技第一店铺,0,0,0
深圳市众盈创达科技,0,0,0
深圳市佰维雅科技有限公司,0,0,0
深圳市候鸟文化传媒有限公司,39,2,41
深圳市元锋科技有限公司,0,0,0
深圳市光楚科技发展有限公司,0,0,0
深圳市共安智能科技有限公司,0,0,0
深圳市共安机电有限公司,0,0,0
深圳市共强科技有限公司,0,0,0
深圳市共燊电子科技第一店铺,0,0,0
深圳市共燊电子科技第二店铺,0,0,0
深圳市兴舞科技有限公司,0,0,0
深圳市兴隆润滑科技有限公司,0,0,0
深圳市典科电子有限公司,0,0,0
深圳市净迪科技有限公司,0,0,0
深圳市凤一食品有限公司,0,0,0
深圳市创芯鸿电子有限公司,0,0,0
深圳市力博刀具技术有限公司,0,0,0
深圳市力感科技有限公司,0,0,0
深圳市北魏座椅有限公司,0,0,0
深圳市升阳触控技术第一店铺,0,0,0
深圳市华师特科技有限公司,0,0,0
深圳市南水灌溉科技有限公司,0,0,0
深圳市南烽电子有限公司第三店铺,0,0,0
深圳市博睿帝科技有限公司,0,0,0
深圳市博赛网络技术有限公司,0,0,0
深圳市合发齿轮机械有限公司,0,0,0
深圳市和康工艺制品第二店铺,0,0,0
深圳市圣鉴文化艺术第一店铺,0,0,0
深圳市奇烁光电科技有限公司,0,0,0
深圳市奇齿龙科技第一店铺,0,0,0
深圳市奋腾科技有限公司,0,0,0
深圳市好托付科技第一店铺,0,0,0
深圳市威腾龙科技有限公司,0,0,0
深圳市子依翡翠珠宝有限公司,0,0,0
深圳市宇迪讯科技有限公司,0,0,0
深圳市安宏达光电科技第二店铺,0,0,0
深圳市宏泰发农副产品配送,0,0,0
深圳市宏源圣诞制品有限公司,0,0,0
深圳市宏达峰吊篮租赁服务,0,0,0
深圳市宏达鑫氟塑制品有限公司,0,0,0
深圳市宝安区松岗辰信第一店铺,0,0,0
深圳市宝安区沙井康洁美卫浴厂,0,0,0
深圳市富天电路有限公司,0,0,0
深圳市富源手袋有限公司,0,0,0
深圳市小水滴健康科技有限公司,0,0,0
深圳市岗宏集团有限公司,1,0,1
深圳市岩都科技有限公司,0,0,0
深圳市峰向信息技术有限公司,0,0,0
深圳市峰锐科技有限公司,0,0,0
深圳市崇瀚科技开发第一店铺,0,0,0
深圳市崇粤光电通信有限公司,0,0,0
深圳市崇高科技有限公司第一店铺,0,0,0
深圳市巨东科技有限公司,0,0,0
深圳市巨风科技有限公司,0,0,0
深圳市帕敢翡翠之家第一店铺,0,0,0
深圳市帕敢翡翠之家第二店铺,0,0,0
深圳市帝格尔科技有限公司,0,0,0
深圳市帝美服装有限公司,0,0,0
深圳市广益达电子有限公司,0,0,0
深圳市弗瑞鑫电子第一店铺,0,0,0
深圳市得康洗净电器有限公司,0,0,0
深圳市御纯文化发展有限公司,1,0,1
深圳市德力四害消杀第一店铺,0,0,0
深圳市德翼智能科技有限公司,0,0,0
深圳市恒兴星精密仪器有限公司,0,0,0
深圳市恒康辐射防护器材第一店铺,0,0,0
深圳市恒泰辐射防护科技有限公司,0,0,0
深圳市恒烁玻璃钢有限公司,0,0,0
深圳市恩智成科技有限公司,0,0,0
深圳市愉尔电子有限公司,0,0,0
深圳市拓尔德能源有限公司,0,0,0
深圳市振华发科技有限公司,0,0,0
深圳市捷比信实业有限公司,0,0,0
深圳市敦和电子第二店铺,0,0,0
深圳市斯康达电子有限公司,0,0,0
深圳市斯沃德厨柜有限公司,0,0,0
深圳市新亚缔科技有限公司,0,0,0
深圳市新弘尔电子材料有限公司,0,0,0
深圳市新浩科技有限公司,0,0,0
深圳市新豪咖啡奶茶设备有限公司,0,0,0
深圳市方寸山电子有限公司,0,0,0
深圳市旭兴刀模有限公司,0,0,0
深圳市明复科技有限公司,0,0,0
深圳市晶科鑫实业有限公司,0,0,0
深圳市晶联讯电子第一店铺,0,0,0
深圳市智创美科技有限公司,0,0,0
深圳市智感电子技术开发有限公司,0,0,0
深圳市有丰科技有限公司,0,0,0
深圳市椿藤电气有限公司,1,0,1
深圳市比斯特冷冻设备有限公司,0,0,0
深圳市汇弛丰电子科技有限公司,0,0,0
深圳市汇弛丰电子科技第二店铺,0,0,0
深圳市汇芯源科技有限公司,0,0,0
深圳市江承仪器有限公司第一店铺,0,0,0
深圳市泛吉尔安全技术有限公司,0,0,0
深圳市泛思特科技有限公司,0,0,0
深圳市泛联科技有限公司,0,0,0
深圳市泰洁尔净化科技有限公司,0,0,0
深圳市深华窗饰有限公司,0,0,0
深圳市淳德科技有限公司,0,0,0
深圳市港达国际物流有限公司,0,0,0
深圳市潮甫企业管理第一店铺,0,0,0
深圳市煌胜锡业制品有限公司,0,0,0
深圳市爱上饭餐饮连锁管理,1,0,1
深圳市爱宠儿科技有限公司,1,0,1
深圳市特思德激光刀模设备,0,0,0
深圳市瑞烽科技有限公司,0,0,0
深圳市瑞视自动化有限公司,0,0,0
深圳市碧翠泉泳池设备有限公司,0,0,0
深圳市碧野千里技术第二店铺,0,0,0
深圳市福顺昌电子科技有限公司,0,0,0
深圳市科美隆农副产品第一店铺,0,0,0
深圳市立德典当有限公司,0,0,0
深圳市粤嘉乐水族有限公司,0,0,0
深圳市绿环源农副产品配送,0,0,0
深圳市缔美妍化妆品有限公司,1,0,1
深圳市美厨厨具设备有限公司,0,0,0
深圳市美思先端电子有限公司,0,0,0
深圳市美隔建材有限公司,0,0,0
深圳市美隔建材有限公司第二店铺,0,0,0
深圳市羽代科技有限公司,0,0,0
深圳市耐挑商贸有限公司第二店铺,0,0,0
深圳市耿鸿科技有限公司,0,0,0
深圳市联地科技发展第一店铺,0,0,0
深圳市聚风散热有限公司,0,0,0
深圳市聪熙科技有限公司,0,0,0
深圳市艺美佳滴胶有限公司,0,0,0
深圳市苏泊特科技有限公司,0,0,0
深圳市荣创兴电子有限公司,0,0,0
深圳市荧鸿科技有限公司,0,0,0
深圳市蒂蔓彩印有限公司第一店铺,0,0,0
深圳市蒙诺雷斯科技有限公司,0,0,0
深圳市蓝川科技有限公司,0,0,0
深圳市蛋壳创意科技有限公司,0,0,0
深圳市西骏科技东莞分第一店铺,0,0,0
深圳市视沅科技有限公司,0,0,0
深圳市豪地华拓生物科技有限公司,1,0,1
深圳市费思泰克科技有限公司,0,0,0
深圳市超逸凡电子科技有限公司,0,0,0
深圳市进丰投资发展有限公司,0,0,0
深圳市迪威迅股份有限公司,1,0,1
深圳市迪美瑞新材料科技有限公司,0,0,0
深圳市速鼎冷冻设备有限公司,0,0,0
深圳市邦沃科技有限公司第一店铺,0,0,0
深圳市邦沃科技有限公司第二店铺,0,0,0
深圳市都明光电科技有限公司,0,0,0
深圳市金叠投资理财咨询有限公司,0,0,0
深圳市金端科技有限公司,0,0,0
深圳市金而泰电子第二店铺,0,0,0
深圳市金鸽科技有限公司,0,0,0
深圳市鑫利特精密刀具有限公司,0,0,0
深圳市鑫宝仪器设备有限公司,0,0,0
深圳市鑫雅宏科技有限公司,0,0,0
深圳市鑫鼎精密陶瓷有限公司,0,0,0
深圳市钒科电子有限公司第二店铺,0,0,0
深圳市银锭科技有限公司,0,0,0
深圳市锋顺电子有限公司,0,0,0
深圳市镀之宝科技第三店铺,0,0,0
深圳市顺登殿玻璃有限公司,0,0,0
深圳市颖兆多科技有限公司,0,0,0
深圳市风蓝科技有限公司,0,0,0
深圳市飞易通科技有限公司,0,0,0
深圳市食尚部落餐饮管理第一店铺,0,0,0
深圳市饭点餐饮管理有限公司,1,0,1
深圳市驰速自动化设备有限公司,0,0,0
深圳市高之地科技有限公司,0,0,0
深圳市高健盛科技东莞分,0,0,0
深圳市高顺达电子有限公司,0,0,0
深圳市龙华区大浪街道天强数控刀,0,0,0
深圳市龙华区龙华街道诚稳不间断,0,0,0
深圳市龙岗区中达电炉厂,0,0,0
深圳帝恺科技有限公司,0,0,0
深圳思科触控技术第一店铺,0,0,0
深圳恩次方网络科技有限公司,1,0,1
深圳搜楼产业服务宝安分第一店铺,0,0,0
深圳春源丽影电子科技第一店铺,0,0,0
深圳汐帆信息科技有限公司,0,0,0
深圳淳度服装有限公司,0,0,0
深圳登明包包,2,0,2
深圳粒粒优存科技第二店铺,0,0,0
深圳绿导风通风系统有限公司,0,0,0
深圳羲顿科技有限公司,0,0,0
深圳耳聪助听器罗湖分第三店铺,0,0,0
深圳联想懂的通信有限公司,1,0,1
深圳芯戈电子科技有限公司,0,0,0
深圳芯戈电子科技第二店铺,0,0,0
深圳芯豪亿科技有限公司,0,0,0
深圳蓝烽科技有限公司第二店铺,0,0,0
深圳蚂蚁兄弟搬家服务公司,2,0,2
深圳非色家具有限公司,1,0,1
深圳非色蓄电池,0,0,0
深圳飞弛宏科技有限公司,0,0,0
深圳飞弛宏科技有限公司第三店铺,0,0,0
深圳飞弛宏科技有限公司第二店铺,0,0,0
深圳鸿辅科技有限公司,1,0,1
深圳鼎纪电子有限公司,0,0,0
深州市丰营丝网制品第三店铺,0,0,0
深州市非凡机械配件第三店铺,0,0,0
深邦智能科技青岛有限公司,0,0,0
清河县亿诚金属材料经销处,0,0,0
清河县博创橡塑制品第一店铺,0,0,0
清河县犇放钢丝绳有限公司,0,0,0
清河县诚昊金属材料经销部,0,0,0
清河县诺诚金属材料第一店铺,0,0,0
清河县鑫旭金属材料有限公司,0,0,0
清镇市顺成机械厂,0,0,0
清颜堂专业祛痘,0,0,0
溧阳晚秋山居民宿,0,0,0
满固水泥电线杆,0,0,0
滦南县广联达农具有限责任公司,0,0,0
漫漫漫画,0,0,0
漯河市赤鑫寄售有限公司第一店铺,0,0,0
漯河玖盛农业发展第一店铺,0,0,0
濮阳市中南清堵助流设备第二店铺,0,0,0
火星车征名,0,0,0
火蝶篮球计分器,0,0,0
灵寿县乾富矿产品加工厂,0,0,0
灵寿县佳玉矿产品第一店铺,0,0,0
灵寿县保恩矿产品加工厂,0,0,0
灵寿县嘉功矿产品有限公司,0,0,0
灵寿县嘉功矿产品第一店铺,0,0,0
灵寿县士刚矿产品第一店铺,0,0,0
灵寿县宏祥矿产品第一店铺,0,0,0
灵寿县慈诚矿产品加工有限公司,0,0,0
灵寿县慈鹏矿产品有限公司,0,0,0
灵寿县慈龙矿产品加工厂,0,0,0
灵寿县晨升矿产品贸易有限公司,0,0,0
灵寿县梓烨矿产品第一店铺,0,0,0
灵寿县淼鑫矿产品加工厂,0,0,0
灵寿县石兴建材有限公司第一店铺,0,0,0
灵寿县福跃矿产品有限公司,0,0,0
灵寿县若嘉矿产品第一店铺,0,0,0
灵寿县鹏霞炉衬材料加第一店铺,0,0,0
灵山县斌达柑桔种植第一店铺,0,0,0
灵山县灵城镇致富水果种苗场,0,0,0
灵机五行运势穿搭,0,0,0
灵机好运坊,0,0,0
灵机姓名打分,0,0,0
灵盾微站,0,0,0
灵石县南关镇腐植酸精品开发中心,0,0,0
灵算摇卦抽签占卜,0,0,0
炣燃科技,0,0,0
炬工,0,0,0
焦作市羊丽羊皮毛制品第一店铺,0,0,0
焦作精箍制动器有限公司,0,0,0
牛排搜服,0,0,0
牛耕部落木屋客栈,0,0,0
牧源机械秸秆回收机,25,0,25
狮乐辅,1,0,1
狸番漫画,2,0,2
猫行狗市宠物交易市场,174,0,174
玖玺府,0,0,0
玖龙甲醇汽油,0,0,0
玖龙甲醇燃料,0,0,0
玛蒂耐特贝壳粉加盟,18,0,18
环保用电监管系统,0,0,0
环力匹配汽车防盗钥匙,0,0,0
环球出国,233,0,233
珂润海外,1,0,1
珊杜拉专业护肤,2,0,2
瑞丽市栩境珠宝店,0,0,0
瑞丽市沐露轩珠宝有限公司,0,0,0
瑞丽市玉访谈翡翠文化传播,1,0,1
瑞丽市盼嘉珠宝店第二店铺,0,0,0
瑞典达氏,1,0,1
瑞冬蘑菇机,12,0,12
瑞奇岛,0,0,0
瑞宇地轨线,11,0,11
瑞安市通卓机械有限公司,0,0,0
瑞府,0,0,0
瑞德胜二水氯化钙厂,16,0,16
瑞德胜除湿袋用氯化钙,26,0,26
瑞枫盛达北京科技第一店铺,0,0,0
瑞泰防盗门厂家,11,0,11
瑞港消防设备,0,0,0
瑞美地PVC地板工程,3,0,3
瑞致集团,0,0,0
瑞鑫低平板半挂车,0,0,0
璞悦清沟驿农家乐,0,0,0
生态美雕,2,0,2
生活云缴费,11,0,11
生门大集,1,0,1
甲虫课堂,1,0,1
申曼动平衡机,1,0,1
申通快递,107,0,107
皇英达陶瓷,0,0,0
皮革人才网,0,0,0
盘门景区一键智能游,8,0,8
盛世三渔渔具鱼竿鱼线鱼钩鱼饵,0,0,0
盛京张师傅东北烧烤培训,0,0,0
盛恒源废旧电缆回收,0,0,0
盛景园艺秋枫垂叶榕直销批发基地,1,8,9
盛祥高铬钢球,0,0,0
目的地民宿,0,0,0
眉山市范盆堰餐饮有限公司,1,0,1
看准网,8,0,8
看准网品牌名片,1,0,1
看川,14,0,14
石城县浩鑫矿山机械制第二店铺,0,0,0
石家庄三一木公商贸有限公司,0,0,0
石家庄中栋电子科技第一店铺,0,0,0
石家庄丰地肥业有限公司第二店铺,0,0,0
石家庄丹创电气有限公司,0,0,0
石家庄伟嘉矿产品有限公司,0,0,0
石家庄兴冀电力防腐保温工程,0,0,0
石家庄冠从商贸有限公司第一店铺,0,0,0
石家庄匆匆商贸有限公司第二店铺,0,0,0
石家庄华仁饲料有限公司,0,0,0
石家庄华彩建材有限公司,0,0,0
石家庄卓泰物流有限公司,0,0,0
石家庄哈迪硅酸钙板业有限公司,0,0,0
石家庄哈迪硅酸钙板业第二店铺,0,0,0
石家庄多妮士洗涤设备销售,0,0,0
石家庄好景当前财务咨询有限公司,0,0,0
石家庄富铭生物有机肥有限公司,0,0,0
石家庄小布头儿纸业第一店铺,0,0,0
石家庄小牛科技有限公司第一店铺,0,0,0
石家庄崇慕流体机械有限公司,0,0,0
石家庄市华渭道依茨供第二店铺,0,0,0
石家庄市异次元网络科技第一店铺,0,0,0
石家庄市栾城区联兴洗涤机械厂,0,0,0
石家庄春丰生物科技有限公司,0,0,0
石家庄森滇艺滇美化工第三店铺,0,0,0
石家庄永龙耐火材料厂,0,0,0
石家庄泰牛建材科技有限公司,0,0,0
石家庄派祥电力器具有限公司,0,0,0
石家庄瑞纳矿产品有限公司,0,0,0
石家庄福斯特硅酸钙板业有限公司,0,0,0
石家庄福斯特硅酸钙板业第二店铺,0,0,0
石家庄简帝塑胶有限公司,0,0,0
石家庄美涤洗涤设备有限公司,0,0,0
石家庄耀诺洗涤设备销售第一店铺,0,0,0
石家庄芬多化工科技第一店铺,0,0,0
石家庄诚鸿电力器具有限公司,0,0,0
石家庄金桥彩板拱形屋顶有限公司,0,0,0
石家庄长利矿产品新华分,0,0,0
石家庄非翔通信器材第一店铺,0,0,0
石家庄驰蓝仓储设备有限公司,0,0,0
石家庄高新区莱德复合材料设备,0,0,0
石斛语美丽殿堂,0,0,0
码谱汉语拼音辞典,0,0,0
砺康工业机械上海第一店铺,0,0,0
磊哥来点评,0,0,0
祁门县闪里徽桑园蛋白桑家庭农场,0,0,0
祛痘博士,4,0,4
神州明达反窃听偷拍设备,3,0,3
神木崇德兰炭销售有限公司,0,0,0
神木市段世军煤炭运输信息部,0,0,0
票方票务演出话剧音乐比赛门票,0,0,0
秋实教育学科辅导,18,0,18
科中气体广州技术有限公司,0,0,0
科展垃圾焚烧异味烟气处理,6,0,6
科幻森林精灵岛,0,0,0
科莱德风扇,0,0,0
秒准科学仪器深圳有限公司,0,0,0
秒惠购,0,0,0
秒懂少儿,8,0,8
秒懂知识,13,0,13
秦皇岛兴芳科技有限公司,0,0,0
秦皇岛庚嘉再生资源回收第一店铺,0,0,0
秦皇岛普博自动化设备有限公司,0,0,0
税筹星,1,0,1
穷游网,6,12,18
空调窗,3,0,3
立业电气科技（广东）有限公司,0,0,0
立得问答闯关,3,0,3
立方美超市防盗设备,3,0,3
立海废旧金属回收,13,0,13
简伴智能垃圾分类箱,2,0,2
简调生活,6,0,6
简阳市农茂苗木专业合作社,0,0,0
简阳市宜庄现代农业发展有限公司,0,0,0
箐源草本臭水,2,0,2
米伦除垢环保设备,3,0,3
精之彩高白碳酸钙填充母粒厂家,0,0,0
精华粉体超微粉碎机,3,0,3
精斗云,0,0,0
精斗云品牌,1,0,1
精美低熔点投料袋,0,0,0
精英考试网,3,0,3
纳磁激光科技东莞有限公司,0,0,0
纽托克流体控制有限公司,0,0,0
纽瑞优乳铁蛋白粉,1,0,1
绍兴腾烽通信科技有限公司,0,0,0
绍兴蓝媒纺织品有限公司,0,0,0
经典陶坊,1,0,1
绵阳丰泰环保科技有限公司,0,0,0
绵阳刚哥哥信息技术有限公司,1,0,1
绵阳市涪城区力田磁电科技,0,0,0
绵阳市涪城区周师傅珠宝,0,0,0
绵阳淘地美建材有限公司,0,0,0
绵阳膳意生物科技有限公司,0,0,0
绵阳长鑫粉体设备有限公司,0,0,0
绿叶伺服切断机,11,0,11
绿叶伺服切断机厂家,11,0,11
绿叶翅片成型机,12,0,12
绿叶翅片成型机设计,12,0,12
绿叶自动放料机,12,0,12
绿施悬浮地板,0,0,0
绿美水生浮岛,0,0,0
绿色之风通风设备,0,0,0
绿雕五色草造型制作,0,0,0
缅甸冰恒翡翠原石,2,0,2
缦云府,0,0,0
罗戈深圳供应链管理有限公司,1,0,1
罗拉衣搭,0,0,0
罗浮山景区一键智能游,8,0,8
罗浮阀门浙江西高泵阀,0,0,0
罗道环保科技北京集团有限公司,0,0,0
美业店长通,0,0,0
美今虫控,0,0,0
美佳人广州美业科技第二店铺,0,0,0
美名典起名取名字大全,5,0,5
美君永康到成都货运部,12,0,12
美君永康到西安物流,12,0,12
美国国际认证协会北京代表处,1,0,1
美姿迪,2,0,2
美姿迪护肤,2,0,2
美宿来了RED预定专用,0,0,0
美福嘉儿赴美生子,0,0,0
美素佳儿奶粉,0,0,0
美素佳儿成长试用好礼,19,0,19
美美与共中国好故事,0,0,0
美老师证件照,0,0,0
美肌波特,1,0,1
美贸川,1,0,1
美风日式JK,0,0,0
群义抽奖优惠导航,0,0,0
老林大观园黄金回收抵押奢侈品,2,0,2
老林赶野农产品店,3,0,3
老爹果园,1,0,1
老罗谈七夕,1,0,1
老船木茶台,0,0,0
考特贝尔全自动隔油提升,0,0,0
考特贝尔隔油提升装置,0,0,0
考特贝尔隔油提升设备,0,0,0
考而思在线,13,0,13
耐弛控制阀门江苏有限公司,0,0,0
耐火材料硅酸钙板厂家,0,0,0
聊喻一对一私密语音情感咨询,0,0,0
聊城一迪金属制品有限公司,0,0,0
聊城市东昌府区妇幼保健院,0,0,0
聊城市众顺钢材有限公司第五店铺,0,0,0
聊城市盛辉防辐射材料第一店铺,0,0,0
聊城市鑫航船舶配件有限公司,0,0,0
聊城市鼎顺洗浴设备有限公司,0,0,0
聊城康华射线防护器材第一店铺,0,0,0
聊城恒基金属制品有限公司,2,0,2
聊城永信汽车钥匙,0,0,0
聊城金旭辐射防护材料有限公司,1,0,1
聚力复合材料,0,0,0
聚林好货内购,2,0,2
聚粉网,0,0,0
聚能帆文档,0,0,0
聚谷稻糠粉,0,0,0
肌肤管家AI智能测肤,0,0,0
肌肤管家AI测肤,0,0,0
胖墩厦门信息技术有限公司,1,0,1
胜英农副产品中心,47,0,47
胜雕木工雕刻机,0,0,0
胜雕门板加工中心,0,0,0
胶东食疗代用茶代加工,0,0,0
能川科技,2,0,2
膳道杠子油条,30,0,30
舒之洁高纯次氯酸消毒液,0,0,0
舒合酒店床垫家具厂宾馆床垫批发,0,0,0
舒肤茄,0,0,0
舜恩家居,1,0,1
舜欣公告栏制作,11,0,11
舜甫中药提取设备,12,0,12
舜甫反应釜,12,0,12
舜甫植物提取设备,12,0,12
良义附近开锁换锁指纹锁配车钥匙,421,0,421
良友过滤不锈钢丝网厂家,0,0,0
良木道,1,0,1
节焱甲醇燃烧机,0,0,0
芦虎导航,0,0,0
若邻打单发货,0,0,0
茗豪机电科技上海有限公司,0,0,0
荆门纷彩园林绿化第一店铺,0,0,0
荔浦县珍稀苗木繁育场,0,0,0
荟宠宝,0,0,0
荣光淘金船,0,0,0
莒县繁荣农副产品第二店铺,0,0,0
莫干山花莳民宿,0,0,0
莫干弥二宫花园城堡民宿,0,0,0
莫干西西民宿,0,0,0
莫愁村寿星臊子面GO附近早餐中餐,401,0,401
莱州市华泰绝缘材料有限公司,0,0,0
莱州泛泰机械有限公司,0,0,0
莱普特微孔板振荡器,12,0,12
莱普特恒温混匀仪,12,0,12
莱溪化工科技廊坊第一店铺,0,0,0
莱驰弹力耳挂,11,0,11
菌菇人网,1,0,1
萍乡市东陶陶瓷有限责任公司,0,0,0
萍乡市盖而富新型材料有限公司,0,0,0
萨奥混凝土二次构造柱泵,0,0,0
萨抵办公家具,0,0,0
萨抵家具厂,0,0,0
萨抵家居家饰商贸,0,0,0
萨抵环保设备,0,0,0
蒙特环境科技江阴有限公司,0,0,0
蓝品盾家居养老商城,1,0,1
蓝戈在线尺子,0,0,0
蓝戈摩斯密码翻译器,0,0,0
蓝戈藏头诗制作器,0,0,0
蓝港建设有限公司,0,0,0
蓝田县爱党苗木有限公司第一店铺,0,0,0
蓝田县艺繁白皮松种植园,0,0,0
蓬莱阁景区一键智能游,8,0,8
蔬东坡团购,0,0,0
蔻心草护肤,1,0,1
蕾特恩专业祛痘连锁,0,0,0
蛟河市天岗镇晶三宝石材厂,0,0,0
蛟河市天岗镇盛金石材厂,0,0,0
蜻蜓映射,0,0,0
融e度车贷,0,0,0
融洋翅片管散热器,0,0,0
融舍村里,0,0,0
融融共享管理平台,69,0,69
衢州协大对辊制砂机,11,0,11
衢州协大对辊机定制,11,0,11
衢州市河圣水力自控翻第一店铺,0,0,0
衢州市良诚钙业有限公司第二店铺,0,0,0
衫纺班服商城,69,0,69
裤查查,0,0,0
觅橱无人果蔬售卖机,0,0,0
觅糖网,0,0,0
讷当箱包,2,0,2
说呢婚姻情感咨询,27,0,27
说说汇,0,0,0
诺丽果,2,0,2
诺亚迪集团有限公司,0,0,0
诺康盾,1,0,1
谦礼老赖查询,3,0,3
赛皇,0,0,0
起点读书,2,0,2
起零短链,0,0,0
趣丁常识,0,0,0
趣萌宠物,0,0,0
趣闻阁,0,0,0
路德吊索具北京有限公司,1,0,1
轻氧肤科技美肤,2,0,2
辉县市隆盛钙业有限公司,0,0,0
辉哥宠物店,0,0,0
辽宁东峰日用品有限公司,1,0,1
辽宁东戴河新区友邦信息咨询,1,0,1
辽宁中医药大学附属医院,0,0,0
辽宁中晨报废汽车回收拆解,0,0,0
辽宁乐于共享互联网有限公司,1,0,1
辽宁共安消防,0,0,0
辽宁冬诚机电制冷设备第一店铺,0,0,0
辽宁单反之家,0,0,0
辽宁叁贰玖财税服务第一店铺,0,0,0
辽宁双华焊割装备有限公司,0,0,0
辽宁双华焊割装备第二店铺,0,0,0
辽宁四喜生态蛋业有限公司,0,0,0
辽宁当先食品有限公司,0,0,0
辽宁扬辰鸿羽冶金材料有限公司,0,0,0
辽宁抚挖重工工程服务第二店铺,0,0,0
辽宁振冲基础工程有限公司,0,0,0
辽宁新奉基建筑材料有限公司,0,0,0
辽宁昌达科技有限公司,0,0,0
辽宁星力环境科技有限公司,0,0,0
辽宁欧威防水堵漏工程有限公司,0,0,0
辽宁海泰科技发展有限公司,0,0,0
辽宁航信金税服,0,0,0
辽宁赛亚斯科技有限公司第三店铺,0,0,0
辽宁鑫菲钙业有限公司第一店铺,0,0,0
辽阳共盈商贸有限公司第一店铺,0,0,0
连云港云机精密机床有限公司,0,0,0
连云港市泰格电力设备有限公司,0,0,0
连云港端峰生物科技有限公司,0,0,0
连云港航美浮球制造有限公司,0,0,0
连山非宿,0,0,0
适分出行,2,0,2
鄄城敏强木业有限公司,0,0,0
酒尚酒,1,0,1
酒蛋蛋售酒机,0,0,0
酷帝深圳短视频制作,1,0,1
酷帝视频剪辑制作,0,0,0
酷番云资讯,0,0,0
酷蜗智能营销群控宝,1,8,9
酷钢电子商务上海股份有限公司,0,0,0
醴陵市鸿博瓷业有限公司,0,0,0
金乡县源盛农贸有限公司,0,0,0
金乡县耕新农副产品有限公司,0,0,0
金付通客服,0,0,0
金企服北京网络科技有限公司,1,0,1
金信海盗船游乐设备,0,0,0
金力移动登车桥固定登车桥厂家,11,0,11
金华卡哇乐商贸,0,0,0
金华市友帮控虫服务有限公司,0,0,0
金华市淳雅装饰材料有限公司,0,0,0
金华正海吹膜机,12,0,12
金华永誉公寓床,12,0,12
金商港,20,0,20
金宇二次包络减速机,26,0,26
金宇伺服电动缸,25,0,25
金宇精密双导程蜗轮蜗杆副,27,0,27
金岛企服,0,0,0
金州区光明街道泉池建材商行,0,0,0
金材挡烟垂壁,12,0,12
金樾府,0,0,0
金武门牛杂串串香,0,0,0
金永农副土特产平台,68,506,574
金河财税,0,0,0
金港玉湾,0,0,0
金湖金龙祥渔业设备有限公司,0,0,0
金燕耳,1,0,1
金牛镀锌管,2,0,2
金球环保全自动隔油设备,0,0,0
金盛紧固技术安徽有限责任公司,0,0,0
金翔不锈钢鸽笼,34,0,34
金耳勺采耳,0,0,0
金能电力挡鼠板,0,0,0
金能电力绝缘操作杆,0,0,0
金能电力绝缘橡胶垫,0,0,0
金能电力绝缘胶垫,0,0,0
金能电力防静电胶垫,0,0,0
金苗桔梗种子,0,0,0
金茂国际社区,115,0,115
金鑫链条提升机链钩型号,2,0,2
金鑫链条船用有档锚链条,2,0,2
金鳞府,115,0,115
铭亨双组份聚氨酯密封胶,3,0,3
铭德无双快抖霸屏,4,0,4
铭达,1,0,1
锐拓云,0,0,0
锐诚电容式触摸感应接近开关薄膜,2,0,2
锦兴珠海开锁换锁配汽车钥匙,0,0,0
锦园阁,1,0,1
锦州海鑫金属材料有限公司,0,0,0
锦玟马弗炉干燥箱,0,0,0
镕恒上海科技有限公司第一店铺,0,0,0
镜与窗摄影,0,0,0
闪电蜂,1,0,1
闪萌表情,0,0,0
闪迭科技,0,0,0
闪送,0,0,0
闽武艺雕,0,0,0
闽锋篮球世界,0,0,0
阆中市百信串串香火锅店,1,0,1
际华三五一五皮革皮鞋有限公司,1,0,1
陕西东方优学教育平台,66,512,578
陕西中恩环境科技有限公司,0,0,0
陕西为一生药业有限公司,0,0,0
陕西云朵膜结构工程有限公司,0,0,0
陕西光汇建筑平台,66,512,578
陕西冠笛通用电气第二店铺,0,0,0
陕西分必达建设工程有限公司,0,0,0
陕西华清宫文化旅游有限公司,1,0,1
陕西南防防爆电机第一店铺,0,0,0
陕西博恒防腐设备,47,0,47
陕西原野氟塑料有限公司,0,0,0
陕西合阳风动工具有限责任公司,0,0,0
陕西圣宜本科贸有限公司,0,0,0
陕西天登照明工程第一店铺,0,0,0
陕西如高电气有限公司,0,0,0
陕西安平建筑科技有限公司,0,0,0
陕西宝防建设工程有限公司,0,0,0
陕西小管当家实业有限公司,0,0,0
陕西崇兴物资有限公司,0,0,0
陕西庄氏消防设备第一店铺,0,0,0
陕西快堵王防水科技有限公司,0,0,0
陕西方元浩宇金属科技有限公司,0,0,0
陕西星丰网络科技有限公司,0,0,0
陕西星池印务有限公司第一店铺,0,0,0
陕西晋川节水灌溉有限公司,0,0,0
陕西格兰浮实业有限公司,0,0,0
陕西格兰浮智能科技第三店铺,0,0,0
陕西正一药用辅料有限公司,0,0,0
陕西正一药用辅料第二店铺,0,0,0
陕西田源生态农业发展有限公司,61,516,577
陕西穿针引线服装第三店铺,0,0,0
陕西穿针引线服装第二店铺,0,0,0
陕西赛扬粉体技术第一店铺,0,0,0
陕西赣达桥架,0,0,0
陕西金河秸秆产业研究院第一店铺,0,0,0
陕西顺翔电器设备西安泾渭分,0,0,0
隆回县福到家实木楼梯扶第一店铺,0,0,0
隆尧县崇昂机械销售处,0,0,0
隆尧县西范恒鑫机械厂第一店铺,0,0,0
隆尧县钉尚金属制品第一店铺,0,0,0
雀凡网络,0,0,0
零久附近门店,4,61,65
零壹触控科技,0,0,0
雷州市赴源农业发展有限公司,0,0,0
雷工二次结构输送泵,0,0,0
雷工数控钢筋弯箍机,0,0,0
雷工自动钢筋弯箍机,0,0,0
霈泽滴灌管,57,0,57
青县前董景昌盛布轮厂,0,0,0
青叶子除甲醛,69,516,585
青岛万方汇博电子科技有限公司,0,0,0
青岛乾耳听力技术第二店铺,0,0,0
青岛亿纺化工有限公司,1,0,1
青岛伟仕捷喷码设备有限公司商铺,0,0,0
青岛冠晟达饲料搅拌机清粪机公司,0,0,0
青岛可健可康负离子技术有限公司,1,0,1
青岛嘉世宝船舶有限公司,0,0,0
青岛奥斯特电驱动设备有限公司,0,0,0
青岛奥海特船舶有限公司,0,0,0
青岛宜贝各电主轴技术有限公司,0,0,0
青岛容悦食品有限公司,0,0,0
青岛峰汇安全设备第一店铺,0,0,0
青岛崔氏塑料机械有限公司,0,0,0
青岛市三凯医学科技有限公司,0,0,0
青岛市三凯医学科技第三店铺,0,0,0
青岛庆金通风设备有限公司,0,0,0
青岛当代后裔遮阳科技有限公司,0,0,0
青岛恩诺起重吊索具有限公司,0,0,0
青岛施得丰生物科技有限公司,0,0,0
青岛欣泽橡胶有限公司,0,0,0
青岛海咕商贸有限公司第一店铺,0,0,0
青岛海晨信达,0,0,0
青岛特恩特机械有限公司,0,0,0
青岛瑞合环保科技第一店铺,0,0,0
青岛红枫枫红园林有限公司,1,0,1
青岛蜜玥宫母婴服务有限公司,1,0,1
青岛蝶妃日用品有限公司,0,0,0
青岛赫田赫工贸有限公司,0,0,0
青岛迪麦格智能门窗科技第一店铺,0,0,0
青岛迪麦格智能门窗科技第二店铺,0,0,0
青岛金水海洋生物设备有限公司,0,0,0
青岛金钰莱新材料有限公司,0,0,0
青岛青电电气集团有限公司,0,0,0
青岛龙丁玻璃装饰有限公司,0,0,0
青州三江机械运输船,34,0,34
青州乐民苗木专业合作社,0,0,0
青州兴农节水灌溉设备有限公司,0,0,0
青州喜邦工贸有限公司第三店铺,0,0,0
青州地泽花卉苗木第一店铺,0,0,0
青州大唐共盈机电设备第一店铺,0,0,0
青州市国兴温室工程有限公司,0,0,0
青州市春彩花卉苗木有限公司,0,0,0
青州市有刚花卉苗木有限公司,0,0,0
青州市润隆农业科技有限公司,0,0,0
青州市王坟中原机械制修厂,0,0,0
青州市达尔自动化设备第一店铺,0,0,0
青州振业锤式鄂式破碎机,19,0,19
青州易染江山园林绿化第一店铺,0,0,0
青州正大环境刮粪机清粪机,34,0,34
青州正大环境负压风机,19,0,19
青州翠博花卉苗木有限公司,0,0,0
青朵集装箱,0,0,0
青海米兰居装饰设计工程有限公司,0,0,0
青芒,45,16,61
靖江市嘉亿空调设备制造有限公司,0,0,0
靖江市恒香食品有限公司,0,0,0
靖江市杨都空调设备有限公司,0,0,0
靖江市金封泵业有限公司,0,0,0
静好房,1,0,1
韶关龙督装饰材料有限公司,0,0,0
顺东方问答,18,0,18
顺丰速运,74,0,74
顺安电力工程惠州有限公司,0,0,0
顺泉吹塑加工厂,11,0,11
顺泉塑料吹塑玩具加工,11,0,11
顺益齿条,0,0,0
顺祥府,0,0,0
顺鑫不锈钢网带,26,0,26
领充,0,0,0
领咖咖啡Linkacoffee,1,0,1
领因生物科技上海有限公司,0,0,0
领浮实业上海有限公司第一店铺,0,0,0
领航共享装修平台,0,0,0
领诚淬火设备,12,0,12
领邦全自动数控磨齿机,12,0,12
领邦全自动磨齿机厂家,26,0,26
领邦冷锯片磨齿机,15,0,15
领邦合金圆锯片磨齿机,11,0,11
领邦锯片磨齿机,15,0,15
食为先冷锅串串香培训班,0,0,0
食为先广式煲仔饭培训班,0,0,0
食为先隆江猪脚饭培训班,0,0,0
首固给水管,0,0,0
首城珑玺禾院,0,0,0
首安皮卡盖改装,0,0,0
马蜂盯标监理费计算器,0,0,0
马蜂窝旅游攻略,15,0,15
马鞍山奇锋刀模具厂,0,0,0
马鞍山宏耀机械刀片有限公司,0,0,0
马鞍山市中达数控机械刀模具,0,0,0
马鞍山市宁锻数控机床第一店铺,0,0,0
马鞍山市德崇纳米科技第三店铺,0,0,0
马鞍山市昊业机械刀模科技,0,0,0
马鞍山市晨虹气体有限公司,0,0,0
马鞍山市锋恒机械刀片厂第二店铺,0,0,0
马鞍山市锦锻重工机械第一店铺,0,0,0
驴充充电动自行车充电桩,34,0,34
骏创激光打标机,0,0,0
骏宇乳液反应釜,0,0,0
骏程陶瓷,0,0,0
骏豪二次构造柱泵,0,0,0
骏豪二次构造柱浇筑泵,0,0,0
骐村节能科技江苏第一店铺,0,0,0
魔壳科技装修除甲醛,4,0,4
魔镜测肤质,0,0,0
鲁同五角枫红枫美国红枫元宝枫,2,0,2
鸡泽县久顺贸易有限公司第一店铺,0,0,0
鸡泽县久顺贸易有限公司第三店铺,0,0,0
鸡泽县科华涂料有限公司第一店铺,0,0,0
鹏达量子低频共振仪,4,0,4
鹿人甲中级职称副高级期刊发表,0,0,0
鹿泉区鹿诚洗涤设备服务第一店铺,0,0,0
麦根护肤品,1,0,1
麦根特磁电,0,0,0
麦盾,0,0,0
黄山耕香园茶业有限公司,1,0,1
黄山顺远茶菊有限公司第二店铺,0,0,0
黄石人福检测技术,0,0,0
黄石蓝天重铬酸钠,16,0,16
黎川县德胜老百姓竹笋专业合作社,0,0,0
黔东南信息港,0,0,0
齐佳智能科技济南有限公司,0,0,0
齐车大圣违章高发地,2,0,2
齐锻锥体,12,0,12
龙博刺槐,30,0,30
龙城区醇中醇酒曲酿酒设第一店铺,0,0,0
龙岩妇儿综合门诊部有限公司,1,0,1
龙江烟气挡板门,0,0,0
龙泉供水,0,0,0
17租号玩手游,0,0,0
1905电影网,2,0,2
700CC奶茶加盟总部,0,0,0
99喝水计算器,0,0,0
99食物卡路里,0,0,0
CONBOX瞳盒,1,0,1
C家好物,0,0,0
一创项目,0,0,0
一和科技,1,0,1
一喂顺风车,0,0,0
一多软件,3,0,3
一川山东智能装备有限公司,0,0,0
一帜流行词典,0,0,0
一心一木塑料罐塑料瓶堆码桶,22,0,22
一点网,0,0,0
一物一码防伪溯源防窜货,0,0,0
一猫一狗,0,0,0
一窗门窗,1,0,1
一维挡烟垂壁,11,0,11
一维防火窗耐火窗,17,0,17
一订出发旅游商城,0,0,0
一说阁,1,0,1
一诺容器,1,0,1
一起生活网络成都第二店铺,0,0,0
一起画电影,1,0,1
一起装修网装修报价,4,0,4
一马平川登车桥厂家,1,0,1
七姑娘民宿,0,0,0
七彩梦,3,0,3
七星关区刘海洋电子商务经营部,0,0,0
万事达杭州咖啡机第一店铺,0,0,0
万仪负离子传感器生产厂家,16,0,16
万合网,0,0,0
万如体质计算器,0,0,0
万度百科,2,0,2
万放问答,28,0,28
万有导航,0,0,0
万物志线上宠物医生,0,0,0
万盛经开区渡芸栖民宿旅店,0,0,0
万科翡翠四季,0,0,0
万象订花鲜花预订同城预定送花,0,0,0
万麦钢格板格栅板厂家,0,0,0
上海东贺生物技术有限公司,0,0,0
上海之合网络科技有限公司,1,0,1
上海亭衡衡器有限公司,0,0,0
上海今森检测设备第一店铺,0,0,0
上海佐观电气有限公司,0,0,0
上海光易化工有限公司,0,0,0
上海冠顶工业设备有限公司,0,0,0
上海华中城市规划设计有限公司,1,0,1
上海合合信息科技发展有限公司,1,0,1
上海合甄实验设备有限公司,0,0,0
上海吉汉机电科技有限公司,0,0,0
上海含悦企业管理咨询有限公司,0,0,0
上海含灵机械设备有限公司,0,0,0
上海含熙实业有限公司,0,0,0
上海和想科技有限公司,0,0,0
上海品广网络科技有限公司,1,0,1
上海哈坤工业科技有限公司,0,0,0
上海哈润热能设备有限公司,0,0,0
上海哈越机械设备有限公司,0,0,0
上海嘉关实业有限公司第一店铺,0,0,0
上海固宇设备自动化有限责任公司,0,0,0
上海固津机电制造有限公司,0,0,0
上海固甜新材料科技有限公司,0,0,0
上海固鑫塑料科技第一店铺,0,0,0
上海国经网络科技有限公司,1,0,1
上海基光照明科技有限公司,0,0,0
上海天贺自动化仪表有限公司,0,0,0
上海威遥焊接器材有限公司,0,0,0
上海宇涵机械有限公司,0,0,0
上海宜涵实业有限公司第一店铺,0,0,0
上海寅涵智能科技发展有限公司,0,0,0
上海富杭环境试验设备第三店铺,0,0,0
上海岛韩实业有限公司,0,0,0
上海巴贯仪器科技有限公司,0,0,0
上海归永电子有限公司,0,0,0
上海彦权安防设备有限公司,0,0,0
上海恒悍电气有限公司,0,0,0
上海恒状实业有限公司,0,0,0
上海悍侨机械设备有限公司,0,0,0
上海悍跃机电设备第一店铺,0,0,0
上海惯量自动化有限公司,0,0,0
上海拓关自动化科技有限公司,0,0,0
上海拓关自动化科技第二店铺,0,0,0
上海明核仪器有限公司,0,0,0
上海望书归工程技术第三店铺,0,0,0
上海杭塑贸易有限公司,0,0,0
上海杭涌环保科技第一店铺,0,0,0
上海杭高电气科技集团有限公司,0,0,0
上海松寒汽车空调有限公司,0,0,0
上海果贺实业有限公司,0,0,0
上海核晟阀门制造有限公司,1,0,1
上海格芮打印耗材有限公司,0,0,0
上海桂伦自动化设备有限公司,0,0,0
上海水石建筑规划设计,1,0,1
上海沂菏新能源科技第一店铺,0,0,0
上海河圣安全设备有限公司,0,0,0
上海法旱实业有限公司,0,0,0
上海泰规检测设备有限公司,0,0,0
上海洁固清洗设备有限公司,0,0,0
上海洛汐传动科技第二店铺,0,0,0
上海洲涵实业有限公司,1,0,1
上海海消消防集团有限公司,0,0,0
上海涵春物流设备有限公司,0,0,0
上海濮贺贸易有限公司第三店铺,0,0,0
上海点固焊材有限公司,0,0,0
上海玖横仪器有限公司,0,0,0
上海申桥工业气体有限公司,0,0,0
上海疆禾科技有限公司,0,0,0
上海硅亚贸易有限公司,0,0,0
上海科焊焊接材料第二店铺,0,0,0
上海罕康医学模型设备第一店铺,0,0,0
上海罕沙货运代理第一店铺,0,0,0
上海罗泰兴滚塑机械有限公司,0,0,0
上海羽芮电气有限公司,0,0,0
上海翰粤自动化系统有限公司,0,0,0
上海航佩仪器有限公司,0,0,0
上海茂虹等离子技术有限公司,0,0,0
上海虹匠网络科技有限公司,1,0,1
上海虹旋楼梯有限公司,0,0,0
上海西点好习惯军事夏令营,1,0,1
上海观洋泵业有限公司,0,0,0
上海豪派办公家具有限公司,0,0,0
上海贯捷电气科技第一店铺,0,0,0
上海贵拓金属材料第一店铺,0,0,0
上海贵越包装材料有限公司,0,0,0
上海贵隆木业有限公司,0,0,0
上海赞国自动化科技有限公司,0,0,0
上海赫梅尼自动化设备第一店铺,0,0,0
上海越浩环保设备有限公司,0,0,0
上海过望化工有限公司,0,0,0
上海通尊自动化设备有限公司,0,0,0
上海鑫盒实业有限公司,0,0,0
上海鑫顾货架有限公司,0,0,0
上海钢浩有色金属有限公司,0,0,0
上海铂固自动化设备有限公司,0,0,0
上海雅圭电子科技有限公司,0,0,0
上海霖鹤自动化科技有限公司,0,0,0
上海韩熊贸易有限公司,1,0,1
上海韩通教育信息咨询有限公司,1,0,1
上海鸿明塑料有限公司,0,0,0
上海鹤一自动化科技第一店铺,0,0,0
上海鹤佑国际贸易有限公司,0,0,0
上海鹤羽空调设备有限公司,0,0,0
上海鼓得电子科技第一店铺,0,0,0
上海龙贯阀门有限公司,0,0,0
上观新闻,0,0,0
上饶市怨影网络科技有限公司,0,0,0
下村特种合金上海有限公司,0,0,0
下村特种合金上海第二店铺,0,0,0
下洲村一席半山渡民宿,0,0,0
与非网硬件电路计算器,2,0,2
东光县胜瑞焊接设备厂,0,0,0
东方号时尚官,0,0,0
东莞固今建材有限公司,0,0,0
东莞市万江合升龟业经营部,0,0,0
东莞市六加一喷雾科技有限公司,0,0,0
东莞市军盛硅材料有限公司,0,0,0
东莞市冠琳包装盒有限公司,0,0,0
东莞市创诺塑化有限公司第三店铺,0,0,0
东莞市力川环保包装科技有限公司,0,0,0
东莞市厚街毫杰木制品加工店,0,0,0
东莞市固联胶粘科技有限公司,0,0,0
东莞市塑金塑胶原料第一店铺,0,0,0
东莞市慧越自动化设备科技,0,0,0
东莞市涵涵化工有限公司,0,0,0
东莞市淦合包装有限公司,0,0,0
东莞市理中塑胶挂钩第一店铺,0,0,0
东莞市瑞之雕塑胶五金科技,0,0,0
东莞市百众运动用品有限公司,0,0,0
东莞市积健生物科技有限公司,0,0,0
东莞市虎门胜威运动用第一店铺,0,0,0
东莞市豪通精密机械有限公司,0,0,0
东莞市长安采臣饰品盒厂,0,0,0
东莞市雷翔包装制品有限公司,0,0,0
东莞林冶橡胶辊科技第二店铺,0,0,0
东谷锯业,3,0,3
东阳市腾跃木雕工艺品有限公司,0,0,0
中供商企黄页,0,0,0
中信银行信用卡,0,0,0
中公教师考试公告,0,0,0
中公教育,1,0,1
中农国科北京生物科技有限公司,0,0,0
中匠机器人深圳有限公司,0,0,0
中匠福,0,0,0
中博奥档案数字化,22,0,22
中合商标查询注册,7,0,7
中合科技,0,0,0
中国医科大学附属第一医院,0,0,0
中国医科大学附属第四医院,0,0,0
中国吊装网,5,0,5
中国府售楼处,0,0,0
中国爱享轰趴馆品牌,132,0,132
中国电信营业厅,14,0,14
中地民安实业有限公司,1,0,1
中地装重庆地质仪器有限公司,1,0,1
中山市功粤电子科技有限公司,0,0,0
中山市南区恒发水泥制品厂,0,0,0
中山市古镇劲辉照明灯第一店铺,0,0,0
中山市固家安防科技有限公司,0,0,0
中山市壹家福臭氧设备有限公司,0,0,0
中山市天骐游乐设施第一店铺,0,0,0
中山市奥普顿电器有限公司,0,0,0
中山市小榄镇吾欣照明电第一店铺,0,0,0
中山市得智视听技术有限公司,0,0,0
中山市樊想灯饰有限公司,0,0,0
中山市特艺升机械设备第二店铺,0,0,0
中山市粤佳气体有限公司,0,0,0
中山市美嘉源灯饰厂第二店铺,0,0,0
中山裕园有害生物防治技术,0,0,0
中建玖樾府,0,0,0
中弘精密光学隔振平台,0,0,0
中恩环境,0,0,0
中意隆机械,0,0,0
中拓锤式破碎机,19,0,19
中捷四方生物科技第一店铺,0,0,0
中教当代北京教育科学研究院,1,0,1
中易达化工基础原料店铺,0,0,0
中服网焦点资讯,0,0,0
中江县刘氏充气拱门租赁部,1,0,1
中浩集装箱,3,0,3
中海阅溪府,0,0,0
中淼光伏公司,0,0,0
中淼光伏发电,0,0,0
中淼光伏安装,0,0,0
中淼光伏板,0,0,0
中演景区门票预定,0,0,0
中煤第一建设有限公司第十工程处,1,0,1
中爱催乳师培训,35,0,35
中物智福股份有限公司,1,0,1
中百福建设有限公司,93,0,93
中矿机械济宁有限公司,0,0,0
中研护肤,0,0,0
中研美容,0,0,0
中祺锐辽宁交通轨道设备有限公司,0,0,0
中禹桁架山东设备制造有限公司,0,0,0
中科浩电,1,0,1
中科科辅北京科技有限公司,1,0,1
中科院广州化灌工程第三店铺,0,0,0
中童儿童康复,0,0,0
中能工建设集团有限公司,0,0,0
中芳特纤股份有限公司,0,0,0
中蓝义马铬化学有限公司第一店铺,0,0,0
中辉挡烟垂壁,0,0,0
中通服创立信息科技有限责任公司,1,0,1
中道全氟己酮灭火剂,0,0,0
中邑禾府,112,0,112
中铁十九局集团第一工程有限公司,1,0,1
中闽在线福利馆,1,0,1
丰巢智能柜,0,0,0
临沂国华塑料制品第二店铺,0,0,0
临沂宏森轨道交通材料有限公司,0,0,0
临沂市鑫创致包装第一店铺,0,0,0
临沂美尔包装有限公司第一店铺,0,0,0
临清市金郝庄镇鑫迈食第一店铺,0,0,0
丹东大孤山杏梅生态果品第一店铺,0,0,0
为农防虫网,2,0,2
为友违章罚款代缴查询,1,0,1
主动防护网,2,0,2
久佳储罐,0,0,0
义乌剑斌物流公司,11,0,11
义乌市尼巨工艺品商行,0,0,0
义乌市环稠机械设备有限公司,0,0,0
义乌市规业纸制品厂第一店铺,0,0,0
义乌市铜闯贸易商行,0,0,0
义乌百特皮革批发,11,0,11
义乌紫之鹤文化传媒有限公司,0,0,0
义乌顶美水泥罐,12,0,12
义乌顶美铁罐,12,0,12
之甫继文二维识码,0,0,0
乌鲁木齐除甲醛除异味,16,0,16
乐亭县城关顺农塑料厂,0,0,0
乐冠体育,3,0,3
乐卡手机号码选号,0,0,0
乐哈科普食物热量表,3,0,3
乐居地产品牌馆,0,0,0
乐航女装,2,0,2
乖好,0,0,0
乖好优选,0,0,0
九合商服,0,0,0
九江县昌顺苗木种植专业合作社,0,0,0
九狐智能核名系统,0,0,0
九狐运动热量计算器,0,0,0
也迪律师,1,0,1
乡村炊烟手工煎饼,1,0,1
云上殿堂,0,0,0
云之创,2,0,2
云之道知识付费,0,0,0
云众穿搭,14,0,14
云信达地脚螺栓加工,0,0,0
云创空间,32,0,32
云南京亨环保科技有限公司,0,0,0
云南八宝贡米业有限责任公司,1,0,1
云南共图环保科技第一店铺,0,0,0
云南共盟工程机械技术服务,0,0,0
云南刚正经贸有限公司,0,0,0
云南华林电力科技有限公司,0,0,0
云南双冈建筑材料第二店铺,0,0,0
云南叠展贸易有限公司,0,0,0
云南天鹰有害生物防治有限公司,0,0,0
云南康祥工贸有限公司,0,0,0
云南恒筹商贸有限公司,0,0,0
云南气壮山河环境规划设计,1,0,1
云南氟业环保科技第一店铺,0,0,0
云南氟业环保科技股份有限公司,1,0,1
云南添富爆破工程第一店铺,0,0,0
云南淼淳水处理科技有限公司,0,0,0
云南滇乐调味品有限公司,0,0,0
云南滇农集团有限公司第二店铺,0,0,0
云南滇控电气设备第一店铺,0,0,0
云南滇星消防总汇,0,0,0
云南滇洋工程设备有限公司,0,0,0
云南滇海商贸有限公司,1,0,1
云南滇烁新能源科技有限公司,0,0,0
云南滇盾消防设备有限公司,0,0,0
云南滇缆实业有限责任公司,1,0,1
云南滇贵实业有限公司,1,0,1
云南琪美彩印包装有限公司,0,0,0
云南瑙蝶康地毯有限公司,0,0,0
云南电网大理城区供电局洱海宾馆,1,0,1
云南百佳信科技,0,0,0
云南窗安门窗制造第二店铺,0,0,0
云南端鼎机械设备有限公司,0,0,0
云南缔柏伦网络科技有限公司,0,0,0
云南聪匠办公家具,0,0,0
云南聪匠家具有限公司,0,0,0
云南苏阜商贸有限公司第一店铺,0,0,0
云南说茶商贸有限公司,0,0,0
云南贵连商贸有限公司,0,0,0
云南赐泰商贸有限公司第一店铺,0,0,0
云南赣亿盛经贸有限公司第二店铺,0,0,0
云南赣怡商贸有限公司,0,0,0
云南赣昆钢材销售有限公司,0,0,0
云南赣益经贸有限公司,0,0,0
云南赣锦贸易有限公司,0,0,0
云南迟丰建材有限公司,0,0,0
云南道宽,0,0,0
云南钢含贸易有限公司,0,0,0
云南钢登锋经贸有限公司第一店铺,0,0,0
云南钢酬商贸有限公司,0,0,0
云南钢锦钢材,0,0,0
云南青筹财务服务有限公司,0,0,0
云卷云舒度假民宿,0,0,0
云唐土壤养分速测仪,0,0,0
云小房贷计算器,0,0,0
云归教育,1,0,1
云服教育盟,19,0,19
云朵大作战,1,0,1
云构家居家装建材综合服务,1,0,1
云格装饰,0,0,0
云登智能建站,0,0,0
云监理装修案例库,24,0,24
云荷家政,0,0,0
云访客,0,0,0
云赐智能全自动缝纫机,16,0,16
云都锡业,0,0,0
云阅卷考试服务,2,0,2
云鹿南京汤山谷语温泉美宿,0,0,0
五福正代餐粉,29,0,29
五色土赊销,0,0,0
五莲县丁春石业有限公司,0,0,0
五莲富荣石材有限公司第一店铺,0,0,0
亚地斯建材,0,0,0
亚姿宣护肤管理中心,1,0,1
京东好物街,1,0,1
亿东煤机,1,0,1
亿川卡盘,0,0,0
亿川科技,295,0,295
亿晨达酚醛保温板,0,0,0
亿晨达酚醛板厂家,0,0,0
亿科过程控制技术苏州有限公司,0,0,0
亿辰实验室耗材商城,0,0,0
亿都购资讯,0,0,0
他电,3,0,3
仙居县老顾机械租赁服务部,0,0,0
仙明殡仪,3,0,3
仙桃市李师傅家禽孵化厂,0,0,0
仙桃市毛咀鱼王投饵机厂,0,0,0
以轩生活常识,6,0,6
仪哆哆仪器,0,0,0
仪涵科技北京有限公司第一店铺,0,0,0
任丘市寒锐金属工具有限公司,0,0,0
任丘市旺洪门窗厂,0,0,0
任丘市润绿喷灌设备厂,0,0,0
任县阔达机械制造厂,0,0,0
企二哥公司核名,8,0,8
企二哥公司起名核名,14,0,14
企亨,1,0,1
企亨小工具,0,0,0
企核核公司核名,0,0,0
伊人皮肤管理,11,0,11
伊特克斯惰性气体系统北京,0,0,0
伊通满族自治县宏图牧业有限公司,0,0,0
众普二次构造柱泵,0,0,0
众普二次构造柱输送泵,0,0,0
众辉水泥仿木护栏,0,0,0
众鑫辰实武汉科技有限公司,0,0,0
众锦铖防辐射铅玻璃,0,0,0
众锦铖防辐射铅门,0,0,0
众鹏二次构造柱泵,3,0,3
优亿一寸证件照全国拍摄,0,0,0
优优热舞,0,0,0
优固工业地坪,0,0,0
优客多,370,0,370
优栢盾,1,0,1
优比施UPS电源不间断备用电源,0,0,0
优氏封烟台密封技术第一店铺,0,0,0
优路数学帮手,0,0,0
优鸿,1,0,1
伟达负压风机厂家,12,0,12
伟迪捷上海标识技术有限公司,0,0,0
伯阳印花耗材,0,0,0
佑飞洗缸器,2,0,2
余姚市凯鸽塑化有限公司,0,0,0
佛山市亨力豪机械有限公司,0,0,0
佛山市喜固钢结构有限公司,0,0,0
佛山市固宇建朗建筑五金有限公司,1,0,1
佛山市墨艺包装有限公司,0,0,0
佛山市恒微不锈钢第一店铺,0,0,0
佛山市杭滔机械设备第一店铺,0,0,0
佛山市科怡康复器材有限公司,0,0,0
佛山市罐一环保容器设备制造,0,0,0
佛山市金中河机械有限公司,0,0,0
佛山市鑫泰丰机械有限公司,0,0,0
佛山市鸿之业家具有限公司,0,0,0
佛山市鼓坊音乐文化有限公司,1,0,1
佛山润邦有害生物防治服务,0,0,0
佰诚焊接球,30,0,30
佳鼎生命科学仪器,0,0,0
保定兰欢园林绿化工程第二店铺,0,0,0
保定宇信苗木花卉种植有限公司,0,0,0
保定市泰润汗蒸设备安装第一店铺,0,0,0
保定市清苑区乐丰模盒模具加工厂,0,0,0
保定市清苑区鑫鑫模盒模具加工厂,0,0,0
保定市满城贵全水泥制品有限公司,0,0,0
保定盒筑万物模具制造第一店铺,0,0,0
信凡辰服饰,0,0,0
信德pe穿线管,12,0,12
信德pe给水管厂家,18,0,18
信牛信用管家公积金贷款计算器,0,0,0
信牛信用管家还款比较计算器,0,0,0
信用中国栏目,370,0,370
信电电器集团有限公司,1,0,1
信都区仟宠动物医疗诊所,0,0,0
信都区仟宠动物医疗诊所一分店,0,0,0
信阳市羊山新区振伟防盗门窗经,0,0,0
信鼎二手冻干机,0,0,0
修禾科技,0,0,0
修诚青储饲料,24,0,24
值值值网购,0,0,0
值哆少奢侈品鉴定,3,0,3
偃师市缑氏镇腾威制鼓厂,0,0,0
偃师市缑氏镇马屯龙声鼓第一店铺,0,0,0
偌航资讯分享,0,0,0
傲来号,0,0,0
元启塑料包装袋,11,0,11
兄弟之星搬家,0,0,0
兄弟电子商务吉林有限公司,1,0,1
先为全自动吹瓶机厂家,0,0,0
先之锋商贸,1,0,1
先锋存储旗舰店,0,0,0
光亚照明,1,0,1
光雨网络科技,0,0,0
兔兔性感内衣购,0,0,0
兔兔教防脱发,1,0,1
兔兔美女泳装私服,1,0,1
兔小贝儿歌,24,0,24
兔行哥酒店用品,1,0,1
全国号麦手机靓号在线选号办理,0,0,0
全球寄,0,0,0
兰工滚焊机,0,0,0
兰工滚笼机,0,0,0
兰工钢筋笼成型机,0,0,0
兰工钢筋笼绕筋机,0,0,0
兰氏正宗东安鸡馆,0,0,0
关虎屯新里城,0,0,0
兴化市殿宝木船制造第二店铺,0,0,0
兴化市西荡造船厂,0,0,0
兴化市远川船舶有限公司,0,0,0
兴锋阀门有限公司,0,0,0
养了个毛孩宠物食品,1,0,1
养宠帮,0,0,0
养宠帮宠物托运,0,0,0
内蒙古赫广环保科技有限公司,0,0,0
内蒙古邯峰实业有限公司第二店铺,0,0,0
冠古科技苏州有限公司,0,0,0
冠同法律咨询,2,0,2
冠好精选,1,0,1
准和紧固件,0,0,0
凌智博物馆展柜,0,0,0
凤凰网资讯,0,0,0
凯叔讲故事,0,0,0
凯麒斯灌装机,16,0,16
分毫报价品牌名片,1,0,1
创固结构加固,0,0,0
创胜灌浆机,3,0,3
初源漾祛黑粉嫩,4,8,12
别致家生活馆,1,0,1
力加减水剂复配罐,0,0,0
力能网带烘干机,15,0,15
加华函授报名,0,0,0
助你寻亲,3,0,3
助拓上海社保代缴公积金代交代办,1,0,1
北京中成康富科技股份有限公司,0,0,0
北京中科核安科技有限公司,0,0,0
北京中航航特润滑科技有限公司,1,0,1
北京中鹏衡资产评估有限公司,0,0,0
北京九色虹科技有限公司,0,0,0
北京京和科技有限公司,0,0,0
北京冠领律师事务所,1,0,1
北京北方大河仪器仪表有限公司,0,0,0
北京华测试验仪器第一店铺,0,0,0
北京古沐科技有限公司,0,0,0
北京吖哈体育产业集团有限公司,0,0,0
北京和美德科技有限公司,0,0,0
北京哈成兴机电设备有限公司,0,0,0
北京固亿佳科技有限公司,0,0,0
北京国富如荷网络科技有限公司,1,0,1
北京国樽律师事务所,0,0,0
北京国铁科林科技股份有限公司,1,0,1
北京天天通食品有限公司第一店铺,0,0,0
北京夯实日晟特种门窗有限公司,0,0,0
北京寒风冰雪文化传播有限公司,0,0,0
北京巨成中固科技有限公司,0,0,0
北京微纳光科仪器集团有限公司,0,0,0
北京撼动科技有限公司,1,0,1
北京杰固新技术有限公司,0,0,0
北京欣含宇通科技股份有限公司,1,0,1
北京毫盛嘉业机械设备有限公司,0,0,0
北京熠新科技有限公司,0,0,0
北京瑞含永泰科技有限公司,0,0,0
北京盒子生工科技有限公司,0,0,0
北京科仪创新氦检漏设备厂家,17,0,17
北京科仪创新真空技术第一店铺,0,0,0
北京科创鼎新真空技术有限公司,0,0,0
北京科默过程控制技术第一店铺,0,0,0
北京芯亨网络科技中心第一店铺,0,0,0
北京虹升玻璃技术有限公司,0,0,0
北京虹林光电,0,0,0
北京鑫科植保哈漫迪农资电商,0,0,0
北京雅格通达家具第一店铺,0,0,0
医肤美商城,0,0,0
千游手机号码空号查询,3,0,3
千虹博客,0,0,0
华东山东航空轨道学校,0,0,0
华威中天耗材专卖,0,0,0
华柜电气有限公司,0,0,0
卓创模具仿玉石技术,3,0,3
卓恒办公家具文件柜,0,0,0
卓辅教育在线,1,0,1
卓辉资讯,0,0,0
南京南杭电气设备有限公司,0,0,0
南京固延制药设备有限公司,0,0,0
南京大海新材料科技有限公司,0,0,0
南京市浦口天昱生态苗木场,0,0,0
南京明航航标设备第一店铺,0,0,0
南京柜都办公家具有限公司,0,0,0
南京洪展建设有限公司,0,0,0
南京浩一泽环保科技有限公司,0,0,0
南京百佳科航航空科技第一店铺,0,0,0
南京翰廷汽车服务有限公司,0,0,0
南京翰铭工艺品有限公司,0,0,0
南京誉亨电子技术有限公司,0,0,0
南京邦固消防科技有限公司,0,0,0
南京鑫固标准件有限公司,0,0,0
南京飞力环保设备制造有限公司,0,0,0
南宁市桂南酒曲有限公司,0,0,0
南宁市桂圣金属焊管厂,0,0,0
南宁桂之邦工程机械有限公司,0,0,0
南宁桂鼎胜信息技术第一店铺,0,0,0
南宁永衡衡器有限公司,0,0,0
南宫市一帆皮毛制品第一店铺,0,0,0
南宫市中泰焊接材料有限公司,0,0,0
南宫市悍威耐磨材料有限公司,0,0,0
南峰华桂园,0,0,0
南昌市横创建材有限公司第一店铺,0,0,0
南昌罐通金属容器有限公司,0,0,0
南昌邯成居科技有限公司,0,0,0
南瓜电影视频,1,0,1
南诏古建筑园林景观,0,0,0
南通四方罐式储运设备制造,0,0,0
南通汉诺安警用电子科技开发,0,0,0
南通涵杰蓬业有限公司,0,0,0
南通精翰艺术设计有限公司,0,0,0
博爱县怀仁堂生物科技第二店铺,0,0,0
卡帕奇人工喊泉为我梦想加油喝彩,19,0,19
卫辉市孙杏村镇汲城一村振晋畜,0,0,0
印尼大湖HULU渔场联盟,1,0,1
印鸽免费照片打印定制,0,0,0
印鹤证件照,0,0,0
原创力文档,0,0,0
原河名墅,0,0,0
原盾电子元器件,0,0,0
厦门固利特工业设备有限公司,0,0,0
厦门市十一派对别墅,129,0,129
厦门市闽固建材有限公司,1,0,1
厦门文鹤企业管理有限公司,0,0,0
厦门易优洁有害生物防治有限公司,0,0,0
厦门未来包装有限公司,0,0,0
厦门洁福后雨刷,1,8,9
厦门洁福汽车后雨刷,1,8,9
厦门洁福雨,1,8,9
厦门洁福雨刮器批发,1,8,9
厦门洁福雨刷厂家,1,10,11
友大沥青灌缝机,0,0,0
友盛绝缘胶垫,0,0,0
古净净化科技上海有限公司,1,0,1
古果街,1,0,1
古歌秘境,0,0,0
古玩帮,1,0,1
古香楼,1,0,1
可喜喜洋洋番禺沙头街横江村店,0,0,0
可宁可灵健康生活,1,0,1
台山市桂园酒店有限公司,0,0,0
台州伯立弗工贸有限公司第一店铺,0,0,0
台州市屹豪模具有限公司,0,0,0
台州市祥珑食品容器科技,0,0,0
台湾数格电主轴,0,0,0
叶根友签名设计,0,0,0
号码宝,0,0,0
号麦网,0,0,0
合和圆缘,1,0,1
合派热能,1,0,1
合肥南杭电子科技有限公司,0,0,0
合肥合鑫诚包装科技有限公司,0,0,0
合肥哈工机器人有限公司,1,0,1
合肥富先达升降机械有限公司,0,0,0
合肥汉政信息技术有限公司,1,0,1
合肥盒盒美包装科技有限公司,0,0,0
合肥磊诚再生资源回收第一店铺,0,0,0
合肥迪泰真空技术有限公司,0,0,0
合规博士,0,0,0
合赛电子,0,0,0
吉林省浩阳包装科技有限公司,0,0,0
同宏钩编机,11,0,11
同根堂,0,0,0
同福当代府,0,0,0
同舟企服,0,0,0
同舟包装无纺布袋编织袋镀铝袋,16,0,16
同舟包装肥料袋方便袋牛皮纸袋,16,0,16
同舟包装袋拉链袋手提袋,16,0,16
同运水带厂家,19,0,19
同风股票,0,0,0
向企而创,0,0,0
向导新房,2,0,2
君科重工对辊破碎机,1,0,1
听风竹,0,0,0
吴江品格烘箱电炉制造有限公司,0,0,0
吴江市大印墨风力发电机第一店铺,0,0,0
吴江市新田烘箱厂,0,0,0
吴江市荣欣烘箱制造厂第一店铺,0,0,0
吴江市飞马烘箱厂第一店铺,0,0,0
吴江帝思远纺织有限公司,0,0,0
吴江韵达烘箱设备有限公司,0,0,0
吾爱斗图,6,0,6
周口市鑫宏达五金机电有限公司,0,0,0
周口鹏讯装修师傅信息,3,0,3
周而小店,1,0,1
呼和浩特市顾林科技第一店铺,0,0,0
和为桂北京企业管理有限公司,0,0,0
和家,0,0,0
和自然农业,0,0,0
咏归川淄博土峪,0,0,0
咏春商丘仿木护栏,33,0,33
咸宁何家大院园林工程有限公司,0,0,0
咸明坤防腐瓦厂,3,0,3
咸阳吾泰生物科技第二店铺,0,0,0
咸阳天赐贝儿月子中心,3,0,3
哇哇哇队LightReading,8,0,8
哈哈喽交友,0,0,0
哈尔滨九洲水处理设备稳压罐厂,2,0,2
哈尔滨哈衡科技有限公司第一店铺,0,0,0
哈尔滨哈龙兴工贸有限公司,0,0,0
哈尔滨市哈宾斯商贸有限公司,1,0,1
哈尔滨市道外区奥丽威龙骨厂,0,0,0
哈尔滨广原塑料托盒厂家批发,2,0,2
哈尔滨忠韩跆拳道馆,2,0,2
哈尔滨贯冠门窗有限公司,0,0,0
哈尔滨金昇广告材料广告耗材厂家,2,0,2
哈曼丁新媒体广告运营,2,0,2
哈曼丁集团,2,0,2
哈正信,0,0,0
响水县宝吉纺织有限公司,0,0,0
唐卡收藏,3,0,3
唐县夺艺雕塑工艺品销售有限公司,0,0,0
唐山大夯机械化施工第一店铺,0,0,0
唐山市丰润区地锦辉水泥第一店铺,0,0,0
唐山市丰润区葛家屯镁第三店铺,0,0,0
唐山市天翔科技曹妃甸分,0,0,0
唐山市妇幼保健院,0,0,0
唐山帝竹图科技发展有限公司,0,0,0
唐山牧泽生物科技第一店铺,0,0,0
唐山登硕商贸有限公司第一店铺,0,0,0
唐山贵利金属结构有限公司,0,0,0
唐山赛利机械科技有限公司,0,0,0
唐山韩雅电气设备有限公司,0,0,0
唯品淘电商代运营,0,0,0
唯粹国际贸易湖北第一店铺,0,0,0
唯美句子网,0,0,0
商丘市睢阳区巧皮孩服装厂,0,0,0
商水县旺旺耗材回收部,0,0,0
商水县鑫赢耗材收购部,0,0,0
喜悦爱谷,1,0,1
喜马拉雅,4,0,4
喝彩科技,2,0,2
喝彩象棋棋谱,2,0,2
嘉祥县御石匠石业有限公司,0,0,0
嘉祥县汉邦石业有限公司,0,0,0
嘿影,0,0,0
四姑娘山,1,0,1
四姑娘山天空之城悬崖酒店,0,0,0
四姑娘山野樱桃酒,1,0,1
四川固美佳新型环保建材有限公司,0,0,0
四川夯林石材有限公司第二店铺,0,0,0
四川悍森健身器材有限公司,0,0,0
四川省剑门关发展投资有限公司,1,0,1
四川省川杭塑胶科技有限公司,0,0,0
四川省川鼓风机有限责任公司,0,0,0
四川红惯金属制品有限公司,0,0,0
四川蜀衡机电设备有限公司,0,0,0
四川韩品世通科技有限公司,0,0,0
四平吉利干豆腐机,0,0,0
四海钓鱼渔具城,1,0,1
团会网会议场地预订,3,1,4
团子出行汽车票查询网上预订,55,0,55
团词网,1,0,1
园德西瓜苗,0,0,0
围场满族蒙古族自治县全利饲用沸,0,0,0
围炉锅盔,0,0,0
固之道苏州建筑科技第三店铺,0,0,0
固之道苏州建筑科技第二店铺,0,0,0
固保丽装饰材料广州有限公司,0,0,0
固凯新材料科技上海有限公司,0,0,0
固安县国衡电子衡器有限公司,0,0,0
固安县牛驼镇欧润达过第二店铺,0,0,0
固安温泉休闲商务产业园区佰泰过,0,0,0
固尔特上海新能源科技有限公司,0,0,0
固得变速电机,0,0,0
固森紧固件,3,0,3
固艾特,1,0,1
国之白茶,1,0,1
国妆化妆品有限公司,1,0,1
国泰君安君弘股票开户行情自选股,0,0,0
国赫天玺,0,0,0
国金集团,0,0,0
国际海洋智区,0,0,0
国食森冠深圳食品第一店铺,0,0,0
图们市甫炅松茸收购站,0,0,0
圆通快递助手,0,0,0
圈子喝酒聚会游戏,3,0,3
土大妈非笼养土鸡蛋批发公司,0,0,0
土流网,3,0,3
圣地延安数字博物馆群,0,0,0
圣恩园艺植物墙种植盒,0,0,0
在之禾度假酒店二道白河,0,0,0
在之禾度假酒店北京,0,0,0
垣曲县古堆雷海矿业有限公司,0,0,0
垣曲县古堆雷海矿业第二店铺,0,0,0
墨水宝盒,1,0,1
壹佰智慧门店,0,0,0
壹品教育吉林函授大专本科报名,0,0,0
壹楚文化,2,0,2
壹点壹教育,0,0,0
壹点灵,0,0,0
夏飞筋工机械科技山东第一店铺,0,0,0
外卖怪,0,0,0
夜来秀,0,0,0
夜猫科技,0,0,0
大博说古论今,0,0,0
大城县关家务明宇保温材料销售部,0,0,0
大恒灌胶机,0,0,0
大理市诗如故无为酒店,0,0,0
大理归山民宿,0,0,0
大理归朴海景民宿,0,0,0
大盒子智能洗车,0,0,0
大盒子洗车,0,0,0
大眼视频傻瓜式视频模版库,11,0,11
大硅特种玻璃,0,0,0
大羊金属材料山东第一店铺,0,0,0
大连时州水处理设备配件耗材批发,0,0,0
大鱼精选好物,1,0,1
天之旅西岳门票预订,0,0,0
天使创客,0,0,0
天元军融辽宁化研所新材料孵化器,1,0,1
天励义乌加工纸盒,11,0,11
天励义乌纸盒加工厂,11,0,11
天天夺宝,0,0,0
天天好股网,0,0,0
天夯自动化控制系统,0,0,0
天工网工程信息,0,0,0
天德元防腐钢管,0,0,0
天慎食品上海有限公司,0,0,0
天昱物流有限公司,0,0,0
天毅打卡签到,0,0,0
天气丹,2,0,2
天水二一三电器有限公司,1,0,1
天水长开互感器制造有限公司,1,0,1
天津万力通钢筋连接技术第一店铺,0,0,0
天津东疆恒昌机械设备有限公司,0,0,0
天津义风建筑工程有限公司,0,0,0
天津乐传科技有限公司,0,0,0
天津亿付时代网络科技有限公司,1,0,1
天津优埃尺维科技第一店铺,0,0,0
天津共成钢铁贸易第一店铺,0,0,0
天津创新达科技发展有限公司,0,0,0
天津博亚特金属材料贸易有限公司,0,0,0
天津博华建材有限公司,0,0,0
天津启轩紧固件制造有限公司,0,0,0
天津塘阀沽上阀门科技有限公司,0,0,0
天津多飞科技有限公司,0,0,0
天津大吕电力科技股份有限公司,0,0,0
天津大都国际事业有限公司,0,0,0
天津小谷顿餐饮管理服务有限公司,1,0,1
天津峰海塑料科技有限公司,0,0,0
天津市三和金属制品有限公司,0,0,0
天津市中环水处理有限公司,0,0,0
天津市中环水院环保科技第二店铺,0,0,0
天津市光复科技发展有限公司,0,0,0
天津市兴华方盛管箍有限公司,0,0,0
天津市兴盛强紧固件有限公司,0,0,0
天津市凤宝石油装备有限公司,0,0,0
天津市凯洪紧固件第一店铺,0,0,0
天津市同盛永峰计算机,0,0,0
天津市固孚特机械设备有限公司,0,0,0
天津市奥津喉箍厂普通合伙,0,0,0
天津市庚信达铝业第一店铺,0,0,0
天津市明鑫利灯具制造厂,0,0,0
天津市晨辉饲料有限公司,0,0,0
天津市晶鑫食品有限公司,0,0,0
天津市永康食品有限公司第三店铺,0,0,0
天津市泉丰钢铁有限公司,0,0,0
天津市津享云海,0,0,0
天津市津静德紧固件制造有限公司,0,0,0
天津市浓味之源食品有限公司,0,0,0
天津市源芳金属制品有限公司,0,0,0
天津市益和泰紧固件有限公司,0,0,0
天津市盛德鼎信机械设备有限公司,0,0,0
天津市福顺隆钢铁有限公司,0,0,0
天津市腾达盛世紧固件有限公司,0,0,0
天津市谭香园调料食品有限公司,0,0,0
天津市静海区鑫兴达紧固件厂,0,0,0
天津市静海县发舜五金制品厂,0,0,0
天津市静海县津宇鑫喉箍厂,0,0,0
天津市颂达强大胶辊第二店铺,0,0,0
天津弗瑞亚自动化科技第一店铺,0,0,0
天津弗瑞亚自动化科技第二店铺,0,0,0
天津强固科技有限公司,0,0,0
天津旷视科技有限公司,0,0,0
天津易储瑞达货架销售有限公司,0,0,0
天津根深纸业有限公司,0,0,0
天津格林金邦贸易有限公司,0,0,0
天津水晶宫饭店有限公司,1,0,1
天津永固混凝土修复技术有限公司,0,0,0
天津池源科技有限公司第一店铺,0,0,0
天津津磨机床有限公司,0,0,0
天津润澳普思气调保鲜第三店铺,0,0,0
天津玛福尔科技有限公司,0,0,0
天津瑞皓管道工程有限公司,0,0,0
天津益江诚紧固件有限公司,0,0,0
天津碧浪菲尔泳池销售有限公司,0,0,0
天津福尔思国际贸易有限公司,0,0,0
天津美赣环境科技有限公司,0,0,0
天津至道生物科技有限公司,0,0,0
天津良阀科技有限公司,0,0,0
天津良阀科技有限公司第二店铺,0,0,0
天津蝶大自控阀门制造有限公司,0,0,0
天津赫中资产管理有限公司,1,0,1
天津远安流体设备第二店铺,0,0,0
天津邦克科技有限公司,0,0,0
天津鑫达焊接材料,0,0,0
天津铭磁机电设备有限公司,0,0,0
天津锐吉安吊装服务有限公司,0,0,0
天津锦虹食品有限公司,0,0,0
天津闽兴包装科技有限公司,0,0,0
天津隆凯来石油设备有限公司,0,0,0
天津风荷漫科技有限公司,0,0,0
天津鸿印德科技有限公司,0,0,0
天津鸿河科技有限公司,0,0,0
天津鼎力紧固件有限公司,0,0,0
天盛三轴滚丝机,0,0,0
天盛滚丝机,0,0,0
天盛钢筋弯箍机,0,0,0
天禄2吨电动叉车,3,0,3
天筹上海自动化设备第一店铺,0,0,0
天纯养生,15,0,15
天纯心愿,37,0,37
天茹美妆,1,0,1
天赋凯NEW,35,0,35
天赋凯STAE,35,0,35
天赋凯企业数据,35,0,35
天赋凯文化旅游,35,0,35
天赋凯旅游,35,0,35
天赋凯食品,35,0,35
天赐传媒,0,0,0
天鹅到家优惠券,0,0,0
天鹅到家保姆,0,0,0
天鹅到家母婴工具箱,0,0,0
天鹅到家阿姨服务中心,3,0,3
天鹅铝业有限公司,0,0,0
太仓开锁换锁服务中心,3,0,3
太原固维材料科技有限公司,0,0,0
太原市鑫盛气体有限公司第一店铺,0,0,0
太原快鸽信息技术有限公司,1,0,1
太原根缘防腐木厂家,0,0,0
太原生活网,0,0,0
太谷县果树所佳崇果树第一店铺,0,0,0
太阳岛景区一键智能游,8,0,8
夯神机械,2,0,2
头鼎,1,0,1
奕聪花园,0,0,0
奥兰熊科技中心,1,0,1
奥星建材轻钢龙骨烤漆龙骨,132,0,132
奥术魔刃,0,0,0
好兔视频,0,0,0
好六,15,0,15
好六网,0,0,0
好博库,2,0,2
好孩子母婴用品商城,1,0,1
好物圈,3,0,3
好诗连连,7,0,7
威利喷码机,0,0,0
威士盾科技,1,0,1
威夫斯上海,0,0,0
威林武术院重庆散打培训,15,0,15
威林武术院重庆武术,25,0,25
威林武术院重庆跆拳道培训,34,0,34
威海光威复合材料股份有限公司,0,0,0
威海兴威钓具有限公司第一店铺,0,0,0
威海化工机械有限公司,0,0,0
威海新元化工机械有限公司,0,0,0
威海朵羊毛毯有限公司,0,0,0
威海柳韩机械有限公司,1,0,1
威海盛茂机械设备有限公司,0,0,0
威海磁力化工机械有限公司,0,0,0
威海自控反应釜有限公司第一店铺,0,0,0
威海茂源平地机油缸,19,0,19
威海茂源液压缸气缸,34,0,34
威海金穗朵食品有限公司,1,0,1
威海鑫泰化工机械有限公司,0,0,0
威海钧钓渔具有限公司,1,0,1
威而得智能,69,0,69
婧加生日蛋糕盒厂家,11,0,11
婴语日记订货平台,1,0,1
子博蘑菇石,0,0,0
学学问答,0,0,0
学而建教育,0,0,0
学飞航空,0,0,0
宁波大虹科技股份有限公司,0,0,0
宁波杭威电器有限公司,0,0,0
宁波甬诚滚塑科技第二店铺,0,0,0
宁波超艺日用品有限公司,0,0,0
宁波道若有机硅有限公司,0,0,0
宁波金博瑞滚塑科技有限公司,0,0,0
宁波雅格滚塑科技第一店铺,0,0,0
宁波雅格滚塑科技第二店铺,0,0,0
宁津县铜林网链输送设备第三店铺,0,0,0
宅急贷贷款信息平台,0,0,0
宇城海鲜池制冷机,1,8,9
宇子宝宝取名,0,0,0
宇朵展览展示济南有限公司,0,0,0
安吉帘青乡村酒店,0,0,0
安平县何帅金属丝网制品有限公司,0,0,0
安平县固宁丝网制品有限公司,0,0,0
安平县安耐龟甲网厂,0,0,0
安平县帆鹤丝网制品第一店铺,0,0,0
安平县鑫壤金属丝网制品有限公司,0,0,0
安平县领固金属丝网制品有限公司,0,0,0
安平县鸿庆龟甲网厂,0,0,0
安徽亨盛新材料有限公司第一店铺,0,0,0
安徽固硕胶辊科技有限公司,0,0,0
安徽国友管业科技有限公司,0,0,0
安徽大信真空科技有限公司,0,0,0
安徽孩子王游乐科技有限公司,0,0,0
安徽徽广广告传媒有限公司,0,0,0
安徽徽杭展示有限公司,0,0,0
安徽有余跨越瓜蒌食品第二店铺,0,0,0
安徽盒艺包装有限公司第一店铺,0,0,0
安徽禾玄防水建材有限公司,0,0,0
安徽航集建设有限公司,0,0,0
安徽诺益科技有限公司,0,0,0
安新县东垒头康艺收纳箱厂,0,0,0
安阳县沈沽化工贸易第一店铺,0,0,0
安阳市丰帆硅业有限公司,0,0,0
安阳贺友物资有限公司,0,0,0
安阳铁科轨道科技有限公司,0,0,0
官满燕旗舰店,1,0,1
宜兴君实化工有限公司,0,0,0
宜兴市协联陶瓷制造有限公司,0,0,0
宜兴市卓瑞环保设备有限公司,0,0,0
宜兴市威尔特陶瓷科技有限公司,0,0,0
宜兴市宇博陶瓷科技有限公司,0,0,0
宜兴市李宜耐火原料有限公司,0,0,0
宜兴市欣贝陶瓷科技有限公司,0,0,0
宜兴市正奇陶瓷有限公司,0,0,0
宜兴市水亿喷泉设备有限公司,0,0,0
宜兴市永盛陶瓷有限公司,0,0,0
宜兴市盛东环保设备有限公司,0,0,0
宜兴市神越碳纤维复合材料,0,0,0
宜兴市诚鑫辐射防护器材有限公司,0,0,0
宜兴市运佳环保科技有限公司,0,0,0
宜兴市鸿艺陶瓷有限公司,0,0,0
宜兴欧亚陶瓷研究所,0,0,0
宜兴精刚陶瓷科技有限公司,0,0,0
宜城市氟龙再生资源厂第一店铺,0,0,0
宜宾市翠屏区百家副食品经营部,0,0,0
宜宾贵兰竹业有限公司,0,0,0
宜昌发中船务有限公司,1,0,1
宜昌市固泰建材有限公司,0,0,0
宝贝爱读书少年儿童阅读管理,0,0,0
实地昆明花鹤翎,0,0,0
客家茶姑,8,0,8
宣恩县晓关金鑫购物中心第一店铺,0,0,0
家核优居(品牌名片),1,0,1
家核优居,1,0,1
宿州市埇桥区琪栋种苗种植,0,0,0
宿州阿拉丁软件开发公司,1,0,1
宿豫区兴谎给宠物店第一店铺,0,0,0
宿迁一亩田肥料有限公司,0,0,0
宿迁丛众装修公司,3,0,3
宿迁京狗电子商务第一店铺,0,0,0
宿迁市兄弟广告设备第一店铺,0,0,0
宿迁市有德公共设施有限公司,0,0,0
宿迁市栋林水蛭养殖农民,0,0,0
宿迁庭络电子商务第一店铺,0,0,0
宿迁新概念广告制品有限公司,0,0,0
富瑶奢侈品回收估价,2,0,2
富瑶深圳首饰回收估价,2,0,2
富盛硅材料硅微粉生产厂家,0,0,0
寒地黑土能源科技有限公司,0,0,0
寻梦体脂率计算器,0,0,0
寻梦基础代谢率计算器,0,0,0
寻梦爱宠百科,0,0,0
尊为充话费,1,0,1
尊为充话费充值,1,0,1
尊为手机充值话费,1,0,1
尊为手机话费充值,1,0,1
尊为话费充值,1,0,1
小丑蛋糕,1,0,1
小丑鱼游世界,0,0,0
小何seo教程,3,0,3
小何品历史,0,0,0
小何生活馆,3,0,3
小何白洋淀农家院,0,0,0
小佳星座运势评测,0,0,0
小冬手机资讯,0,0,0
小初干货知识,0,0,0
小初手游攻略,14,0,14
小医智能耗材柜_医居物联网平台,0,0,0
小古讲房,18,0,18
小可计算器,0,0,0
小合知道,0,0,0
小呢演员呢通告,0,0,0
小哆的好物分享,0,0,0
小地懂你,1,0,1
小培在线,0,0,0
小多问答,28,0,28
小官强国挑战答题,16,0,16
小官挑战答题神器,32,24,56
小寄到国外,1,0,1
小帅汽车搭电,0,0,0
小新贷款计算器,0,0,0
小明查梗,0,0,0
小星查诗词,0,0,0
小查查,0,0,0
小格记,0,0,0
小欢斗地主攻略,15,0,15
小汪糕点,0,0,0
小沙漏高考倒计时,0,0,0
小满家民宿预定入口,0,0,0
小留出国,0,0,0
小瘾半日村,0,0,0
小白智慧打印,2,0,2
小程序好物节,1,0,1
小耳朵广东电子科技股份有限公司,0,0,0
小胖打书炼妖模拟器,2,0,2
小芽贷,0,0,0
小萌改图宝,5,0,5
小萌数独,4,0,4
小董哥美图分享,1,0,1
小董美食严选,1,0,1
小西瓜打卡,9,0,9
小语点,0,0,0
小起猜谜语,4,0,4
小酷颜值成绩单,0,0,0
小铭修机,0,0,0
小题分网上阅卷系统,3,0,3
小高知识点讲解,0,0,0
小鱼定制,0,0,0
小鸡词典,3,0,3
小鹅精选,0,0,0
小鹿词典,0,0,0
尚层包装,0,0,0
尚氏环规,0,0,0
尚氏螺纹塞规,0,0,0
尚氏通止规,0,0,0
尚祥液体灌装机,34,0,34
屋果科技,0,0,0
展胜二次结构泵,0,0,0
山东万荷防水材料第一店铺,0,0,0
山东东方管业有限公司,0,0,0
山东东泰机械灌装机,0,0,0
山东中鼓机械有限公司,0,0,0
山东临朐巨能烘干设备有限公司,0,0,0
山东亿利特管业有限公司,0,0,0
山东佳航机械制造有限公司,0,0,0
山东关尔通风设备第一店铺,0,0,0
山东凯元管业有限公司,0,0,0
山东博瑞创环保科技有限公司,0,0,0
山东嘿宝贝母婴用品有限公司,1,0,1
山东固砼加固工程有限公司,1,0,1
山东天路重工科技有限公司,0,0,0
山东威菱机械制造有限公司,0,0,0
山东宏曜包装有限公司第一店铺,0,0,0
山东宏益机械设备有限公司,0,0,0
山东宏贯新材料有限公司,0,0,0
山东宗匠机械设备有限公司,0,0,0
山东工锅热能设备有限公司,0,0,0
山东恒之源环保科技有限公司,0,0,0
山东恒嘉机械有限公司,0,0,0
山东恒新新材料科技有限公司,0,0,0
山东悍博机械的店铺,0,0,0
山东悍博机械设备第三店铺,0,0,0
山东悍博机械设备第二店铺,0,0,0
山东晟闻机械设备第二店铺,0,0,0
山东曲阜市泰丰机械设备第二店铺,0,0,0
山东杭塑管业有限公司,0,0,0
山东桑德机械科技有限公司,0,0,0
山东梁运挂车制造有限公司,0,0,0
山东正固钢铁有限公司,0,0,0
山东汉鑫尊新材料有限公司,0,0,0
山东汉驹机械有限公司,0,0,0
山东海得贝生物科技有限公司,0,0,0
山东百世通管业有限公司,0,0,0
山东百河包装有限公司,0,0,0
山东省顺风服装有限公司,0,0,0
山东祥鹤家具有限公司,1,0,1
山东网海世纪,0,0,0
山东翰月化工有限公司第一店铺,0,0,0
山东荷霖食品机械有限公司,0,0,0
山东菏矿重工机械第二店铺,0,0,0
山东言赫化工有限公司,0,0,0
山东赫梵农业科技有限公司,0,0,0
山东轩浩环保技术第一店铺,0,0,0
山东邦腾机械设备第三店铺,0,0,0
山东金盈再生资源第一店铺,0,0,0
山东鑫合铝业有限公司,0,0,0
山东钢利管业有限公司,0,0,0
山东银硅建筑材料有限公司,0,0,0
山东银荷防水材料第二店铺,0,0,0
山东韩嘉新型建材第三店铺,0,0,0
山东鲁建桥隧设备第一店铺,0,0,0
山东鲁海管业有限公司,0,0,0
山东鲁潍管业有限公司,0,0,0
山中仙鹤民宿,0,0,0
山居小隐何泽堂庄园民宿,0,0,0
山西诚鑫达矿山设备第一店铺,0,0,0
山西龟兔赛跑网路科技,0,0,0
岳阳神冈起重电磁铁有限公司,0,0,0
峰河如画,0,0,0
崇州市锦江关堰建材经第三店铺,0,0,0
巍珍源冬虫夏草,412,0,412
巢湖市苏湾镇天佑家庭第二店铺,0,0,0
巴音郭楞人才网,320,0,320
希赫纳士,1,8,9
帮租号,2,0,2
常州久杨焊接设备制造有限公司,0,0,0
常州市嘉凯轴承滚子第一店铺,0,0,0
常州杭力叉车有限公司,0,0,0
常州米高电子科技有限公司,0,0,0
常州蒙亨电子科技有限公司,0,0,0
常州诺宇焊接科技第三店铺,0,0,0
常州金威焊接设备有限公司,0,0,0
常熟市归怡服饰贸易有限公司,0,0,0
平阳县荣威制辊机械有限公司,0,0,0
幸育园,0,0,0
幼服网幼儿园转让投资,0,0,0
广东京国消防科技有限公司,0,0,0
广东华特气体第一店铺,0,0,0
广东国为贸易有限公司,1,0,1
广东士佳固建建材技术有限公司,0,0,0
广东好柜子实业有限公司,0,0,0
广东宝固新材料科技有限公司,0,0,0
广东广塑机械科技有限公司,0,0,0
广东林鹤贸易有限公司第一店铺,0,0,0
广东汉束药业有限公司,0,0,0
广东海诚管业科技有限公司,0,0,0
广东精悍科技有限公司,0,0,0
广东统塑管业有限公司,0,0,0
广东集才管益不锈钢水管第一店铺,0,0,0
广发证券行情股票开户,0,0,0
广品卡通馒头培训,0,0,0
广品甜品培训,0,0,0
广州三广生物科技有限公司,0,0,0
广州业勤房地产资产评估,0,0,0
广州东盛彩印包装纸品有限公司,0,0,0
广州前宏包装盒厂家,2,0,2
广州劲锅热能工程有限公司,0,0,0
广州南方海洋科技有限公司,0,0,0
广州和道和管理咨询有限公司,1,0,1
广州唐姬何德生物科技有限公司,1,0,1
广州固耐特新材料有限公司,0,0,0
广州固镪建材有限公司,0,0,0
广州国馆文化传播有限公司,1,0,1
广州天富凯包装盒,0,0,0
广州市一固建筑科技有限公司,0,0,0
广州市乔冠服饰有限公司,0,0,0
广州市固发贸易有限公司,0,0,0
广州市宇华纸品包装第一店铺,0,0,0
广州市广诚服饰有限公司,0,0,0
广州市快烘热泵节能设备有限公司,0,0,0
广州市快烘热泵节能设备第一店铺,0,0,0
广州市快烘热泵节能设备第三店铺,0,0,0
广州市快烘热泵节能设备第二店铺,0,0,0
广州市悦璐乐计算机耗材有限公司,0,0,0
广州市悦璐乐计算机耗材第二店铺,0,0,0
广州市房亨网络科技有限公司,1,0,1
广州市数恒信息技术服务有限公司,1,0,1
广州市梵彩包装印刷有限公司,0,0,0
广州市火龙焊接设备有限公司,0,0,0
广州市烁仕彩包装制品有限公司,0,0,0
广州市番禺合和贸易有限公司,1,0,1
广州市白云区富鑫空气过第三店铺,0,0,0
广州市粤河交通设施工程有限公司,0,0,0
广州市藻谷生物科技有限公司,0,0,0
广州市豪易集运供应链第一店铺,0,0,0
广州市豪顶建筑材料有限公司,0,0,0
广州市鑫扬包装制品有限公司,0,0,0
广州广建建材有限公司,0,0,0
广州恒之明包装展示制品第一店铺,0,0,0
广州意和生物科技有限公司,0,0,0
广州智融生物科技有限公司,0,0,0
广州柜尊家具有限公司第一店铺,0,0,0
广州欧翼盾智能科技第一店铺,0,0,0
广州泽浩电子有限公司,0,0,0
广州浩可零售,2,0,2
广州真微生物科技有限公司,0,0,0
广州贯迎电梯有限公司,0,0,0
广州赛百诺烘干设备第一店铺,0,0,0
广州远来机械制造有限公司,0,0,0
广州鑫达包装机械设备第一店铺,0,0,0
广州铭天皮盒,0,0,0
广州顺涵科技有限公司,0,0,0
广州鸿固建筑工程有限公司,0,0,0
广州鼎桂废旧物资回收有限公司,0,0,0
广搜网络推广,1,0,1
广租优服,0,0,0
广能虹谱杭州仪器有限责任公司,0,0,0
广西东桂沥青有限公司第二店铺,0,0,0
广西中管管业有限公司,0,0,0
广西双贺律师事务所,1,6,7
广西杭峰制冷设备有限公司,0,0,0
广西贵港市怪兽木业第一店铺,0,0,0
应急哥手机维修,4,0,4
庞大焊接滚轮架,0,0,0
廊坊市天创优品包装制品有限公司,0,0,0
廊坊市安次区东沽港洪春农产品经,0,0,0
廊坊来固防火材料有限公司,0,0,0
廊坊速翰过滤设备有限公司,0,0,0
延安创艺建筑工程,67,506,573
建国双辊压片机,11,0,11
开原鼓风机厂,0,0,0
开封市示范区硕之果果蔬第一店铺,0,0,0
开心盒子Recover数据恢复器,0,0,0
开心盒子恢复大师,0,0,0
开心盒子恢复软件,0,0,0
开挂人生办公家具广州有限公司,0,0,0
异乡好居,102,0,102
弋之株亲戚关系称谓辞典,0,0,0
张家港保税区蓝天低温第三店铺,0,0,0
张家港保税区蓝天低温第二店铺,0,0,0
张家港公力机械科技有限公司,0,0,0
张家港市亿能制管有限公司,0,0,0
张家港市永氟龙防腐科技第二店铺,0,0,0
张家港市纯钢机械制造有限公司,1,0,1
张家港市翔宇自动化设备有限公司,0,0,0
张家港市苏磁磁业科技有限公司,0,0,0
张家港市金港镇港区兴旺木业经,0,0,0
张家港市金港镇港区长青木业经,0,0,0
张家港市鼎兴防腐实业有限公司,0,0,0
张家港房产网,4,0,4
张家港桂诚业木业第一店铺,0,0,0
张家港羽成机械有限公司,0,0,0
张家港艾珀耐特复合材料有限公司,0,0,0
张店冯罐罐百货商行第一店铺,0,0,0
张店冯罐罐百货商行第二店铺,0,0,0
强旱机械常州有限公司,0,0,0
归欤山居,0,0,0
归浦,0,0,0
归野度假民宿,0,0,0
归野道明,0,0,0
归锦府,0,0,0
影视凤传媒,0,0,0
彼得灌浆龙骨,0,0,0
徐州乐抵智能科技有限公司,0,0,0
徐州众杰电子科技有限公司,0,0,0
徐州俊德游乐设备有限公司,0,0,0
徐州共展基础工程第一店铺,0,0,0
徐州共进机械有限公司,0,0,0
徐州和光玻璃技术有限公司,0,0,0
徐州大寒制冷设备有限公司,0,0,0
徐州崇元衡器有限公司,0,0,0
徐州市丽复佳人电子科技有限公司,0,0,0
徐州市老堤北餐饮管理有限公司,1,0,1
徐州市荣胜防水堵漏工程有限公司,0,0,0
徐州斧山机械科技有限公司,0,0,0
徐州法布尔昆虫科技开发有限公司,1,0,1
徐州海浩石油科技有限公司,1,0,1
徐州瑞厚矿山机械有限公司,0,0,0
徐州科栋网架工程有限公司,0,0,0
徐州老翟餐饮管理有限公司,1,0,1
徐州萨抵防水材料,0,0,0
徐工工程机械道路机械分,0,0,0
御尚坊美业连锁集团,2,0,2
御澜九府,0,0,0
御灵家猫,1,0,1
御翠湾,112,0,112
御茨智能设备上海有限公司,0,0,0
御见生活,1,0,1
微博,1,0,1
微咖风格穿搭,0,0,0
微客到微分销,1,0,1
微快递,0,0,0
微爱优选化妆品,6,0,6
微范儿资源,0,0,0
微车坊抵押车,0,0,0
微道网络设计平台,2,0,2
微邦手机镀膜,0,0,0
德商务调查恒公司,1,0,1
德固机械双螺杆膨化机,0,0,0
德固机械速食面设备,0,0,0
德州惠工机械设备有限公司,0,0,0
德州贯科通风设备有限公司,0,0,0
德州起源塑料制品第三店铺,0,0,0
德铁轨道设备浙江第一店铺,0,0,0
徽冠科技,0,0,0
心归代驾,0,0,0
心生订蛋糕,28,0,28
心第精品民宿,0,0,0
心纪奠,0,0,0
心记录线上打卡,1,0,1
忠兴中国冷冻品,8,50,58
快乐小孩武汉科技有限公司,1,0,1
忻州市忻府区曙光种养殖,0,0,0
怪教授闲置物品置换儿童培训课程,2,0,2
恒万沣,2,0,2
恒京北京饮品有限公司,0,0,0
恒团房,2,0,2
恒成输送设备,0,0,0
恒游,1,0,1
恒豪木业天津有限公司,0,0,0
恒达冷棺,16,0,16
恒达水晶棺,15,0,15
恒马高新材料,2,0,2
恩泰金荷广场,0,0,0
恬逸客,0,0,0
悟石翡翠珠宝,3,0,3
悦动宠物知识乐园,2,0,2
悦尚振动刀切割机,0,0,0
悦然建站资源教程分享,0,0,0
悦读,1,0,1
情儿怪谈物语,1,0,1
惠州市固硕宝建材有限公司,1,0,1
惠州市鑫城包装制品有限公司,0,0,0
意赫创意,0,0,0
慈溪市爱迪威滚塑设备科技,0,0,0
慈溪市爱迪威滚塑设备第三店铺,0,0,0
慈溪市爱迪威滚塑设备第二店铺,0,0,0
慧算账注册公司核名,0,0,0
憨憨西甲赛程播报,0,0,0
成安县镝横碳素制品厂第二店铺,0,0,0
成都九龙柜业有限公司,0,0,0
成都仁民有害生物防治第二店铺,0,0,0
成都天观塑胶有限公司,0,0,0
成都宇含电器有限公司,0,0,0
成都市灌州之味餐饮管理有限公司,1,0,1
成都恒中天科技有限公司,0,0,0
成都悍将科技有限公司第二店铺,0,0,0
成都成洪商贸有限公司第一店铺,0,0,0
成都拓青农业有限公司,0,0,0
成都核盛科技有限公司,0,0,0
成都汇贺汽车密封件,0,0,0
成都海通森美食品有限公司,0,0,0
成都焊威焊接设备制造第一店铺,0,0,0
成都玖固新型建材有限公司,0,0,0
成都睿韩国际贸易有限公司,1,0,1
成都虹岳科技有限公司,0,0,0
成都观自在商贸有限责任公司,1,0,1
成都轨道交通集团有限公司,1,0,1
成都郝赵荣通建筑工程有限公司,0,0,0
成都鑫贺物资有限公司,0,0,0
成都飚锅餐饮管理有限公司,1,0,1
我的钢材网,1,0,1
战雕科技,1,0,1
战马教育网,7,0,7
执业医师百通世纪,34,0,34
扬州大学附属医院,0,0,0
扬州奋钧太阳能科技有限公司,0,0,0
扬州宝功电气科技有限公司,0,0,0
扬州市德祥印染机械有限公司,0,0,0
扬州市拓友网带厂,0,0,0
扬州市腾达辊业有限公司第一店铺,0,0,0
扬州平安网带有限公司,0,0,0
扬州恒力碟形弹簧制造有限公司,0,0,0
扬州烽煌照明科技有限公司,0,0,0
扬州瑞文阀业设备科技有限公司,0,0,0
扬州铬洛照明科技有限公司,0,0,0
扬州骄阳网带制造有限公司,0,0,0
扬帆号客户端,0,0,0
找号网手机靓号选号,0,0,0
找广,1,0,1
找广学堂,0,0,0
找房侠,0,0,0
承航净化,0,0,0
抓哇word文档制作生成,2,0,2
投稿客,0,0,0
护股精灵,0,0,0
拓新割草船,34,0,34
招源翡翠,3,0,3
招联个税计算器,0,0,0
招联房贷计算器,0,0,0
招行信用卡,0,0,0
招麒环保催化燃烧设备,0,0,0
挂云帆志博汽车服务,0,0,0
挚到家,0,0,0
振翮上海包装科技第一店铺,0,0,0
振腾镀铝锌板,0,0,0
振远保安,1,0,1
振野智能蛋品设备,0,0,0
捷税官杭州代理记账,6,0,6
捷税官杭州注册公司,6,0,6
捷税官杭州验资审计,6,0,6
掌上高考,0,0,0
掌婴天下辅食,3,0,3
掌小馆,1,0,1
推广哥,0,0,0
搜企服,2,0,2
搜好货网,0,0,0
搜搜易,16,0,16
搜点网络,1,0,1
搜船网,24,0,24
携程旅行,11,0,11
故宫博物院文化创意馆,1,0,1
数据禾,0,0,0
文件柜铁皮柜,0,0,0
文安县中德化工有限公司,0,0,0
文安县德宏五金厂,0,0,0
文安县源林木业有限公司,0,0,0
文安县聚鄂机床回收购销部,0,0,0
文安县鑫泰源金属穿线管厂,0,0,0
文安县龙美顺龙骨厂第三店铺,0,0,0
文菲网站建设,0,0,0
文轩虹飞北京科技有限公司,0,0,0
新三思上海企业发展第一店铺,0,0,0
新世纪网,0,0,0
新东方营养餐专用卤蛋,26,0,26
新中付,2,0,2
新乡县合河军建制钉厂,0,0,0
新乡地隆药业机械有限公司,1,0,1
新乡市中轻机械有限公司第三店铺,0,0,0
新乡市从升机械设备第一店铺,0,0,0
新乡市低噪音风机厂,0,0,0
新乡市八方钙业有限公司,0,0,0
新乡市华澳滤业有限公司,0,0,0
新乡市天宏彩板钢构厂,1,0,1
新乡市天宏彩板钢构厂第二店铺,0,0,0
新乡市天赐游乐设备第一店铺,0,0,0
新乡市彩虹烟囱制造有限公司,1,0,1
新乡市恒盛换热器有限公司,0,0,0
新乡市扶居阁楼梯有限公司,0,0,0
新乡市新轻机械有限公司第二店铺,0,0,0
新乡市源丰钙业有限公司第一店铺,0,0,0
新乡市第一鼓风机厂有限公司,1,0,1
新乡市维克科教仪器有限第一店铺,0,0,0
新乡市翠苑汽车配件有限公司,0,0,0
新乡市联帮石墨制品第一店铺,0,0,0
新乡市银丰青储机制造有限公司,0,0,0
新乡西玛鼓风机第三店铺,0,0,0
新传信额度计算器,0,0,0
新哥说装修,0,0,0
新嘉美瓷砖美缝,1,0,1
新城金樾府,0,0,0
新大防水堵漏,3,0,3
新密市曲梁镇玉华床业厂第三店铺,0,0,0
新密市曲梁镇玉华床业厂第二店铺,0,0,0
新干县郁翠园林绿化第一店铺,0,0,0
新时光,3,0,3
新时袋,0,0,0
新易学高职高考辅导,3,0,3
新星拉刀厂家,25,0,25
新星滚刀厂家,16,0,16
新月二手车,0,0,0
新沂梦寒商务,0,0,0
新河县一民眼镜盒厂第一店铺,0,0,0
新河县夯实工程塑料有限公司,0,0,0
新疆医科大学第一附属医院,166,19,185
新疆特变电工沈阳电气分第一店铺,0,0,0
新疆赛天律师交通事故,13,0,13
新疆阿克苏人力资源和社会保障局,0,0,0
新稻香农产品,0,0,0
新课堂提分网校,4,0,4
新都区新繁镇荷中居饭店,1,0,1
新闻发稿,0,0,0
新鸿雁JDG金属穿线管,0,0,0
无忧筹,0,0,0
无忧筹大病救助金免费申请平台,0,0,0
无忧筹大病筹款求助语代写平台,0,0,0
无感支付代理,0,0,0
无期宠物,0,0,0
无极县乾栋装饰材料厂,0,0,0
无极县金螳螂杀虫灭鼠咨询中心,0,0,0
无象归园,0,0,0
无锡佳择环保科技有限公司,0,0,0
无锡信誉货架制造安装第三店铺,0,0,0
无锡冠军宝宠物训练公司,2,0,2
无锡冬夏工业冷气机,0,0,0
无锡冬夏机电有限公司,1,0,1
无锡冬慧影视器材有限公司,0,0,0
无锡凯诺防腐科技有限公司,0,0,0
无锡创视新光电科技第一店铺,0,0,0
无锡华感科技有限公司,0,0,0
无锡博焊自动化科技有限公司,0,0,0
无锡固佳机械有限公司,0,0,0
无锡固电半导体股份有限公司,0,0,0
无锡固途焊接设备第一店铺,0,0,0
无锡国安臭氧设备第一店铺,0,0,0
无锡国弛强包装机械有限公司,0,0,0
无锡国弛强包装机械第二店铺,0,0,0
无锡在水一方金属制品有限公司,0,0,0
无锡地多宝装饰材料有限公司,1,0,1
无锡垣发科技有限公司,0,0,0
无锡多分教育科技有限公司,1,0,1
无锡够德车业有限公司,0,0,0
无锡天赐交通设施第一店铺,0,0,0
无锡奥蒂利金属制品第二店铺,0,0,0
无锡宜业环保设备有限公司,0,0,0
无锡岩固建材有限公司,0,0,0
无锡崇德鑫不锈钢第一店铺,0,0,0
无锡市东华制钉机械第三店铺,0,0,0
无锡市中电化工防腐设备厂,1,0,1
无锡市利远杭钢铁有限公司,0,0,0
无锡市名代新型材料有限公司,0,0,0
无锡市君枫金属制品有限公司,0,0,0
无锡市斯凯浮机械制造第一店铺,0,0,0
无锡市斯凯浮机械制造第三店铺,0,0,0
无锡市斯凯浮机械制造第二店铺,0,0,0
无锡市荣跃纺机专件厂,0,0,0
无锡市赛盾辐射防护科技第一店铺,0,0,0
无锡市飞沪科技有限公司,0,0,0
无锡市高晟宇特钢有限公司,0,0,0
无锡废品废旧金属废旧物资回收,0,0,0
无锡建祥茂盛冷弯型钢设备,0,0,0
无锡建芳不锈钢有限公司,0,0,0
无锡德耳斯室内环境检测治理,0,0,0
无锡挚舍南禅观水酒店,0,0,0
无锡敦颐国际贸易有限公司,0,0,0
无锡斯艾浮传动机械有限公司,1,0,1
无锡无忧有害生物防治第一店铺,0,0,0
无锡明笛金属制品有限公司,0,0,0
无锡春昌铜业有限公司,0,0,0
无锡概念环保科技第二店铺,0,0,0
无锡永如封尾机,25,0,25
无锡永如灌装封尾机,34,0,34
无锡汉和航空技术有限公司,1,0,1
无锡江海漆业有限公司,0,0,0
无锡深锋激光科技有限公司,0,0,0
无锡滴水冷却设备第二店铺,0,0,0
无锡玻尔玻璃修复专家,1,0,1
无锡笛阳工程机械第二店铺,0,0,0
无锡精恒活塞杆,34,0,34
无锡精恒精密导轴,25,0,25
无锡精恒精密活塞杆,22,0,22
无锡苏仁金属材料有限公司,0,0,0
无锡荣峰化工装备有限公司,0,0,0
无锡豪中建材有限公司,0,0,0
无锡贝特赛福安全防护第一店铺,0,0,0
无锡迪仕科技,8,0,8
无锡郅伦环保科技第三店铺,0,0,0
无锡鑫固,3,0,3
无锡钢诺特钢有限公司,0,0,0
无锡铁马工程机械河北分第一店铺,0,0,0
无锡韩新机械科技有限公司,0,0,0
无锡风帕克实业有限公司,0,0,0
无锡风腾新能源科技发展有限公司,0,0,0
无锡馨程环保科技第二店铺,0,0,0
无锡鸿建通金属材料有限公司,0,0,0
日照河昌石业有限公司,1,0,1
早降重论文降重系统,0,0,0
早鸽,13,0,13
早鸽专利,4,0,4
早鸽企业起名,9,0,9
旭佳教育斗,6,0,6
时冠电气上海有限公司,0,0,0
旺巴蜀小郡肝串串香,1,8,9
昂固广东节能科技第一店铺,0,0,0
昆山中固精密五金有限公司,0,0,0
昆山亨荣昌金属材料有限公司,0,0,0
昆山极智焊接科技有限公司,0,0,0
昆山硅净净化工程有限公司,0,0,0
昆明极寒制冷设备第三店铺,0,0,0
昊天刮板输送机,0,0,0
易代账,0,0,0
易加劳保工作服专家,3,0,3
易县天虹锻铜工艺品厂第一店铺,0,0,0
易县广运锻铜工艺品厂,0,0,0
易合网,2,0,2
易合网回收系统开发,2,0,2
易嘉易食品,1,0,1
易塑科技深圳有限公司,0,0,0
易奇八字手机号吉凶测算,15,0,15
易奇八字生肖配对表,0,0,0
易奇八字车牌号吉凶测算,10,0,10
易德轩免费算命抽签,0,0,0
易搜四季养生,0,0,0
易旦自动化工程上海有限公司,0,0,0
易服网站建设开发优化推广,0,0,0
易渡Easydo,0,0,0
易码真人密室逃脱,0,0,0
易窗网品牌名片,1,0,1
易而达开心起名取名,0,0,0
易聊科技,0,0,0
易解析在线去水印,54,0,54
易读命理,0,0,0
星动时刻,1,0,1
星娃家庭训练,0,0,0
星座屋星座配对,1,0,1
星座屋生肖配对,1,0,1
星渺阁,0,0,0
星罗抖音快手小店代运营,0,0,0
星辉鸡粪脱水机,0,0,0
星选咖啡,37,0,37
星鉴岛,0,0,0
星驿付,2,0,2
昱方科技成都有限公司,0,0,0
晋城市晟丰泊南气体有限公司,0,0,0
晋州市新鑫烤漆龙骨厂,0,0,0
晓木虫,0,0,0
晓琪导航,0,0,0
晓说游戏,1,0,1
晟路液压夯实机,2,0,2
晟路高速液压夯实机,2,0,2
晨股FG电子,2,0,2
晨股MG鸿运旗舰版,2,0,2
景德镇安泰福寿陶瓷有限公司,0,0,0
景德镇经林天下陶瓷有限公司,0,0,0
景德镇鑫川陶瓷有限公司,0,0,0
景瑞刮刮卡,0,0,0
景瑞刮刮卡制作,0,0,0
智云共享汽车计算器,0,0,0
智信足浴床,379,0,379
智度免费去水印,3,0,3
智惠本地通,0,0,0
智感云,2,0,2
智慧云鬼故事,3,0,3
智电有品,0,0,0
智科博芯北京科技有限公司,0,0,0
智者光伏,1,0,1
智能充新能源科技苏州有限公司,0,0,0
智飞本地律师推荐,7,0,7
暖家好物精选,1,0,1
暮云归美学温泉民宿,0,0,0
曦盛废旧物资,0,0,0
曲阜市鲁华机械有限公司第一店铺,0,0,0
曲阳创豪石材雕塑有限公司,0,0,0
曲靖官兰贸易有限公司,0,0,0
月光宝盒传媒,0,0,0
有钱花,2,0,2
有间好店环球精选,0,0,0
朋知礼品盒,0,0,0
望江府,0,0,0
望雨舟歌,0,0,0
未来房贷计算器,0,0,0
未蓝放旅游,2,0,2
未迟精品民宿,0,0,0
本溪市郝秀云口吃矫正班,1,0,1
来亿山东畜牧养殖第一店铺,0,0,0
杨老表仿石漆,4,0,4
杭云电气技术有限公司,0,0,0
杭州万冠金属制品第一店铺,0,0,0
杭州今贵建筑工程有限公司,1,0,1
杭州北翰数码,0,0,0
杭州嘿马贸易有限责任公司,1,0,1
杭州固信科技有限公司,0,0,0
杭州多豪信息技术有限公司,0,0,0
杭州帝赫科技,0,0,0
杭州强豪建设有限公司,0,0,0
杭州徕贺科技有限公司,0,0,0
杭州恒纳新材料有限公司,0,0,0
杭州星固五金制品有限公司,1,0,1
杭州杭坤机电设备有限公司,0,0,0
杭州杭瑞制冷设备第一店铺,0,0,0
杭州杭茂建材有限公司,0,0,0
杭州联核科技有限公司,0,0,0
杭州菩提谷,0,0,0
杭州观琼建筑材料有限公司,0,0,0
杭州规与矩科技有限公司,0,0,0
杭州贯进餐饮管理有限公司,1,0,1
杭州雅顾科技有限公司,1,0,1
杭州顾达家具有限公司,0,0,0
杭州鸿石传媒,2,0,2
杭州黑驼有害生物防治第一店铺,0,0,0
杭诺汽配,0,0,0
果友果桑苗,11,0,11
果友梨苗,11,0,11
果快回收,0,0,0
果狸商城,1,0,1
果蜜说,2,0,2
枝江市明清仿古建材厂,0,0,0
枝江市淳易环保科技有限公司,0,0,0
枣庄三合三面翻生产厂家,0,0,0
枣庄华宝牧业开发有限公司,0,0,0
枣庄市复粮包装机械第二店铺,0,0,0
枣庄市峄城区金海石膏制品厂,0,0,0
枣庄市聚隆石膏制品有限公司,1,0,1
枣庄隆祥石膏制品有限公司,0,0,0
枣庄鼎方建材有限公司,0,0,0
枣强县振星调压器有限公司,0,0,0
枣强县蓝阁玻璃钢制品第一店铺,0,0,0
枣强县鑫鑫矿山工具厂,0,0,0
栩顺1吨电动叉车,3,0,3
株洲悍威磁电科技有限公司,1,0,1
株洲悍威磁电科技有限第一店铺,0,0,0
株洲远航工业炉,2,0,2
株洲钻石切削刀具股份有限公司,1,0,1
核芯互联北京科技有限公司,1,0,1
桂之邦挖掘机配件,17,0,17
桂林柏升工贸有限公司,0,0,0
桂美科技,0,0,0
桃之屋,0,0,0
桃心桃肺,1,0,1
桃桃王者符号名,0,0,0
桐城市新渡缘芳造粒厂,0,0,0
桐城市芳彩包装有限公司第一店铺,0,0,0
桐庐一处小院民宿,0,0,0
桐庐戴家山8号民宿,0,0,0
桐柏原野农林科技开发第一店铺,0,0,0
桥头排骨,0,0,0
梁山安乐养殖场,0,0,0
梁山晟翰机械设备有限公司,0,0,0
梁山锦辉挂车销售有限公司,0,0,0
梅姑娘院子民宿,0,0,0
梓浩防腐木,5,0,5
梓睿四川黑,0,0,0
森发木龙骨厂家,19,0,19
榆中甘万通电线电缆销售部,0,0,0
榆林市榆阳区福顺来体育用品供,0,0,0
榆林市鑫天赐钢结构工程有限公司,0,0,0
榕昇归厝精品民宿,0,0,0
横凌箱包,2,0,2
横楷箱包,2,0,2
樱桃耳音研究社,14,0,14
樱花号自媒体,0,0,0
欣欣凌云视频会议,0,0,0
欲知植物诊室,1,0,1
正义物流回程车,0,0,0
正义物流回程车拼车,0,0,0
正义物流回程车配货,0,0,0
正二品,0,0,0
正二品回收,0,0,0
正济无负压供水设备,26,0,26
正阳县兴隆秸秆农民专业合作社,0,0,0
正阳县和新秸秆综合利用农民,0,0,0
正阳县明丰牧业秸秆收第一店铺,0,0,0
正阳县犇牛秸秆综合利用第一店铺,0,0,0
正阳县隆辉牧业草场,0,0,0
正风网络股份有限公司,1,0,1
武侯区罗记水产品商贸部,0,0,0
武夷山岁月里民宿,4,0,4
武宣丰达农业有限公司,0,0,0
武当古康道家素酒,0,0,0
武当道茶业集团有限公司,1,0,1
武汉三阀机械有限公司,0,0,0
武汉东方兄弟展览装饰工程,1,0,1
武汉中地西能科技第一店铺,0,0,0
武汉中楚盛世,16,0,16
武汉中汉飞龙,0,0,0
武汉中盛恒泰商贸有限公司,0,0,0
武汉中观自动化科技有限公司,0,0,0
武汉丰甜生物科技有限公司,0,0,0
武汉九港生物技术有限公司,0,0,0
武汉五世丁兴商贸有限公司,0,0,0
武汉亿次源信息技术有限公司,1,0,1
武汉仕通云智能科技第一店铺,0,0,0
武汉伊美庄园生物科技第二店铺,0,0,0
武汉伊莱瑞特生物科技,0,0,0
武汉优扶康建筑科技第一店铺,0,0,0
武汉兑鹿科技有限公司,1,0,1
武汉八一零离子氮化研第一店铺,0,0,0
武汉利民灭鼠除四害第一店铺,0,0,0
武汉力格软件有限公司,1,0,1
武汉千伏电力设备第一店铺,0,0,0
武汉华俄激光工程有限公司,0,0,0
武汉南丁格尔服装有限公司,0,0,0
武汉南铁物流有限公司,0,0,0
武汉吉业升化工第十五店铺,0,0,0
武汉和鑫圣机械有限公司,0,0,0
武汉国量仪器有限公司,1,0,1
武汉天栋建材有限公司,0,0,0
武汉天网有害生物防治科技,0,0,0
武汉奥烽五金紧固件有限公司,0,0,0
武汉安蕙基础工程有限公司,0,0,0
武汉寒冰制冷设备工程第一店铺,0,0,0
武汉工标建设工程有限公司,0,0,0
武汉巧夺空间膜结构工程有限公司,0,0,0
武汉市东西湖区宏福鑫不锈钢橱,0,0,0
武汉市攀之登机械设备租赁,0,0,0
武汉市攀之登机械设备第二店铺,0,0,0
武汉市武昌区展翅牌具店,0,0,0
武汉市汉岛科技有限公司,0,0,0
武汉市江汉区金鸿星门第一店铺,0,0,0
武汉市洪山区幸运逗家第一店铺,0,0,0
武汉市源发新材料有限公司,1,0,1
武汉市翰亿伟业科技第一店铺,0,0,0
武汉市馥复室内装饰有限公司,0,0,0
武汉市黄鹤楼公园管理处,1,0,1
武汉建生焊接工程有限公司,0,0,0
武汉当代名流文化传播中心,1,0,1
武汉当代科技产业集团,1,0,1
武汉微安电力科技第一店铺,0,0,0
武汉恒枫伟业科技有限公司,1,0,1
武汉担亿财商贸有限公司,0,0,0
武汉拉勾信息系统工程有限公司,0,0,0
武汉新烽光电股份有限公司,0,0,0
武汉新蓝风工程有限公司第一店铺,0,0,0
武汉明仕顿科技有限公司,1,0,1
武汉普诺赛生命科技第二店铺,0,0,0
武汉楚之龙机械有限公司,0,0,0
武汉楚咏盛工控技术有限公司,0,0,0
武汉欣农科技喷灌滴灌节水公司,24,0,24
武汉欧亚尔智能科技有限公司,0,0,0
武汉汇烽网络科技有限公司,1,0,1
武汉汉之风人力服务有限公司,1,0,1
武汉汉诺康科技发展有限公司,0,0,0
武汉润泽伟业科技有限公司,0,0,0
武汉淳蓝机械有限公司,0,0,0
武汉特对信息技术有限公司,1,0,1
武汉理通微芬科技有限公司,0,0,0
武汉福寿禄防腐工程有限公司,0,0,0
武汉福辉科技有限公司,0,0,0
武汉离子氮化电炉有限公司,0,0,0
武汉等离子渗氮电炉第一店铺,0,0,0
武汉绿华多麦公共设施有限公司,0,0,0
武汉美添华防静电器材有限公司,0,0,0
武汉联横众创空间管理有限公司,0,0,0
武汉聚灿生物科技第二店铺,0,0,0
武汉航海帆科技有限公司,0,0,0
武汉航逸电脑,0,0,0
武汉荣观物资设备第一店铺,0,0,0
武汉菲凡士建材有限公司第三店铺,0,0,0
武汉警官职业学院,19,0,19
武汉赋雅汽车装饰有限公司,0,0,0
武汉迪诚粘合剂有限公司,0,0,0
武汉速安达建筑橡塑制品有限公司,0,0,0
武汉道盛核科技有限公司,0,0,0
武汉金箍堵漏有限公司,0,0,0
武汉金达焊接技术有限公司,0,0,0
武汉金鄂透水地坪工程有限公司,0,0,0
武汉鑫登科机电技术第二店铺,0,0,0
武汉餐至饮机械设备第三店铺,0,0,0
武汉高德智感科技有限公司,1,0,1
武汉高德智感科技第一店铺,0,0,0
武汉魏黎化工有限公司,0,0,0
武汉鹏胤药业有限公司,0,0,0
武邑复孚钢木制品有限公司,0,0,0
武陟福润德食品科技有限公司,0,0,0
毫盛嘉业发电机租赁,0,0,0
民权县恒达制冷保鲜设备第二店铺,0,0,0
民权县茂鑫殡葬用品经第三店铺,0,0,0
水姑娘品茶,1,0,1
永丰苏翠1号,24,0,24
永传制冷设备广州有限公司,0,0,0
永信港资讯平台,0,0,0
永嘉县廖氏施封工贸有限公司,0,0,0
永嘉县瓯北街道米顿阀门厂,0,0,0
永定区翼单志百货店,3,0,3
永定鑫华扬有害生物防治,1,11,12
永州桂永水磨石材料,10,0,10
永年区箍力士紧固件厂第一店铺,0,0,0
永年区铁蛋紧固件厂,0,0,0
永年县河北铺兴发抽芯第一店铺,0,0,0
永年县禄亨紧固件制造有限公司,0,0,0
永康市拉盯科技有限公司,1,0,1
永康市闲鱼五金厂,0,0,0
永康鑫顾健腹器厂家,11,0,11
永昌县永吉源农牧综合发展,0,0,0
永欣卡座沙发,0,0,0
永盛灯具,2,0,2
永荃鱼缸计算器,0,0,0
永荣辐射松建筑木方,26,0,26
永誉折叠床,12,0,12
永辉陶瓷,62,516,578
永陶水刀切割机,0,0,0
求学问校网,2,0,2
汉先生茶业,1,0,1
汉合茶,1,0,1
汉和实业广州有限公司,0,0,0
汉春电子科技苏州有限公司,0,0,0
汉阅仪表上海有限公司,0,0,0
汕头市新青罐机有限公司,0,0,0
汗粮照片修复,0,0,0
江津区慈云镇何福苗木种植场,0,0,0
江苏中水灌排设备有限公司,0,0,0
江苏中管管道科技有限公司,0,0,0
江苏云利恒电子商务第一店铺,0,0,0
江苏华航水下工程第一店铺,0,0,0
江苏固冠尧精密机械制造有限公司,0,0,0
江苏固德威电源科技股份有限公司,1,0,1
江苏固架智能科技第一店铺,0,0,0
江苏国业机械设备有限公司,0,0,0
江苏国星电器有限公司,1,0,1
江苏塑恒塑业有限公司,0,0,0
江苏彤阳环保设备第三店铺,0,0,0
江苏技恒科技有限公司,0,0,0
江苏横贵高空工程第一店铺,0,0,0
江苏横贵高空工程第二店铺,0,0,0
江苏横龙环保科技有限公司,0,0,0
江苏汉庭机械制造第三店铺,0,0,0
江苏神鹤科技发展第一店铺,0,0,0
江苏竣业过程机械设备有限公司,1,0,1
江苏绿赫环保科技有限公司,1,0,1
江苏翰景塑胶科技有限公司,0,0,0
江苏翰超科技有限公司,0,0,0
江苏融泽环保设备有限公司,0,0,0
江苏贵和钢业有限公司,0,0,0
江苏远怀滚塑科技第一店铺,0,0,0
江苏远怀滚塑科技第二店铺,0,0,0
江苏鑫森滚塑科技有限公司,0,0,0
江苏锦尚来塑业科技有限公司,0,0,0
江苏雄孩子机器人科技有限公司,1,0,1
江苏韵虹环保科技有限公司,0,0,0
江西亮剑服饰有限公司,0,0,0
江西华贯石油化工设备有限公司,0,0,0
江西昱帆龙骨制造有限公司,0,0,0
江西昱帆龙骨制造第二店铺,0,0,0
江西汉同网络科技有限公司,1,0,1
江西省启光涂装机械第一店铺,0,0,0
江西罐达鑫金属制品有限公司,0,0,0
江西贵嘉装饰工程有限公司,0,0,0
江西赣顺工艺品有限公司第一店铺,0,0,0
江西远洋保险设备实业邯第三店铺,0,0,0
江门市罐强金属容器有限公司,0,0,0
江阴市交通规划勘察设计院,1,0,1
汶川寒水驿民宿,0,0,0
沁阳市众德怀药有限公司第一店铺,0,0,0
沂水县慧朋农副产品购销处,0,0,0
沂源齐师傅锁具经营部,0,0,0
沃础传动技术上海有限公司,0,0,0
沈阳仟亿数码馆,0,0,0
沈阳众鑫缘服装有限公司,0,0,0
沈阳佰宏嘉有害生物防治第一店铺,0,0,0
沈阳哈联昆商贸有限公司,0,0,0
沈阳大河经贸,0,0,0
沈阳寒霜雪制冷设备销售有限公司,0,0,0
沈阳市和平区郝大宇电子产品经,0,0,0
沈阳市大东区韩庆厨具制第一店铺,0,0,0
沈阳市辽中区常青工艺棚厂,0,0,0
沈阳市金融商贸开发区尚品一阁,0,0,0
沈阳市龙威制冷设备有限公司,0,0,0
沈阳晟源包装制品有限公司,0,0,0
沈阳特莱斯建材有限公司,0,0,0
沈阳诚豪办公家具有限公司,0,0,0
沈阳通鼓环保科技有限公司,0,0,0
沈阳鸿锦祥,0,0,0
沐山沽月,0,0,0
沧州亚杭建筑材料有限公司,0,0,0
沧州友宏传动机械有限公司,0,0,0
沧州悦宇畜牧机械制造有限公司,0,0,0
沧州黑盾五金工具有限公司,0,0,0
沭阳县十字街道老沭河第一店铺,0,0,0
河北一固管道科技有限公司,0,0,0
河北亨劲传动机械有限公司,1,0,1
河北亨炎环保科技有限公司,0,0,0
河北京潜泵业有限公司,0,0,0
河北任我行金属制品有限公司,0,0,0
河北利德柜业有限公司,0,0,0
河北华鼎柜业有限公司第一店铺,0,0,0
河北卓河环保设备有限公司,0,0,0
河北博信康复器械有限公司,0,0,0
河北博强柜业有限公司,0,0,0
河北同昌胶辊有限公司,0,0,0
河北唐荷科技有限公司,0,0,0
河北嘉和生物科技第一店铺,0,0,0
河北嘉固阀门有限公司,0,0,0
河北固元法兰管件有限公司,1,0,1
河北固元法兰管件第三店铺,0,0,0
河北固元法兰管件第二店铺,0,0,0
河北固基机械设备有限公司,0,0,0
河北固硕管道有限公司,0,0,0
河北固维新材料有限公司,0,0,0
河北塞航新能源科技有限公司,0,0,0
河北大亚橡塑制品有限公司,0,0,0
河北妙缘雕塑工艺品制造第一店铺,0,0,0
河北岗桥丝网制品有限公司,0,0,0
河北广超电子,0,0,0
河北弘旭建筑器材有限公司,0,0,0
河北德吉特柜业有限公司,0,0,0
河北悍将门窗有限公司第一店铺,0,0,0
河北振兴柜业有限公司第一店铺,0,0,0
河北新东再生资源回收有限公司,0,0,0
河北昊铁轨道装备材料有限公司,0,0,0
河北来贺机电设备制造第二店铺,0,0,0
河北梦之荷园林绿化工程有限公司,0,0,0
河北森鑫源园林古建筑第一店铺,0,0,0
河北正固丝网制品有限公司,0,0,0
河北毫墨信息技术有限公司,0,0,0
河北永钢轨道销售有限公司,0,0,0
河北汉都网络科技有限公司,1,0,1
河北汗远塑业科技有限公司,0,0,0
河北河泉泵业有限公司第一店铺,0,0,0
河北河通金属制品有限公司,0,0,0
河北河青传媒有限责任公司,1,0,1
河北润绿喷灌,0,0,0
河北淮和紧固件,0,0,0
河北源航网络科技有限公司,1,0,1
河北盛虎柜业有限公司,0,0,0
河北翎荷绿化工程有限公司,0,0,0
河北英瑞轨道设备有限公司,0,0,0
河北诚铸畜禽无害化处理设备,0,0,0
河北贯捷轴承制造有限公司,1,1,2
河北贯金智能机械第一店铺,0,0,0
河北辰良焊接材料有限公司,0,0,0
河北道河办公设备销售有限公司,0,0,0
河北邯旺不锈钢制品有限公司,0,0,0
河北鑫含亿紧固件制造有限公司,0,0,0
河北鑫磊柜业有限公司,0,0,0
河北雄安美荷园林绿化工程,0,0,0
河北雄安荷轩园林绿化第一店铺,0,0,0
河北顺水飞园林绿化工程第一店铺,0,0,0
河南三虹防水科技有限公司,0,0,0
河南中贯桥梁建设工程第一店铺,0,0,0
河南创固建筑工程有限公司,0,0,0
河南吉杭机械设备第一店铺,0,0,0
河南和泰包装制品第二店铺,0,0,0
河南嘉固建材有限公司,0,0,0
河南固尔美门窗科技有限公司,0,0,0
河南太锅锅炉,2,8,10
河南奥丽冠实业有限公司,0,0,0
河南宏昌古建筑维修,1,0,1
河南帕菲特无轨平车,0,0,0
河南开源房地产估价有限公司,1,0,1
河南捍卫建筑工程第三店铺,0,0,0
河南永锅锅炉有限公司第一店铺,0,0,0
河南汉普瑞森机械制造有限公司,0,0,0
河南沽创建筑设备租赁有限公司,0,0,0
河南点创包装制品集团有限公司,0,0,0
河南珍羽生物科技第一店铺,0,0,0
河南省豫锅锅炉销售有限公司,0,0,0
河南航建建筑设备有限公司,0,0,0
河南观水塑业有限公司,0,0,0
河南誉泰企业信用评估有限公司,1,0,1
河南邦国电气技术第一店铺,0,0,0
河南邦国电气技术第二店铺,0,0,0
河南长衡机械设备有限公司,0,0,0
河南霸王龙机械设备有限公司,0,0,0
河南飞冠实业,0,0,0
河圣翻板闸门,11,0,11
河小象,0,0,0
河美螺旋输送机,2,0,2
河钢股份有限公司,1,0,1
河钢集团有限公司,1,0,1
河间市龙鹤橡胶制品有限公司,0,0,0
河青新闻网,0,0,0
油耗精灵,26,0,26
泊头市永祥环保设备有限公司,0,0,0
泊头市沃泰畜牧设备,0,0,0
泊头市沃达环保设备有限公司,0,0,0
泊头市烘明传动机械第一店铺,0,0,0
泊头市盛泊果蔬加工机械第二店铺,0,0,0
泊头市科翔数控机械厂,0,0,0
法库县鑫初心纯手工烘第一店铺,0,0,0
泗水县一工工程机械有限第一店铺,0,0,0
泗溪而上UPSTREAM,0,0,0
注意力100,0,0,0
泰安市信德硅酸钙制品有限公司,0,0,0
泰安市宇成矿用设备第一店铺,0,0,0
泰安市宏锅锅炉有限公司第一店铺,0,0,0
泰安市宏锅锅炉有限公司第二店铺,0,0,0
泰安市正旭农业科技第一店铺,0,0,0
泰安广涵土工材料有限公司,0,0,0
泰安开发区兴瑞园艺场第一店铺,0,0,0
泰安开发区林丰香椿推广中心,0,0,0
泰州威尔斯通吊索具有限公司,1,0,1
泰州小渔夫钓具有限公司,0,0,0
泰州市万里船舶机械制造有限公司,0,0,0
泰州市冠成传热科技有限公司,0,0,0
泰州市天明氟塑有限公司,0,0,0
泰州市宝荣光伏科技有限公司,0,0,0
泰州市汇涤机械设备第一店铺,0,0,0
泰州市汇涤机械设备第二店铺,0,0,0
泰州市海豚洗涤设备有限公司,0,0,0
泰州市舒雅洗涤设备有限公司,0,0,0
泰州市荣美液压机械制造有限公司,0,0,0
泰州市荣达机带有限公司,0,0,0
泰州思普瑞炉业有限公司第一店铺,0,0,0
泰州洁鸿洗涤设备有限公司,0,0,0
泰州海鸥洗涤机械有限公司,0,0,0
泰州苏鹏蛋业生物科技有限公司,1,0,1
泰州隆盛吊索具制造有限公司,0,0,0
泰开真空断路器,0,0,0
泰渡生物科技苏州有限公司,0,0,0
泰能宠,0,0,0
洁福雨刷,1,8,9
洁福雨刷厂,1,8,9
洁福雨刷批,1,9,10
洛阳首晟管业科技有限公司,0,0,0
津鼓风机天津隧道风机厂家,15,0,15
洪鼎木业,0,0,0
济南丰鑫焊接设备有限公司,0,0,0
济南九鼓环保有限公司第一店铺,0,0,0
济南云鼓机械有限公司第一店铺,0,0,0
济南宗横机械设备有限公司,0,0,0
济南德鑫浩电子科技有限公司,0,0,0
济南浩企生物科技有限公司,0,0,0
济南涵睿工业设备有限公司,0,0,0
济南鑫浩焊接技术有限公司,0,0,0
济南集贯工程造价咨询有限公司,0,0,0
济南鲁冠智能科技有限公司,0,0,0
济宁君衡工程机械有限公司,0,0,0
济宁宝泰养殖有限公司第一店铺,0,0,0
济宁悍创工程机械有限公司,0,0,0
济宁立诺防腐工程第二店铺,0,0,0
济宁莲蓬智能设备有限公司,0,0,0
济宁顺华气体有限公司,0,0,0
浙江万帆集团有限公司,1,0,1
浙江三乐照明有限公司,0,0,0
浙江上风高科专风实业有限公司,1,0,1
浙江东伽电力科技有限公司,0,0,0
浙江东广成套柜架有限公司,0,0,0
浙江中固塑料有限公司,0,0,0
浙江中贵电气科技有限公司,0,0,0
浙江亿纲智能安防设备第一店铺,0,0,0
浙江冬胜废旧物资回收有限公司,0,0,0
浙江创名知识产权代理第一店铺,0,0,0
浙江华永家具有限公司,0,0,0
浙江卓蒂梵服饰有限公司,0,0,0
浙江卓蒂梵服饰有限公司第二店铺,0,0,0
浙江南化防腐设备有限公司,0,0,0
浙江双诚阀业有限公司,0,0,0
浙江和利超低温技术第一店铺,0,0,0
浙江嘉然防爆照明科技第三店铺,0,0,0
浙江固泰工程检测科技四川分,0,0,0
浙江固泰工程检测科技新疆分,0,0,0
浙江固泰工程检测科技甘肃分,0,0,0
浙江固泰工程检测科技陕西分,0,0,0
浙江地一高中压阀门有限公司,0,0,0
浙江天际互感器有限公司,1,0,1
浙江安强电力科技有限公司,0,0,0
浙江川龙电气有限公司,0,0,0
浙江广亨电气有限公司,0,0,0
浙江快钉机器人有限公司第二店铺,0,0,0
浙江扶摇文化发展有限责任公司,1,0,1
浙江捷盛低温设备第一店铺,0,0,0
浙江易构科技有限公司,0,0,0
浙江杭机股份有限公司,1,0,1
浙江欧尔成套柜架第一店铺,0,0,0
浙江永安工程机械第一店铺,0,0,0
浙江河好闸门科技有限公司,0,0,0
浙江泰杭律师事务所,1,0,1
浙江海能电力科技有限公司,0,0,0
浙江温创机械第一店铺,0,0,0
浙江瓯阀阀门有限公司,0,0,0
浙江登丰物资回收第一店铺,0,0,0
浙江硕林电气有限公司第一店铺,0,0,0
浙江福轴科技有限公司,0,0,0
浙江移动预约挂号,0,0,0
浙江米欧制带股份有限公司,0,0,0
浙江纽邦新材料有限公司,0,0,0
浙江肤素新材料科技第一店铺,0,0,0
浙江航锋电气有限公司,0,0,0
浙江荷清柔性电子技术有限公司,1,0,1
浙江蘑菇加电子商务有限公司,1,0,1
浙江西游工艺品有限公司第一店铺,0,0,0
浙江规矩塑料机械有限公司,0,0,0
浙江诺电电力科技有限公司,2,0,2
浙江过塘行网络科技有限公司,1,0,1
浙江迪诚激光科技有限公司,0,0,0
浙江郝工自控阀门制造有限公司,0,0,0
浙江金防电器有限公司第一店铺,0,0,0
浙江鑫储供应链管理第一店铺,0,0,0
浙江鑫储供应链管理第二店铺,0,0,0
浙江铬铭传动科技有限公司,0,0,0
浙江雁荡山越青贡酒业第一店铺,0,0,0
浙江飞安电气科技有限公司,0,0,0
浙江飞防防爆电气有限公司,0,0,0
浙江黑神生物科技有限公司,1,0,1
浙江鼎一电器有限公司,1,0,1
浙江鼎鸿鱼苗养殖基地,11,0,11
浩正塑胶科技,0,0,0
浩洁净化,0,0,0
浩盛泰,3,0,3
浩鸿沥青灌缝机,27,0,27
海南荷泰酒店投资管理有限公司,1,0,1
海外海集团有限公司,1,0,1
海教园,0,0,0
海杭办公室装修店铺装修家庭装修,0,0,0
海爪,0,0,0
海爪网,0,0,0
海爪首页,0,0,0
海百化工,0,0,0
海语天下,0,0,0
海鲨,0,0,0
涠洲岛飞絮酒店,0,0,0
涡轮带壳截图生成器,1,0,1
涡阳县小风异宠宠物服务有限公司,0,0,0
润安骆驼规划,0,0,0
涿州戴中和德能源技术开发,0,0,0
淄博中力烟囱浇注料厂,1,0,1
淄博丽厨厨具有限公司,1,0,1
淄博博供农产品有限公司,0,0,0
淄博博山祥用供水泵厂第一店铺,0,0,0
淄博富邦滚塑防腐设备科技,1,0,1
淄博川核通信科技有限公司,0,0,0
淄博延辉食品机械有限公司,0,0,0
淄博引风风机有限公司,0,0,0
淄博恒锦烟囱防腐材料科技,1,0,1
淄博晟名钙业有限公司,0,0,0
淄博淄分仪器有限公司,1,0,1
淄博知尚X蜘蛛池站群,0,0,0
淄博础叙装饰工程第一店铺,0,0,0
淄博美环复合材料有限公司,0,0,0
淄博艳君食品有限公司,0,0,0
淄博诺齐化工设备有限公司,0,0,0
淄博金晖化工设备有限公司,0,0,0
淄博麗然钙业有限公司,0,0,0
淄博鼎昌信隆塑胶科技第三店铺,0,0,0
淘法律师咨询,0,0,0
淘翠,6,165,171
淘钢网,1,0,1
深圳九河网络科技有限公司,1,0,1
深圳光朔科技有限公司,0,0,0
深圳华尔升智控技术有限公司,0,0,0
深圳华尔升智控技术第二店铺,0,0,0
深圳印美佳耗材有限公司,1,0,1
深圳市三虹科技有限公司,0,0,0
深圳市亨佰豪科技有限公司,0,0,0
深圳市亨达兴工业气体有限公司,0,0,0
深圳市京豪建材有限公司,0,0,0
深圳市众横芯业科技第一店铺,0,0,0
深圳市佰誉达科技第二店铺,0,0,0
深圳市冠博科技实业有限公司,0,0,0
深圳市力克有害生物防治第一店铺,0,0,0
深圳市华烁包装制品有限公司,0,0,0
深圳市嘉顿包装科技有限公司,0,0,0
深圳市嘿装咻建筑装饰工程,1,0,1
深圳市固凡装饰材料工程有限公司,0,0,0
深圳市固海威科技有限公司,0,0,0
深圳市固锐电子有限公司,0,0,0
深圳市国中办公设备有限公司,0,0,0
深圳市城市轨道广告有限公司,1,0,1
深圳市大上食品规划设计工程,0,0,0
深圳市大河工业设备有限公司,0,0,0
深圳市安规检测设备有限公司,0,0,0
深圳市微亨电子有限公司,0,0,0
深圳市憨熊高尔夫服饰有限公司,0,0,0
深圳市成伟先电子材料有限公司,0,0,0
深圳市扩黑科技有限公司,1,0,1
深圳市振韩陶瓷有限公司,0,0,0
深圳市掌虹信息技术有限公司,0,0,0
深圳市昊翰贸易有限公司,0,0,0
深圳市星亨科技有限公司,1,0,1
深圳市横川崎精密机械有限公司,0,0,0
深圳市汉曦科技有限公司,1,0,1
深圳市润丰印刷包装有限公司,0,0,0
深圳市益豪科技有限公司,0,0,0
深圳市硅虎电子有限公司,0,0,0
深圳市硅诺电子科技有限公司,0,0,0
深圳市科顶电子有限公司第一店铺,0,0,0
深圳市美华安规仪器有限公司,1,0,1
深圳市胜天硅橡胶材料科技,0,0,0
深圳市视觉光显科技第一店铺,0,0,0
深圳市贯溢科技有限公司,0,0,0
深圳市赫之威科技有限公司,0,0,0
深圳市起鸿科技有限公司,0,0,0
深圳市鑫展鹏包装制品有限公司,0,0,0
深圳市鑫韩嘉电子有限公司,1,0,1
深圳市霆茂电子有限公司,0,0,0
深圳市鸿建建设有限公司,0,0,0
深圳市鸿捷胜科技有限公司,0,0,0
深圳市鸿顺捷电子第一店铺,0,0,0
深圳广恒智慧科技通道闸机供应商,0,0,0
深圳悟古科技,0,0,0
深圳绮涵工业材料有限公司,0,0,0
深圳翰华电子科技有限公司,0,0,0
深圳翰脉环保科技有限公司,1,0,1
深圳豪派科技有限公司,0,0,0
深圳速古科技有限公司,0,0,0
深圳黑萤科技有限公司,1,0,1
清河县德莱橡胶制品有限公司,0,0,0
清苑区轩宇模盒模具加工厂,0,0,0
清远市麦氏罐业有限公司,0,0,0
渝升五金冲床自动冲床,1,0,1
温县辉瑞动物药业第二店铺,0,0,0
温岭市旭日滚塑科技第一店铺,0,0,0
温岭市温峤朝盛数控刀第一店铺,0,0,0
温州一迪包装有限公司,0,0,0
温州七恩科技有限公司,0,0,0
温州主恩包装有限公司,0,0,0
温州久高电气有限公司,0,0,0
温州企鑫机械有限公司,0,0,0
温州众川灌装机封口机旋盖机,0,0,0
温州北斗磁业有限公司,0,0,0
温州华吉重工机床有限公司,0,0,0
温州厨事顿贸易有限公司,0,0,0
温州善亿塑料制品有限公司,0,0,0
温州太池包袋科技有限公司,0,0,0
温州奕鑫铆钉有限公司,0,0,0
温州宇杰电器有限公司,0,0,0
温州岑峰五金有限公司,0,0,0
温州峰明机械有限公司,0,0,0
温州市从海阀门有限公司第一店铺,0,0,0
温州市伍美包装科技有限公司,0,0,0
温州市奥梵工艺品第一店铺,0,0,0
温州市赫正机械科技有限公司,0,0,0
温州慈宏工艺品有限公司,0,0,0
温州抚运电气有限公司,0,0,0
温州摩庚游乐设备第一店铺,0,0,0
温州明亮纸盘机械有限公司,0,0,0
温州晨光集团晨亮塑业有限公司,0,0,0
温州泉尔泵阀制造有限公司,0,0,0
温州爱得包装有限公司,0,0,0
温州碧莎丹针纺科技有限公司,0,0,0
温州禅相工艺品有限公司第一店铺,0,0,0
温州科跃包装机械有限公司,0,0,0
温州花田花地民宿,0,0,0
温州豪韵百万球池厂家,3,0,3
温州远涵机械设备有限公司,0,0,0
温州酬勤游乐设备第二店铺,0,0,0
温州锐杭包装有限公司,0,0,0
温州长征感应洁具第一店铺,0,0,0
温州雨诺包装材料有限公司,0,0,0
温州鸿诚新材料科技有限公司,0,0,0
渭南玄优家政保洁平台,66,512,578
游侠网,0,0,0
游戏狗,3,0,3
游戏罐头资讯攻略,0,0,0
湖北交警96122,0,0,0
湖北亨大电力科技有限公司,0,0,0
湖北农谷实业集团有限责任公司,1,0,1
湖北国昇科技有限公司,1,0,1
湖北小马过河教育咨询有限公司,1,0,1
湖北屯仓管业科技发展有限公司,0,0,0
湖北德成奇石花木有限公司,0,0,0
湖北成人教育网,0,0,0
湖北横阔商贸有限公司第二店铺,0,0,0
湖北正涵电气有限公司,0,0,0
湖北汉达飞生物科技有限公司,0,0,0
湖北衡罡测控设备有限公司,0,0,0
湖北豪胜专用汽车有限公司,0,0,0
湖北鹤艾堂健康科技有限公司,0,0,0
湖北龙马除雪滚刷滚扫,1,0,1
湖南心河心灵文化传播第一店铺,0,0,0
湖南撼山智能科技第一店铺,0,0,0
湖南绿程有害生物防治第一店铺,0,0,0
湖南翰佳苗业发展有限公司,0,0,0
湘潭市宋斌奇糕粉厂有限公司,0,0,0
湘窖酒业,1,0,1
湘窖酒业旗舰店,1,0,1
湛江开发区小李物流第一店铺,0,0,0
源浩网,0,0,0
源渡股权投资管理上海有限公司,1,0,1
溢川香,0,0,0
溪金可研报告,2,8,10
滕州三地机械制造有限公司,0,0,0
滕州南锻数控机床有限公司,0,0,0
滕州市姜屯镇金诺尔农资中心,0,0,0
滕州市沐函数控机床有限公司,0,0,0
滕州市泰重机床有限公司,0,0,0
滚搜信息,0,0,0
滚滚新闻站,0,0,0
满v游戏盒,0,0,0
演介短视频,0,0,0
漫海谷,0,0,0
漫盒食玩专营店,0,0,0
漳州华景园林绿化第一店铺,0,0,0
漳州市清泉园林有限公司,0,0,0
漳州市龙文区宏信食用菌,0,0,0
漳州开发区炽昌砂业有限公司,0,0,0
漳州文轩园林绿化工程第一店铺,0,0,0
漳浦县长桥镇鼎加盛苗第一店铺,0,0,0
潍坊兴阳烘干设备有限公司,0,0,0
潍坊坊子区根森翔种植专业合作社,1,0,1
潍坊市恒弛防水材料有限公司,0,0,0
潍坊康恩地生物技术有限公司,0,0,0
潍坊得水塑料,0,0,0
潍坊泽宇纺织有限公司,0,0,0
潍坊浩海热处理设备第一店铺,0,0,0
潍坊浩纺纺织有限公司,0,0,0
潍坊清峰农副产品商贸,0,0,0
潍坊清风农副产品店,0,0,0
潍坊烽宇工业设备有限公司,0,0,0
潍坊磁恒磁电科技第一店铺,0,0,0
潍坊联菲机械设备第一店铺,0,0,0
潍坊芳林集成房屋有限公司,0,0,0
潍坊萨抵环保设备,0,0,0
潍坊萨抵防水材料,0,0,0
潍坊谷宇浩商贸,0,0,0
潍坊鑫宏金属制品有限公司,0,0,0
潍坊雨洁消毒用品有限公司,0,0,0
潍坊鲁宇防水材料有限公司,0,0,0
潍坊龙顶企业服务有限公司,0,0,0
潍城区裕和炉具厂第一店铺,0,0,0
潼南区徐祖发淡水鱼养第二店铺,0,0,0
澎容氦气瓶厂家,11,0,11
灵均诡异秘事,0,0,0
灵寿县富平石材厂,0,0,0
灵寿县永顺矿产品加工厂第五店铺,0,0,0
灵硅假期日历,1,0,1
灵硅房贷计算器,0,0,0
烟台中宠食品股份有限公司,1,0,1
烟台凯盛起重,0,0,0
烟台华东航空轨道邮轮,0,0,0
烟台宸熙破碎锤蓄能器,2,0,2
烟台方之正板房,0,0,0
烟台方大滚塑有限公司第一店铺,0,0,0
烟台鑫通嘟嘟仙果,0,0,0
煦丰,0,0,0
煦涵王者攻略,0,0,0
爱修维修,0,0,0
爱股数据品牌名片,1,0,1
爱迪威滚塑设备,11,0,11
牙客多,1,0,1
牧和咨询,0,0,0
特元达餐饮培训,0,0,0
特味村,1,0,1
特特皮革批发,11,0,11
特芙尔,0,0,0
献县天昊公共设施经销处,0,0,0
献县奥力给试验仪器销售处,0,0,0
献县木易建筑仪器销售处,0,0,0
献县殿路仪器厂,0,0,0
献县玉鹏建筑器材销售处,0,0,0
献县良东建筑器材第二店铺,0,0,0
献县路顺建筑仪器设备厂第一店铺,0,0,0
献县迪凯试验仪器销售处,0,0,0
玉林市福绵区成均镇更生木材木,0,0,0
王中华骨健康馆,0,0,0
王匙北京油烟机维修,3,0,3
王匙换锁修锁常营开锁北京,99,0,99
王匙防盗门售后服务,2,0,2
王匙附近开锁公司,3,0,3
王师傅装修,0,0,0
王师傅西安旧房翻新老房改造,0,0,0
王牌盾保镖公司,0,0,0
王老吉刺梨果醋饮料,0,0,0
王者攻略,1,0,1
玖能制管,0,0,0
玩吧喝酒神器,1,0,1
玩咖游戏攻略宝典,3,0,3
玩购精选,1,0,1
玩风乐资讯,0,0,0
环球网,0,0,0
珠海中楚投资管理有限公司,1,0,1
珠海市一品生物科技有限公司,0,0,0
珠海市宏州新材料科技有限公司,0,0,0
珠海经济特区顺益发展上海分,0,0,0
珠海醋酸纤维有限公司,1,0,1
琐事卫士,0,0,0
琴阿姨菜饭骨头汤,13,0,13
瑞安市尚瑞机械有限公司,0,0,0
瑞安市归园溪上民宿,0,0,0
瑞安市晨洋机械厂,0,0,0
瑰宝新材料股份有限公司,1,0,1
瓜瓜塑料制品,0,0,0
甜瓜家,1,0,1
生贵建筑网片,0,0,0
用工巴士,0,0,0
用心惠子洗涤机械,0,0,0
田也岱海糕面,0,0,0
田也精选旱地杂粮,0,0,0
田野牧蜂,1,0,1
田野风广州生态园林有限公司,0,0,0
甲骨易北京翻译股份有限公司,1,0,1
电动滚筒,3,0,3
界外美术馆民宿,0,0,0
百事帮灵活用工就业平台,0,0,0
百匠诀橄榄核,15,0,15
百度号码助手,0,0,0
百度头像挂件,0,0,0
百度股市通,0,0,0
百林斯特机械设备北京有限公司,0,0,0
百特智能无轨电动平板车,3,0,3
百硅半导体深圳有限公司,0,0,0
百科博物馆计划,1,0,1
百科天文馆,0,0,0
皖毅跪垫厂家,11,0,11
益众制冷冻库安装,16,0,16
益度,2,0,2
益度科技,2,0,2
益斯递科技,2,0,2
益田翠堤悦府,112,0,112
盐城俊宇钙业有限公司第一店铺,0,0,0
盐城固誉科技有限公司,0,0,0
盐城固龙货架设备有限公司,0,0,0
盐城市圣和给水设备有限公司,0,0,0
盐城市成森堵漏工程第一店铺,0,0,0
盐城市焱庚机械有限公司,0,0,0
盐城市骏放服饰有限公司,0,0,0
盐城市骏放服饰有限公司第一店铺,0,0,0
盐城恒坤化工有限公司,0,0,0
盐城方鼎低温阀门有限公司,0,0,0
盐城海诺中地节能科技有限公司,0,0,0
盐山国宾防腐保温管道第二店铺,0,0,0
盐浩法兰管件,0,0,0
盒你一起北京科技有限公司,1,0,1
盒紫游戏,5,0,5
盛金无轨电动伸缩门,0,0,0
真木网木托盘脚墩托盘料,0,0,0
睿合科技,1,0,1
知书流行语词典,0,0,0
知己积分入户咨询,0,0,0
知希网络推广软文发稿,0,0,0
知性有度,0,0,0
知晓山居,0,0,0
知服服,0,0,0
知百科,0,0,0
知顿,0,0,0
石城县琴江镇朝荷白莲专业合作社,0,0,0
石家庄顾优节能设备销售有限公司,0,0,0
研和,1,0,1
砖丽美缝剂,0,0,0
硬齿面减速机,0,0,0
碎沫心情语录,0,0,0
礼官窗帘,1,0,1
社科赛斯考研估分,7,0,7
祥荣电动气动挡板门插板门,0,0,0
福州成冠信息技术有限公司,1,0,1
福州汇尔固液压设备第一店铺,0,0,0
福州海创整合包装有限公司,0,0,0
福州胜果网络科技有限公司,0,0,0
福建山瓜瓜农业发展第一店铺,0,0,0
禧荟翠翡翠戒指,2,0,2
禹城华禹机械制造第一店铺,0,0,0
禹城市众信机械有限公司第一店铺,0,0,0
禹城市佳汇机械有限公司第一店铺,0,0,0
禹城市华普机械设备第三店铺,0,0,0
禹城市华普机械设备第二店铺,0,0,0
禾一健康,0,0,0
禾多科技北京有限公司,1,0,1
禾汇建材,0,0,0
秀丽名服高级定制,0,0,0
秀和风水,1,0,1
秀色美人居,0,0,0
科科过教育,0,0,0
科翰硅溶胶,1,0,1
秒夯地基工程,0,0,0
秦皇岛经济技术开发区传鼓门窗经,0,0,0
穗福门窗门窗定制,3,0,3
穗雅夯土墙施工厂家,3,0,3
穗雅意大利手刮漆价格,3,0,3
窈窕一点免税商城,1,0,1
窋耕,1,0,1
站长之家ASCII转码,0,0,0
站长之家Excel函数查询,1,0,1
站长之家敏感词查询,0,0,0
章丘兴鼓罗茨风机罗茨鼓风机厂家,12,0,12
章丘市地方特产研究所,0,0,0
章丘市奥鼓机械有限公司,0,0,0
章丘市顺鑫炊具机械厂第一店铺,0,0,0
章丘诚泽罗茨鼓风机,13,0,13
童年母婴营养服务,1,0,1
竹夫扫帚制品厂,1,0,1
笑付通,2,0,2
简优优选号,0,0,0
箱姑娘包装科技江苏第二店铺,0,0,0
粤淘电商网店代运营服务商,0,0,0
精特导轨齿条,1,8,9
精禾科技,0,0,0
索哥想上分,1,0,1
索悟电气设备上海有限公司,0,0,0
索纳塔,0,0,0
索菲亚全国门店,0,0,0
紫光日东科技深圳有限公司,0,0,0
紫帆装饰,0,0,0
紫帆豪装工厂店,1,0,1
紫微手机号码打分,0,0,0
紫微黄历万年历,0,0,0
紫樾府,0,0,0
紫皓干红洋葱葡萄酒,12,0,12
紫荆学历规划,39,2,41
紫观茶具,1,0,1
紫豆网,0,0,0
约单网个人生活服务交易平台,0,0,0
纵数横谈,0,0,0
纵观文社,2,0,2
纵陌阡横乐生活,0,0,0
纷享好物商城,1,0,1
终南原乡概念民宿,0,0,0
绍兴上虞上鼓风机有限公司,0,0,0
绍兴赫隐花园酒店鲁迅故里店,0,0,0
绘飓广告上海有限公司,0,0,0
绛县横水镇恒仁苗木经销部,0,0,0
维克超硬刀具,0,0,0
维动,14,0,14
维普查重网,0,0,0
维普网,0,0,0
维普论文查重网,0,0,0
维诺艺伸缩缝盖板,0,0,0
罐煌金属容器,0,0,0
网创在线,0,0,0
网新科技集团有限公司,0,0,0
网沃访客,0,0,0
网赢灌装机,0,0,0
美加净日化商城,1,0,1
美恒镜片,0,0,0
翌淀化学上海有限公司第二店铺,0,0,0
翌鸽传媒服务,1,0,1
翔奋实业上海有限公司第二店铺,0,0,0
翔工二次构造柱输送泵,0,0,0
翔工二次结构浇筑泵,0,0,0
翔工小型工程机械商城,5,0,5
翔工路面灌缝机,0,0,0
翔达封罐机,14,0,14
翰弘林溪郡,0,0,0
翰晔餐饮,0,0,0
耀桂香薰石批发,11,0,11
老顾SEO博客,0,0,0
聊城市光旭管业有限公司,0,0,0
聊城市秦记地瓜食品有限公司,1,0,1
聊城市美德管业有限公司,0,0,0
职友集,0,0,0
聚洵半导体科技上海有限公司,0,0,0
聚集号,0,0,0
肃宁县渔中乐渔具店,0,0,0
肖捏断勺信息资讯,0,0,0
股加加股权激励设计助手,0,0,0
股加加融资计算器,0,0,0
股城理财,1,0,1
股城金融工具,3,0,3
股易证券律师,0,0,0
肯泰纳塑料罐,34,0,34
腾冲邓有吉大健康云平台,61,518,579
腾卓旋盖机厂家,13,0,13
腾焰燃控吹灰器点火器,0,0,0
腾达冻乳猪,0,0,0
腾达挡粮门,35,0,35
自控反应釜,3,0,3
自然奇迹有机肥,130,0,130
自由美标识导示系统,1,0,1
自贡叠彩彩灯文化传播佛山南海分,0,0,0
自贡市雕铭石刻艺术品第二店铺,0,0,0
臻给力惠心购,2,0,2
舟翔广州智能机电第一店铺,0,0,0
航力铝龙骨,2,0,2
航旅纵横,22,0,22
航旗生肖运势,0,0,0
航润能源科技上海有限公司,0,0,0
航遇视觉,16,0,16
艺动商城,1,0,1
艺点意创,0,0,0
艺猫明宠,0,0,0
艺能导热油炉,0,0,0
艺高科技,1,0,1
艾自汇估值工具,0,0,0
芒旅宿果民宿,0,0,0
芗奈,1,0,1
芜湖一点水水族景观工程有限公司,0,0,0
芜湖叠纸网络科技有限公司,1,0,1
芜湖弘毅钙业有限公司第一店铺,0,0,0
芜湖文典铁画工艺品有限公司,0,0,0
芝罘区奉品干海产品店第一店铺,0,0,0
芝罘区碧珍百货商行第二店铺,0,0,0
花果视讯,0,0,0
花样过十一,0,0,0
花花爱蜜语,1,0,1
苏克雅店铺,0,0,0
苏州一刀精密模具有限公司,0,0,0
苏州一顶设备安装有限公司,0,0,0
苏州三次方环保工程有限公司,0,0,0
苏州东方大易培训中心,5,0,5
苏州中民辐安仪器有限公司,0,0,0
苏州丰发真空设备有限公司,0,0,0
苏州乾泰祥丝绸有限公司,1,0,1
苏州乾纲科学仪器第一店铺,0,0,0
苏州五周泡绵制品有限公司,0,0,0
苏州以豪化工科技有限公司,0,0,0
苏州优而信铝材有限公司,0,0,0
苏州催化燃烧设备,0,0,0
苏州共盈净化设备第一店铺,0,0,0
苏州厨鑫厨房科技有限公司,0,0,0
苏州合众合文化传媒有限公司,1,0,1
苏州吉铁轿车托运,0,0,0
苏州品扬导热材料科技有限公司,0,0,0
苏州四氟防腐科技有限公司,0,0,0
苏州固点包装有限公司,0,0,0
苏州固赛工业设备有限公司,0,0,0
苏州地顺建材有限公司第一店铺,0,0,0
苏州多麦公共设施有限第一店铺,0,0,0
苏州大学附属第一医院,0,0,0
苏州天豪工控系统有限公司,0,0,0
苏州好帮手运输有限公司,0,0,0
苏州安淳物流有限公司,0,0,0
苏州宫佳电子有限公司,0,0,0
苏州宫鑫金砖有限公司,0,0,0
苏州巨含洗地机,3,0,3
苏州市久恒化工有限公司,0,0,0
苏州市哈轴轴承销售有限公司,0,0,0
苏州市恩赐信息技术有限公司,0,0,0
苏州市永合力物流系统有限公司,0,0,0
苏州市琇泽升降机械科技第二店铺,0,0,0
苏州市金鄂物流机械第二店铺,0,0,0
苏州康泰克电子科技有限公司,0,0,0
苏州开心盒子软件有限公司,1,0,1
苏州弘之盛复合材料有限公司,0,0,0
苏州德赴美保温建材第一店铺,0,0,0
苏州思杰马克丁软件有限公司,1,0,1
苏州恩贝德机械有限公司,0,0,0
苏州戈先机电有限公司,0,0,0
苏州敦品工业科技有限公司,0,0,0
苏州斯普兰蒂电子有限公司,1,0,1
苏州易存智能科技有限公司,0,0,0
苏州未来电器第三店铺,0,0,0
苏州杜尔气体化工装备有限公司,1,0,1
苏州柜都家具股份有限公司,0,0,0
苏州森纳斯环境技术有限公司,0,0,0
苏州樊香园艺有限公司,1,0,1
苏州正义之锤代理诉状,0,0,0
苏州正尚家具有限公司第二店铺,0,0,0
苏州江水平装修队,2,0,2
苏州汽优改汽车服务有限公司,1,0,1
苏州沃园新材料科技有限公司,0,0,0
苏州泰莱微波技术有限公司,0,0,0
苏州滴答软件科技有限公司,1,0,1
苏州灭鼠灭蟑螂灭白蚁,0,0,0
苏州炬烽遮阳制品第一店铺,0,0,0
苏州爱存电子科技有限公司,0,0,0
苏州甫一电子科技有限公司,1,0,1
苏州登正机电有限公司,0,0,0
苏州盟迪气体设备有限公司,0,0,0
苏州福共新材料科技第二店铺,0,0,0
苏州科光光电科技有限公司,0,0,0
苏州繁固光伏科技有限公司,0,0,0
苏州腾风塑胶有限公司,0,0,0
苏州舜谱智能科技有限公司,0,0,0
苏州苏之航感压纸,12,0,12
苏州蒙恩达金属制品第二店铺,0,0,0
苏州虹精品民宿,0,0,0
苏州蜜思肤化妆品股份有限公司,1,0,1
苏州贯旭仪器设备有限公司,0,0,0
苏州赫孚电子有限公司,0,0,0
苏州赫途机电工业有限公司,0,0,0
苏州迈传精密传动有限公司,0,0,0
苏州迈普工具有限公司,0,0,0
苏州进关通国际货运代理有限公司,0,0,0
苏州邦有福机械科技第三店铺,0,0,0
苏州金南瓜国际贸易有限公司,1,0,1
苏州金奥臭氧有限公司,0,0,0
苏州鑫源阳光伏科技有限公司,0,0,0
苏州钧舵机器人有限公司第一店铺,0,0,0
苏州阜晶电子科技有限公司,0,0,0
苏州隔隔铝业有限公司第一店铺,0,0,0
苏州韩博新能源科技有限公司,0,0,0
苏州高控科技有限公司,0,0,0
苏瑞电子设备北京有限公司,0,0,0
英德市雄盛氧化钙业厂第一店铺,0,0,0
英红九号,1,0,1
英釜国际贸易上海有限公司,0,0,0
荣成市何石石材有限公司,0,0,0
荥阳市根发工程设备有限公司,0,0,0
荥阳鑫瑞恒机械设备第三店铺,0,0,0
荷中居,0,0,0
菌旺烘干机,3,0,3
菏房网,0,0,0
营房水煎包锅,15,0,15
蒸柜,0,0,0
蓝江机械科技山东有限公司,0,0,0
蓝航中科,0,0,0
蓬莱境别墅聚会,0,0,0
蔚县美鸽建材科技第一店铺,0,0,0
薇伊VIIYI,0,0,0
藤县乐美葛业专业合作社,0,0,0
藤岛发电机,2,0,2
虎观视频,22,0,22
虔净纯水软化水处理设备,13,0,13
虹海金岸,0,0,0
虹魔方,0,0,0
蟹束阁品牌名片,1,0,1
行密贡鹅,0,0,0
行密贡鹅卤菜加盟,0,0,0
行远包装快餐盒封口机,4,0,4
衡水宏祥钢筋连接设备有限公司,0,0,0
衡水百优翔游乐设备有限公司,0,0,0
衡水秋实柜业有限公司,0,0,0
衡水老白干,0,0,0
衡水衡科贸易有限公司,0,0,0
衡盛源镜面镀铬辊厂家,0,0,0
衡阳市北纬九度餐饮管理有限公司,0,0,0
衡阳市科德工程机械制造有限公司,0,0,0
装小蜜家装监理,30,0,30
装盒机厂家,0,0,0
裕华巨斧机械设备销售中心,0,0,0
裕弘专业扶梯拆除回收,0,0,0
裕弘二手电梯拆除,0,0,0
裕弘电梯回收,0,0,0
裕德源通江银耳润耳面膜,1,0,1
裕顺攻牙机械东莞第三店铺,0,0,0
襄州区光彩市场邓宏发卷闸门配件,0,0,0
襄汾县奥金新亚鹤铝业模具,0,0,0
襄阳关镇铨装饰工程有限公司,0,0,0
襄阳普力克化工防腐技术研究所,0,0,0
西南医科大学附属中医医院,1,0,1
西双版纳彩虹露营地,0,0,0
西安中盛旅游景点平台,65,516,581
西安亚力体育设施有限公司,0,0,0
西安优硕生物科技第一店铺,0,0,0
西安佳玮开锁换锁公司配汽车钥匙,2,0,2
西安健坤七彩坡,18,0,18
西安健坤七彩滑道,19,0,19
西安健坤旱地滑雪,26,0,26
西安健坤滑道飞人,18,0,18
西安健坤网红滑道,18,0,18
西安光之影科技,0,0,0
西安全奥生物科技第一店铺,0,0,0
西安共辉电子科技有限公司,0,0,0
西安北辰办公设备有限公司,0,0,0
西安博才集美高考复读学校,0,0,0
西安博涵包装有限公司第一店铺,0,0,0
西安吉事通电子科技有限公司,0,0,0
西安唯奥生物科技有限公司,0,0,0
西安国泰伏龙生态科技有限公司,0,0,0
西安地维景观设计有限公司,0,0,0
西安复约会展服务有限公司,0,0,0
西安大明宫装饰工程有限公司,0,0,0
西安天正药用辅料有限公司,0,0,0
西安奉道会员佣金结算商城系统,0,0,0
西安宇龙明达,0,0,0
西安小钉网络科技有限公司,1,0,1
西安崇黛伸缩缝,2,0,2
西安市临潼区西泉街办长盈风口风,0,0,0
西安市浐灞生态区海科电器制冷设,0,0,0
西安市灞桥区欧亚床垫厂第三店铺,0,0,0
西安志诚塑木园林设施有限公司,0,0,0
西安恒洁洗涤设备有限公司,0,0,0
西安慧存信息,0,0,0
西安搜道网站建设推广公司,0,0,0
西安文菲科技,1,0,1
西安新昌迪包装有限公司,0,0,0
西安晋湘药用辅料有限公司,0,0,0
西安梦豪保安服定做,2,0,2
西安梦豪西装定制,2,0,2
西安森河标识工程有限公司,0,0,0
西安江恒道闸挡车器厂家直销,0,0,0
西安泛亚除甲醛,0,0,0
西安海润信和科技,0,0,0
西安百花放环保建材有限公司,0,0,0
西安程师傅建材科技第一店铺,0,0,0
西安绿康源药用辅料第一店铺,0,0,0
西安缝缘美缝环保工程第一店铺,0,0,0
西安美易达有害生物防治有限公司,0,0,0
西安耿崭锋建材有限公司第三店铺,0,0,0
西安芯贵实业有限公司,0,0,0
西安蓝晓科技新材料股份有限公司,0,0,0
西安西西弗斯网络科技第一店铺,0,0,0
西安西高互感器制造有限公司,0,0,0
西安谷狗网络科技有限公司,1,0,1
西安金森仿真植物有限公司,0,0,0
西安铭代装饰工程第一店铺,0,0,0
西安锐博生物科技有限公司,0,0,0
西安长亮商贸有限公司第二店铺,0,0,0
西安集萃生物科技第一店铺,0,0,0
西安飞航不锈钢装饰工程有限公司,0,0,0
西安鼎麒建筑工程平台,66,516,582
西峡县雷氏菇品购销有限公司,0,0,0
西平县百顺商贸有限公司,0,0,0
西平牧丰农牧设备第一店铺,0,0,0
西彦番鸭苗,11,0,11
西派府,112,0,112
西点青少年拓展夏令营,6,0,6
西瓜证件照,0,0,0
西电集团医院,34,0,34
西窗烛美学馆,1,0,1
西藏福海醇酒业有限公司,0,0,0
西藏饭店成都,1,0,1
西象府,112,0,112
西鼎PE给水管,0,0,0
观为监测技术无锡第一店铺,0,0,0
观智网络,2,0,2
观火律师,0,0,0
言翡翠原石,1,0,1
言语萌宠宠物托运,0,0,0
言财公司注册网上核名,0,0,0
许昌俯冲汽车玻璃有限公司,0,0,0
许昌发觉发制品有限公司,0,0,0
许昌奋均机械制造有限公司,0,0,0
许昌悍峰王新能源科技有限公司,0,0,0
许昌谦源电工材料第一店铺,0,0,0
许昌通泰典当行,0,0,0
许留福,1,0,1
诸城市东诚机械科技第二店铺,0,0,0
诸城市同泰食品机械厂,0,0,0
诸城市图和食品机械科技第一店铺,0,0,0
诸城市增益环保设备有限公司,0,0,0
诸城市天琪机械科技第一店铺,0,0,0
诸城市希源机械有限公司,0,0,0
诸城市志诺机械有限公司,0,0,0
诸城市旭刚机械有限公司第一店铺,0,0,0
诸城市昌盛机械科技有限公司,0,0,0
诸城市有为机械科技有限公司,0,0,0
诸城市润华工业装备有限公司,0,0,0
诸城市登裕机械有限公司,0,0,0
诸城市网众机械有限公司第二店铺,0,0,0
诸城市联名机械有限公司,0,0,0
诸城市诺尔食品机械厂第二店铺,0,0,0
诸城市金铭鑫机械第一店铺,0,0,0
诸城市鼎业机械科技有限公司,0,0,0
诸城庚新机械有限公司第一店铺,0,0,0
诸城盛拓机械科技有限公司,0,0,0
诸城福根泰机械有限公司,0,0,0
诺亚号自媒体,2,0,2
谷创企业信息平台,23,0,23
象耳朵信息科技武汉第三店铺,0,0,0
豪城门窗,1,0,1
豫锅锅炉厂,0,0,0
豫龙工程机械设备厂家,0,0,0
质道打捞队,0,0,0
贯良自控阀门上海有限公司,0,0,0
贴现计算器,0,0,0
贵州凯圭景观工程有限公司,0,0,0
贵州哈电阀门有限公司,1,0,1
贵州美酒河,1,0,1
贵州贵美砼建筑装饰工程有限公司,0,0,0
费县众雨工艺棚有限公司,0,0,0
资阳市佳禾工业科技成都分,0,0,0
资阳市四达低温机械有限公司,0,0,0
赞皇县崔献军家庭农场第一店铺,0,0,0
赫声机电设备上海有限公司,0,0,0
赫时网络科技,0,0,0
赫章县妈姑镇岚玺酒坊,0,0,0
赵县农润果袋加工厂,0,0,0
赵县春新炊具机械厂第二店铺,0,0,0
赵县环洋果袋有限公司,0,0,0
赵姐裘皮染改,0,0,0
赵姐貂皮改款,0,0,0
赵姐貂皮染改,0,0,0
越禾体育,0,0,0
趣哪叛逆孩子教育,0,0,0
趣玩BT游戏盒,0,0,0
轩哥谈排球赛讯,0,0,0
轩妈食品,1,0,1
轩尼斯门窗,44,0,44
轩怡装饰,0,0,0
轩然旅行,2,0,2
转转大师数据恢复,0,0,0
辉利电动滚筒,0,0,0
辰贵机械佛山有限公司,0,0,0
迁西县含栗堂板栗第一店铺,0,0,0
迅当,1,0,1
迅登网电商货源,651,290,941
过云山居,0,0,0
迎顺府,0,0,0
运帮工搬运队,2,0,2
运满阁,0,0,0
连云港威晟硅材料有限公司,0,0,0
连云港宸贵农机农资服务第一店铺,0,0,0
连云港林清水产品第一店铺,0,0,0
连云港淼晶硅材料第一店铺,0,0,0
选校帝,0,0,0
选校帝录取率测试,0,0,0
途度上海检测科技有限公司,0,0,0
途悦霞客行房车露营地,0,0,0
途简单寄存,1,0,1
通快中国有限公司第一店铺,0,0,0
通易付,2,0,2
通达水煎包锅,33,0,33
逸泉锦翠,0,0,0
逸翠庄园,0,0,0
遂平县伟鑫粮油秸秆购第一店铺,0,0,0
遛卷丫好物优选,0,0,0
遵化市王各庄华农草帘厂第一店铺,0,0,0
邢台乐驰商贸有限公司,0,0,0
邢台亚润机械厂,0,0,0
邢台凌翔机械制造有限公司,0,0,0
邢台功众机械制造有限公司,0,0,0
邢台喜旺机械制造厂第二店铺,0,0,0
邢台峰昌机械制造有限公司,0,0,0
邢台巧夺机械制造第二店铺,0,0,0
邢台市实友机械设备第一店铺,0,0,0
邢台市腾拓机械厂第一店铺,0,0,0
邢台恒钰电力器材有限公司,0,0,0
邢台旭刚机械制造有限公司,0,0,0
邢台昂纳机械制造有限公司,0,0,0
邢台梦梵机械科技有限公司,0,0,0
邢台正卓橡塑制品厂,0,0,0
邢台泺达机械制造厂第三店铺,0,0,0
邢台海汇机械,0,0,0
邢台润联科技开发第三店铺,0,0,0
邢台登泽机械厂,0,0,0
邢台矗泰机械设备制造有限公司,0,0,0
邢台硕缔机械厂,0,0,0
邢台翔工机械制造有限公司,0,0,0
邢台蒂狮机械有限公司,0,0,0
邢台越旺机械制造厂,0,0,0
邢台辉旺机械制造第一店铺,0,0,0
邢台铄奇机械制造厂,0,0,0
邢台锦航机械厂,0,0,0
邢台锦贤机械制造厂,0,0,0
邮证EMS快递,7,0,7
邮都企业商务平台,0,0,0
邮都内在生活百科资讯,0,0,0
邯郸市古雅园林古建筑工程,0,0,0
邯郸市固若鼎紧固件制造有限公司,0,0,0
邯郸市天歌紧固件制造有限公司,0,0,0
邯郸市常固紧固件制造有限公司,0,0,0
邯郸市永年区睢宁嘉固第二店铺,0,0,0
邯郸市永年区西滩头村邯奥紧固件,0,0,0
邯郸市邯宏发紧固件第二店铺,0,0,0
邯郸市邯泰紧固件有限公司,0,0,0
邹平县台子福利醋酸加第一店铺,0,0,0
郑州中地新材料科技有限公司,0,0,0
郑州中建耐火材料第一店铺,0,0,0
郑州丹兴机械,0,0,0
郑州亨多宝化工有限公司,0,0,0
郑州付申包装材料有限公司,0,0,0
郑州六渡机电设备第二店铺,0,0,0
郑州农人灌溉科技有限公司,0,0,0
郑州华祥木业有限公司,0,0,0
郑州华豫兄弟制冷设备第一店铺,0,0,0
郑州博众文旅科技第一店铺,0,0,0
郑州博纳热窑炉有限公司第一店铺,0,0,0
郑州叮叮智能科技有限公司,1,0,1
郑州叮叮智能科技第一店铺,0,0,0
郑州叮叮智能科技第三店铺,0,0,0
郑州叮叮智能科技第二店铺,0,0,0
郑州启明星电子科技有限公司,0,0,0
郑州喝彩云小智能程序开发公司,2,0,2
郑州喝彩家电空调维修,2,0,2
郑州地之兴建材有限公司,0,0,0
郑州复兴纸业有限公司,1,0,1
郑州宇泰重工机械有限公司,0,0,0
郑州宏大纺机有限公司,0,0,0
郑州尚隆化工产品有限公司,0,0,0
郑州尺良科技有限公司第一店铺,0,0,0
郑州崇瑞耐火材料有限公司,0,0,0
郑州市中原区东方挂面机机械厂,0,0,0
郑州市二七区恒利起重建筑机械供,0,0,0
郑州市天赐重工机械第一店铺,0,0,0
郑州市天赐重工机械第三店铺,0,0,0
郑州市宏宇钙业机械有限公司,0,0,0
郑州市政好机械有限公司,0,0,0
郑州市方衡衡器有限公司,0,0,0
郑州市洁星力清洗日化有限公司,0,0,0
郑州市洪江机械设备有限公司,0,0,0
郑州市玉赐重工机械第一店铺,0,0,0
郑州市甘楠机械设备第一店铺,0,0,0
郑州市第七人民医院,0,0,0
郑州市管城回族区兰姐管第三店铺,0,0,0
郑州市豆逗婆餐饮管理有限公司,1,0,1
郑州市郑东新区金龙广告第三店铺,0,0,0
郑州市革新建筑机械有限公司,0,0,0
郑州弗思特化工有限公司第一店铺,0,0,0
郑州弘毅电子技术第一店铺,0,0,0
郑州张老三农副产品有限公司,0,0,0
郑州御豆坊食品有限公司,0,0,0
郑州德融科技有限公司第一店铺,0,0,0
郑州悉知关键词挖掘工具,0,0,0
郑州悦风形象设计,14,0,14
郑州捷安高科第一店铺,0,0,0
郑州敦聚绳锯切割工程,0,0,0
郑州新益德机电设备有限公司,0,0,0
郑州昌利耐火材料有限公司,0,0,0
郑州明汇电子科技第一店铺,0,0,0
郑州杉木杆批发市场,114,0,114
郑州李厂长包装有限公司第一店铺,0,0,0
郑州杜罗餐饮设备有限公司,0,0,0
郑州栾师傅餐饮管理有限公司,1,0,1
郑州横远思通机械设备第一店铺,0,0,0
郑州正祥重工有限公司,0,0,0
郑州永顾商贸有限公司,0,0,0
郑州治世长云科技有限公司,0,0,0
郑州瑞安气体科技第一店铺,0,0,0
郑州瑞源厨房设备有限公司,0,0,0
郑州百佳化工有限公司,0,0,0
郑州端吉机械设备有限公司,0,0,0
郑州美克盛世电子科技第三店铺,0,0,0
郑州美冠家具有限公司,0,0,0
郑州美登商贸有限公司第一店铺,0,0,0
郑州联德管业有限公司,0,0,0
郑州董得品牌策划,0,0,0
郑州董得品牌策划有限公司,1,0,1
郑州蓬中全篷布制品有限公司,0,0,0
郑州衡信衡器有限公司第一店铺,0,0,0
郑州西瓜映象文化传播有限公司,1,0,1
郑州观途广告有限公司,0,0,0
郑州豪雅石膏制品第一店铺,0,0,0
郑州贯军建材有限公司第一店铺,0,0,0
郑州赋安防火门有限公司,1,0,1
郑州路通预制品有限公司,0,0,0
郑州辐照线缆有限公司,1,0,1
郑州远光机械设备有限公司,0,0,0
郑州远泽游乐设备有限公司,0,0,0
郑州郑搪化工设备制造有限公司,0,0,0
郑州鑫涵仪器设备有限公司,0,0,0
郑州银鹤糊精有限公司,0,0,0
郑州锅圈食汇网络科技有限公司,1,0,1
郑州顶图云网络科技有限公司,1,0,1
郑楷河道治理河湖整治生态修复,0,0,0
郑纺机桨纱机配件,3,0,3
郓城华运养殖有限公司第一店铺,0,0,0
郓城县万家牧业有限公司,0,0,0
郓城县盛邦泉池酒业有限公司,0,0,0
郓城县祥伟养鹅第二店铺,0,0,0
郓城县通凯养殖场,0,0,0
郓城展宇贸易有限公司第二店铺,0,0,0
郓城福哲环卫设备有限公司,0,0,0
郓城鸿阳养殖有限公司,0,0,0
郝大师调味料,0,0,0
郝姐出国说,2,0,2
郯城县奉廷苗木种植农民,0,0,0
鄉根乡舍,0,0,0
酷瓜云课堂,0,0,0
重庆东港滚装港埠有限公司,1,0,1
重庆丹宇龙机械设备有限公司,0,0,0
重庆丹鸣网络科技有限公司,1,0,1
重庆乙丁机电设备有限公司,0,0,0
重庆云朵广告有限公司,1,0,1
重庆何王氏餐饮管理有限公司,1,0,1
重庆兄弟装饰工程有限公司,1,0,1
重庆六原春酒业有限公司,0,0,0
重庆典名科技有限公司,1,0,1
重庆农恳农业发展有限公司,0,0,0
重庆华蒂环卫服务有限公司,0,0,0
重庆名风家俱有限公司,1,0,1
重庆咖啡交易中心有限公司,1,0,1
重庆唐糕祖食品有限公司,1,0,1
重庆嘿小面餐饮管理有限公司,1,0,1
重庆地瓜老餐饮管理有限公司,1,0,1
重庆壹贰会计代理记账工商注册,0,0,0
重庆多典生物科技有限公司,0,0,0
重庆夯博建材有限公司,0,0,0
重庆奋军科技有限公司第二店铺,0,0,0
重庆宏放物流有限公司,0,0,0
重庆宏构管业有限公司,0,0,0
重庆宠我科技有限公司,0,0,0
重庆市奥展五金制品有限公司,0,0,0
重庆市康厨厨房设备有限公司,1,0,1
重庆市开州区冻库制冷设备商行,0,0,0
重庆市慧敦贸易有限公司,0,0,0
重庆市松朗电子仪器有限公司,0,0,0
重庆市江北区段记服饰有限公司,1,0,1
重庆市潼南区舒平淡水第一店铺,0,0,0
重庆市绿庆科技有限公司第一店铺,0,0,0
重庆市酷美科技,0,0,0
重庆当宁消防技术有限公司,0,0,0
重庆恩鑫防腐保温工程有限公司,0,0,0
重庆成王果业有限公司,0,0,0
重庆捷翠食品贵阳分第二店铺,0,0,0
重庆敦源贸易有限公司第一店铺,0,0,0
重庆方泰新型建材有限公司,0,0,0
重庆方胜共享科技有限公司,0,0,0
重庆旋挖基础,0,0,0
重庆松渡烤肉,0,0,0
重庆柏兄晟弟信息科技,0,0,0
重庆桩夯地基基础工程有限公司,0,0,0
重庆欣鑫废品回收废铜铁铝回收,2,0,2
重庆武当家餐饮管理有限公司,1,0,1
重庆段记西服定制,21,0,21
重庆沐川石膏建材有限公司,0,0,0
重庆洋凡电气有限公司,0,0,0
重庆洲启机械设备有限公司,0,0,0
重庆浩翰环保设备有限公司,0,0,0
重庆淡游物资有限公司第一店铺,0,0,0
重庆港洪家具有限公司,0,0,0
重庆燕子妈催乳回奶中心,14,0,14
重庆百足虫网络科技有限公司,1,0,1
重庆短牛科技有限公司,1,0,1
重庆祥凯食品有限公司,0,0,0
重庆翰铭数码科技,0,0,0
重庆芳光机械有限公司,0,0,0
重庆蓝娇科技,0,0,0
重庆虎普甲醛检测公司,4,0,4
重庆虎普除甲醛公司,4,0,4
重庆融川食品有限公司第一店铺,0,0,0
重庆贯润钢材有限责任公司,0,0,0
重庆遏岩防护网有限责任公司,0,0,0
重庆邓氏厨具制造有限公司,1,0,1
重庆邦鼎信息技术有限公司,1,0,1
重庆锋和印刷有限公司,1,0,1
重庆青年旅行社红色教育培训,0,0,0
重庆顶之丰建筑工程有限公司,0,0,0
重庆顾传科技有限公司第三店铺,0,0,0
重庆顾熹门业有限公司,1,0,1
重庆顾熹门业有限公司武汉分公司,0,0,0
重庆顿恒餐饮管理有限公司,0,0,0
重庆风原祥科技有限公司,0,0,0
重庆高隔间装饰工程有限公司,0,0,0
重庆鼎釜餐饮娱乐文化有限公司,1,0,1
金华市固立德化工科技有限公司,0,0,0
金子商城,0,0,0
金征远加拿大雇主移民,3,0,3
金捍力逃生门智能控制,0,0,0
金捍安全广州智能科技有限公司,0,0,0
金桔财务公司核名,0,0,0
金鑫链条刮板输送机链条链轮,2,0,2
鑫三芙音乐教学互动平台,34,0,34
鑫信恒正新疆plc编程,2,0,2
鑫华龙悬浮门,0,0,0
鑫嘉抽粪,2,0,2
鑫大供热管道,0,0,0
鑫振宇挖泥船清淤船,11,0,11
鑫添爱宠俱乐部,1,0,1
鑫源风选粉碎机,12,0,12
鑫科拉伸膜,0,0,0
鑫程祥大棚翅片管散热器,0,0,0
鑫程祥翅片管,0,0,0
鑫程祥翅片管散热器,3,0,3
鑫程祥铝翅片管,0,0,0
鑫达章丘黑厂家,0,0,0
鑫远风山东风机制造第一店铺,0,0,0
鑫镁断桥铝门窗,0,0,0
鑫闽益校服园服,0,0,0
鑫顺达断桥铝门窗,0,0,0
鑫顾健身器材厂家,11,0,11
鑫顾折叠倒立凳,11,0,11
鑫顾速度球支架,11,0,11
钛浩机械,0,0,0
钟楼区荷花池福盾门业经营部,0,0,0
钟祥市耀威生物科技有限公司,0,0,0
钰航三角形计算器,1,0,1
钰航历史,1,0,1
钰航宝宝身高体重标准表,0,0,0
钰航解方程,0,0,0
钰航计算器,0,0,0
钺恒,0,0,0
钻瓜专利文献查询,2,0,2
铁岭佰斯威尔机电有限公司,0,0,0
银川市兴庆区邓期文体用第三店铺,0,0,0
锁博士上门开锁,0,0,0
锅小圈,24,0,24
锅屋百迪精密机械苏州第一店铺,0,0,0
锐亨作物保护河南第一店铺,0,0,0
锐观智能广告机,10,0,10
锐诚真空氦检设备,0,0,0
镇安县柳树沟大鲵养殖第一店铺,0,0,0
镇江恒达包装股份有限公司,0,0,0
镇江润林森林防火装备有限公司,0,0,0
镇江贝利生物发酵罐,0,0,0
镇江远东集成房屋科技成都分,0,0,0
长兴溪舍民宿,0,0,0
长兴青盛钙业有限公司,0,0,0
长城号自媒体,0,0,0
长春一番外语培训学校有限公司,1,0,1
长春中海线上售楼处,0,0,0
长春中琦门业有限公司第二店铺,0,0,0
长春力登维科技产业有限公司,1,0,1
长春变形缝装饰材料有限公司,0,0,0
长春售德防水堵漏公司,2,0,2
长春安鑫开锁,24,0,24
长春市二道区北腾五金产品批发处,0,0,0
长春市双阳区明哲鹿业开发,0,0,0
长春市布拉德除雪机械有限公司,0,0,0
长春市稻盛客餐饮管理有限公司,1,0,1
长春百望达电子技术有限公司,0,0,0
长春维用反渗透设备公司,3,0,3
长春讯普科技,0,0,0
长汀福养老院,1,10,11
长沙中梁供水设备,0,0,0
长沙中赢供水设备第一店铺,0,0,0
长沙代客网络科技有限公司,1,0,1
长沙固盟化工科技有限公司,0,0,0
长沙奥亚环境科技,0,0,0
长沙市郸东建材有限公司,0,0,0
长沙市鑫圭机电贸易第一店铺,0,0,0
长沙新概念锅炉,0,0,0
长沙昆雍新材料有限公司第二店铺,0,0,0
长沙浩微信息科技第一店铺,0,0,0
长沙董董董扔瓶子,1,0,1
长沙豆子信息技术有限公司,1,0,1
长沙赤瑜液压设备第一店铺,0,0,0
长沙郎迪斯海鲜池,3,0,3
长沙金硅地环保科技有限公司,0,0,0
长沙鑫隆物流有限公司,0,0,0
长沙银剑典当汽车抵押,9,0,9
长治好职坊,0,0,0
长葛市力霸建筑机械厂,0,0,0
长葛市悍仕达建筑工程机械,0,0,0
长葛市瑞建蜂业有限公司,0,0,0
长葛市聚蜂源蜂具加工厂第三店铺,0,0,0
长葛市蜂舐养蜂第一店铺,0,0,0
长赢刺槐,15,0,15
闪修侠,0,0,0
问初生态造景鱼缸厂家定做,0,0,0
问答库,6,0,6
阅尚佳绘本馆加盟,0,0,0
阜南县壹科游艺玩具厂,0,0,0
阳光华远混凝土输送地泵,3,0,3
阳光华远滚丝机,3,0,3
阳山县七拱镇罗帅运输部,0,0,0
阳朔发呆休闲酒店,0,0,0
阳朔糖舍,0,0,0
阳江市阳东区北惯镇日昌钢铁回,0,0,0
阳泉市旭旺耐火材料有限公司,0,0,0
阳谷县宏标辐射防护材料有限公司,0,0,0
阿贺海淘,1,0,1
阿那亚臻宿精品民宿,0,0,0
陕西中河云博建设工程有限公司,0,0,0
陕西哲田装饰,0,0,0
陕西固美盛塑料制品有限公司,0,0,0
陕西奇宇电子科技第一店铺,0,0,0
陕西惠诚生物科技第一店铺,0,0,0
陕西晨明生物科技第三店铺,0,0,0
陕西杭铣机电科技有限公司,0,0,0
陕西横岭天然生物制品有限公司,0,0,0
陶瓷信息网,2,0,2
随你带商贸网,25,0,25
随县唐县镇利民孵化厂,0,0,0
随州市铁风汽车销售第二店铺,0,0,0
随趣北京抖音直播代运营咨询公司,0,0,0
雄县张岗乡寿山殡葬用第一店铺,0,0,0
雄县朱各庄镇全瑞塑料包第一店铺,0,0,0
雄县朱各庄镇和又兴纸塑包装厂,0,0,0
雄县朱各庄镇哲勇无纺布制品销,0,0,0
雄县朱各庄镇嘉苒包装制品厂,0,0,0
雄县朱各庄镇国晨无纺布包装制,0,0,0
雄县朱各庄镇鹏棋塑料制品厂,0,0,0
雄县路成纸塑包装有限公司,0,0,0
雄县鸿升泰纸塑包装工艺品厂,0,0,0
雅典娜宠物火化,0,0,0
雅创芯城深圳供应链三号店铺,0,0,0
雅安市天赐苗木有限责任公司,0,0,0
雅方家庭教育,3,0,3
雅曼工作服定制,25,0,25
雅谷风林,0,0,0
集慧资产评估公司,0,0,0
集贯工程造价,0,0,0
雉水麒麟阁,512,0,512
雨兰嵌缝膏,11,0,11
雨奈何富硒小店,3,0,3
雪浪不锈钢反应釜,0,0,0
雪花谷,0,0,0
雪音次元社区,0,0,0
雲凌付北京科技有限公司,0,0,0
雾落间归心,0,0,0
霍河百货,0,0,0
霞浦花竹海琴轩民宿,0,0,0
霞浦逅海民宿,0,0,0
霸州市畅行五金制品有限公司,0,0,0
青岛信硕包装制品有限公司,0,0,0
青岛华能远见电气有限公司,0,0,0
青岛华能远见电气第二店铺,0,0,0
青岛博智汇力生物科技有限公司,0,0,0
青岛海洋新材料科技有限公司,0,0,0
青岛谷宇浩商贸公司,0,0,0
青岛青天环境工程有限公司,0,0,0
青岛食安库食品安全科技第一店铺,0,0,0
青岛鲁东气体有限公司,0,0,0
青岛鹏凌包装制品有限公司,0,0,0
青州市何官镇德华水泥预制厂,0,0,0
青州市何官镇蛟龙农机配第一店铺,0,0,0
青州市涵航花卉苗木第一店铺,0,0,0
青州市珞涵花卉苗木第一店铺,0,0,0
青桔日记,0,0,0
青霜古藤茶,273,46,319
青麦播谷,1,0,1
靖江市伯尔特商贸有限公司,0,0,0
靖江市鼎尖电子商务有限公司,0,0,0
静心谷,0,0,0
韩博锅锅火无烟火锅,0,0,0
韩博锅锅火无烟火锅桌,0,0,0
韩启福建化妆品有限公司,1,0,1
韩快国际,0,0,0
韩快物流,0,0,0
韩联汽修,1,0,1
韬尔迪制氮机设备,0,0,0
音符跃动,0,0,0
韵云阁,7,0,7
韵达速递,0,0,0
顶峰国际规划设计北京有限公司,0,0,0
项城市豫鑫舒洁服饰有限公司,0,0,0
顺强烘干线,0,0,0
顾会计公司注册,12,0,12
顾好家装饰,0,0,0
顾特服上海贸易有限公司,1,0,1
颍上星源科技发展第一店铺,0,0,0
颛和,1,0,1
颜美容护肤,2,0,2
风华国韵艺考培训学校,0,0,0
飓鸿,0,0,0
食为先广式烧腊培训班,0,0,0
首善静荷,0,0,0
首固管道,0,0,0
首核阀门集团有限公司,0,0,0
首贯常州智能科技有限公司,0,0,0
香格里拉桑珠别院藏文化主题酒店,0,0,0
香榭府,0,0,0
香河县鸿邺电气设备厂,0,0,0
香蕉随机抽号,0,0,0
马鞍山市松林刮刀锯有限公司,0,0,0
驻马店市吉远制冷设备第二店铺,0,0,0
驻马店市驿城区小康抽油烟机销,0,0,0
驻马店顶邦兄弟商贸第一店铺,0,0,0
高测多面手电缆故障测试仪,0,0,0
魏县忠烽甲塑料制品有限公司,0,0,0
魔盒大玩家,3,0,3
鱼传贷款计算器,0,0,0
鱼嘴润府,0,0,0
鱼多多钢材,2,0,2
鱼缸民宿,0,0,0
鱼群含义查,1,0,1
鲜大王广东农副产品有限公司,0,0,0
鸡泽县何氏化工经销第一店铺,0,0,0
鸡泽县何氏化工经销第二店铺,0,0,0
鸿仕科技,0,0,0
鸿栢科技,0,0,0
鸿烁滚子链条,11,0,11
鸿蔚文化,0,0,0
鹤牌建材,0,0,0
麦氏罐业股份有限公司,0,0,0
黄山璟源管业科技有限公司,0,0,0
黄龙观,69,0,69
黑派互联网科技,47,0,47
黑龙江固嘉建筑工程有限公司,0,0,0
黑龙江趣韩旅游咨询有限公司,1,0,1
黑龙江金哈丰管业有限公司,0,0,0
黑龙江龙硅农业科技有限公司,0,0,0
黔东南鸿贵贸易有限公司,0,0,0
鼎泰盛杀菌锅厂家,3,0,3
龙府御桂园,115,0,115
龟海贸易商行,0,0,0
114家教,0,0,0
125国际教育,89,0,89
1903酒屋,0,0,0
2cshop跨境独立站,3,0,3
39度新房信息共享平台,1,0,1
39电商创业,4,0,4
56114物流查询,50,0,50
56快车,45,0,45
5季生活,1,0,1
72健身,1,0,1
75派智能健康生活馆,1,0,1
ANJI安几智能,0,0,0
A加画室,0,0,0
A家家居,1,0,1
beta国际教育,1,0,1
bUO9wy9ukn6aqXqzs98xLpw1fD9oPVqk,0,0,0
CG1osZKDVVwuuEhCBaqkM0hvPu3SQxT2,0,0,0
CGWANG,0,0,0
cIWT7oLziehoPFLvGujNd00ZagTDS2bt,7,0,7
CMS模板网,9,0,9
DHL价格查询,2,0,2
DHL快递,2,0,2
DMS私人健身教练培训学校,3,0,3
EB1A实践,0,0,0
E座教育,1,0,1
e货运宠物托运,9,0,9
FBA头程运输,2,0,2
FUN娱记,2,0,2
G7wFTBMHVKSWgFGF3iiLkBU1fkMMA8U1,0,0,0
GHGz53DkMG9k4KOgrTcdlcamYK2fgTdY,0,0,0
Go007城际分类,55,0,55
G宝盆健身模板,1,9,10
hellokid,2,0,2
HiShop海商电商软件,12,0,12
hlj事考辅导,1,0,1
idHealth健康营养商城,1,0,1
IT之家,0,0,0
KB教育,0,0,0
kiddol社交电商,0,0,0
LAITA资讯,0,0,0
OK旅行,1,0,1
OurPlay,0,0,0
PC6视频教学,0,0,0
PO146D9Pia1HBjWh5D1jaAXHqTKhhCSH,15,0,15
Pyjob番禺人才招聘,351,0,351
qXR1XBRGGeFHu8mnS5jruzPOGLPDIsfz,0,0,0
SD电商网店美工设计服务,2,0,2
SINOFIT中健健身集团,1,0,1
SSLL贵金属回收报价,9,0,9
sxmaps升学教育自考,12,0,12
SY3oOEFrhxz9b2pGxMBMWPPFELw4IP9Z,0,0,0
TPshop电商多用户商城系统源码,0,0,0
VPS推荐网,0,0,0
WoShop电商系统,2,0,2
xps挤塑板,0,0,0
YB临港电商协会,1,0,1
Yhealth健康平台,6,0,6
Yhealth健身运动,6,0,6
yixingsheng建材,0,0,0
Z2aEGdM9hAkjPRDt4dG92ij1jXqcG3TR,0,0,0
ZOL好物推荐,0,0,0
ķĆ╗ĶŠæńŗŚ,1,0,1
一凯电子标签拣货系统,12,0,12
一凯自动分拣系统,11,0,11
一品电商,0,0,0
一心一木食品级密封塑料桶,22,0,22
一技之长教资备考,0,0,0
一画会,1,0,1
一见客栈,0,0,0
一起进步心理测试,0,0,0
一间森林旅宿,0,0,0
一间科技,4,0,4
七七星旅行出国彩虹攻略,1,0,1
七帮电商创业,0,0,0
七鱼呼叫系统,0,0,0
万和包装纸箱包装定制厂家,0,0,0
万和包装纸箱定制批发厂家,0,0,0
万商云集餐饮DEMO,0,0,0
万能混流风机,12,0,12
万象大会,5,0,5
万通水煎包锅,15,0,15
三亚亚达假日国际旅行社有限公司,0,0,0
三合顺武汉片碱亚硫酸氢钠氯酸钠,3,0,3
三君娱乐,1,0,1
三好网,0,0,0
三彩国际教育,3,0,3
三简民宿,0,0,0
上海一基实业有限公司,0,0,0
上海万卉保洁服务有限公司,0,0,0
上海万积机械科技有限公司,0,0,0
上海万积机械科技第二店铺,0,0,0
上海万翠堂餐饮管理有限公司,1,0,1
上海三盛宏业投资集团,1,0,1
上海上继科技,1,0,1
上海丽化化妆品有限公司,0,0,0
上海云简软件科技有限公司,1,0,1
上海互凌电气有限公司,0,0,0
上海互筑信息科技有限公司,1,0,1
上海互集建筑科技有限公司,1,0,1
上海优荐电子科技第一店铺,0,0,0
上海体适能新闻中心,0,0,0
上海佰桓电子科技有限公司,0,0,0
上海假面信息科技有限公司,1,0,1
上海元欢纳米科技有限公司,0,0,0
上海冀开电力科技有限公司,0,0,0
上海凌立健康管理股份有限公司,1,0,1
上海凯皇焊接材料有限公司,0,0,0
上海加洪自动化设备有限公司,0,0,0
上海千槐电气有限公司,0,0,0
上海华育教学设备有限公司,0,0,0
上海协富注册公司,2,0,2
上海博卉包装机械有限公司,0,0,0
上海及力高空作业设备有限公司,0,0,0
上海周洪办公设备有限公司,0,0,0
上海坚领电子科技有限公司,0,0,0
上海坤豪货架设备第一店铺,0,0,0
上海基浦科技发展有限公司,0,0,0
上海大承焊接设备第三店铺,0,0,0
上海天泰餐饮服务有限公司,1,0,1
上海夷豪废旧物资回收有限公司,0,0,0
上海奥聿体育设施工程有限公司,0,0,0
上海威兼工程机械有限公司,0,0,0
上海宇减传动机械第一店铺,0,0,0
上海家化优选,1,0,1
上海富民纸业有限公司,0,0,0
上海尚臣科技有限公司,0,0,0
上海康丁健身器材第一店铺,0,0,0
上海康朗生物科技有限公司,0,0,0
上海开坚信息技术有限公司,0,0,0
上海德兼化工有限公司,0,0,0
上海忠怀门业有限公司,0,0,0
上海怀誉自动化科技有限公司,0,0,0
上海怀领贸易有限公司,0,0,0
上海恒慧电子科技有限公司,0,0,0
上海恒翔电梯旧楼加装,0,0,0
上海惠全实业有限公司,0,0,0
上海惠尚实业有限公司,0,0,0
上海慧缘电子商务第一店铺,0,0,0
上海护源科技有限公司,0,0,0
上海振霖教学设备有限公司,0,0,0
上海新肌生物科技有限公司,1,0,1
上海旭焕电气有限公司第三店铺,0,0,0
上海星沪电子科技有限公司,0,0,0
上海晋焘企业管理咨询有限公司,0,0,0
上海木几精密机械第一店铺,0,0,0
上海林亭货运代理有限公司,0,0,0
上海桓业电子科技有限公司,0,0,0
上海桓津企业管理有限公司,1,0,1
上海欢觅包装材料有限公司,0,0,0
上海欢鑫机电有限公司,0,0,0
上海汇迈电子科技,0,0,0
上海江沪实业有限公司,1,0,1
上海汲古文化传播第三店铺,0,0,0
上海沪奥电梯有限公司,0,0,0
上海沪洲焊材有限公司,0,0,0
上海沪禹泵阀设备有限公司,0,0,0
上海沪荆建筑科技有限公司,0,0,0
上海沪青清洗服务有限公司,0,0,0
上海沪鸽,0,0,0
上海泓济环保科技股份有限公司,1,0,1
上海洁环环保科技工程有限公司,1,0,1
上海洗霸科技股份有限公司,1,0,1
上海济圣阀门有限公司,0,0,0
上海浦东新区社会发展基金会,0,0,0
上海浦达化工有限公司,0,0,0
上海浩绩自动化科技有限公司,0,0,0
上海添欢实业有限公司第一店铺,0,0,0
上海港皇实业有限公司,0,0,0
上海湖开电气有限公司,0,0,0
上海激润工程机械有限公司,0,0,0
上海火迎网络科技有限公司,0,0,0
上海燃皇实业有限公司第一店铺,0,0,0
上海爱瑚水族科技有限公司,0,0,0
上海爱虎网络科技有限公司,1,0,1
上海环桦机械有限公司,0,0,0
上海甲哇国际贸易有限公司,0,0,0
上海皇润精密机械有限公司,0,0,0
上海皇雅企业形象设计有限公司,0,0,0
上海破茧经贸有限公司,0,0,0
上海科沛机械设备有限公司,0,0,0
上海科甲电子有限公司,0,0,0
上海科银食品有限公司,0,0,0
上海积步自动化科技有限公司,0,0,0
上海积荣塑料托盘制造有限公司,0,0,0
上海积进自动化设备有限公司,0,0,0
上海稽青电器商城,0,0,0
上海紫坚道路工程有限公司,0,0,0
上海绘耀仪器设备第二店铺,0,0,0
上海绘高地坪有限公司,0,0,0
上海绚宏实业有限公司,0,0,0
上海继洋工业科技有限公司,0,0,0
上海继谱电子科技有限公司,0,0,0
上海继谱电子科技第一店铺,0,0,0
上海绩圣实业,0,0,0
上海绩祥生物科技第一店铺,0,0,0
上海绿活新型建材有限公司,0,0,0
上海美物健康管理咨询有限公司,1,0,1
上海耐候钢铁贸易有限公司,0,0,0
上海聚徽信息科技有限公司,0,0,0
上海肌寞智能科技有限公司,0,0,0
上海至坚工业科技第一店铺,0,0,0
上海致潇扫码价,2,0,2
上海舒话生物科技第一店铺,0,0,0
上海舒话生物科技第二店铺,0,0,0
上海芸尖智能科技有限公司,0,0,0
上海茵宏组装电脑实体店,0,0,0
上海荣泰健康科技股份有限公司,1,0,1
上海虎墙建筑工程有限公司,1,0,1
上海虹际通风设备有限公司,0,0,0
上海诚鉴实业发展有限公司,0,0,0
上海语吉膜结构工程第一店铺,0,0,0
上海诺辉工程科技发展有限公司,0,0,0
上海谐焕汽车租赁有限公司,1,0,1
上海辉硕医疗科技有限公司,0,0,0
上海辉霓建筑装潢设计有限公司,0,0,0
上海辛盾自动化科技有限公司,0,0,0
上海达赫德语培训,0,0,0
上海野邻文化旅游发展有限公司,0,0,0
上海鉴唐特种电线电缆有限公司,0,0,0
上海钰厚信息科技有限公司,0,0,0
上海长城减速机厂有限公司,0,0,0
上海长绩电气有限公司第一店铺,0,0,0
上海际发仪器设备有限公司,0,0,0
上海陵欢建筑材料有限公司,0,0,0
上海雅荐机电设备有限公司,0,0,0
上海霍桐实验仪器有限公司,0,0,0
上海霍能电子科技有限公司,0,0,0
上海霖卉纸业有限公司第一店铺,0,0,0
上海颖淮实业有限公司,0,0,0
上海飞迅健身服务有限公司,1,0,1
上海驰塬体育设施有限公司,0,0,0
上海驿佳教学设备第一店铺,0,0,0
上海骆重二手抓木机夹木机夹钳机,0,0,0
上海魂源文化传播有限公司,1,0,1
上海黄佰自动化设备有限公司,0,0,0
上海黔煌实业有限公司,0,0,0
上继科技,1,0,1
丛台区宏轩再生物资回第二店铺,0,0,0
丛台区鑫广达再生物资回第一店铺,0,0,0
东体运动木地板,10,0,10
东体运动木地板价格,10,0,10
东奥运动木地板厂家,3,0,3
东方号娱乐,0,0,0
东方惠礼,0,0,0
东方日成策划,3,0,3
东方日成餐饮品牌设计,3,0,3
东晟蝴蝶绿厂家,0,0,0
东莞厚积电子科技第一店铺,0,0,0
东莞市三技机电设备有限公司,0,0,0
东莞市中懋微弧技术第一店铺,0,0,0
东莞市久骥热熔胶喷涂科技,0,0,0
东莞市唯芝美颜料第一店铺,0,0,0
东莞市坚华机械有限公司,0,0,0
东莞市坚成电子科技有限公司,1,0,1
东莞市坚锐建材有限公司,0,0,0
东莞市宝红机械五金有限公司,1,0,1
东莞市恒晟运动用品有限公司,1,0,1
东莞市拓尖自动化设备有限公司,0,0,0
东莞市方天机械设备第一店铺,0,0,0
东莞市明晟自动化机械设备,0,0,0
东莞市正鹏厨房设备有限公司,0,0,0
东莞市正鹏厨房设备第二店铺,0,0,0
东莞市汇尖精密电子科技有限公司,0,0,0
东莞市泛华健身器材有限公司,0,0,0
东莞市浪尖光电科技第一店铺,0,0,0
东莞市煌记金属材料有限公司,0,0,0
东莞市瑞科智能科技有限公司,0,0,0
东莞市盛硕运动科技有限公司,0,0,0
东莞市稼晶电子有限公司第一店铺,0,0,0
东莞市线获电子有限公司,0,0,0
东莞市继伸机械设备有限公司,1,0,1
东莞市翔辉膳食管理服务第一店铺,0,0,0
东莞市虎门邦益金银回第一店铺,0,0,0
东莞市越泰新材料第一店铺,0,0,0
东莞市辉亚电子科技有限公司,0,0,0
东莞市辉好电子有限公司,0,0,0
东莞市辉宏化工有限公司,0,0,0
东莞市迅霆精密弹簧有限公司,0,0,0
东莞市雅弧电子有限公司,0,0,0
东莞市静环环保设备有限公司,0,0,0
东莞市黄江高键电子材料经营部,0,0,0
东莞市黄道健康管理有限公司,0,0,0
东莞缪级精密机械第二店铺,0,0,0
东莞超捷物流,11,0,11
东营还原清洗有限公司,1,0,1
两可间艺术酒店,0,0,0
个体户管家,12,0,12
丫智电商,1,0,1
中佑留学教育,0,0,0
中保投资有限责任公司,1,0,1
中信建投期货开户,0,0,0
中原海葬,0,0,0
中呼通讯,0,0,0
中呼通讯品牌,1,0,1
中国健康传媒集团有限公司,1,0,1
中国教育考试网,0,0,0
中国旅游集团旅行服务有限公司,0,0,0
中外运华杰国际物流北京第一店铺,0,0,0
中孚恒体育实业大连第一店铺,0,0,0
中实洛阳机械工程科技有限公司,0,0,0
中山市亿隆游乐设备第一店铺,0,0,0
中山市福仕得健身器材第一店铺,0,0,0
中山市索妮娅运动用品第一店铺,0,0,0
中康教育,2,0,2
中康极选,0,0,0
中水化工氯酸钠次氯酸钠液碱厂家,12,0,12
中海民生充气帐篷,0,0,0
中海甲三号院,1,0,1
中涛,0,0,0
中混桥梁工程南通第三店铺,0,0,0
中激上海金属有限公司第一店铺,0,0,0
中爱产后恢复,34,0,34
中盐昆山纯碱厂家,0,0,0
中网健康,0,0,0
中青国际旅行社桂林自由行攻略,0,0,0
丰润仓储货梯厂房导轨升降货梯,12,0,12
临沂华标教学设备第一店铺,0,0,0
临沂烁桓建材有限公司,0,0,0
临沂继辰商贸有限公司,0,0,0
临港片碱,0,0,0
丹东市易通蜡艺制品有限公司,0,0,0
丽水酿友会电商有限公司第一店铺,0,0,0
久友美食餐厅,0,0,0
义乌市久护金属制品有限公司,0,0,0
义乌超捷物流,11,0,11
乌名见客奶茶,1,0,1
乌镇既篱九归艺术民宿,0,0,0
乌鲁木齐健康未来农业科技,0,0,0
乐乎公寓,3,0,3
乐乐旅游攻略,4,0,4
乐刻运动,0,0,0
乐大教育,0,0,0
乐嫁婚宴酒店查询,0,0,0
乐平市景祥水上运动器材第一店铺,0,0,0
乐度友品,1,0,1
乐清佳宏弹簧有限公司,0,0,0
九云教育,0,0,0
九州万年历,0,0,0
九州醉餐饮平台,1,0,1
九州醉餐饮网,0,0,0
九江县世绿园林绿化第一店铺,0,0,0
九江圣旺三达食品有限公司,0,0,0
九江市九星运动用品有限公司,0,0,0
九江市昊天生态园林有限公司,0,0,0
九江庆华农业生态有限公司,0,0,0
九江德忠绿化苗木有限公司,0,0,0
九江春旭园林绿化第一店铺,0,0,0
九江百励园林绿化第一店铺,0,0,0
九狐企业所得税计算器,0,0,0
九狐养老金,0,0,0
九狐名片设计,0,0,0
九狐增值税计算器,0,0,0
九狐电费计算器,0,0,0
九狐经营范围生成器,0,0,0
九狐论文查重,1,0,1
九狐门头设计,3,0,3
习园教育,1,0,1
买卖机械网,4,0,4
争冠体育器材,1,0,1
云也度假酒店,0,0,0
云井度假,0,0,0
云信即时通信,0,0,0
云南古月胡工贸有限公司第一店铺,0,0,0
云南吉如照明工程有限公司,0,0,0
云南向日葵装饰设计工程第一店铺,0,0,0
云南壶客文化传播有限公司,1,0,1
云南弘利石化有限公司,0,0,0
云南怀宝贸易有限公司,0,0,0
云南怀宝贸易有限公司第一店铺,0,0,0
云南老猴科技有限公司,1,0,1
云南荣获商贸有限公司第一店铺,0,0,0
云南鑫继尧办公家具有限公司,0,0,0
云南锰镟干冰制造有限公司,0,0,0
云和数据社交电商,0,0,0
云售后售后服务系统,0,0,0
云年检汽车年审,42,0,42
云幻秘境,0,0,0
云时资本,2,0,2
云景品质北京餐饮管理有限公司,1,0,1
云漫松间,0,0,0
云管书图书管理系统,0,0,0
云葫芦商标logo品牌设计,90,0,90
云葫芦商标查询注册,105,0,105
云葫芦商标转让买卖平台,90,0,90
云货优选店主中心,0,0,0
云货运营号,1,0,1
云酷智能充换电柜,0,0,0
云锐软件开发,0,0,0
云鹿旅行,0,0,0
互佳网科技,1,0,1
互勤深圳科技有限公司,0,0,0
互晟信息科技,0,0,0
互盾手机数据恢复,6,1,7
互诚河北科技有限公司第一店铺,0,0,0
互零网络研发公司,0,0,0
互零网络网站建设公司,0,0,0
五幺减肥,1,0,1
五弘线缆集团有限公司,1,0,1
五星华美挤塑板,0,0,0
五桓科技多媒体互动,69,0,69
五莲县常玉石材有限公司,0,0,0
亨谦健康管理,64,92,156
享换钻,1,0,1
京仪涡轮流量计,14,0,14
京津冀招生网,0,0,0
京艺堂舞台演出服务,15,0,15
京顺金兰拉弯厂及旋转楼梯,0,0,0
亿万娱乐资讯,0,0,0
亿快品牌营销,2,0,2
仙草记民宿,0,0,0
代尔塔羥丙基甲基纤维素,0,0,0
任丘市天鉴防水科技有限公司,0,0,0
企惠搜,1,0,1
企慧网,0,0,0
企慧网商标注册,0,0,0
企销客CRM,0,0,0
伊法拉硅橡胶绝缘护套厂家,24,0,24
众凯上海MBA考研培训中心,0,0,0
众拓天成复利计算器,0,0,0
众普柴油动力混疑土输送泵,0,0,0
众普细石混疑土输送泵,0,0,0
众鑫顺物流,17,0,17
优享天下天津服务好旅行社,18,0,18
优文之家,1,0,1
优路一级建造师培训,0,0,0
佑美运动,0,0,0
余水之欢,0,0,0
佛山企划动力网站建设公司,69,0,69
佛山威力煌贸易有限公司,0,0,0
佛山市三支箭金属制品有限公司,0,0,0
佛山市南海区接力焊接设备,0,0,0
佛山市南海区西樵美闻怡家家具厂,0,0,0
佛山市南海区键铧风机有限公司,0,0,0
佛山市嘉塑建材有限公司,0,0,0
佛山市奇技包装有限公司,0,0,0
佛山市尚成夹芯板有限公司,0,0,0
佛山市德玛仕网络科技有限公司,0,0,0
佛山市新彩蝴蝶陶瓷有限公司,0,0,0
佛山市煌鼎科技有限公司,0,0,0
佛山市特战餐饮管理有限公司,0,0,0
佛山市玖思货架有限公司第一店铺,0,0,0
佛山市简茂厨卫有限公司,1,0,1
佛山市联尖雕塑有限公司,0,0,0
佛山市联尖雕塑有限公司第一店铺,0,0,0
佛山市达肯包装机械有限公司,0,0,0
佛山市运昌脚手架租赁有限公司,0,0,0
佛山市金美鹤陶瓷第一店铺,0,0,0
佛山市鑫固能建材有限公司,0,0,0
佛山市锐际机械有限公司,0,0,0
佛山市际丰金属制品有限公司,0,0,0
佛山市顺德区精恒弹簧实业,0,0,0
佛山市鼎尖机械有限公司第一店铺,0,0,0
佛山特拉唯热交换器制造第一店铺,0,0,0
佛山鑫意达国际货运代理有限公司,0,0,0
佳可特种纸,39,2,41
佳寓健康,2,0,2
佳教在线,0,0,0
佳点品牌策划,1,0,1
佳缘云南旅游,2,0,2
佳萌美食,0,0,0
佳鉴育英,0,0,0
侯宗原风水,1,0,1
保定中冀华达,7,0,7
保定平头哥箱包制造第一店铺,0,0,0
保定瑾怀广告有限公司,0,0,0
保驾护航装修,10,0,10
信加信用帮手,1,0,1
信德铭浩天津监控安防弱电工程,19,0,19
信栖税后工资计算,0,0,0
信用管家剩余还款计算器,0,0,0
信用管家提前还款计算器,0,0,0
信脑慧电子科技,0,0,0
信誉通,1,0,1
信阳市胡氏万卓矿业有限公司,0,0,0
倩狐健康,0,0,0
偃师市邙岭镇诚德大叶黄第一店铺,0,0,0
健康云,0,0,0
健康养生说,0,0,0
傻子张大盘鸡总部,28,0,28
元气健康生活,0,0,0
兔管家旅行网,0,0,0
全脑教育,1,0,1
全链商业应用云常用查询工具,0,0,0
八爪鱼全网营销策划,0,0,0
八百呼呼叫中心服务商,19,0,19
公安一网通办,0,0,0
六一美术教育,3,0,3
六安市口袋增驾驾考培训第一店铺,0,0,0
六安霍之源生物科技第一店铺,0,0,0
兰州新区贵顺娱乐用品批第一店铺,0,0,0
共创美食,0,0,0
兴业经济研究咨询股份有限公司,1,0,1
兴恒候车亭,3,0,3
兴田德润工商注册,0,0,0
典籍成都奢侈品回收名表回收,2,0,2
养怡健康,0,0,0
养花大全社区,69,0,69
兼职猫找工作赚钱,21,0,21
冀中挺水植物,0,0,0
冀旅游网,0,0,0
农产品价格,0,0,0
农历民俗网,0,0,0
冬月养生馆,2,0,2
冰浩站群泛目录教学,2,0,2
冰浩黑帽seo优化教学,2,0,2
凌赫高科电磁技术北京有限公司,0,0,0
减速电机网,2,0,2
几何坞民宿,0,0,0
几念山居,0,0,0
几携学车宝典,0,0,0
几米入北京教育科技有限公司,1,0,1
凤彩凰音频科技广州有限公司,0,0,0
凤池人茶文化宜兴有限公司,1,0,1
凯云网络测速,0,0,0
凯发体育,2,0,2
凯得菲流体技术北京有限公司,0,0,0
凯茵工业添加剂平台,0,0,0
分之道教育,2,0,2
分之道教育机构,2,0,2
划世纪教育集团,3,0,3
划世纪素质教育,3,0,3
刘老师大健康营销培训,2,0,2
创享加企业级直播,1,0,1
创绩农业,0,0,0
利人房贷计算器,0,0,0
利圣辉,0,0,0
前海久盈,0,0,0
力昂健康科技北京有限公司,1,0,1
力特克混凝土密封固化剂,6,0,6
加进营销,0,0,0
动动娱乐游戏电竞快讯,1,0,1
励志人生网,0,0,0
化光上海塑化有限公司第一店铺,0,0,0
化合积电厦门半导体科技有限公司,0,0,0
化学狐,0,0,0
化源网,1,0,1
北京A加画室,1,0,1
北京世纪清鸿科技第二店铺,0,0,0
北京中体伟业运动木制地板厂,0,0,0
北京中体奥森体育设施第一店铺,0,0,0
北京中海民生救险制品第二店铺,0,0,0
北京中物信化化工技术研第一店铺,0,0,0
北京中育联合教学设备第二店铺,0,0,0
北京中铁物流,0,0,0
北京云唤维科技有限公司,0,0,0
北京云唤维科技有限公司第二店铺,0,0,0
北京云季科技有限公司,1,0,1
北京云帆目视化,2,0,2
北京互融时代软件有限公司,1,0,1
北京交换空间装饰有限公司,1,0,1
北京亮剑青少年学生军训夏令营,11,0,11
北京企蓟企业管理有限公司,0,0,0
北京众品有道餐饮管理有限公司,1,0,1
北京佳北佳节能技术开发第一店铺,0,0,0
北京俭恒科技有限公司第一店铺,0,0,0
北京健康宝,109,1,110
北京元创圆弧门窗第一店铺,0,0,0
北京利君成虚拟仿真教学资源平台,25,0,25
北京利君成虚拟仿真教学软件,22,0,22
北京华宇天地物流专业物流搬家,0,0,0
北京喜虾客餐饮管理有限公司,1,0,1
北京嘉华汇通快递服务有限公司,0,0,0
北京圣商教育科技股份有限公司,1,0,1
北京壹食一餐饮管理有限公司,1,0,1
北京天知几展览展示,0,0,0
北京如风达快递有限公司,1,0,1
北京威沃世界娱乐科技有限公司,1,0,1
北京安怀信科技股份有限公司,1,0,1
北京安行凯达国际旅行社有限公司,1,0,1
北京尚途国际旅行社股份有限公司,1,0,1
北京帆音瑜伽健身中心,1,0,1
北京思特博货架制造第一店铺,0,0,0
北京急速达汽车租赁第一店铺,0,0,0
北京慧峰恒信科技有限公司,0,0,0
北京拓步体育用品有限公司,0,0,0
北京挥剑广告有限公司,0,0,0
北京活水顺达物流有限公司,0,0,0
北京灿星时代娱乐传媒有限公司,1,0,1
北京焕彩元合科技第三店铺,0,0,0
北京环球优路教育科技,1,0,1
北京神舟国际旅行社集团有限公司,1,0,1
北京福荣健康管理有限公司,1,0,1
北京粘凰科技有限公司第一店铺,0,0,0
北京花嫁一品摄影工作室,1,0,1
北京蒙泰基科技有限公司第三店铺,0,0,0
北京通,4,0,4
北京逸少餐饮有限公司,1,0,1
北京金剪子服装科技有限公司,0,0,0
北京金英杰教育科技集团有限公司,1,0,1
北京鑫三芙教学设备制造第一店铺,0,0,0
北京雅歌国际旅行社有限公司,1,0,1
北京霍德威尔贸易第一店铺,0,0,0
北京青年旅行社股份有限公司,1,0,1
北京龙威互动科技有限公司,0,0,0
北坤爬架网,0,0,0
北海及酒店,0,0,0
匠庐旅行,0,0,0
十三娘奶茶果茶气泡水,1,0,1
十二木胸护招微商代理,4,0,4
千亿网络娱乐资讯,0,0,0
千岛湖水之旅湖景度假别墅,4,0,4
千货服装批发,0,0,0
千霄月教育咨询,0,0,0
卉丰科技实业有限公司,1,0,1
卉喆自动化系统上海有限公司,0,0,0
卉林虎皮鹦鹉,19,0,19
卉林鹦鹉养殖,29,0,29
华伙建材,0,0,0
华体会,2,0,2
华可美食站,0,0,0
华塑兴宏地铁钢结构围挡,0,0,0
华宇万维档案管理数字化加工扫描,0,0,0
华德里舍邮政主题民宿,0,0,0
华恒挤塑板,0,0,0
华数互动机构邮编,0,0,0
华月托运小轿车私家车托运,0,0,0
华月轿车托运,558,0,558
华械集团有限公司,1,0,1
华滤环保,0,0,0
华粤五金剪板机,0,0,0
华维入户,0,0,0
华美三氯化铁除磷剂絮凝剂,0,0,0
华自科技股份有限公司,1,0,1
华荣科技股份有限公司,1,0,1
华讯佳,0,0,0
华诚芝麻灰,19,0,19
华铭信北京信息技术有限公司,0,0,0
卓师兄,0,0,0
卓行旅游,0,0,0
卓辉说健康,0,0,0
南京优配架金属制品有限公司,0,0,0
南京传美装饰材料有限公司,0,0,0
南京佳一软件有限公司,1,0,1
南京品世餐饮管理有限公司,1,0,1
南京坚盾材料科技有限公司,0,0,0
南京宁鉴机动车价格评估有限公司,1,0,1
南京小能人教学仪器第一店铺,0,0,0
南京巨绘装饰材料第三店铺,0,0,0
南京市栖霞区泉成健身俱乐部,1,0,1
南京帝淮电子科技有限公司,0,0,0
南京徽城工程机械有限公司,0,0,0
南京既成环保科技有限公司,0,0,0
南京晨商箕食品有限公司,1,0,1
南京洪百欣门窗销售有限公司,0,0,0
南京活水泵业有限公司,0,0,0
南京淮腾机械科技有限公司,0,0,0
南京混响声工业设计有限公司,0,0,0
南京网化化工科技有限公司,0,0,0
南京胡老师教育信息咨询有限公司,1,0,1
南京英力来健康科技有限公司,0,0,0
南京虎恒智能科技有限公司,0,0,0
南京象神重工有限公司,0,0,0
南京长虎化工有限公司,0,0,0
南宁大桓宇洗涤设备有限公司,0,0,0
南宁市爱娇体育设施第一店铺,0,0,0
南宁市键吉再生资源第一店铺,0,0,0
南宁高新区廖家脚手架经第一店铺,0,0,0
南安市皇陶电子科技有限公司,0,0,0
南宫市金创焊业有限公司,0,0,0
南方优品大健康,1,0,1
南昌华久庆家具有限公司,0,0,0
南昌慧盈代理记账公司注册,2,0,2
南昌生火生信息科技有限公司,0,0,0
南昌雨露实验器材有限公司,0,0,0
南通五鑫健身器材有限公司,0,0,0
南通华力机床制造有限公司,0,0,0
南通双利剪床有限公司第一店铺,0,0,0
南通罗斯混合设备有限公司,0,0,0
南通蒙亚新材料科技有限公司,0,0,0
博帝森即热式电热水器,0,0,0
博才集美高三复读选,0,0,0
博才集美高中补习学校排名,0,0,0
博才集美高考补习学校选,0,0,0
博承教育,1,0,1
博斯尼射频美容仪器专业户,0,0,0
博纳娱乐资讯,0,0,0
博罗县福昇再生资源回第三店铺,0,0,0
博锐百纳北京信息技术第三店铺,0,0,0
卡奇娱乐资讯,2,0,2
卡航国际移民搬家公司,0,0,0
卫辉市汲水镇石庄恒峰养第一店铺,0,0,0
即嗨体育,0,0,0
即爱监护腕表,0,0,0
即达代发,0,0,0
历城区腾跃废旧物资回第二店铺,0,0,0
厚诚电伴热,0,0,0
原界见山禅野民宿,0,0,0
厦门力强弹簧有限公司第一公司,0,0,0
厦门呼博仕环境工程产业,0,0,0
厦门旺速达空运,1,8,9
厦门燕旺达急件航空物流托运公司,1,9,10
厦门绘聚科技有限公司,1,0,1
厦门美食快充餐饮管理有限公司,1,0,1
厦门行王床头换布,1,8,9
厦门行王沙发换布,1,9,10
厦门行王沙发换皮,1,9,10
厦门行王沙发翻新换皮,1,8,9
厦门行王餐椅换布,1,10,11
厦门金龙旅行车有限公司,1,0,1
去哪儿旅行,0,0,0
及修管道疏通,331,0,331
及早酒店,0,0,0
及用管道疏通,331,0,331
友佳候车亭厂家,0,0,0
友林紫穗槐,3,8,11
双流区广华货架经营部,0,0,0
句容市后白镇洪才绒布厂,0,0,0
叩丁狼教育,0,0,0
台州凯胜健身器材有限公司,0,0,0
台州厚进精密机械有限公司,0,0,0
司马庄餐饮,0,0,0
合力亿捷呼叫中心,0,0,0
合肥尤福假肢矫形器有限公司,0,0,0
合肥市新站区鸿雁夹芯板厂,0,0,0
合肥市新站区鸿雁夹芯第二店铺,0,0,0
合肥康胜体育用品有限公司,0,0,0
合肥徽度网络科技有限公司,1,0,1
合肥货联物联网科技有限公司,0,0,0
吉仕科技酒店,13,0,13
吉到法律服务,0,0,0
吉命八字感情运,16,0,16
吉命八字精批,16,0,16
吉命爱情占星测算,0,0,0
吉命爱情塔罗运势,0,0,0
吉天祥,0,0,0
吉姆玛特健身器材,41,0,41
吉密科技深圳有限公司,0,0,0
吉徽电气集团有限公司,0,0,0
吉数信息科技有限公司,0,0,0
吉林乐动体育发展有限公司,0,0,0
吉林乔森运动木地板第一店铺,0,0,0
吉林乔森运动木地板第二店铺,0,0,0
吉林派尔孚纪原锅炉有限公司,0,0,0
吉林省永志教学装备第一店铺,0,0,0
吉林省永赫教学装备制造有限公司,0,0,0
吉林省知己建筑工程有限公司,0,0,0
吉美智慧安防监控平台,0,0,0
同城急送,0,0,0
同宏电脑提花机,11,0,11
同心科教教学仪器用品,1,0,1
同溢堂北京健康科技有限公司,1,0,1
同祥四季,0,0,0
名菓娃娃鸡,22,0,22
后坞生活小森林,0,0,0
后生集团有限公司,1,0,1
吐鲁番康居企业管理有限公司,0,0,0
君澜度假,0,0,0
君行天下美国旅游,0,0,0
君鼎氩弧焊培训,15,0,15
启东混合器厂有限公司第一店铺,0,0,0
启明星黄金价格,0,0,0
启航寄宿考研,0,0,0
吴江市涂泰克纺织后整理第一店铺,0,0,0
吾皿紫砂壶,0,0,0
吾道幻灯片,0,0,0
呼呼旅游,6,0,6
呼市顺溜搬家公司,7,0,7
和谐益智娱乐圈,0,0,0
和青沪中青岛供应链第一店铺,0,0,0
品优黑丝推荐,0,0,0
品思作品集培训,11,0,11
品思国际艺术留学,11,0,11
品极文化,39,2,41
哈尔滨万桓幼儿园设计,2,0,2
哈尔滨市香坊区昊邦金属木材回,0,0,0
哈尔滨霆轩机械设备有限公司,0,0,0
唐山市欢萍商贸有限公司,0,0,0
唐山润驰,3,0,3
唐美食,0,0,0
唐高好货内购,0,0,0
唯品会,0,0,0
商业新知一一人资知识库,0,0,0
商业新知一一餐饮知识库,0,0,0
商业经济研究杂志社,1,0,1
商之虎,0,0,0
商洛仁爱在线咨询,2,0,2
商洛仁爱在线客服,3,0,3
啥都健身器材经销,0,0,0
喀什市再生资源废品回第一店铺,0,0,0
善志连锁餐饮品牌策划,3,0,3
喜茶餐饮,0,0,0
喜言湖隐松间民宿,0,0,0
喜鼎餐饮管理有限公司,1,0,1
喵咪视界礼物推荐,0,0,0
嗨走旅行,159,0,159
嘉上传媒大连全网推广,6,0,6
嘉数科技凉皮机,0,0,0
嘉玩旅行,0,0,0
嘉祥鑫兴农业机械有限公司,0,0,0
嘉立创,1,0,1
嘉阅滨江,0,0,0
嘻哈美食,0,0,0
四季健康优选,1,0,1
四季耕品,1,0,1
四季都会,0,0,0
四季领先,1,0,1
四川三牦记餐饮管理有限公司,1,0,1
四川世红生物技术有限公司,1,0,1
四川九木德新型建材有限公司,0,0,0
四川创嘉纪机电设备有限公司,0,0,0
四川卉禾绿化工程有限公司,0,0,0
四川叶婆婆餐饮管理服务有限公司,1,0,1
四川唐记煌餐饮服务有限公司,1,0,1
四川四时斋餐饮管理有限公司,1,0,1
四川庆巴游乐设备有限公司,0,0,0
四川开心猫餐饮管理有限公司,1,0,1
四川易莱客餐饮管理有限公司,1,0,1
四川洪道世家商贸第一店铺,0,0,0
四川玖奇餐饮管理有限公司,1,0,1
四川环能德越环保设备有限公司,0,0,0
四川盆派餐饮管理有限公司,1,0,1
四川省尚品优绩科技第一店铺,0,0,0
四川箭双雕再生资源回收第一店铺,0,0,0
四川网户园林绿化工程有限公司,0,0,0
四川萌乐多教学设备有限公司,0,0,0
四川西科餐饮管理服务有限公司,1,0,1
四川都康生物科技第一店铺,0,0,0
四川雅洪建材制造有限公司,0,0,0
四川餐创餐饮管理有限公司,1,0,1
团宴网5星婚宴酒店,1,0,1
团油一键加油,34,0,34
固威混凝土增强剂,3,0,3
国家知识产权公共服务网,0,0,0
土火,1,0,1
圣原健康产业有限公司,1,0,1
圣春冀暖散热器有限公司,1,0,1
在线监测科技深圳第三店铺,0,0,0
在职研究生招生信息网,0,0,0
坚石商贸上海有限公司,0,0,0
坤宝合成树脂瓦价格,2,0,2
城固县桓永硅业有限责任公司,0,0,0
城市令,0,0,0
基美科技,0,0,0
基茵美,2,0,2
塔公藏式精品民宿,0,0,0
墨迹台风,1,0,1
声智健康,0,0,0
壹玖,22,0,22
壹起税,0,0,0
外贸电商雨果网,1,0,1
多乐士墙面焕新服务,3,0,3
多季风尚,1,0,1
多端单餐厅演示版,408,0,408
大丰友邦极限运动场地建设,0,0,0
大众养生中草药百科,0,0,0
大众养生网食材百科,0,0,0
大众养生食物百科,0,0,0
大众养生食物相克查询,0,0,0
大众点评,8,0,8
大司部落自驾旅游网,0,0,0
大圣双螺旋锥形混合机,15,0,15
大地除锈剂,0,0,0
大城县五户张吉美辰保温材料销,0,0,0
大城县王贾村弘毅保温材料销售部,0,0,0
大宇教育集团,1,0,1
大客谜语脑筋急转弯资讯,0,0,0
大庆百呼百应呼叫服务外包,1,0,1
大沂水超市,0,0,0
大洸安防监控设备,69,0,69
大渡口区源泰废旧物资回第一店铺,0,0,0
大爱城2季,0,0,0
大理又见青石客栈,0,0,0
大理市双廊镇点心园餐厅,0,0,0
大连市济园仿真植物有限公司,1,0,1
大连广鹿岛国王的假期山日度假,0,0,0
大连雨辰伟业货架制造第一店铺,0,0,0
大黄蜂进口跨境电商,0,0,0
天信片碱,0,0,0
天宇佳蓝教育,6,0,6
天极产品点评报价,0,0,0
天津兴邦耐候板,12,0,12
天津品质旅行社,19,0,19
天津四季恋帘智能遮阳科技,0,0,0
天津固力坚自动化设备有限公司,0,0,0
天津市一正换热设备有限公司,1,0,1
天津市久特宏业钢铁贸易第一店铺,0,0,0
天津市兄弟减震器科技有限公司,0,0,0
天津市大亚国际旅行社有限公司,1,0,1
天津市蓟北金属制品有限公司,0,0,0
天津市蓟北金属制品第二店铺,0,0,0
天津市蓟州区中润苗木第一店铺,0,0,0
天津市蓟州区益鑫木制品加工厂,0,0,0
天津市蓟州区继兴苗木第一店铺,0,0,0
天津市鑫铂特化工有限公司,0,0,0
天津新良包装材料有限公司,0,0,0
天津肯尼特五金有限公司,0,0,0
天津腾海科技发展第三店铺,0,0,0
天津金汇基钢管有限公司第一店铺,0,0,0
天津锦橙生物科技有限公司,0,0,0
天津鹏纪钢管制造有限公司,0,0,0
天茂湖,112,0,112
天越液压升降机升降平台货梯厂家,2,0,2
天速运动地胶,0,0,0
天造地设健康米商城,1,0,1
天龟教育,1,0,1
太仓市城厢镇世群石材经营部,0,0,0
太原市尖草坪区华立集装箱活动,0,0,0
太原市尖草坪区希捷斯第一店铺,0,0,0
太原市尖草坪区艳东门窗经销部,0,0,0
太原市尖草坪区鑫大唐名门加工部,0,0,0
太原市尖草坪区隆源装饰材料厂,0,0,0
太奇mba培训机构,0,0,0
夫尔寄宿,1,0,1
央际教育,1,0,1
奇侠物流,17,0,17
奇幻之旅国际旅行社,1,0,1
奇茗冠荒地红茶,1,0,1
奇迹树中国区运营中心,1,0,1
奇迹树代理商,1,0,1
奢表烩,1,0,1
奥克泰士食品级消毒剂,0,0,0
奥园誉湖湾,0,0,0
奥登健康旗舰店,1,0,1
女性健康前线,0,0,0
奶芝制服推荐,0,0,0
好孕胎儿体重计算器,0,0,0
好慧赔,0,0,0
好戏来了,0,0,0
好派浪漫策划,0,0,0
妈妈网饮食禁忌,0,0,0
妍集生活,1,0,1
妙技生活频道,0,0,0
威海市环海换热技术有限公司,0,0,0
威莱仕气动剪刀,0,0,0
婚小法,8,0,8
婚礼纪时尚,0,0,0
媚狐丝袜推荐,1,0,1
嫣然演员资讯,0,0,0
子敬教育升学平台,0,0,0
子昂健康全球购商城,1,0,1
子曰自动控制仿真,0,0,0
季氏家竹竹子家具,0,0,0
学加家,0,0,0
学慧网培训,0,0,0
学梯教育,2,0,2
宁夏启远生物科技有限公司,0,0,0
宁夏银川仲检水质食品检测中心,21,0,21
宁波威迪斯健身有限公司,1,0,1
宁波弘福通信科技有限公司,0,0,0
宁波慈华臻品健康科技有限公司,0,0,0
宁波盈前科技有限公司第三店铺,0,0,0
宁波艾鼎仓储设备有限公司,0,0,0
宁津县焕新机械设备有限公司,0,0,0
宇恒乐器箱包深圳有限公司,0,0,0
安吉天荒坪余山林鹿民宿,0,0,0
安吉花见,0,0,0
安哥国际拓客,2,0,2
安国京福华大健康,61,516,577
安平县冀江丝网制造有限公司,0,0,0
安平县淮冲丝网制品第二店铺,0,0,0
安平县淮盛丝网制品有限公司,0,0,0
安平县淮盛丝网制品第一店铺,0,0,0
安平县淮盛丝网制品第三店铺,0,0,0
安平县淮联丝网制品有限公司,0,0,0
安平县淮联丝网制品第三店铺,0,0,0
安徽一毛餐饮管理有限公司,1,0,1
安徽久屹新材料有限公司,0,0,0
安徽乐大教育科技有限公司,0,0,0
安徽云嘉信息,0,0,0
安徽八斗化工有限公司,0,0,0
安徽兼容包装技术包装箱第一店铺,0,0,0
安徽冠群教材教学服务有限公司,1,0,1
安徽千徽自动化仪表有限公司,0,0,0
安徽宁怀仪器有限公司,0,0,0
安徽宏和仪表有限公司,0,0,0
安徽幻露生生物科技有限公司,1,0,1
安徽徽源古典园林建材第二店铺,0,0,0
安徽徽矿起重设备有限公司,0,0,0
安徽徽鲸贸易有限公司,0,0,0
安徽淮宿建材有限公司第一店铺,0,0,0
安徽淮开电器设备有限公司,1,0,1
安徽灰格文化传媒有限公司,1,0,1
安徽电子科学研究所,1,0,1
安徽省徽广新型建材有限公司,0,0,0
安徽省赛车运动协会,1,0,1
安徽科环环境工程股份有限公司,0,0,0
安徽精彩智膳餐饮管理有限公司,1,0,1
安徽纪兴源科技股份有限公司,0,0,0
安徽鼎亚起重机械有限公司,0,0,0
安水庆贸易电商,2,0,2
安福公司级莆田鞋厂家,3,0,3
安阳市桓睿新材料有限公司,0,0,0
宏仁培优教育集团,0,0,0
宏启财务,1,0,1
宏展教育,2,0,2
宏显科技,0,0,0
宏耀科技浙江股份有限公司,0,0,0
宏鸿农产品集团有限公司,1,0,1
定兴县禾急再生资源回收有限公司,0,0,0
宜兴天阳精密模具厂,0,0,0
宜兴市丁蜀镇冯氏陶居第一店铺,0,0,0
宜兴市丁蜀镇环良紫砂艺术馆,0,0,0
宜兴市佳汇建陶有限公司,0,0,0
宜兴市宜城街道润索商第一店铺,0,0,0
宜化化机,0,0,0
宜良县侯艳馨种植园,0,0,0
宝贝红了,0,0,0
宝鸡六盘韵生物科技有限公司,0,0,0
实时台风路径查询服务,0,0,0
实素塑新贸易电商,2,0,2
客寄民宿,0,0,0
家加个税计算器,0,0,0
家加买房能力评测计算器,0,0,0
家卫士,0,0,0
家嘉母婴,0,0,0
家家剪理发,0,0,0
家急修家电维修,3,0,3
家急送深圳救护车出租,2,0,2
家能手,0,0,0
家装博览会网,0,0,0
宿迁众达公共交通设施有限公司,0,0,0
宿迁蛭源水蛭养殖有限公司,0,0,0
寂然民宿,0,0,0
富利来旅行社,17,0,17
寻宝记,1,0,1
寿县新河水蛭养殖第二店铺,0,0,0
小五谈教育,0,0,0
小佳饮食健康管理,2,0,2
小呼金融知识,0,0,0
小姚国内整车运输,11,0,11
小山美食,0,0,0
小度智选商城,19,0,19
小柔北京健康科技有限公司,1,0,1
小火商服务,0,0,0
小火旅游,0,0,0
小猪美食,0,0,0
小留教育,1,0,1
小白说娱乐,1,0,1
小神云计算,0,0,0
小米云天津落户咨询,5,0,5
小蓝便笺,10,0,10
小虎电商浏览器,0,0,0
小蜗电商,0,0,0
小贾黄页吧,0,0,0
小达人鹭岛美食玩乐,0,0,0
小达吃喝美食,1,0,1
小马呼吸重庆健康管理有限公司,0,0,0
小鹿婚姻,0,0,0
尚品宅配设计家,2,0,2
尚氏检具,0,0,0
尚游旅行,0,0,0
尚硅谷教育,1,0,1
尤溪居家装饰及工艺品,61,516,577
尧珈旅行,0,0,0
展大人美博会时间表,1,0,1
属猴LOGO设计,1,0,1
山东一辉化工有限公司,0,0,0
山东三机机床有限公司,0,0,0
山东东灿仓储设备有限公司店铺,44,4,48
山东中亿达健身器材第二店铺,0,0,0
山东中邦北方管理咨询有限公司,0,0,0
山东丰本生物科技股份有限公司,0,0,0
山东乔卉园林工程有限公司,0,0,0
山东亚洪塑胶工业有限公司,0,0,0
山东亿泰化工科技第一店铺,0,0,0
山东以肉为魂餐饮管理有限公司,1,0,1
山东佳智,0,0,0
山东军兴耐候金属制品第三店铺,0,0,0
山东华舜新材料有限公司,0,0,0
山东卓硕新型建材科技有限公司,0,0,0
山东博辉钢铁有限公司,0,0,0
山东即充科技有限公司第一店铺,0,0,0
山东友大热熔划线机,26,0,26
山东吉聚铝业有限公司,0,0,0
山东君侯石业有限公司,0,0,0
山东国化化学,0,0,0
山东国化化学有限公司,0,0,0
山东大胡子运动器材有限公司,1,0,1
山东奥信德健身器材有限公司,1,0,1
山东安智教学设备第一店铺,0,0,0
山东山住餐饮管理有限公司,1,0,1
山东山止川行换热设备有限公司,0,0,0
山东慈惠仁健康科技有限公司,1,0,1
山东新中国际旅行社,3,0,3
山东新圣泰机械制造第三店铺,0,0,0
山东桓邦农业发展第一店铺,0,0,0
山东森凰环保科技有限公司,0,0,0
山东正阳堂健康管理有限公司,1,0,1
山东永旺健身器材有限公司,0,0,0
山东汇祥健身器材有限公司,1,0,1
山东济宏机械设备第一店铺,0,0,0
山东烤夫王餐饮管理有限公司,1,0,1
山东煌梓新材料有限公司第二店铺,0,0,0
山东环科环保科技,39,2,41
山东百斯威健身器材有限公司,0,0,0
山东益威机械有限公司,0,0,0
山东盛际达科技有限公司第一店铺,0,0,0
山东省教育招生考试院,1,0,1
山东美智教学设备有限公司,0,0,0
山东美能达健身器材有限公司,0,0,0
山东艾格伦健身科技有限公司,1,0,1
山东花果山一群猴电子商务,1,0,1
山东远图教学设备有限公司,0,0,0
山东邢氏化工销售第三店铺,0,0,0
山东金侯建材有限公司第一店铺,0,0,0
山东金发消毒剂有限公司,0,0,0
山东鑫富实业有限公司,0,0,0
山东高机工业机械有限公司,1,0,1
山之茶tea,1,0,1
山西丰佳生物科技有限公司,0,0,0
山西天之脊旅游景区开发有限公司,1,0,1
山西新生活健身器材有限公司,0,0,0
山西金修教育总部,2,0,2
山语四季,0,0,0
岁悦科技企业数字化一站式服务,0,0,0
岩西起重机械上海有限公司,0,0,0
峦辉科技,0,0,0
峰泰造纸湿强剂,0,0,0
川姐紫穗槐小苗,19,0,19
州桥及汴河遗址考古研学示范基地,49,0,49
工活万彩,4,0,4
巧智绘人脸识别绘本借阅,0,0,0
巩义市佳誉供水设备制造有限公司,0,0,0
巩义市回郭镇傲强锌丝加工厂,0,0,0
巩义市夹津口恒昌净水填第一店铺,0,0,0
巩义市夹津口海宇填料厂,0,0,0
巩义市孝义华北重型机械厂,0,0,0
巩义市胡坡利达铸钢厂第一店铺,0,0,0
巩义市胡坡四方机械厂第一店铺,0,0,0
己居连锁民宿,0,0,0
己弄生肖运势发文,0,0,0
巴彦淖尔市布衣候粥道馆,66,516,582
布莱克霍斯起重武汉有限公司,0,0,0
帝蔻河北箱包制造有限公司,0,0,0
帮服务,69,0,69
常州古特电器设备有限公司,0,0,0
常州市一如既往消防器材有限公司,0,0,0
常州市卉荣苗木有限公司,0,0,0
常州拓承运动器材科技第一店铺,0,0,0
常熟市国贸环境美护工程有限公司,0,0,0
常熟通润物流设备有限公司,0,0,0
干部教育培训网,0,0,0
平邑县傲卉羽花卉苗木经第一店铺,0,0,0
平顶山九保营养咨询,0,0,0
幸福呼吸,1,0,1
幸福家网,0,0,0
幻影星空,1,0,1
幽惑制服推荐,0,0,0
广东中护围栏工程有限公司,0,0,0
广东坚成智能通讯技术,0,0,0
广东天键智能包装设备有限公司,0,0,0
广东家乐餐饮管理连锁有限公司,1,0,1
广东康乐佳健身器材,0,0,0
广东星辉天拓互动娱乐有限公司,1,0,1
广东未来企业形象策划有限公司,2,0,2
广东泓盛餐饮管理有限公司,0,0,0
广东皇帅家具有限公司第一店铺,0,0,0
广东省教育考试院,2,0,2
广东科飞自动化科技有限公司,0,0,0
广东给力体育器材有限公司,0,0,0
广东自华科技有限公司,0,0,0
广东花笺实业有限公司,0,0,0
广东邦坚建材实业有限公司,0,0,0
广东金鉴实验室科技有限公司,0,0,0
广东飞象国际货运代理有限公司,0,0,0
广东饰纪上品建材科技有限公司,0,0,0
广品窑鸡培训,0,0,0
广州世卿地面防滑,0,0,0
广州东弧照明有限公司,0,0,0
广州东际国际物流有限公司,0,0,0
广州东际国际货运代理有限公司,0,0,0
广州二机机床有限公司,0,0,0
广州互零网络科技有限公司,1,0,1
广州亿丰箱包皮具第一店铺,0,0,0
广州会偲信息技术有限公司,0,0,0
广州凡卓智能科技第一店铺,0,0,0
广州博养堂健康产业有限公司,0,0,0
广州博菲特健身器材第一店铺,0,0,0
广州博诺通技术股份有限公司,0,0,0
广州味满多餐饮企业管理有限公司,1,0,1
广州啥都健身器材,0,0,0
广州天仁再生资源回收有限公司,0,0,0
广州家化科起生物科技第一店铺,0,0,0
广州封面环保袋制品第二店铺,0,0,0
广州川煌家具有限公司第二店铺,0,0,0
广州市业卓化工科技有限公司,0,0,0
广州市俱辉化工有限公司,0,0,0
广州市励峰舞台灯光设备有限公司,0,0,0
广州市包道餐饮管理服务有限公司,1,0,1
广州市华普诺电子有限公司,0,0,0
广州市德鑫运动用品第一店铺,0,0,0
广州市恒发包装制品有限公司,0,0,0
广州市悦为家具有限公司第二店铺,0,0,0
广州市杰森健身器材有限公司,0,0,0
广州市环塑环保科技有限公司,0,0,0
广州市白云区竹料何记鸡第一店铺,0,0,0
广州市百卉化妆品有限公司,0,0,0
广州市睿佳机械设备有限公司,0,0,0
广州市绘彩印刷有限公司,0,0,0
广州市绿营旅行用品有限公司,0,0,0
广州市蓝图包装制品第一店铺,0,0,0
广州市辉澎信息科技有限公司,0,0,0
广州康护急救转运有限公司,0,0,0
广州异幻源电子科技有限公司,0,0,0
广州德诚入户,0,0,0
广州慧加电子科技有限公司,0,0,0
广州慧点科技有限公司,0,0,0
广州护城建材科技有限公司,0,0,0
广州捷驾信息科技有限公司,1,0,1
广州政欢贸易,99,0,99
广州政欢贸易店,2,0,2
广州易众教学设备有限公司,0,0,0
广州星奇实业有限公司,0,0,0
广州欢哥智能家具有限公司,1,0,1
广州欢泰技术有限公司第一店铺,0,0,0
广州浩可贸易新电商,2,0,2
广州源丰再生资源回收第二店铺,0,0,0
广州玛尚健康科技股份有限公司,1,0,1
广州现代信息学院,0,0,0
广州现代信息技术学校,69,0,69
广州玺越大健康,69,516,585
广州盈继科技有限公司,0,0,0
广州积信化工科技第一店铺,0,0,0
广州维汝堂营养健康咨询有限公司,1,0,1
广州耐候钢铁贸易第三店铺,0,0,0
广州能恒技电气设备有限公司,0,0,0
广州蒸烩煮食品有限公司,0,0,0
广州虎超网络科技有限公司,1,0,1
广州贝格迪娱乐设备第一店铺,0,0,0
广州远通动漫娱乐设备有限公司,0,0,0
广州迹航拓展训练,0,0,0
广州金叶健康科技第一店铺,0,0,0
广州鑫创艺石业有限公司,0,0,0
广州锦融生物科技有限公司,0,0,0
广州长悦雷克萨斯,7,0,7
广州鸿德国际,1,0,1
广御健康商城,1,0,1
广洪模塑,0,0,0
广西众体科技有限公司,0,0,0
广西卓桓钢结构工程有限公司,0,0,0
广西坚品仓储设备有限公司,0,0,0
广西小才狐智能科技有限公司,2,0,2
广西旭键供应链管理有限责任公司,0,0,0
广西洲际航空科技,0,0,0
广西简创网络技术有限公司,0,0,0
广西舒华体育健身器材有限公司,0,0,0
广西贵港市港启自动化设备,0,0,0
庆云朝辉教学设备制造有限公司,0,0,0
庐山云上山纪民宿,0,0,0
庐山旅游网,2,0,2
店助理电商系统,0,0,0
康享荟健康商城,1,0,1
康佩思节能技术上海有限公司,1,0,1
廊坊久力特弹簧制品有限公司,0,0,0
廊坊兴瑞化工建材第一店铺,0,0,0
廊坊北淼化工材料销售有限公司,0,0,0
廊坊同力塑料管夹,0,0,0
廊坊同力管夹制造有限公司,1,0,1
廊坊同力管夹制造第二店铺,0,0,0
廊坊同力铝合金管夹,0,0,0
廊坊富乾弹簧有限公司,0,0,0
廊坊市兴发弹簧有限公司,0,0,0
廊坊市雄途建材有限公司,0,0,0
廊坊廷源环保科技有限公司,0,0,0
廊坊洛尼尔生物科技第三店铺,0,0,0
廊坊焕赢保温材料有限公司,0,0,0
廊坊神凰新材料科技第一店铺,0,0,0
廊坊蓝星清洗剂制造第一店铺,0,0,0
延吉金达莱民族餐饮有限责任公司,0,0,0
建国干粉混合机,12,0,12
建平县万寿然冉沙棘木苗第二店铺,0,0,0
建筑爬架网,2,0,2
建鑫药材收获机,3,0,3
开化县杜康茶业有限公司,428,0,428
开发区鱼水欢水族器材商行,0,0,0
开封宜家建筑材料有限公司,0,0,0
开心手机恢复大师,0,0,0
开心盒子聊天记录恢复器,0,0,0
开拓塑石假山,0,0,0
开锐教育,2,0,2
弈大师阵容推荐工具,0,0,0
弘仓科技苏州有限公司,1,0,1
弘圣干混砂浆,0,0,0
弘琛房地产,0,0,0
张家口爱生活健身器材有限公司,0,0,0
张家界中国国际旅行社有限公司,1,0,1
张家界中国旅行社股份有限公司,1,0,1
彩霞婚庆,0,0,0
徐州世卿地面防滑,0,0,0
徐州春华健身器材有限公司,1,0,1
徐州艺欢商贸,2,0,2
微丞相社交内容电商,3,0,3
微弧氧化电源绿保,26,0,26
微搜天下5G地道湘菜美食指南,511,0,511
微搜天下美航5G健身,508,0,508
微擎电商信息,0,0,0
微活苏州科技有限公司,1,0,1
微盟智慧餐厅运营社,12,0,12
微订花,1,0,1
微镖局社交电商分销积分系统开发,339,0,339
微镖局社交电商外包代运营团队,113,0,113
微镖局社交电商平台软件系统开发,339,0,339
微镖局社交电商模式分析设计公司,113,0,113
微镖局社交电商系统源码开发公司,113,0,113
德利民生天津商贸有限公司,0,0,0
德利玻璃钢拉挤设备拉挤机,0,0,0
德化羊脂玉高端茶壶,0,0,0
德厚胶带厂家,13,0,13
德州力康来健身器材第二店铺,0,0,0
德州土生金机械有限公司第一店铺,0,0,0
德州市立志居家具有限公司,0,0,0
德州正佳机械有限公司第二店铺,0,0,0
德州浩昶庆农业科技有限公司,0,0,0
德州蓝江环保材料有限公司,44,4,48
德州速度健身器材第一店铺,0,0,0
德州鑫鸿健身器材第一店铺,0,0,0
德州顺滑塑业有限公司,0,0,0
德州鸿友农业机械第一店铺,0,0,0
德州鸿友农业机械第三店铺,0,0,0
德彩悬浮运动地板,0,0,0
德清乐途户外运动有限公司,0,0,0
德源机械,0,0,0
德美汇,2,0,2
德马科起重机械有限公司,0,0,0
德鹿搬琴,0,0,0
徽婿,2,0,2
徽字号,1,0,1
徽鹏,0,0,0
心专注考研寄宿,0,0,0
心之初特殊教育培训学校,31,0,31
心园净水器换滤芯售后,0,0,0
心晴教育,0,0,0
心神旅行,0,0,0
必克英语入门学,0,0,0
必头条健康证免费在线预约,0,0,0
快画,63,0,63
快递100API,0,0,0
怀货堂,0,0,0
思会通讯,0,0,0
思魂悬疑电影,0,0,0
急塑健身小店,3,0,3
急客维修,0,0,0
恒义沙棘网,370,0,370
恒峻间渐,0,0,0
恒途盐山县体育设施第三店铺,0,0,0
恩德玛自动配混供料系统,0,0,0
息县未来教育,3,0,3
悟空HRM,0,0,0
悦云健康商城,1,0,1
悦人佳爱,0,0,0
悦游定制旅行,1,0,1
悸动烧仙草,0,0,0
情唯旅行社,0,0,0
惑者山宿,0,0,0
惟有千山鸡,0,0,0
惠东忘山居客栈,0,0,0
惠尔普斯商用豆浆机,4,0,4
惠州博莱特空压机后处理设备,1,8,9
惠州小径湾呼噜海度假酒店公寓,4,0,4
惠州市永平建基水泥制品第三店铺,0,0,0
惠州市胜鉴塑胶科技有限公司,0,0,0
惠盟创业平台,0,0,0
惠穗财税,0,0,0
惠算息理财计算器,0,0,0
惠美网,4,0,4
惠香茗茶,1,0,1
想搜网,0,0,0
愉快还啦,0,0,0
慢山乡宿,0,0,0
慧一教练,6,0,6
慧学教师资格证,22,0,22
慧客云,332,0,332
慧用心,4,0,4
慧用心财税,0,0,0
慧聚客,0,0,0
慧营销,0,0,0
成都2021世界大运会,0,0,0
成都三马体育用品有限公司,0,0,0
成都中国旅行社有限公司,1,0,1
成都互兴通科技有限公司,0,0,0
成都亲睦家养老,3,0,3
成都全味道餐饮管理有限公司,1,0,1
成都六婆餐饮有限公司,1,0,1
成都冷羽盛繁百货店铺,2,0,2
成都卉佳建筑材料有限公司,0,0,0
成都味传奇餐饮管理有限公司,1,0,1
成都味蜀吾餐饮管理有限公司,1,0,1
成都四通一达物流第一店铺,0,0,0
成都大孃餐饮管理有限公司,1,0,1
成都宇鑫洪科技有限公司,0,0,0
成都宏瑞凯科技有限公司,0,0,0
成都巴蜀大门户餐饮管理有限公司,1,0,1
成都市卉宇商贸有限公司,0,0,0
成都市培源科技开发有限责任公司,0,0,0
成都市老码头餐饮娱乐有限公司,1,0,1
成都市茅草房休闲娱乐中心,1,0,1
成都怀程科技有限责任公司,0,0,0
成都慧翼科技有限公司,0,0,0
成都昊瑞包装材料有限公司,0,0,0
成都栖川餐饮管理有限公司,1,0,1
成都楚舟建材有限公司第一店铺,0,0,0
成都每人计信息技术有限公司,0,0,0
成都环标环境检测有限公司,0,0,0
成都皇太子家具有限公司,0,0,0
成都盒悦餐饮管理有限公司,1,0,1
成都祥奇盈再生资源第一店铺,0,0,0
成都秋叶湖科技有限公司,0,0,0
成都蜀大侠餐饮管理有限公司,1,0,1
成都蜀小匠餐饮管理有限公司,1,0,1
成都行之悦国际旅行社有限公司,1,0,1
成都西南儿童健康,0,0,0
成都见格餐饮管理第一店铺,0,0,0
成都长宏舞台桁架铝架,558,0,558
成都飞腾尖锋新型材料有限公司,0,0,0
成都食烩餐饮管理有限公司,1,0,1
成都魂喵科技有限公司,1,0,1
成都鸿海户口通,0,0,0
成都黄氏汇蜀餐饮管理有限公司,1,0,1
房旺家,2,0,2
房淘惠,0,0,0
扬州安昌塑胶日化有限公司,0,0,0
扬州致远教学设备有限公司,0,0,0
扬州荣发滑线电气第一店铺,0,0,0
扬州荣发滑线电气第二店铺,0,0,0
扶阳和优良品健康公司,2,0,2
扶风斯诺特生物科技,0,0,0
扶风斯诺特生物科技有限公司,0,0,0
扶风斯诺特生物科技第一店铺,0,0,0
技承仪表上海有限公司,0,0,0
抚顺市东体运动木制地第一店铺,0,0,0
抚顺市高峰体育运动地板厂,0,0,0
抚顺市高峰体育运动地第二店铺,0,0,0
护企宝科技,1,0,1
拓新水葫芦打捞船,16,0,16
换换二手交易平台,0,0,0
捷安剪力墙钢背楞,0,0,0
掌上健康,0,0,0
掌送物流网,146,0,146
推易电商培训,11,0,11
搜点济南网站优化,0,0,0
搜狐美食plus,0,0,0
搜鲜娱乐,0,0,0
搬场公司上海海鹰浦东搬场公司,2,0,2
播图娱乐资讯,0,0,0
故宫一键智能游,8,0,8
效率科技SMT首件测试仪,1,0,1
教育教学论坛杂志社,1,0,1
教育教学论坛杂志社编审中心,1,0,1
数动力健康科技,3,0,3
数码回收网,0,0,0
文安县群旺五金厂第一店铺,0,0,0
新一站重疾险,0,0,0
新乡县小冀镇炬燃厨房设第一店铺,0,0,0
新乡市峰达教学设备有限公司,0,0,0
新乡市彩凰包装材料第一店铺,0,0,0
新乡市易展养殖设备有限公司,0,0,0
新乡市汲牧人养殖设备第一店铺,0,0,0
新乡市禾力教学设备有限公司,0,0,0
新乡市纪氏高频设备有限公司,0,0,0
新乡市获新源电气有限公司,0,0,0
新乡市豫龙工程机械,0,0,0
新乡市远航教学设备有限公司,1,0,1
新乡辉簧弹簧有限公司第一店铺,0,0,0
新太阳教育,2,0,2
新实素贸易电商,2,0,2
新客来智慧餐饮,0,0,0
新洪辉包装机,2,0,2
新湘事成,0,0,0
新疆中旅国际旅行社,0,0,0
新疆南线北线国际旅行社有限公司,1,0,1
新蓝电子智慧餐厅,19,0,19
新蔡县汇隆再生资源回第二店铺,0,0,0
新迈苏州电商代运营公司,14,0,14
方圆教育,14,0,14
方城县烩面故事餐饮有限公司,1,0,1
方彩娣紫砂,132,0,132
族辉环保,0,0,0
无它心舍,0,0,0
无忧mp3音频提取剪辑,14,0,14
无穷食品商城,1,0,1
无锡乔森精工机械第二店铺,0,0,0
无锡市大箕山工仪设备第二店铺,0,0,0
无锡市灵山后花园有限公司,1,0,1
无锡市胡氏玻璃有限公司,0,0,0
无锡市西桓科技有限公司,0,0,0
无锡怀江市政工程有限公司,0,0,0
无锡振伟化工换热设备科技,0,0,0
无锡捡来机械科技第一店铺,0,0,0
无锡普丰教学仪器第一店铺,0,0,0
无锡松虎鑫瑞机械有限公司,0,0,0
无锡桓毅环保科技第三店铺,0,0,0
无锡民生市政工程有限公司,0,0,0
无锡水之积工业科技有限公司,0,0,0
无锡沪上金属材料第一店铺,0,0,0
无锡羽凰传动科技有限公司,0,0,0
无锡走着瞧旅行社有限公司,1,0,1
无锡超牛换热设备制造有限公司,0,0,0
无锡霍德电子有限公司,0,0,0
旧街森活民宿集群,0,0,0
旭佳教育黄,6,0,6
旭尧自动化设备,0,0,0
旭惠电子科技,0,0,0
旭日家教,0,0,0
时代新筑弧形铝单板,1,0,1
时时少儿素质教育联盟,3,0,3
时时素质教育联盟,3,0,3
昆山浪淘沙机械科技第一店铺,0,0,0
昆山特尔威输送设备有限公司,0,0,0
昆明七彩云南欢乐世界文化娱乐,1,0,1
昆明喀斯特建材有限公司第一店铺,0,0,0
昆明市官渡区胡文德塑第二店铺,0,0,0
昆明市西山区厨几产品综第一店铺,0,0,0
昆明康辉旅行社,0,0,0
昌冠道路护栏公路护栏,19,0,19
明志教育,0,0,0
明月松间,0,0,0
明泽娱乐资讯,0,0,0
明硕美食资讯,0,0,0
易众标供应商查询,4,0,4
易加车服违章查询,0,0,0
易尔通教育模板,1,12,13
易师汇,1,0,1
易欧护照,2,0,2
易滑大连体育文化有限公司,0,0,0
易租康健康管理杭州有限公司,1,0,1
易程会务,0,0,0
星冠运动地板,0,0,0
星客电商,19,0,19
星汇证件照,0,0,0
星阑婚礼,0,0,0
春志混流风机,11,0,11
昭通市昭阳区怀兴种植农民,0,0,0
晓华金蝉活苗,22,0,22
晟一弘外籍人士来华签证,1,0,1
晟泰物流快递袋,0,0,0
晟火网,1,0,1
普辉律师事务所,0,0,0
景县华瑞泡花碱厂第一店铺,0,0,0
景鸿教育,4,0,4
智于学教育,69,0,69
智优学好,9,0,9
智博教育,1,0,1
智慧健康城,0,0,0
智慧急救一键呼,16,0,16
智慧村务综合服务平台,0,0,0
智择优教育,0,0,0
智旦货运,0,0,0
智火,0,0,0
曲周县申辉石膏缓凝剂第一店铺,0,0,0
曲阜冠发机械有限公司第二店铺,0,0,0
曲阜市王庄镇旭升酒容器厂,0,0,0
曲阳启绩园林雕塑有限公司,0,0,0
曲靖市河南商会,0,0,0
曼特换门扇,1,0,1
曾胖网运动减肥训练营,1,0,1
最需教育,0,0,0
有木电商资讯,0,0,0
有礼先生男士礼物推荐,1,0,1
有祥山东餐饮美食网,4,39,43
朋乐教育,1,0,1
木然教育中心,0,0,0
木然职业教育咨询,0,0,0
木科技MBTI人格测试,0,0,0
未来之星体育运动项目培训中心,1,0,1
本护母婴,1,0,1
本溪满族自治县碱厂镇兴盛花圃,0,0,0
本溪满族自治县碱厂镇忠成家庭,0,0,0
本色环境科技上海有限公司,0,0,0
朴田海鲜火锅,0,0,0
朴胜教育,0,0,0
朵蜜求婚策划,0,0,0
机加网,0,0,0
机友会,0,0,0
机友会装载机,0,0,0
机电之家网,84,0,84
权检认证深圳有限公司,0,0,0
来学网一级造价师,0,0,0
来学网中级会计,0,0,0
来学网中级经济师,0,0,0
来学网初级会计,0,0,0
来学网注册会计师,0,0,0
来寄存押,0,0,0
来推鉴投融资服务平台,0,0,0
杭州2022年第19届亚运会,0,0,0
杭州七象餐饮管理有限公司,3,0,3
杭州云际视界科技有限公司,1,0,1
杭州卓逸餐饮管理有限公司,0,0,0
杭州原乡芦茨民宿,0,0,0
杭州原品餐饮管理有限公司,1,0,1
杭州只争朝夕健康管理有限公司,1,0,1
杭州唯品淘信息科技有限公司,0,0,0
杭州宝积生物科技有限公司,0,0,0
杭州宝积生物科技第二店铺,0,0,0
杭州富阳金顺化工建材有限公司,0,0,0
杭州寰球娱乐影视有限公司,1,0,1
杭州弘旭科技有限公司,0,0,0
杭州汉克斯隔音减减震,3,0,3
杭州溪上云间酒店,0,0,0
杭州溪湘记宿,0,0,0
杭州留下来餐饮管理有限公司,1,0,1
杭州科泰金迈智能设备有限公司,0,0,0
杭州红易图网络科技有限公司,1,0,1
杭州纪宏财务咨询有限公司,0,0,0
杭州萧杰减速机械有限公司,0,0,0
杭州赣鑫电子有限公司,0,0,0
杰风旅行游,0,0,0
松原市舒华运动器材有限公司,0,0,0
极家精装,1,0,1
极志愿,0,0,0
极思网络,0,0,0
极推,0,0,0
极搜搜,1,0,1
极暖品牌服务中心,1,0,1
极暖品牌运营总部,0,0,0
极牛网,0,0,0
极膜,1,0,1
极轻奢,2,0,2
构想几何云商店,1,0,1
果师兄,4,0,4
枣庄智学教学设备第一店铺,0,0,0
枣阳市如意荣鑫钾长石,0,0,0
枫荷娱乐帮KTV预约平台,2,0,2
柏翠阅湖,112,0,112
柚见鲜茶,0,0,0
柚见鲜茶申请,0,0,0
柳林县靖宇环保技术服务第一店铺,0,0,0
桂平市大同数据恢复科技有限公司,0,0,0
桂林亿盛酒店管理公司,0,0,0
桓海网络竞价托管,3,0,3
梁山继庆二手设备购销有限公司,0,0,0
梅园婚恋,1,0,1
梓童教育,1,0,1
梓舜建鑫信息咨询黄,6,0,6
森旅旅行,0,0,0
楚雄老驾汽配,1,0,1
榆林市衍飞丽旅游服务,66,516,582
欢天麻将桌,0,0,0
欣影健康快乐生活,0,0,0
欣科减胶剂厂家,12,0,12
欣科增强剂厂家,11,0,11
欣科多功能保坍剂厂家,11,0,11
欣科混凝土增效剂厂家,12,0,12
欣科混凝土外加剂批发,11,0,11
欧凰全屋定制,69,0,69
欧化肥料科技湖北有限公司,0,0,0
欧邦减速电机,2,0,2
正义物流回头车,0,0,0
正午骄阳科技,1,0,1
正德教育,0,0,0
正德脚手架安装,0,0,0
正洪仿古门窗,15,0,15
正济消火栓泵,25,0,25
正济消防供水设备,11,0,11
正济消防控制柜,11,0,11
正济消防泵,13,0,13
正济稳压设备,13,0,13
正济立式消防泵,25,0,25
正辉房贷计算器,0,0,0
正领教育,1,0,1
武侯区溜达鑫再生资源回第一店铺,0,0,0
武夷山国家级自然保护区正山茶业,1,0,1
武汉东泰博锐自动化灌装机设备,0,0,0
武汉九逸化工有限公司,0,0,0
武汉云骥体育发展有限公司,0,0,0
武汉亿环环保科技有限公司,0,0,0
武汉健康新天地科技有限公司,0,0,0
武汉健行美体育运动器材有限公司,0,0,0
武汉元泉世纪健身管理有限公司,1,0,1
武汉华菱西厨装备股份有限公司,0,0,0
武汉华飞挤塑板厂,0,0,0
武汉博智瑞汽车饰件有限公司,0,0,0
武汉学煌教育科技有限公司,1,0,1
武汉宝华普利教学设备第一店铺,0,0,0
武汉宸弘办公家具有限公司,0,0,0
武汉寄宿考研网,0,0,0
武汉小奓湖生态园艺有限公司,0,0,0
武汉市吉人食品工业第一店铺,0,0,0
武汉市汉阳区福宝漠北味坊餐厅,1,0,1
武汉市洋强再生资源回第一店铺,0,0,0
武汉市洪山区大众家具电器物资回,0,0,0
武汉市洪山区必胜娱乐牌第二店铺,0,0,0
武汉市记中工程有限公司,0,0,0
武汉市鼎牛餐饮管理有限公司,1,0,1
武汉携康智能健康设备有限公司,0,0,0
武汉材急送建材有限公司,0,0,0
武汉松石科技股份有限公司,0,0,0
武汉浩恒健身器材第一店铺,0,0,0
武汉百邦健身教练培训,14,0,14
武汉祥云景护护栏厂,0,0,0
武汉艾康健身器材第一店铺,0,0,0
武汉酷创自动售货机,5,0,5
武汉金刚健身器材商贸有限公司,0,0,0
武汉金玉源科技有限公司,0,0,0
武汉颂大教育科技股份有限公司,1,0,1
比比鸡,0,0,0
民权县双塔乡冠良紫穗槐,0,0,0
民权县双塔乡玉杰紫穗槐销售部,0,0,0
民权县双塔镇友林紫穗槐销售部,0,0,0
民权县徐振云紫穗槐销售部,0,0,0
民权县红芝紫穗槐园林第一店铺,0,0,0
民生网传媒,1,0,1
民生银行信用卡,0,0,0
氧趣电商,2,0,2
水感肌品牌名片,1,0,1
水桶王国主题餐厅,0,0,0
水黄星信息内参,0,0,0
永丰小希健身,0,0,0
永嘉县理光游乐设备有限公司,0,0,0
永定红石材,1,8,9
永康市中正教学仪器第一店铺,0,0,0
永康市象珠华幻五金厂,0,0,0
永康市轩腾教学设备有限公司,0,0,0
永康鑫顾家用健身器械厂家,11,0,11
永明泡化碱水玻璃,369,0,369
永清县昊星弹簧厂,0,0,0
永砂制陶,1,0,1
汇企百科全书,0,0,0
汇包装,4,0,4
汇家网,0,0,0
汇富康达,0,0,0
汇趣看收藏,0,0,0
汉韵唐风传统服装及文化产业基地,66,516,582
江苏一见达环保有限公司,0,0,0
江苏中冶液压件有限公司,0,0,0
江苏中吉科技有限公司,0,0,0
江苏中嘉机械设备有限公司,0,0,0
江苏久焕金属制品第二店铺,0,0,0
江苏九味香餐饮管理有限公司,1,0,1
江苏二机机床有限公司,0,0,0
江苏亚太特种铸钢厂第二店铺,0,0,0
江苏人加信息科技有限公司,1,0,1
江苏力威剪折机床第一店铺,0,0,0
江苏卓越候车亭厂家,3,0,3
江苏君康莱健康产业有限公司,0,0,0
江苏多集景观建筑设计有限公司,0,0,0
江苏天晟电磁兼容技术有限公司,0,0,0
江苏宝得换热设备第二店铺,0,0,0
江苏既修建筑修缮技术有限公司,0,0,0
江苏桓通环境科技有限公司,0,0,0
江苏森航健康科技有限公司,0,0,0
江苏欧邦管夹制造第一店铺,0,0,0
江苏民生重工有限公司,1,0,1
江苏海川教学仪器第一店铺,0,0,0
江苏海猫智能货架制造第一店铺,0,0,0
江苏淮顺机电有限公司第一店铺,0,0,0
江苏环洁环保科技有限公司,0,0,0
江苏瑞星紧固件制造有限公司,1,0,1
江苏胜基,0,0,0
江苏胜基金属有限公司,0,0,0
江苏舒氏货架有限公司,0,0,0
江苏苏鑫管夹制造有限公司,0,0,0
江苏领航公共设施第一店铺,0,0,0
江西元正木业有限公司第二店铺,0,0,0
江西力森健身器材有限公司,0,0,0
江西南昌新东方烹饪中专学校,0,0,0
江西国祥国际旅行社有限公司,1,0,1
江西声宏电子有限公司,0,0,0
江西核工业兴中新材料有限公司,0,0,0
江西正宏包装,0,0,0
江西清风景观园林有限公司,0,0,0
江西滑创极限建设工程有限公司,0,0,0
江西赛骑运动器械制造有限公司,0,0,0
江都人才网,0,0,0
江门市伟成通再生资源第三店铺,0,0,0
江门市新会区堡户伞户外第三店铺,0,0,0
江阴华东水处理有限公司,0,0,0
江阴宸桓化工有限公司第一店铺,0,0,0
江阴简法设计,0,0,0
污水宝接活,0,0,0
污水宝接活平台,1,0,1
沂南县新鹏机械设备销售中心,0,0,0
沂水县四十里堡镇贾家第一店铺,0,0,0
沂水县纪余果蔬经营部第一店铺,0,0,0
沃保,0,0,0
沈丘县孝依服装加工厂,0,0,0
沈阳东方妈妈产后复原中心,0,0,0
沈阳凯键电机电气制造厂,0,0,0
沈阳加野科学仪器有限公司,0,0,0
沈阳博优教育,24,0,24
沈阳启越工程造价咨询第一店铺,0,0,0
沈阳市晋级装饰,0,0,0
沈阳晋级,0,0,0
沈阳晓马挤塑板有限公司,0,0,0
沈阳棋盘山开发区凰翔涂料厂,0,0,0
沈阳腾达纸箱包装第一店铺,0,0,0
沈阳邹立国餐饮管理有限公司,1,0,1
沈阳鸿润食品有限责任公司,0,0,0
沐恩堂深圳生物科技有限公司,0,0,0
沧县庄稼汉种植专业合作社,0,0,0
沧县杜生镇前候锦亮模第一店铺,0,0,0
沧州亿德顺体育设施有限公司,0,0,0
沧州会友线缆股份有限公司,0,0,0
沧州明儒教学设备第一店铺,0,0,0
沧州杰泰教学设备有限公司,0,0,0
沧州浩然篮球架体育器材,0,0,0
沧州环洪环保设备有限公司,0,0,0
沧州裕升教学设备制造有限公司,0,0,0
沧州西领健身器材制造有限公司,0,0,0
沧州通奥体育健身器材有限公司,0,0,0
沧州酷欢体育用品第一店铺,0,0,0
沧州鑫盛拓展器械第一店铺,0,0,0
沧州键乾管道设备第一店铺,0,0,0
沧州键乾管道设备第二店铺,0,0,0
沪中木业建筑木方,0,0,0
沪工阀门,0,0,0
沪江日语五十音图,0,0,0
沪江日语学习,0,0,0
沪江英语,0,0,0
沪荣消防,0,0,0
沪隽注册公司,1,0,1
沭阳县万盛花木园艺场,0,0,0
沭阳县同舟水蛭养殖专业合作社,0,0,0
沭阳县完美园林绿化苗木场,0,0,0
沭阳县新河镇新槐村姜第一店铺,0,0,0
沭阳雨翔苗木园艺场,0,0,0
河东区弘桥建筑架材租赁中心,0,0,0
河北京冀普惠金属制品有限公司,0,0,0
河北任丰钢结构工程有限公司,0,0,0
河北众普混疑土输送泵,0,0,0
河北伙森丝网制品第一店铺,0,0,0
河北健安体育设施有限公司,0,0,0
河北健环环保科技有限公司,0,0,0
河北元鹏教学设备第一店铺,0,0,0
河北兴冀仪器设备第一店铺,0,0,0
河北冀仓机电设备有限公司,0,0,0
河北冀明昊暖通设备衡第一店铺,0,0,0
河北冀景管业科技有限公司,0,0,0
河北冀畅工程材料销售有限公司,0,0,0
河北冀贞环保机械设备有限公司,0,0,0
河北凯傲紧固件制造有限公司,0,0,0
河北华顺化工有限公司,0,0,0
河北博康教学设备有限公司,0,0,0
河北厚强输送设备有限公司,1,0,1
河北及嘉玻璃钢有限公司第三店铺,0,0,0
河北同山教学设备有限公司,0,0,0
河北咕咕岛娱乐服务有限公司,1,0,1
河北坚立紧固件有限公司,0,0,0
河北埃特火克,0,0,0
河北埃特火克防火材料有限公司,0,0,0
河北城安减隔震科技第一店铺,0,0,0
河北天检工程仪器有限公司,0,0,0
河北太极紧固件集团有限公司,0,0,0
河北威锋机械科技第一店铺,0,0,0
河北尼佳化工有限公司,0,0,0
河北庆兴化工产品第二店铺,0,0,0
河北建筑消防消防维保,15,0,15
河北彩蝶教学设备有限公司,0,0,0
河北德尚教学设备制造有限公司,0,0,0
河北悸岩动体育用品销售有限公司,0,0,0
河北拿铁健身服务第二店铺,0,0,0
河北斯达特教学设备制造第一店铺,0,0,0
河北斯达特教学设备制造第二店铺,0,0,0
河北明轩教学设备制造有限公司,0,0,0
河北明都体育设施制造第三店铺,0,0,0
河北昱欢环保设备第一店铺,0,0,0
河北智邦教学仪器有限公司,0,0,0
河北木西体育设施第一店铺,0,0,0
河北森启奥元体育地板第一店铺,0,0,0
河北正禄教学设备制造有限公司,0,0,0
河北海澜游乐设备有限公司,0,0,0
河北淮和紧固件制造第一店铺,0,0,0
河北淮方环保设备有限公司,0,0,0
河北湖城环保设备有限公司,0,0,0
河北滨海教学设备有限公司,0,0,0
河北瀚鑫体育器材制造有限公司,0,0,0
河北焕春采暖设备有限公司,0,0,0
河北焕绣园林绿化工程第一店铺,0,0,0
河北煌汇管业有限公司第一店铺,0,0,0
河北环冀丝网制品有限公司,0,0,0
河北环标丝网制造有限公司,0,0,0
河北电达商贸有限公司第一店铺,0,0,0
河北皇泰轮胎有限公司,0,0,0
河北硕键塑胶制品有限公司,0,0,0
河北磐鼎金属工具制造有限公司,0,0,0
河北继乾边坡防护工程有限公司,0,0,0
河北继乾边坡防护工程第三店铺,0,0,0
河北联护丝网制造第一店铺,0,0,0
河北腾格化工科技有限公司,0,0,0
河北艾隆教学设备第一店铺,0,0,0
河北英侨体育用品科技有限公司,0,0,0
河北藁化化工股份有限公司,0,0,0
河北谊达纤维素有限公司,0,0,0
河北达创体育器材第一店铺,0,0,0
河北迅启鑫德教学设备有限公司,0,0,0
河北铭泰震安减隔震器材第三店铺,0,0,0
河南一清净水材料有限公司,0,0,0
河南三文化酒业有限公司,0,0,0
河南中冶起重机集团有限公司,0,0,0
河南久博教学设备有限公司,0,0,0
河南八支健身服务有限公司,1,0,1
河南利煌新型材料有限公司,0,0,0
河南卉林养殖有限公司,0,0,0
河南华药药业有限公司,0,0,0
河南厚通实业有限公司,0,0,0
河南启卓餐饮管理有限公司,0,0,0
河南品立餐饮管理有限公司,1,0,1
河南基创机械设备有限公司,0,0,0
河南大咖餐饮管理有限公司,1,0,1
河南大科教学仪器有限公司,0,0,0
河南天一减振器科技有限公司,1,0,1
河南奥星教学仪器有限公司,0,0,0
河南小食大做餐饮管理有限公司,1,0,1
河南康华体育设施有限公司,0,0,0
河南引导教育基地,15,12,27
河南德默尔农业科技第一店铺,0,0,0
河南心灵教学设备有限公司,0,0,0
河南技兴机械有限公司,0,0,0
河南拓弘化工有限公司,0,0,0
河南新常诚机械设备有限公司,0,0,0
河南梵月瑜伽健身服务有限公司,1,0,1
河南欧凯力机械设备有限公司,0,0,0
河南欧计电气有限公司,0,0,0
河南汇弘机械设备有限公司,0,0,0
河南洪昌木业有限公司,0,0,0
河南溯乡源生态农业科技有限公司,0,0,0
河南环美环保,0,0,0
河南瑞成机械设备有限公司,0,0,0
河南瑞航农牧业机械设备有限公司,0,0,0
河南省民权县华中紫穗槐家庭农场,0,0,0
河南省豪帅起重机械有限公司,0,0,0
河南省轩腾紫穗槐园林绿化工程,0,0,0
河南省黄蝉林木种植第一店铺,0,0,0
河南精久环保设备制造有限公司,0,0,0
河南红苹果教学仪器有限公司,0,0,0
河南绘梦未来网络科技有限公司,1,0,1
河南继开环保科技有限公司,0,0,0
河南维淮机械设备租赁有限公司,0,0,0
河南美肌源实业有限公司第一店铺,0,0,0
河南羲和网络科技股份有限公司,1,0,1
河南蓝基机械制造有限公司,0,0,0
河南辉智机械有限公司,0,0,0
河南辉簧弹簧有限公司第一店铺,0,0,0
河南迪尼斯娱乐科技,0,0,0
河南迪都奥化工产品有限公司,0,0,0
河南酷博减震科技第一店铺,0,0,0
河南隆拓机械设备有限公司,0,0,0
河南霍胖子餐饮管理有限公司,1,0,1
河南飞顺教学设备有限公司,0,0,0
河南龙博紫穗槐园林绿化第一店铺,0,0,0
泉州丰泽大家乐娱乐用品店,0,0,0
泉州乐博AL教育,60,518,578
泉州货集贸易有限公司,0,0,0
泊头市寺门村镇东贾店综合铸造厂,0,0,0
泊头诚誉工量具有限公司,0,0,0
泓冀财务,0,0,0
泓森槐速生硬材树,2,0,2
波波推荐分析,4,0,4
泰安创拓表计电子科技有限公司,0,0,0
泰岳商学院中层管理培训,3,0,3
泰州佳壳新材料有限公司,0,0,0
泰州市三联换热设备厂,0,0,0
泰悦健康,0,0,0
泰慧洁,428,0,428
泸沽湖几日湖景酒店,0,0,0
泽明网络娱乐资讯,0,0,0
洛阳古建砖瓦有限公司,0,0,0
洛阳学乎信息科技有限公司,1,0,1
洛阳市剪纸艺术研究会,1,0,1
洛阳网,0,0,0
津市直销网,1,0,1
洪军健康食谱,0,0,0
洪叶权网站排名优化,28,0,28
活鲜鲜有机鱼,1,0,1
派瑞特天津液压管夹,6,0,6
浅升电商资讯,0,0,0
济南一机机床有限公司,0,0,0
济南三延机械有限公司第二店铺,0,0,0
济南合稼置业有限公司,1,0,1
济南启航化工科技第一店铺,0,0,0
济南奥冠体育设施工程第一店铺,0,0,0
济南市天桥区达源物资回第一店铺,0,0,0
济南市长清区华舜空调换第一店铺,0,0,0
济南希诺机械有限公司,0,0,0
济南恩科教学设备有限公司,0,0,0
济南文华教学设备第一店铺,0,0,0
济南新绿洲教学设备第一店铺,0,0,0
济南方圆教学设备有限公司,1,0,1
济南朗化化工有限公司,0,0,0
济南民生搬家服务有限公司,1,0,1
济南永延机械有限公司第三店铺,0,0,0
济南百诚供水换热设备有限公司,0,0,0
济南神狐电子科技有限公司,0,0,0
济南纪得环保设备有限公司,1,0,1
济南迅捷机械设备灌装机厂家,0,0,0
济南邦尼利声电子科技有限公司,0,0,0
济南金奥通教学设备有限公司,0,0,0
济南金鉴试验仪器第二店铺,0,0,0
济南铂鉴测试技术有限公司,1,0,1
济南铂鉴测试技术有限第一店铺,0,0,0
济喃商贸,2,0,2
济宁英凰养殖有限公司,0,0,0
济宁顿坚工程机械有限公司,0,0,0
济宁骏集机械有限公司,0,0,0
济腩商贸,2,0,2
浙江七口餐饮管理有限公司,1,0,1
浙江中互电气有限公司,0,0,0
浙江中邦知识产权服务有限公司,0,0,0
浙江云蚁电商平台,1,0,1
浙江利箭电气有限公司,0,0,0
浙江加加电器有限公司,1,0,1
浙江博后生物科技有限公司,1,0,1
浙江即商通电子商务有限公司,0,0,0
浙江双箭橡胶股份有限公司,1,0,1
浙江嘉日电气有限公司,0,0,0
浙江基诚机械制造有限公司,0,0,0
浙江大昌科技有限公司第一店铺,0,0,0
浙江宣家山数字乡村服务平台,3,0,3
浙江怀通电气有限公司,0,0,0
浙江族魂体育文化发展有限公司,1,0,1
浙江明清工匠古建中式第三店铺,0,0,0
浙江浙野建材有限公司第二店铺,0,0,0
浙江皇星化工第一店铺,0,0,0
浙江知己游乐设备第一店铺,0,0,0
浙江胜皇实业有限公司,0,0,0
浙江蔓陀拉健身服务有限公司,1,0,1
浙江贝安心电子商务有限公司,0,0,0
浩明阻燃挤塑板,12,0,12
海东青互动游戏,4,0,4
海兴容行文体器材有限公司,0,0,0
海华汇智,0,0,0
海南逆中成长育人资讯,2,0,2
海南锦胜雾森环境科技第一店铺,0,0,0
海固正压式空气呼吸器,0,0,0
海固长管呼吸器,0,0,0
海安中天新材料科技有限公司,0,0,0
海安荣氏纸业有限公司,0,0,0
海晏电商,1,0,1
海螺沟寂野温泉民宿,0,0,0
海豚淘票周边游线路自驾门票美食,0,0,0
海龙国际快递公司,0,0,0
海龙国际搬家公司,0,0,0
涂牛旅游,0,0,0
润古斋紫砂商城,1,0,1
润品昌普洱茶旗舰店,1,0,1
润景换热机组,93,0,93
涩狐美女摄影,0,0,0
淄博双科换热设备有限公司,1,0,1
淄博瑞博康稀土材料第一店铺,0,0,0
淄博经济开发区天顺废旧金属回,0,0,0
淄博继信塑膜有限公司,0,0,0
淄博锦利源换热设备有限公司,0,0,0
淘农村,1,0,1
淘机通讯,0,0,0
淮和紧固件,0,0,0
淮安市淮安区恒诺金属加工厂,0,0,0
淮成楸树梓树基地,6,0,6
深圳万检通科技有限公司,0,0,0
深圳东裕光大电子有限公司,0,0,0
深圳入户百科,0,0,0
深圳华一精品科技有限公司,0,0,0
深圳华泰兴食品有限公司第一店铺,0,0,0
深圳华纪科技有限公司,0,0,0
深圳南山希尔顿逸林酒店及公寓,0,0,0
深圳台兴五金弹簧制品第一店铺,0,0,0
深圳唤客科技有限公司第一店铺,0,0,0
深圳太阳际,0,0,0
深圳寂宇园林景观有限公司,1,0,1
深圳市三津餐饮管理有限公司,1,0,1
深圳市中鉴检测技术第一店铺,0,0,0
深圳市中鉴检测技术第三店铺,0,0,0
深圳市中鉴检测技术第二店铺,0,0,0
深圳市亮键电子科技有限公司,0,0,0
深圳市优时通物流有限公司,0,0,0
深圳市保时运通物流有限公司,0,0,0
深圳市公安局,1,0,1
深圳市兰亭肌肤护理中心有限公司,1,0,1
深圳市创城徽电子有限公司,0,0,0
深圳市前海暮今电子科技有限公司,0,0,0
深圳市加一加一文创开发第一店铺,0,0,0
深圳市加利弗设计有限公司,0,0,0
深圳市华恒隆科技有限公司,0,0,0
深圳市博皇实业发展有限公司,1,0,1
深圳市在家即是家酒店服务,0,0,0
深圳市基发智能电子科技有限公司,0,0,0
深圳市太古半导体有限公司,0,0,0
深圳市宏浩森电子有限公司,0,0,0
深圳市宏源欣电子科技第二店铺,0,0,0
深圳市宜丽健康科技发展有限公司,0,0,0
深圳市宝安区西乡荣达电子制品厂,0,0,0
深圳市巨雄国际物流有限公司,0,0,0
深圳市建检建筑技术有限公司,0,0,0
深圳市忠迅国际物流第一店铺,0,0,0
深圳市怀成电子科技第一店铺,0,0,0
深圳市成鑫运动场地设施第一店铺,0,0,0
深圳市技加科技有限公司,0,0,0
深圳市拓胜国际物流有限公司,0,0,0
深圳市换换数码有限公司,1,0,1
深圳市方成教学设备第一店铺,0,0,0
深圳市易技自动化技术第一店铺,0,0,0
深圳市桓鑫丰科技有限公司,0,0,0
深圳市森鸿国际物流第一店铺,0,0,0
深圳市欧凯国际供应链有限公司,0,0,0
深圳市泰积电科技第三店铺,0,0,0
深圳市派沃新能源科技,1,0,1
深圳市海立辉科技有限公司,0,0,0
深圳市涌烨泰电子第一店铺,0,0,0
深圳市激发实业有限公司第一店铺,0,0,0
深圳市激埃特光电第一店铺,0,0,0
深圳市焕新电子有限公司,0,0,0
深圳市焕瑞达模切制品有限公司,0,0,0
深圳市焕芯科技有限公司第一店铺,0,0,0
深圳市焕芯科技有限公司第二店铺,0,0,0
深圳市煌台光电有限公司,0,0,0
深圳市煌盛达科技第三店铺,0,0,0
深圳市猴顶真电子有限公司,0,0,0
深圳市琪箭数码科技第二店铺,0,0,0
深圳市电检科技有限公司第一店铺,0,0,0
深圳市电检科技有限公司第二店铺,0,0,0
深圳市百运科技有限公司,0,0,0
深圳市皇泰科技有限公司,0,0,0
深圳市磊坚光电设备有限公司,0,0,0
深圳市祯煌科技有限公司,0,0,0
深圳市积赞科技有限公司,0,0,0
深圳市继盛达科技第一店铺,0,0,0
深圳市聚赢星科技有限公司,0,0,0
深圳市英维克健康环境科技,0,0,0
深圳市虎方科技有限公司,0,0,0
深圳市诺锐软管有限公司,0,0,0
深圳市赛罗尼科技有限公司,0,0,0
深圳市超级猩猩健身管理有限公司,1,0,1
深圳市践行者管理咨询有限公司,0,0,0
深圳市辉宏宇科技有限公司,0,0,0
深圳市迈尔运动用品第一店铺,0,0,0
深圳市金凯博电子有限公司,0,0,0
深圳市金检检测技术有限公司,0,0,0
深圳市鑫环电子有限公司,0,0,0
深圳市雪山洁净科技有限公司,0,0,0
深圳市霍微电子有限公司,0,0,0
深圳市顺通包装制品有限公司,0,0,0
深圳市飞橙教育有限公司,1,0,1
深圳市高新投集团有限公司,1,0,1
深圳市鼎尖软件有限公司,1,0,1
深圳市鼎捷运通国际货运代理,0,0,0
深圳慧诚国际物流有限公司,0,0,0
深圳民创大健康管理集团有限公司,1,0,1
深圳电商商业第一店铺,0,0,0
深圳神盾卫民,0,0,0
深圳神眼通智能科技第三店铺,0,0,0
深圳简联科技有限公司,1,0,1
深圳耘境见山精品民宿,0,0,0
深圳聚焦美家具有限公司,0,0,0
深圳行正科技有限公司,0,0,0
深圳都市圈网,0,0,0
深圳领墅智能健康家居系统,0,0,0
深海教育,0,0,0
混沌解梦,2,0,2
清控尖山湖,0,0,0
清河县凌策焊接材料有限公司,0,0,0
清照体育,0,0,0
清远市继民装饰工程有限公司,0,0,0
温州互诚包装有限公司,0,0,0
温州卓会电气有限公司,0,0,0
温州坚博汽车部件有限公司,0,0,0
温州市友田包装机械有限公司,0,0,0
温州市瑞工缝纫机有限公司,0,0,0
温州市立惑包装有限公司,0,0,0
温州星宝游乐设备第二店铺,0,0,0
温州泰顺月蓝舍民宿,0,0,0
温州洞头灰果设计酒店,0,0,0
温州甲魅秀纹绣培训,24,0,24
温州盛驰紧固件有限公司,0,0,0
温州薏境清洗剂有限公司,0,0,0
温州食为先餐饮管理服务有限公司,0,0,0
港诺电商,3,0,3
游汇全,5,0,5
湖与民宿,0,0,0
湖北一检建设工程质量检测,0,0,0
湖北俊浩专用汽车,0,0,0
湖北兴恒康化工科技有限公司,0,0,0
湖北双焱化工有限公司第一店铺,0,0,0
湖北吉和昌化工科技有限公司,0,0,0
湖北圣仑化学技术有限公司,0,0,0
湖北宏骅专用汽车有限公司,1,0,1
湖北实顺生物科技有限公司,0,0,0
湖北弘创环境科技有限公司,0,0,0
湖北德宜智精密机械有限公司,0,0,0
湖北易及文化传播有限公司,1,0,1
湖北星驰科技第一店铺,0,0,0
湖北景琦古建工艺制品,0,0,0
湖北暖季地暖科技股份有限公司,1,0,1
湖北暖空间挤塑板,26,0,26
湖北林源堂药业有限公司,0,0,0
湖北桓曼景养生科技有限公司,0,0,0
湖北至坚钻石工具第一店铺,0,0,0
湖北诺纳科技有限公司店铺,0,0,0
湖北速普尔化工有限公司第三店铺,0,0,0
湖北金澳农机捡拾器厂家,15,0,15
湖南万廷教育,6,0,6
湖南佶福餐饮管理有限公司,1,0,1
湖南刘先生餐饮管理有限公司,1,0,1
湖南味派餐饮管理有限公司,1,0,1
湖南嘉影数码,0,0,0
湖南家安逸家装护墙板,10,0,10
湖南敏锶壮科技有限公司第一店铺,0,0,0
湖南申亿五金标准件第一店铺,0,0,0
湖南盐淮净化科技有限公司,0,0,0
湖南研几科技有限公司第一店铺,0,0,0
湖南穗禾餐饮管理有限公司,1,0,1
湖南肌茵美生命科技第三店铺,0,0,0
湖南观互文化艺术发展有限公司,1,0,1
湖南谷道餐饮连锁管理,1,0,1
湖南运健达健身器材有限公司,1,0,1
湖南鑫碳新材料有限公司,0,0,0
湖南雨花非遗馆,3,0,3
湘湖逍遥庄园,0,0,0
湛江市邦坚建材有限公司,0,0,0
滑艺达七彩滑道,0,0,0
滑艺达七彩滑道厂家,0,0,0
滑艺达彩虹滑道厂家,0,0,0
滑艺达景区滑道,0,0,0
滔泽研华工控机平板电脑交换机,0,0,0
滕州市冠梁娱乐有限公司,0,0,0
滨海艺雅旅行,2,0,2
漫游备案历史查询,1,0,1
漯河汉翔生物科技有限公司,0,0,0
漳州卉源园林绿化管理有限公司,0,0,0
漳州聆听园林有限公司,0,0,0
潍坊万护安装饰工程有限公司,0,0,0
潍坊义德换热设备有限公司,0,0,0
潍坊兆丰数控设备有限公司,0,0,0
潍坊千力机械有限公司,0,0,0
潍坊市投资集团有限公司,1,0,1
潍坊弘森教学家具有限公司,0,0,0
潍坊清峰苗木合作社,0,0,0
潍坊潍液机械有限公司第二店铺,0,0,0
潮州市潮安区友邦电子第一店铺,0,0,0
濮阳全家福健身器第一店铺,0,0,0
火名网店转让,6,0,6
灰太狼证件照,0,0,0
灰太狼证件照相片生成,0,0,0
灵石县恒兴科技有限公司,0,0,0
灵算健康码,0,0,0
灵魂文库,23,0,23
炜烨餐饮管理有限公司,1,0,1
点成军考,0,0,0
点点记加班,0,0,0
点睛知识网,2,0,2
热夏电商,1,0,1
焕域商贸,2,0,2
焕彩易购数码,0,0,0
焦作市马村区永华养殖设备厂,0,0,0
焦作怀园春怀药商贸第一店铺,0,0,0
煌旗,1,0,1
煌旗小吃培训,0,0,0
熊家炸鸡加盟,1,0,1
爱丽蜂后,0,0,0
爱克森重量分拣机,12,0,12
爱咪欧北京国际餐饮连锁有限公司,1,0,1
爱奇艺佳片黄历,0,0,0
爱客仕餐饮,1,0,1
爱惠购物网,1,0,1
爱换脸,9,0,9
爱查快递,0,0,0
爱用快速建站工具,0,0,0
爱登作文辅导,0,0,0
爱眼日健康备忘录,0,0,0
爱米荠游乐设备厂,11,0,11
爱维斯游泳健身,4,0,4
物大教育,69,0,69
物流100专线,0,0,0
物流天下折扣平台,0,0,0
物通网,35,0,35
特火创业资讯,8,0,8
特爱有品求婚策划,0,0,0
独幽处远山温泉民宿,0,0,0
猎聘,0,0,0
猛犸电商产品摄影,1,0,1
猫咪情话大全,0,0,0
猴吉吉同城,0,0,0
猴吉吉安装维修,0,0,0
猴吉吉家居服务平台,1,0,1
猴哥网站备案查询,0,0,0
玄武湖公园一键智能游,8,0,8
玉蝴蝶睡衣,0,0,0
环季旅行,0,0,0
环悦会议,0,0,0
环球网校,0,0,0
环能科技股份有限公司,1,0,1
玺承电商,0,0,0
珠海市粤鼎水产种苗科技有限公司,0,0,0
珠海竭程国际旅行社有限公司,1,0,1
理婚,3,0,3
琥狐生活馆,0,0,0
琪华字画,0,0,0
琼花艺妓,0,0,0
瑞华健康保险股份有限公司,1,0,1
瑞明威哈希水质分析仪表及药剂,15,0,15
瑞越芝麻灰厂家,19,0,19
瑞达期货股份有限公司,1,0,1
璧山区亚坤夹芯板厂第一店铺,0,0,0
甘肃三积新型材料有限公司,0,0,0
甘肃奇幻之旅国际旅行社,1,0,1
甘肃晟桓通风科技工程有限公司,0,0,0
甘肃黑马石化工程有限公司,0,0,0
生命说北京健康管理有限公司,1,0,1
生日天气,0,0,0
生活家装饰,0,0,0
由画囿画艺术中心广州有限公司,0,0,0
甲云实业,3,0,3
甲距车辆视频监控,0,0,0
畅佳物流,2,0,2
留学监理网出国留学费用,0,0,0
留学监理网留学中介点评,0,0,0
留学监理网留学志愿参考系统,0,0,0
畜小牧仔猪价格,0,0,0
畜小牧查猪价,0,0,0
疾风二建习题,0,0,0
疾风作文,0,0,0
白事一点通,1,0,1
白总管藤椒豆花鸡,0,0,0
百世,18,0,18
百度健康专科联盟,0,0,0
百度城市服务,0,0,0
百度小游戏中心,1,0,1
百度快递服务,5,0,5
百度拍照识花,0,0,0
百度游戏,0,0,0
百度百聘,3,0,3
百甲蛋糕培训,24,0,24
百甲饮品培训,29,0,29
百能汇,0,0,0
百色虎童装,0,0,0
皇盛竞技俱乐部,0,0,0
皇鉴重庆实木门厂,15,0,15
皖佳德爱人如己,0,0,0
盈源芝麻灰火烧板,19,0,19
盈祥芝麻灰,1,8,9
盈祥黄锈石,1,8,9
益智游戏网,63,92,155
益田假日天地,112,0,112
益童健康,1,0,1
益阳市茂能苗木有限公司,0,0,0
益阳市资阳区慧林生态第一店铺,0,0,0
盐城天人极限运动场地建设,0,0,0
盐城市亭湖区金锣夹芯板厂,0,0,0
盐城市双龙机械制造有限公司,0,0,0
盐城恒新减震科技第一店铺,0,0,0
盐山县聚力弹簧厂,0,0,0
盐山洛龙体育器材销售第二店铺,0,0,0
盐山鑫博林体育器材厂,0,0,0
盘锦稼穑农业发展有限公司,0,0,0
盛浩卫生间隔断,2,0,2
盛马自动售货机,0,0,0
睢宁才聘网人才就业,0,0,0
睿沃佳城,0,0,0
睿烨售货机,0,0,0
睿诺思教育,0,0,0
知客呼叫器,0,0,0
知舟企业电商服务,0,0,0
知舟电商入驻,0,0,0
石家庄市京煌科技有限公司,0,0,0
石家庄市宇亨矿业第一店铺,0,0,0
石家庄市德百天诺运动第一店铺,0,0,0
石家庄市瑞鑫纤维素有限公司,0,0,0
石家庄康为体育用品有限公司,0,0,0
石家庄恒挥物流有限公司第一店铺,0,0,0
石家庄恒瑞德科技有限公司,0,0,0
石家庄欧美鑫建材有限公司,0,0,0
石家庄维京健身服务有限公司,1,0,1
石家庄美速体育科技有限公司,0,0,0
石家庄苏帆化轻建材有限公司,0,0,0
石家庄赛为体育用品第一店铺,0,0,0
石家庄途弘生物科技有限公司,0,0,0
石家庄鑫龙减速科技有限公司,0,0,0
石家庄铭佳石材有限公司,0,0,0
石狮市海日丰水产品有限公司,0,0,0
硕丰药材收获机,0,0,0
碧水企划资讯,0,0,0
碰碰胡棋牌厅,0,0,0
磐安县户通塑胶制品厂,0,0,0
祁东在线洪城网络有限公司,1,0,1
神思者娱乐资讯,2,0,2
神绘激光,0,0,0
祥健教育,1,0,1
福州创安光电科技有限公司,0,0,0
福州鑫宇活鲜水族设备有限公司,0,0,0
福度大汉海昏金局,1,0,1
福建亚美健身职业学校,1,8,9
福建候峰钢材贸易有限公司,0,0,0
福建健康之路信息技术有限公司,1,0,1
福建欧继电气有限公司,0,0,0
福建焕新家居服务有限公司,0,0,0
福建省尚美轩餐饮管理有限公司,1,0,1
福建省展化化工有限公司,0,0,0
福建省简合建材有限公司,0,0,0
福建耐德力新材料有限公司,0,0,0
福建鑫嘉,2,0,2
福特瑞斯北京科技有限公司,0,0,0
禹城市亚泰机械制造第一店铺,0,0,0
禹州新民生村镇银行股份有限公司,1,0,1
科华抗碱底漆,11,0,11
科幻网,0,0,0
科极网,2,0,2
科益展智能装备有限公司,0,0,0
秦皇岛乔氏台球运动推广有限公司,0,0,0
秦皇岛恒基起重机械制造有限公司,0,0,0
秦皇岛皇御机械设备第一店铺,0,0,0
积能电气武汉有限公司,0,0,0
积问累识,3,0,3
程同比鸡史事,2,0,2
空挥文化,0,0,0
立军奥鑫弯弧热弯顶弯拉弯厂家,34,0,34
立即行动科技深圳有限公司,1,0,1
立得单词巧记,3,0,3
立源策划设计,1,0,1
站长之家快捷键查询,0,0,0
章丘兴晃商贸有限公司,1,0,1
简上餐饮品牌策划设计与营销,20,0,20
简书,0,0,0
简办网,4,0,4
简森教育,0,0,0
简点同城分类信息,0,0,0
简熟食品,3,0,3
简谈人生,13,0,13
管家购车税费计算器,0,0,0
粉色旅行网,0,0,0
粤秀教育,13,0,13
粮计,1,0,1
精英乒乓网,1,0,1
素君品深圳健康科技有限公司,0,0,0
索菲亚装修报价,0,0,0
紫穗槐小苗,24,0,24
红叶杰自流平防潮封堵剂,1,0,1
红色足迹培训中心,0,0,0
红薯绘动漫头像卡通人物生成器,0,0,0
红阳石墨基防火条,12,0,12
红隆电气科技上海第一店铺,0,0,0
级楠商贸,2,0,2
纵横通动环监控,0,0,0
绍兴安继物流有限公司,0,0,0
经济技术开发区顺风大市场龙鑫混,0,0,0
经邦股权激励,0,0,0
绘世股票资讯,0,0,0
绘佳招募,0,0,0
绘政网络科技,3,0,3
绘旅人恋爱手游资讯,1,0,1
绘美墅厦门装修,1,8,9
绝影社交电商服务商城,1,0,1
继坤烘干小车,16,0,16
继坤烘干设备,15,0,15
绮迹坊地毯上海有限公司第三店铺,0,0,0
维C美食,1,0,1
维一佳轮椅,1,0,1
维信服务器数据恢复,3,0,3
维思克液位计及配件,0,0,0
维胜期货信息换算宝典,0,0,0
缔惠盛合广州货运代理有限公司,0,0,0
缤果旅行,9,0,9
网新科技集团,1,0,1
网时代教育,2,0,2
网联盛苏州电商运营店铺网店运营,3,0,3
网速管家SpeedTest,0,0,0
罗定市爱护运动用品有限公司,0,0,0
羊庄胡同,1,0,1
美东呼市阀门,0,0,0
美亭候车亭,3,0,3
美会通无纸化会议方案,3,0,3
美佳爽中国有限公司,1,0,1
美华达学校及教育资讯,0,88,88
美名狐公司起名,2,0,2
美君永康到郑州货运,12,0,12
美国厚仁教育,0,0,0
美季美优,1,0,1
美小团外卖红包券美食助手,318,0,318
美情旅行,0,0,0
美惑,0,0,0
美惑内衣铺,0,0,0
美涂涂,1,0,1
美物计严选,1,0,1
美玲旅行,2,0,2
美要极轻奢,2,0,2
美食杰优选,1,0,1
羞羞哒小型售货机迷你无人售货机,2,0,2
羞羞哒酒店无人售货机售货柜厂家,2,0,2
羽派旅行,2,0,2
翔工道路划线机,0,0,0
翔美作文辅导,0,0,0
翰林AP课程机构,0,0,0
老北京教育,18,0,18
老娘舅餐饮有限公司,1,0,1
老张秒表,0,0,0
老虎云北京网络科技有限公司,0,0,0
老虎消防,0,0,0
考必达教育咨询有限公司,1,0,1
考易监理工程师,0,0,0
考特贝尔餐厅油水分离器,0,0,0
考而思留学生学术辅导中心,2,0,2
耐驰进口螺杆泵及通用配件,16,0,16
聊城市群鑫钢铁有限公司第三店铺,0,0,0
聊城市迅得信息技术有限公司,44,4,48
联图活码,2,0,2
聚合文娱,1,0,1
聚培教育,0,0,0
聚师网,0,0,0
肇庆泽弘科技有限公司,0,0,0
肌因美,2,0,2
肌因美生物基因工程上海第三店铺,0,0,0
肌肉小王子旗舰店,1,0,1
肖捏餐饮信息交流平台,0,0,0
肥龙成长记,2,0,2
胖潘娱乐,0,0,0
胡氏正方,0,0,0
腾汇数码,0,0,0
腾翼搏时医药冷链,3,0,3
腾讯音乐娱乐深圳有限公司,1,0,1
腾辉科技,0,0,0
自媒帮农庄推荐,0,0,0
自贡市川密机械密封件有限公司,0,0,0
至友露骨料地坪价格,1,9,10
至行电商平台运营,0,0,0
航信家政,0,0,0
航旭换热机组,75,0,75
航空快运托运卡航,1,0,1
良吉搬家,37,0,37
艺萱美丽进口美容获奖产品,1,8,9
艾凡鹏环境监测系统,0,0,0
艾多美跨境电商,2,0,2
艾薇儿国际家政,0,0,0
芙柯修复敏感肌,2,0,2
芙柯敏感肌修复,2,0,2
芮贾家政,1,0,1
花万里餐饮策划设计,0,0,0
花世界鲜花网同城花店买花配送,22,0,22
花友之家,70,0,70
花嫁丽舍,3,0,3
花市网鲜花,30,0,30
花急配,0,0,0
花捧娱乐明星代言出场植入公司,0,0,0
花月鲜花,1,0,1
花百科,160,0,160
花礼网鲜花,8,0,8
花芙伊,0,0,0
花花老黄历,0,0,0
花语鲜花,1,0,1
花送鲜花网,20,0,20
花鸟岛未知几民宿,0,0,0
芸尚森活微商城,1,0,1
苍南焕博工艺礼品有限公司,0,0,0
苏宁易购,44,0,44
苏州中吉仓储物流设备有限公司,0,0,0
苏州华卓自动化设备有限公司,0,0,0
苏州华聚智能科技有限公司,0,0,0
苏州协基电线有限公司,0,0,0
苏州厚如电子科技第一店铺,0,0,0
苏州大广优废旧物资回收有限公司,0,0,0
苏州好快记注册公司,0,0,0
苏州御卉景观园林第一店铺,0,0,0
苏州徽馨徽源餐饮管理有限公司,1,0,1
苏州森度健身器材第一店铺,0,0,0
苏州沪中国际贸易有限公司,1,0,1
苏州瑞诚电子零件混合分销商,0,0,0
苏州璞印仿古建材第一店铺,0,0,0
苏州福绘润智文化发展有限公司,1,0,1
苏州科德劲起重机械有限公司,0,0,0
苏州速吉通风机械设备有限公司,0,0,0
英吉姆暨英派斯游泳健身,0,0,0
荆州市脊之源科技发展有限公司,0,0,0
荆州美吧生物科技有限公司,0,0,0
草木间茶香隐舍,0,0,0
荣祥物流运输,1,0,1
荥阳市民生食品机械有限公司,1,0,1
荧裳运动服饰,1,0,1
莆田火言火又装饰设计有限公司,0,0,0
获嘉县获艺雕塑第一店铺,0,0,0
获客云,0,0,0
获旅体科技发展武汉有限公司,1,0,1
菏泽瑞银热交换设备第一店铺,0,0,0
菏泽青韵绿化工程有限公司,0,0,0
菲菲教育,3,0,3
萌萌哒教育教学知识点讲解,1,0,1
萌话娱评,2,0,2
董永教育,0,0,0
葫芦芥子博客,0,0,0
蓓趣纸尿裤代理价格表,0,0,0
蓝汇资源,0,0,0
蓝集装饰,3,0,3
蓝鲸国际教育,2,0,2
蓟州美利山,0,0,0
蔚蓝呼吸,1,0,1
蕴际,0,0,0
虞城县顺达厨具厂第一店铺,0,0,0
虾皇,1,0,1
蜂窝陶瓷蓄热体_分子筛_活性炭脱硫剂_活性炭脱油剂,0,0,0
蜂蜜土味情话,0,0,0
蜗牛国际物流大连有限公司,0,0,0
蜜匠婚礼,0,0,0
蜜糖情话,0,0,0
融捷健康科技股份有限公司,0,0,0
融跃教育,1,0,1
蟹如虎,1,0,1
行动教育网站,3,0,3
行动教育集团,3,0,3
行唐王俊电商,2,0,2
行王床垫换布,1,10,11
行王椅子换皮换布,1,8,9
衡水中键机械设备第一店铺,0,0,0
衡水汇成减隔震科技有限公司,0,0,0
衡水爱月宝产后恢复,0,0,0
衡水胡氏橡塑科技第一店铺,0,0,0
装馨家,0,0,0
襄阳市俭鼎玻璃钢第三店铺,0,0,0
西亚化学科技山东第一店铺,0,0,0
西安亮剑青少年学生军训夏令营,25,0,25
西安多利隆运动草坪有限公司,1,0,1
西安小天使健康产业集团有限公司,0,0,0
西安市博才集美补习学校,0,0,0
西安市户县兴盛泡花碱厂,0,0,0
西安广宝安防监控系统,0,0,0
西安弘力远帆工程技术有限公司,0,0,0
西安恒威健身器材第一店铺,0,0,0
西安显峰教学设备制造有限公司,0,0,0
西安红向标新能源科技,0,0,0
西安绿槐科技有限公司,0,0,0
西安蓝装婚博会,0,0,0
西安计然广告有限公司,0,0,0
西平县明辉农牧机械设备有限公司,0,0,0
西来弹簧厂加工定制,0,0,0
西湖区新想娱乐设备销售部,0,0,0
西竹云见温泉度假美墅,0,0,0
西藏昌都茶马古道国际旅行社,1,0,1
观山湖区鸿兴祥瑞物资回第一店铺,0,0,0
观湖御景,0,0,0
觅糖美食,1,0,1
言迪慧学,22,0,22
警护威,0,0,0
认养一头牛,1,0,1
讯灰科技商贸,2,0,2
证券开户通,1,0,1
识物派,0,0,0
诚贯济南公司个体户注册代理记账,1,0,1
诸城市中鸿机械设备有限公司,0,0,0
诸城市德工机械科技有限公司,0,0,0
诸城市铭恩机械有限公司第三店铺,0,0,0
诸城朝阳宰鸡设备,16,0,16
诸暨市正新弹簧有限公司,0,0,0
诺尔预糊化淀粉,0,0,0
诺迪克健身器材上海有限公司,1,0,1
读一间枕溪民宿,0,0,0
谦礼口算神器,0,0,0
豆丁网,0,0,0
象山见海见述民宿,0,0,0
豫龙小导管尖头机,0,0,0
贝玲肌肤管理,69,516,585
财智网,0,0,0
货拉拉,1,0,1
货运宝司机端,0,0,0
贵州东汇达教育,0,0,0
贵州学道教育咨询有限公司,1,0,1
贵州鑫嘉,2,0,2
贵阳中国旅行社,1,0,1
贵阳博学教育信息,0,0,0
贵阳精业教育信息,0,0,0
贵龙在见金属彩石瓦,0,0,0
贵龙在见防腐檩条,0,0,0
贵龙在见陶金瓦,0,0,0
赣州XSW电脑设计培训,23,0,23
赤壁市欢允百货店,0,0,0
赵记柴火鸡灶台,0,0,0
越寂岚厝,0,0,0
趣灵魂手电筒,0,0,0
趣美宿旅行,0,0,0
跅驰撕膜机,12,0,12
车主之家成交价,0,0,0
车保宝学法减分,0,0,0
车检大师年审预约,0,0,0
车行易国际驾照,38,0,38
车轮年检,3,0,3
轩然旅游,2,0,2
轻壹健康,0,0,0
轿车托运易丰,5,0,5
辉县市长虹弹簧有限公司,0,0,0
辉致测控科技上海有限公司,0,0,0
辑里湖丝文化保护协会,0,0,0
辰泓起重设备上海有限公司,0,0,0
辽宁斯北克货架制造有限公司,0,0,0
辽宁远东换热设备制造有限公司,1,0,1
辽宁鑫火新能源科技有限公司,0,0,0
达内网络营销,0,0,0
达穗快速入户,0,0,0
达达快送,2,0,2
迈康健康资讯,2,0,2
迎新年集好运,0,0,0
运动站高尔夫精选,1,0,1
运帮工搬家拉货,2,0,2
远丰电商,0,0,0
远宏园林,1,9,10
远程教育,0,0,0
连云港凰熙化工,0,0,0
连云港际格门窗有限公司第一店铺,0,0,0
送花优鲜花,1,0,1
选师无忧小学中学辅导家教找老师,0,0,0
通考教育英语四级成绩查询入口,0,0,0
速加电,2,0,2
逸通快递,0,0,0
道冲物联共享换电柜,0,0,0
道远夹丝玻璃,26,0,26
邢台全火机械制造第一店铺,0,0,0
邢台全火机械制造第二店铺,0,0,0
邢台市金弧焊接设备销售有限公司,0,0,0
邢台德延科技有限公司第二店铺,0,0,0
邦德货架重庆有限公司第一店铺,0,0,0
邦德邦物流,0,0,0
邮多多国际快递集运,1,0,1
邮小哥国际快递,0,0,0
邮证身份证邮寄,11,0,11
邯郸市永年区河北铺厚硕紧固件,0,0,0
邯郸市永年区虎腾紧固件第二店铺,0,0,0
邳州市胡氏银杏苗木种植,0,0,0
郑州中厚机械设备有限公司,0,0,0
郑州中联收获机械有限公司,0,0,0
郑州中联收获机械第三店铺,0,0,0
郑州中联收获机械第二店铺,0,0,0
郑州中联收获机械第四店铺,0,0,0
郑州九庭化工产品第一店铺,0,0,0
郑州佳硕教学设备有限公司,0,0,0
郑州佳硕教学设备第二店铺,0,0,0
郑州华晶金刚石股份有限公司,1,0,1
郑州华铸环保设备有限公司,0,0,0
郑州名卉源花卉有限公司,0,0,0
郑州四季火耐火材料有限公司,0,0,0
郑州国优阀门有限公司,0,0,0
郑州威大水处理材料有限公司,0,0,0
郑州威诺健身器材,0,0,0
郑州安固建材有限公司第一店铺,0,0,0
郑州小绘科技有限公司,1,0,1
郑州市一品鲜食品机械制第一店铺,0,0,0
郑州市利特混合设备有限公司,0,0,0
郑州市森虎餐饮管理有限公司,1,0,1
郑州幻速数码科技有限公司,0,0,0
郑州成龙教学设备有限公司,0,0,0
郑州浩远耐材科技有限公司,0,0,0
郑州琦迹教育科技有限公司,1,0,1
郑州百思特食品添加剂有限公司,0,0,0
郑州硕鼎电力科技有限公司,0,0,0
郑州网域计算机科技有限公司,1,0,1
郑州老胡通风设备有限公司,0,0,0
郑州联科机械设备有限公司,0,0,0
郑州赵磊石磨设备有限公司,0,0,0
郑州铭成奇迹企业形象设计,1,0,1
郑州锦源水处理材料有限公司,0,0,0
都宝走线架,0,0,0
都市惠,1,0,1
鄂尔多斯市宏易网络科技有限公司,1,0,1
鄂汇办,4,0,4
酒不悔,1,0,1
酷星通航CREWSTAR,0,0,0
重庆互鹏农业发展有限公司,1,0,1
重庆光电仪器有限公司,1,0,1
重庆兴欣厨具有限公司,0,0,0
重庆凡壹塑料有限公司,0,0,0
重庆小师兄餐饮管理咨询有限公司,1,0,1
重庆山炮餐饮娱乐文化有限公司,1,0,1
重庆巴尖餐饮管理有限公司,1,0,1
重庆市丰泽恒鑫金属活第二店铺,0,0,0
重庆弘博士服饰集团有限公司,0,0,0
重庆恢恢信息技术有限公司,1,0,1
重庆惠全科技有限公司,1,0,1
重庆户户达家政,42,0,42
重庆新奇迹钢结构工程有限公司,0,0,0
重庆木莲花开餐饮管理,0,0,0
重庆机电控股集团公司,1,0,1
重庆欢龙消防设备有限公司,0,0,0
重庆沈洪存餐饮管理有限公司,1,0,1
重庆白家餐饮管理有限公司,1,0,1
重庆筷乐食光餐饮管理有限公司,1,0,1
重庆美亚国际旅行社,0,0,0
重庆美斯特健身管理有限公司,1,0,1
重庆计通财税咨询有限公司,0,0,0
重庆贝航餐饮管理有限公司,1,0,1
重庆闲鱼餐饮管理有限公司,0,0,0
重庆雪克先生餐饮管理有限公司,1,0,1
重庆青年旅行社普吉岛旅游,0,0,0
重庆青年旅行社欧洲旅游报价,0,0,0
重德教育,69,0,69
金修教育总部,0,0,0
金华市精磺化工有限公司第一店铺,0,0,0
金华市金东区千喜苗木场,0,0,0
金投网,4,0,4
金瘦立减肥瘦身,33,0,33
金盾看守所监室门,1,8,9
金雄狮旅游,0,0,0
鉴华产品质量鉴定,0,0,0
鑫三瑞护目镜厂家,0,0,0
鑫回购物分享,0,0,0
鑫海天内蒙古考研辅导机构,0,0,0
鑫海威监控台立杆,0,0,0
鑫科教学磁铁,11,0,11
鑫锐时代蓟州生活服务到家,69,0,69
钰航提前还款计算器,0,0,0
铁甲二手机,5,0,5
铭兴磷酸二氢钾,22,0,22
铭师专升本,0,0,0
银基机械电极糊压球机,16,0,16
银基电极糊成型机,15,0,15
银川二十间房艺术民宿,0,0,0
银成医考,0,0,0
锋度智能控制技术贵州有限公司,0,0,0
锐思教育,0,0,0
锐立文保纸张脱酸,0,0,0
锐赢旅游攻略,3,0,3
锦堂盛夹丝玻璃,3,0,3
锦荣候车亭,3,0,3
锦鲤贷款计算器,0,0,0
键德测试测量系统东莞有限公司,0,0,0
镇江九立电气,0,0,0
长春市加利士餐饮管理有限公司,1,0,1
长春市唤味餐饮管理服务有限公司,1,0,1
长春市达兴厨房设备有限公司,0,0,0
长春键坤联合科技发展有限公司,0,0,0
长沙伍爱美食食品科技有限公司,1,0,1
长沙尚淇体育运动有限公司,1,0,1
长沙市合力彩板有限公司,0,0,0
长沙柘长气体有限公司,0,0,0
长沙湖特电机有限公司,0,0,0
长沙炬煌金属材料有限公司,0,0,0
长沙甜蜜蜜婚介,39,2,41
长赢紫穗槐,16,0,16
门季上海生物科技有限公司,0,0,0
问权,1,0,1
问答街知识百科,14,0,14
问问塔罗,3,0,3
闹闹猴充值中心,0,0,0
闹闹猴充值平台,4,0,4
闽侯县建辉夹芯板有限公司,0,0,0
闽政通,13,0,13
阅品邮编查询大全,0,0,0
阡陌旅行,0,0,0
阳光密集架书架,0,0,0
阳朔县四季云栖酒店,0,0,0
阳朔姬拉度假酒店,0,0,0
阳朔姬拉度假酒店有限公司,0,0,0
阿拉善左旗巴彦浩特镇塞外魂土特,0,0,0
陌见山精品民宿,0,0,0
陕西俊俏工贸有限公司,0,0,0
陕西兴纪龙管道股份有限公司,0,0,0
陕西华实生物科技有限公司,0,0,0
陕西品厚建材科技第一店铺,0,0,0
陕西杨和平餐饮美食,28,506,534
陕西瑞唐魂服饰有限公司,0,0,0
陕西鑫茂源农业发展第二店铺,0,0,0
陶庐TaoHouse慢活艺术空间,0,0,0
隆尧县贾国其机械制造第一店铺,0,0,0
随州市曾侯乙编钟编磬文化,1,0,1
隐居度假,0,0,0
雅棉健康居住商城,1,0,1
雅琪尔电商,0,0,0
雅风商贸,6,0,6
集印猫,1,0,1
集大家书法,0,0,0
集天下仕汇天下智,0,0,0
集库,2,0,2
集智惠知,2,0,2
集月光赢红包,0,0,0
集梦间,0,0,0
集省,2,0,2
集运跨境物流,0,0,0
零久话题,4,17,21
雾凇旅行社,0,0,0
青县冀丰钢铁有限公司,1,0,1
青团社兼职,33,0,33
青城见素山居,0,0,0
青岛东吉丰畜牧科技有限公司,0,0,0
青岛中宝制刷有限公司,0,0,0
青岛即丰橡胶有限公司第一店铺,0,0,0
青岛帝一健身管理有限公司,1,0,1
青岛海沛斯挤出设备,0,0,0
青岛海纳电子商务有限公司,0,0,0
青岛简瘦云科技有限公司,1,0,1
青岛纪盛源电梯工程有限公司,1,0,1
青岛银色世纪健康产业集团,1,0,1
青岛青年国际旅行社,10,2,12
青州凯利德剪刀有限公司,0,0,0
青州市卉然花卉苗木第一店铺,0,0,0
青州市树祥花卉苗木第一店铺,0,0,0
青州市鉴悦农业科技第一店铺,0,0,0
青果教育,0,0,0
青海诺木洪农场,1,0,1
青白淘夕夕电商,0,0,0
青颜美食大全,0,0,0
青鹿教育,1,0,1
鞍山市激埃特光电第二店铺,0,0,0
鞍山市生华弹簧制造有限公司,0,0,0
音悦佳网校,0,0,0
顶立科技粉末冶金设备,69,0,69
顺卉园林,0,0,0
顺拍快递直通车,1,0,1
颂健康,0,0,0
领航者教育,0,0,0
颜之有理养生小窍门教学,0,0,0
飞橙教育,31,0,31
飞茑集民宿,0,0,0
飞际留学go,0,0,0
飞际移民,0,0,0
飞飞摩斯密码,4,0,4
飞马捷运中日FBA专线快递,0,0,0
食为先杂粮煎饼培训班,0,0,0
食美味香,0,0,0
馀生旅游地方美食特产礼品预订,1,0,1
香巴香食品小吃企业管理培训,17,0,17
香港杏仁健康资讯,0,0,0
马丹阳健康分享,2,0,2
马关县胡二林种子经营部第一店铺,0,0,0
马关县胡华路种子经营部,0,0,0
马窝旅行攻略,0,0,0
驰业股权培训,0,0,0
驾校惠,0,0,0
高优脑筋急转弯,0,0,0
高新区九湖盛美园艺场,0,0,0
高氏万斯磁化壶,0,0,0
高百安全目视化,2,0,2
高百目视化,2,0,2
魔力快捷键查询,0,0,0
魔法童话屋,0,0,0
魔猴网,0,0,0
魔猴网3D打印平台,0,0,0
鲁商健康城,0,0,0
鲁师教育,0,0,0
鲁灰石材,0,0,0
鸿仁塑料件,0,0,0
鸿泰盛北京健康科技有限公司,0,0,0
鸿迪防滑防护科技山东第一店铺,0,0,0
鸿都教育,0,0,0
鹏嘉说法,2,0,2
鹤壁市天键电子科技有限公司,0,0,0
鹤壁市民生科技开发有限责任公司,1,0,1
鹤山市任挥岭灯饰企业有限公司,0,0,0
鹿鹿脑筋急转弯,1,0,1
麦画郎,1,0,1
麦职教育,25,0,25
黄山山水间民宿,0,0,0
黄山市徽世食品有限公司,0,0,0
黄山春秋旅游,10,2,12
黄杰大蒜收获机,1,0,1
黄老五,1,0,1
黑加品牌策划,0,0,0
黑龙江红科智能工程有限公司,0,0,0
鼎源阴阳离子交换树脂,0,0,0
齐优教育科技,0,0,0
齐家装修监理,7,0,7
龙博紫穗槐,26,0,26
龙博紫穗槐小苗价格,30,0,30
龙门休闲娱乐,61,518,579
龙门县几个院子度假民宿,0,0,0
125在职研究生,38,0,38
131413剧情,0,0,0
38povL8Syn7bDPu640GTkFU84Ah1HyqD,0,0,0
500彩票,3,0,3
51演讲吧,13,0,13
51贷款计算器,0,0,0
8684查违章,0,0,0
ARPelsl9nHbFir3kKKRZteEvlTi9svSA,0,0,0
BLHC液压胀紧套,39,0,39
d9InQSOpLK1iqGIqbuiHgE96m3ZAA2ua,0,0,0
DR钻戒,0,0,0
Eddaair杀菌除臭机,23,0,23
egwuOOWbhj4bIMxZja8KsDlEcWy1MhtE,0,0,0
flightclub中文站,8,0,8
GYTxgWZsQkjZfMPT2UWjT01v9V04ITuP,0,0,0
ITES深圳工业展,1,0,1
itotii语不惊人死不休,0,0,0
JL钧雷微行天下,43,4,47
LYOKuNGs4smTXliYZha2RbHgMxNgGUO0,0,0,0
NADO拿度激光测距仪,0,0,0
Prosys电流传感器,0,0,0
QM十二时辰转换,0,0,0
RnD瑷缇美甲美睫,3,0,3
TlIKxIjIKU5s3Hmrooolh91ug9GCyQbF,0,0,0
UTOP1A壹岛露营场,0,0,0
V67RIG14vIonorsUWMAXzhuY3Izs1lHl,0,0,0
ZZZGKIBda0fM3u8z0210rSZG70ufNi03,0,0,0
µÀ▒Õ£│Úæ½Õç»µùÂõ╗úþºæµèÇµ£ëÚÖÉÕà¼ÕÅ©,0,0,0
µÖöÕ░öõ©Øþ¢æÕêÂÕôü,2,0,2
µĄÄÕŹŚõĖ░µČ”ń¦ŹÕŁÉµ£ēķÖÉÕģ¼ÕÅĖ,0,0,0
µ▒ƒÚù¿Õ©éþòàÞ¥¥ÕÀÑþ¿ïÞ«¥µû¢µ£ëÚÖÉÕà¼ÕÅ©,0,0,0
ÕìùµÿîµÁÖÕñ®õ║ñÚÇÜÞ«¥µû¢ÕÀÑþ¿ïµ£ëÚÖÉÕà¼ÕÅ©,0,0,0
þªÅÕ╗║þºæþë╣µû░Õ×ïÕ╗║µØÉþ¼¼õ©ÇÕ║ùÚô║,0,0,0
一凯wms软件,11,0,11
一凯仓储管理软件,12,0,12
一直看漫画,80,0,80
七七影视,1,0,1
七乐剧,1,0,1
七只雀民宿,0,0,0
七姐姐花样游泳,0,0,0
七彩寿命计算器,0,0,0
七彩量角器,0,0,0
七鱼客服系统,0,0,0
万世包子机,0,0,0
万世饺子机,0,0,0
万世饺子皮机,0,0,0
万仪户外粉尘监测系统环保局标准,19,0,19
万卷时光书店,1,0,1
万吉建业建材植筋胶,0,0,0
万喜（天津）紧固件有限公司,0,0,0
万境潇湘,0,0,0
万物有限元仿真,2,0,2
万玖环保,0,0,0
万疆好车,0,0,0
万隆伟业京学府,115,0,115
三今云广州网站建设,0,0,0
三原天域生物制品第三店铺,0,0,0
三河市新宏昌专用车有限公司,0,0,0
三河市燕郊瑞铨通机电有限公司,0,0,0
上古水郡,0,0,0
上海一研生物科技有限第一店铺,0,0,0
上海东巨物流有限公司,0,0,0
上海东郊宾馆有限公司,1,0,1
上海东靖数码电子科技第一店铺,0,0,0
上海举嘉实业有限公司第一店铺,0,0,0
上海举路交通设施第一店铺,0,0,0
上海久是化工有限公司,0,0,0
上海书俊,5,0,5
上海井腾金属第一店铺,0,0,0
上海交蓝科技集团有限公司,1,0,1
上海亿井电子技术有限公司,0,0,0
上海今友试验设备有限公司,0,0,0
上海今特检测设备有限公司,0,0,0
上海今诚财务咨询管理有限公司,0,0,0
上海介谷科技有限公司,1,0,1
上海介鑫工程机械设备有限公司,0,0,0
上海佳桔管道工程第一店铺,0,0,0
上海保藏生物技术中心,0,0,0
上海信晟达模型科技第一店铺,0,0,0
上海克兰密封件有限公司,0,0,0
上海兢纬电子科技第一店铺,0,0,0
上海军龙自动化设备有限公司,0,0,0
上海净京环保科技有限公司,0,0,0
上海凯纵电子科技有限公司,0,0,0
上海凯舰机电设备科技有限公司,0,0,0
上海创就智能科技第一店铺,0,0,0
上海创道新材料有限公司第一店铺,0,0,0
上海劲仑机械设备第三店铺,0,0,0
上海劲容自动化设备有限公司,0,0,0
上海劲强塑料包装制品厂,0,0,0
上海劲燃机电设备有限公司,0,0,0
上海匠安锁业有限公司,0,0,0
上海卓举信息技术第三店铺,0,0,0
上海双恩阀门制造有限公司,0,0,0
上海合竞实业有限公司,0,0,0
上海君双模型有限公司,0,0,0
上海君学投资管理有限公司,1,0,1
上海君学教育科技有限公司,1,0,1
上海呼叫中心_合力亿捷,0,0,0
上海咖泉泵业有限公司,0,0,0
上海四井智能科技有限公司,0,0,0
上海均屹过滤设备有限公司,0,0,0
上海坎昆仪器设备有限公司,0,0,0
上海境坪工程机械有限公司,0,0,0
上海姜一传感器有限公司,0,0,0
上海威敬机电设备有限公司,0,0,0
上海娇亚木业有限公司,0,0,0
上海宇结环保技术第一店铺,0,0,0
上海宜卷实业有限公司第一店铺,0,0,0
上海宝进办公设备有限公司,0,0,0
上海宸竣建材有限公司,0,0,0
上海将星化工设备有限公司,0,0,0
上海屹上脚轮有限公司第三店铺,0,0,0
上海巨宝恒,0,0,0
上海开地电子有限公司第一店铺,0,0,0
上海律与匠律师事务所,0,0,0
上海思珂润机电有限公司第一店铺,0,0,0
上海捷裕智能设备有限公司,0,0,0
上海敬仙机械设备有限公司,0,0,0
上海敬智过滤材料有限公司,0,0,0
上海数锦信息科技有限公司,1,0,1
上海新劲实业有限公司,0,0,0
上海旌琦机械科技有限公司,0,0,0
上海旻军建设工程有限公司,0,0,0
上海明楷商务咨询有限公司,0,0,0
上海易旧实业有限公司,0,0,0
上海晋圳包装材料有限公司,0,0,0
上海晋圳包装材料第二店铺,0,0,0
上海晟皋电气科技有限公司,0,0,0
上海晟邮通信箱具第二店铺,0,0,0
上海景琪景观工程有限公司,0,0,0
上海晶抗生物工程第一店铺,0,0,0
上海暖捷环境科技有限公司,1,0,1
上海束句仪器科技第一店铺,0,0,0
上海杰莘实业有限公司,1,0,1
上海松日电气有限公司第二店铺,0,0,0
上海欧堪电子科技有限公司,0,0,0
上海汉界通信工程第一店铺,0,0,0
上海汰慷实业有限公司,0,0,0
上海沪剑机械厂,0,0,0
上海泰江供应链管理有限公司,0,0,0
上海海悦电子科技有限公司,0,0,0
上海海楷制冷技术有限公司,0,0,0
上海源夕脚手架工程有限公司,0,0,0
上海澳华光电内窥镜有限公司,1,0,1
上海炫杰环保涂料有限公司,1,0,1
上海炬济环保工程有限公司,0,0,0
上海炯强实业有限公司,0,0,0
上海炯燃机械设备有限公司,0,0,0
上海炯科机械设备第三店铺,0,0,0
上海点进包装材料有限公司,0,0,0
上海焦耳蜡业有限公司,0,0,0
上海爵樽实业有限公司,0,0,0
上海爵福实业有限公司第一店铺,0,0,0
上海爵顺传动机械有限公司,0,0,0
上海璞近环保科技中心第三店铺,0,0,0
上海界才印务科技有限公司,0,0,0
上海疆达经贸有限公司,0,0,0
上海皆唯软件科技有限公司,1,0,1
上海皓驹安全科技有限公司,0,0,0
上海皓驹安全科技第三店铺,0,0,0
上海盟疆工业自动化设备有限公司,0,0,0
上海盟疆工业自动化设备第二店铺,0,0,0
上海盼均精密机械第一店铺,0,0,0
上海睫曼电力设备店铺,0,0,0
上海睫曼电力设备有限公司,0,0,0
上海睫曼电力设备第一店铺,0,0,0
上海睫曼电力设备第二店铺,0,0,0
上海睫曼电力设备第五店铺,0,0,0
上海矩源自动化科技有限公司,0,0,0
上海硕赛国际贸易有限公司,0,0,0
上海禾早电子科技有限公司,0,0,0
上海禾米贸易有限公司第一店铺,0,0,0
上海科翼实验用品有限公司,0,0,0
上海竞昶数码科技有限公司,0,0,0
上海竣喆塑化有限公司,0,0,0
上海竣桅化工新材料第二店铺,0,0,0
上海竭心特氟龙技术有限公司,0,0,0
上海精全泵阀制造有限公司,0,0,0
上海精谱科技有限公司,0,0,0
上海纯露生物科技有限公司,0,0,0
上海结申管件制造第一店铺,0,0,0
上海罗山废旧物资回收有限公司,0,0,0
上海翊钢国际贸易第四店铺,0,0,0
上海翕宇自动化科技有限公司,0,0,0
上海艾飞思精密仪器第三店铺,0,0,0
上海节然机械设备有限公司,0,0,0
上海芳静包装机械有限公司,0,0,0
上海苏靖机电工程有限公司,1,0,1
上海英举工程机械有限公司,0,0,0
上海荆东流体设备第一店铺,0,0,0
上海荆创贸易有限公司第三店铺,0,0,0
上海荆和分析仪器第一店铺,0,0,0
上海荆珠建筑材料有限公司,0,0,0
上海荆腾铝业有限公司,0,0,0
上海荆视影音工程有限公司,0,0,0
上海营爵膜结构工程有限公司,0,0,0
上海衣合谷米业有限公司,0,0,0
上海观晓酒店管理有限公司,0,0,0
上海诺钧建材有限公司,0,0,0
上海谨一装饰工程第一店铺,0,0,0
上海贝根电子科技有限公司,0,0,0
上海赉军宠物用品有限公司,0,0,0
上海赫姜商贸有限公司,0,0,0
上海赫腾管件有限公司,0,0,0
上海足悦公司量角器健康鞋,1,0,1
上海进亨给排水设备有限公司,0,0,0
上海进佳科学仪器第二店铺,0,0,0
上海途郡环保设备第一店铺,0,0,0
上海通具精密锻造第三店铺,0,0,0
上海通捷特种电缆有限公司,0,0,0
上海酒贝乐信息技术有限公司,0,0,0
上海鑫天气动量仪,2,0,2
上海钧上机械科技第一店铺,0,0,0
上海钧恩塑化有限公司第一店铺,0,0,0
上海钧鼎机械制造有限公司,0,0,0
上海锐杰钢结构有限公司,0,0,0
上海镁鲸科技发展第三店铺,0,0,0
上海长均工程机械有限公司,0,0,0
上海阳谨金属材料第二店铺,0,0,0
上海隆界机械有限公司第三店铺,0,0,0
上海静都声学工程有限公司,0,0,0
上海靳品工程机械第一店铺,0,0,0
上海首丰精密仪器,0,0,0
上海驭进建筑装饰工程有限公司,0,0,0
上海骁劲机械设备有限公司,0,0,0
上海骄意工程机械有限公司,0,0,0
上海骄昊塑胶地坪工程有限公司,0,0,0
上海骄雷自动化科技第一店铺,0,0,0
上海骏然网络科技第一店铺,0,0,0
上海鲁钧铝业有限公司,0,0,0
上海鲸启实业有限公司,0,0,0
上海黄金交易所,1,0,1
上湖郡,0,0,0
不是居,0,0,0
世园公园票务,0,0,0
东兴明式楼红木家俱店,0,0,0
东台市彦鲸科技有限公司第二店铺,0,0,0
东方资讯,8,0,8
东莞久一,1,0,1
东莞厚劲矽胶制品有限公司,1,0,1
东莞同进企业管理咨询有限公司,0,0,0
东莞市一线缘婚姻介绍服务,1,0,1
东莞市中距塑胶制品第一店铺,0,0,0
东莞市举宏机械设备贸易第一店铺,0,0,0
东莞市仁智包装科技有限公司,0,0,0
东莞市今晟纳米科技有限公司,0,0,0
东莞市优咖塑胶有限公司,0,0,0
东莞市俱亿五金有限公司第一店铺,0,0,0
东莞市健明包装制品有限公司,0,0,0
东莞市劲鑫节能设备科技第二店铺,0,0,0
东莞市勇杰仪器设备有限公司,0,0,0
东莞市华勤代理记账有限公司,0,0,0
东莞市协进液压有限公司,0,0,0
东莞市南方力劲机械第一店铺,0,0,0
东莞市南方力劲机械第二店铺,0,0,0
东莞市同进电器科技有限公司,0,0,0
东莞市品恒胶业有限公司,0,0,0
东莞市均宏包装制品有限公司,0,0,0
东莞市均顺再生资源回收有限公司,0,0,0
东莞市天翔模具配件第一店铺,0,0,0
东莞市宏熙会计服务有限公司,0,0,0
东莞市峻滔塑胶原料有限公司,0,0,0
东莞市工峻硅胶制品有限公司,0,0,0
东莞市巾国服装有限公司,1,0,1
东莞市广明脚轮制品有限公司,0,0,0
东莞市广驰防静电科技有限公司,0,0,0
东莞市快捷量具仪器有限公司,0,0,0
东莞市恒海自动化设备有限公司,0,0,0
东莞市意进实业有限公司,0,0,0
东莞市慷林木业有限公司,1,0,1
东莞市慷林木业有限公司第二店铺,0,0,0
东莞市方荣冶金设备有限公司,0,0,0
东莞市旭德源智能厨具科技,0,0,0
东莞市明俱辉电子科技有限公司,1,0,1
东莞市智觉电子科技第一店铺,0,0,0
东莞市杰发塑胶有限公司,0,0,0
东莞市杰品科技有限公司,0,0,0
东莞市杰鑫钢结构工程有限公司,0,0,0
东莞市标桔知识产权管理有限公司,0,0,0
东莞市栢顺镜业有限公司,0,0,0
东莞市桥头福禧工艺品商行,0,0,0
东莞市汉疆磁电有限公司,0,0,0
东莞市海越光学科技有限公司,0,0,0
东莞市焦大自动化科技第一店铺,0,0,0
东莞市矩邦五金制品有限公司,0,0,0
东莞市祥杰电子科技有限公司,0,0,0
东莞市科力胶粘剂有限公司,0,0,0
东莞市粤艺五金科技有限公司,0,0,0
东莞市精瑛伦实业有限公司,0,0,0
东莞市舰通包装制品有限公司,0,0,0
东莞市艾米森防静电科技有限公司,0,0,0
东莞市莞皇皮具护理有限公司,0,0,0
东莞市莞鑫光学科技有限公司,0,0,0
东莞市趼烬自动化设备第一店铺,0,0,0
东莞市进发机械设备有限公司,0,0,0
东莞市进善进美文化传播有限公司,1,0,1
东莞市进壹图文设计有限公司,0,0,0
东莞市金柱镜片制品有限公司,0,0,0
东莞市金镭标签制品有限公司,0,0,0
东莞市钧麟国际物流有限公司,0,0,0
东莞市镜宝明塑胶制品有限公司,0,0,0
东莞市高楷膜业科技有限公司,1,0,1
东莞市高益装饰材料有限公司,0,0,0
东莞楷佳建材有限公司,0,0,0
东营爵晟商贸有限公司第三店铺,0,0,0
东阳市明堂红木家俱有限公司,1,0,1
东雅阶梯教室桌椅加工,12,0,12
个税精灵计算器,0,0,0
中交信达谦和新能源股份有限公司,1,0,1
中交出行,0,0,0
中交卓越科技湖北有限公司,1,0,1
中交路桥科技有限公司,0,0,0
中交路达,1,0,1
中企远航北京国际贸易有限公司,0,0,0
中冶成都勘察研究总院有限公司,1,0,1
中净环保,1,0,1
中华康网,0,0,0
中商2019油画展,11,0,11
中国制浆造纸研究院有限公司,0,0,0
中国教育学刊杂志社,1,0,1
中外葡萄与葡萄酒杂志社,1,0,1
中山仅亿包装有限公司,0,0,0
中山厚德脚轮制造第二店铺,0,0,0
中山市业亿脚轮制造第一店铺,0,0,0
中山市天骄自动化设备第一店铺,0,0,0
中康明视,2,0,2
中建七局安装工程有限公司,1,0,1
中建三局西部投资有限公司,1,0,1
中微生物益生菌,1,0,1
中港盘扣广州脚手架租赁有限公司,0,0,0
中电建十一局工程建筑材第一店铺,0,0,0
中研研究院,0,0,0
中科聚峰小型搅拌机,6,0,6
中绿国景福建园林景观有限公司,0,0,0
中进工程机械山东有限公司,0,0,0
中酱江苏酿造有限公司,1,0,1
中音阶梯音乐培训学校机构,0,0,0
中音阶梯音乐艺考,0,0,0
丰城市汇钧塑业有限公司,0,0,0
丰泽区台泉酒行第一店铺,0,0,0
临朐茂杰金属制品厂,0,0,0
临沂于氏酒水回收店第一店铺,0,0,0
临沂双雷酒水回收第二店铺,0,0,0
临沂市亨成酒水回收有限公司,1,0,1
临沂市兰山区丰泽制胶厂,0,0,0
临沂浚清门业有限公司,0,0,0
临沂秀民酒水回收有限公司,0,0,0
临沂经济技术开发区捷第一店铺,0,0,0
临沂绪银耐火材料有限公司,0,0,0
临沂茗杰木业有限公司第三店铺,0,0,0
临沂进宝牧业有限公司,0,0,0
丸子酱美妆,0,0,0
丸子酱美妆品牌,1,0,1
丹阳市陵合美光学仪器有限公司,0,0,0
久一热熔胶,3,0,3
久优印务,0,0,0
久友网络,0,0,0
久年,1,0,1
久泉文化,1,0,1
久钻地质勘探钻机,0,0,0
乐咖狼人sha发牌助手,0,0,0
乐朗葡萄酒有限公司,1,0,1
乐朴山静,0,0,0
乐清市华安矿业机械有限公司,0,0,0
乐清市鸿爵斯连接器制造有限公司,0,0,0
乐科渣浆泵,0,0,0
乐视视频,23,0,23
乐陵市建华农牧机械制造厂,0,0,0
九九汉字找不同,0,0,0
九和府,0,0,0
九居所,0,0,0
九州华夏北京国际管理咨询,0,0,0
九江县荆林园林绿化有限公司,0,0,0
九泽韩城,0,0,0
九色优品,0,0,0
九谊,0,0,0
九间堂楼盘,1,0,1
也觉天运周公解梦,0,0,0
事界飞行汽车,1,0,1
二舅设备商城,83,0,83
云众精机,61,516,577
云南三明鑫疆控股集团有限公司,1,0,1
云南丹羽生物科技有限公司,0,0,0
云南倔强科技有限公司第一店铺,0,0,0
云南元今茶业有限公司,0,0,0
云南兴锦昇菌业有限公司第一店铺,0,0,0
云南刊泽商贸有限公司,0,0,0
云南刊泽商贸有限公司第一店铺,0,0,0
云南勘仁商贸有限公司第一店铺,0,0,0
云南勘仁商贸有限公司第三店铺,0,0,0
云南南浆建筑材料第一店铺,0,0,0
云南姜来无忧生物科技有限公司,0,0,0
云南山喜之食品有限公司第一店铺,0,0,0
云南慷百恒新型材料科技有限公司,0,0,0
云南新劲宏铝塑幕墙装饰工程,0,0,0
云南献王路桥模架租赁第一店铺,0,0,0
云南申展软件有限公司,0,0,0
云南艾旅光电科技有限公司,0,0,0
云南菊开生物科技有限公司,0,0,0
云南虹鑫废旧物资回收有限公司,0,0,0
云南远锦光学仪器第一店铺,0,0,0
云南钢锦钢材批发,0,0,0
云南钧合电子衡器第一店铺,0,0,0
云南长威机械制造有限公司,0,0,0
云岸山居,0,0,0
云峤每日讲车,0,0,0
云易定酱香酒商城,0,0,0
云端觅境精品民宿,0,0,0
五节数据,0,0,0
五鑫踢脚线转印膜,12,0,12
五音不全古筝制作研究院,1,0,1
井下之友电气有限公司,0,0,0
井亭民宿,0,0,0
亚恩工资个税个人所得税计算,0,0,0
亚林移动升降机,0,0,0
交易游,0,0,0
交管12123,5,0,5
京利恒油烟净化器,2,0,2
京客网,0,0,0
京山华鑫源动力设备厂,0,0,0
京心相助,38,10,48
京拼拼,2,0,2
京澜誉府,0,0,0
京生管业,119,0,119
京缆电缆有限公司,1,0,1
京美彩虹北京广告制作有限公司,0,0,0
京藤集团,0,0,0
京通宝,2,0,2
京阅澜山,0,0,0
亲和蕲春生物科技第一店铺,0,0,0
亲宝宝家庭育儿服务平台,0,0,0
亳州市卡鸿商行,0,0,0
亳州市酒巷酒业第一店铺,0,0,0
人人讲精品课,0,0,0
人物界新闻,0,0,0
人行门禁,1,0,1
亿万人生,0,0,0
亿联界,0,0,0
亿达昌盛钢结构螺栓,0,0,0
亿鑫达镀锌方矩管厂家,7,0,7
仅益婴幼儿营养品,1,0,1
今一精工科技无锡有限公司,0,0,0
今晓城市,2,0,2
今知了生活快讯,4,0,4
今鲜生,1,0,1
仕航科技进生活,0,0,0
仙居石影界人文酒店,0,0,0
仙渐变上海电子商务有限公司,1,0,1
仙界慧生活社区,0,0,0
仪征天扬降粘剂,0,0,0
仪征市十二圩静墨苑民宿酒店,0,0,0
任丘市凯华通讯电力器材有限公司,0,0,0
任丘市宏邦模具有限公司,0,0,0
任丘市曙光模具有限公司,0,0,0
任丘市现代模具有限公司,0,0,0
任县进意机械厂,0,0,0
任路废铁回收,3,0,3
企盈,1,0,1
众进信息,0,0,0
优净云,96,0,96
优制谛,0,0,0
优洁卫士,1,1,2
优锦化工上海有限公司,0,0,0
会泉泥浆泵厂家,24,0,24
传统节日网,0,0,0
住范儿,6,0,6
余姚市晨浩注塑机经营部,0,0,0
佛冈县石角镇安乔鱼苗养第一店铺,0,0,0
佛山华冠家具厂家,0,0,0
佛山市万模热流道科技有限公司,0,0,0
佛山市今盛塑料有限公司,0,0,0
佛山市伍角钢铁有限公司第一店铺,0,0,0
佛山市传力脚轮制造有限公司,0,0,0
佛山市健动体育设施工程有限公司,0,0,0
佛山市具力科技实业有限公司,1,0,1
佛山市南海区尽意金属制第一店铺,0,0,0
佛山市南海区美杰金属制品,0,0,0
佛山市南海思宏卷闸有限公司,0,0,0
佛山市南海永华毛巾织造有限公司,0,0,0
佛山市南海骄杨聚氨酯复合材料制,0,0,0
佛山市名敬优品家具第一店铺,0,0,0
佛山市圣原耐火保温材料有限公司,0,0,0
佛山市天浩金属制品有限公司,0,0,0
佛山市娇美娜生物科技有限公司,1,0,1
佛山市新宇就塑料有限公司,0,0,0
佛山市易角科技有限公司第二店铺,0,0,0
佛山市朗劲钢铁有限公司,0,0,0
佛山市朗劲钢铁有限公司第一店铺,0,0,0
佛山市朗劲钢铁有限公司第二店铺,0,0,0
佛山市楷盛朗建筑五金有限公司,0,0,0
佛山市江泓机械设备有限公司,0,0,0
佛山市沃浚纺织有限公司,0,0,0
佛山市爵林木业有限公司第一店铺,0,0,0
佛山市百思德门控智能第二店铺,0,0,0
佛山市竞广金属制品第一店铺,0,0,0
佛山市罗镜包装材料第一店铺,0,0,0
佛山市耀之杰不锈钢有限公司,0,0,0
佛山市荣星数控设备制造有限公司,0,0,0
佛山市蓝舰铁艺有限公司第一店铺,0,0,0
佛山市蓝舰铁艺有限公司第二店铺,0,0,0
佛山市警田防火卷闸门业有限公司,1,0,1
佛山市鑫一劲减速机第三店铺,0,0,0
佛山市钢劲钢铁有限公司第一店铺,0,0,0
佛山市钢劲钢铁有限公司第三店铺,0,0,0
佛山市钢进钢铁有限公司第一店铺,0,0,0
佛山市银劲顺金属制品有限公司,0,0,0
佛山市顺德区喜浚厨卫第二店铺,0,0,0
佛山市顺德区赢进钢铁第一店铺,0,0,0
佛山江泓机械设备有限公司,0,0,0
俊发城,0,0,0
俊隆汽车,0,0,0
保定仁鼎废旧物资回收有限公司,0,0,0
保定佰程模具制造有限公司,0,0,0
保定傲星再生资源回收第一店铺,0,0,0
保定卓亿模具制造第一店铺,0,0,0
保定市凯亚模具制造有限公司,0,0,0
保定市飞皇模具制造有限公司,0,0,0
保定彩娟输送机械销售第一店铺,0,0,0
保定恩泽模具制造有限公司,0,0,0
保定惠衡螺旋桨风机有限公司,0,0,0
保定源茂模具制造有限公司,0,0,0
保定瑞谷生物科技第三店铺,0,0,0
保定界万模具制造有限公司,0,0,0
保定盛泰模具制造有限公司,0,0,0
保定致宏模具制造有限公司,0,0,0
保定都市平远,7,0,7
保春铝锅模具,29,0,29
信栖个税计算器,0,0,0
修诚发酵酒糟饲料,24,0,24
借号吧平台,0,0,0
偕行居住积分计算器,0,0,0
元之道酵素胶原蛋白,3,0,3
先觉鸿燊手绘头像,38,0,38
兔兔讲西游,1,0,1
入江贸易沈阳有限公司,0,0,0
全椒县椒陵纺织品有限公司,0,0,0
全球泊,1,0,1
六道讲世界,1,0,1
兰井民宿,0,0,0
兰州市西固区新国运卷闸第一店铺,0,0,0
共赢镀锌方矩管厂家,0,0,0
兴平市秦一辣椒制品有限公司,0,0,0
冀州区皆鑫水利机械销第三店铺,0,0,0
内蒙古华钰仓储货架,0,0,0
内蒙古青稞酒坊特产,66,516,582
军岳帐篷,0,0,0
军武优选,1,0,1
军鹰文化,0,0,0
农大街,1,0,1
农点通食用菌,0,0,0
农耕匠品,1,0,1
冠绝商丘灭蟑螂,29,0,29
冠绝商丘除四害,29,0,29
决战植物王国,5,0,5
净品环保科技,0,0,0
凝创科技,0,0,0
凯凌生态,0,0,0
凯域机械,0,0,0
凯泓金属上海有限公司,0,0,0
凯骏乙二醇,25,0,25
分期借计算器,0,0,0
切图匠,0,0,0
创字保质期计算器,7,0,7
创忆邦惊喜策划,0,0,0
创石界文化石文化砖工厂,0,0,0
利智母婴玩具,1,0,1
剑剑云上,48,20,68
力洁狮,0,0,0
力马多片锯木工机械,0,0,0
动态嘉年华,1,0,1
劲国铸钢件,0,0,0
劲晒车灯升级,1,0,1
勤学演讲口才培训,0,0,0
北京三维麦普导航测绘第一店铺,0,0,0
北京中地远大勘测科技第一店铺,0,0,0
北京中天竣达市政工程有限公司,0,0,0
北京中教云天科技第一店铺,0,0,0
北京中新经闻信息科技有限公司,1,0,1
北京中泰长润科技有限公司,0,0,0
北京中科华竣仪器科技有限公司,0,0,0
北京中科华竣仪器科技第二店铺,0,0,0
北京中科晶研碳晶科学技术研究院,0,0,0
北京中视工联科技第一店铺,0,0,0
北京乐蝉科技有限公司,0,0,0
北京京水木源教育科技有限公司,1,0,1
北京京特尔科技有限公司,0,0,0
北京京美众合酒店用品超市,0,0,0
北京京象环境科技有限公司,0,0,0
北京亮净精环境工程有限公司,0,0,0
北京众力精机科技第一店铺,0,0,0
北京俊之泰华科技发展有限公司,0,0,0
北京俊网信息技术有限公司,0,0,0
北京信成星火科技有限公司,0,0,0
北京健华体育文化发展有限公司,1,0,1
北京元享蔬菜食品机械厂,0,0,0
北京剑卷国际文化咨询有限公司,1,0,1
北京北科绿洁环保科技有限公司,0,0,0
北京华泰致远科技第一店铺,0,0,0
北京博朗佳净洁净技术有限公司,0,0,0
北京博辉瑞进生物科技有限公司,1,0,1
北京博远微纳科技有限公司,0,0,0
北京名品皇家商贸中心第一店铺,0,0,0
北京咖瓦信息技术有限公司,1,0,1
北京奥视华新科技有限公司,0,0,0
北京宇杰北斗,0,0,0
北京安诺捷电梯井吸声板,24,0,24
北京宝利恒科技有限公司,0,0,0
北京巨经点广告有限公司,0,0,0
北京市郊铁路,2,0,2
北京希唯赫国际环保科技有限公司,0,0,0
北京康尔兴科技发展有限公司,0,0,0
北京康维思,0,0,0
北京建城达建筑模板有限公司,0,0,0
北京慷扬科技有限公司,0,0,0
北京捷创华兴电子技术有限公司,0,0,0
北京敬雨众申节能科技有限公司,0,0,0
北京新创腾达科技第一店铺,0,0,0
北京杰之安建筑有限公司,0,0,0
北京杰创宏达电子第一店铺,0,0,0
北京桔色科技有限公司,1,0,1
北京梅兰芳大剧院,1,0,1
北京椒图科技有限公司,1,0,1
北京欧波同光学技术有限公司,0,0,0
北京毅杰国际儿童文化传播,1,0,1
北京泓农生物科技有限公司,0,0,0
北京泰斯克科技发展有限公司,0,0,0
北京润光泰力科技发展有限公司,0,0,0
北京燕郊艺饰界广告装饰装修,69,0,69
北京爱捷标识设备有限公司,0,0,0
北京爱迪泰克科技第一店铺,0,0,0
北京献今国度授权渠道批发商,0,0,0
北京玖瑞科技有限公司,0,0,0
北京竺港阀业有限公司,0,0,0
北京精凯达仪器有限公司,0,0,0
北京精量科技有限公司,0,0,0
北京聚合筋建筑修复技术第一店铺,0,0,0
北京聚合筋建筑修复技术第三店铺,0,0,0
北京聚合筋建筑修复技术第二店铺,0,0,0
北京聚合筋建筑修复技术第五店铺,0,0,0
北京胜娇翔科贸有限公司,0,0,0
北京芥子空间科技有限公司,0,0,0
北京蓝鲸知图科技第一店铺,0,0,0
北京誉诚杰电力科技发展有限公司,0,0,0
北京谨明生物科技有限公司,0,0,0
北京超俊ups电源咨询,0,0,0
北京跃达康科技有限公司,1,0,1
北京迅洁老兵保洁第一店铺,0,0,0
北京进元科技有限公司,0,0,0
北京金企文创科技有限公司,0,0,0
北京金艺顺商用展具第一店铺,0,0,0
北京金融街威斯汀大酒店,0,0,0
北京鑫敬成建材有限公司,0,0,0
北京鑫盛兴达建筑设备租赁,0,0,0
北京鑫飞鹏业科技第一店铺,0,0,0
北京龙典电子设备有限公司,0,0,0
北京龙图三诺电子第三店铺,0,0,0
匠一,1,0,1
匠丽美家,1,0,1
匠子命理,0,0,0
匠子生活网,0,0,0
匠社酒业,0,0,0
匠诚机电,0,0,0
医康生物,0,0,0
十八迈民宿,0,0,0
十堰经济开发区神农乡朗野味经,0,0,0
千明在线对联生成器,0,0,0
千界云秒表计时器,0,0,0
升华家具,0,0,0
华举机械山东有限公司第一店铺,0,0,0
华数互动排卵期计算器,0,0,0
华特酒业,0,0,0
华睿洁,0,0,0
华经产业研究院,1,0,1
华鑫铆接机旋铆机梯子铆接设备,27,0,27
南京二净净化工程有限公司,0,0,0
南京咏捷新型建材有限公司,0,0,0
南京景享景观工程有限公司,0,0,0
南京杰微电子科技有限公司,0,0,0
南京正宝机械刀具有限公司,0,0,0
南京水之源疏浚工程有限公司,0,0,0
南京江水平,47,0,47
南京江水平装修,47,0,47
南京澳特蓝环保设备有限公司,0,0,0
南京盘踞文化发展有限公司,0,0,0
南京研正干燥设备有限公司,0,0,0
南京经天纬化工有限公司,0,0,0
南京网爵数码科技有限责任公司,1,0,1
南京莫干蒋刀具厂,0,0,0
南京蓝领环境科技有限公司,0,0,0
南京金万得贴金有限公司,0,0,0
南京锐亦兢自动化设备有限公司,0,0,0
南京领景科技有限公司,0,0,0
南京鲸鹰帮电子商务有限公司,1,0,1
南京黎明生物制品有限公司,0,0,0
南宁勋俊机械设备有限公司,0,0,0
南宁泰丰植物组培苗繁育基地,0,0,0
南宁香洁农业科技有限公司,0,0,0
南安市仑苍镇得慧阀门经第一店铺,0,0,0
南方医科大学中西医结合医院,0,0,0
南方路机混凝土搅拌站,1,8,9
南昌公用园林景观工程有限公司,0,0,0
南昌思竞甲醛检测治理,2,0,2
南昌经济技术开发区华创不锈钢井,0,0,0
南昌虹盾防水材料有限公司,0,0,0
南通九幕胶业有限公司,0,0,0
南通华恒智能科技有限公司,0,0,0
南通宣均自动化设备第一店铺,0,0,0
南通市天骄过滤材料有限公司,0,0,0
南通市肿瘤医院,0,0,0
南通江天化学股份有限公司,0,0,0
南阳大友艾艾制品第一店铺,0,0,0
南阳市新彬农业开发有限公司,0,0,0
南阳市灸天下艾草制品第一店铺,0,0,0
南阳弘益源肥业有限公司,0,0,0
南阳艾派艾草制品有限公司,0,0,0
南阳艾福美艾草制品第一店铺,0,0,0
博今职称论文助手,34,0,34
博安迪特种玻璃广州有限公司,0,0,0
博将环保科技上海第一店铺,0,0,0
博恩门控五金系统集成服务商,0,0,0
博朗绞肉机,0,0,0
博津仪器上海有限公司,0,0,0
博龙有机肥发酵罐,0,0,0
博龙有机肥发酵罐厂家,0,0,0
卡神,1,0,1
卡花花信用卡,3,0,3
卡路里的秘密网,0,0,0
卢氏张博花椒农业发展有限公司,0,0,0
卫填乐卫生间回填材料,26,0,26
即刻开,0,0,0
原海二手绞车,0,0,0
厦门中锯五金工具有限公司,0,0,0
厦门井钿动力型空压机,1,10,11
厦门井钿固定式空压机,1,9,10
厦门井钿滑片式压缩机,1,10,11
厦门井钿热力型压缩机,1,10,11
厦门井钿移动式空压机,1,10,11
厦门井钿空压机系统,1,10,11
厦门井钿经典型空压机,1,9,10
厦门倔牛云中网络科技有限公司,1,0,1
厦门巨家网络科技有限公司,1,0,1
厦门市丰饶角食品有限公司,0,0,0
厦门市将凯机械设备第一店铺,0,0,0
厦门市视卷信息科技有限公司,1,0,1
厦门弘晋贸易有限公司,0,0,0
厦门有居优居民宿预订,0,0,0
厦门杰呈三维科技有限公司,0,0,0
厦门牛劲吊装有限公司,0,0,0
厦门神睫仪器仪表有限公司,1,0,1
厦门紫环电子科技有限责任公司,0,0,0
厦门鑫竣辉市政工程,1,10,11
厦门靖云轩办公家具有限公司,1,0,1
厦门香蕉科技有限公司,1,0,1
厦门鲸品客网络科技有限公司,1,0,1
厨具新兴业,1,9,10
友房燕郊楼盘团购,0,0,0
友趣卧底助手,0,0,0
古文之家,6,0,6
句子哩,0,0,0
句子控,0,0,0
台山市华盛食品有限公司第二店铺,0,0,0
台州圆度机床有限公司,0,0,0
台州市林玉哲脚轮有限公司,0,0,0
台州市椒江悦翔坐垫厂第一店铺,0,0,0
台州捷创眼镜科技有限公司,0,0,0
台福仙酱酒,1,0,1
叶子解梦,0,0,0
合净上海环保设备有限公司,0,0,0
合川酒商汇,0,0,0
合泰恒肾康,0,0,0
合美宜景焼结砖,21,0,21
合美宜景焼结砖厂家,12,0,12
合肥市包河区挖百万工程机械经,0,0,0
合肥拓掘工程机械有限公司,0,0,0
合肥权盛机械制造有限公司,0,0,0
合肥采菊包装有限公司第一店铺,0,0,0
合肥饰界金属制品有限公司,0,0,0
合肥龙门标局网络科技有限公司,1,0,1
吉哈通酒回购,0,0,0
吉林仟客莱科技集团股份有限公司,0,0,0
吉林省亦剑体育文化传播有限公司,1,0,1
吉林省境美环卫设备销售,0,0,0
吉林省驰远警用装备,3,0,3
吉水县金海天然香料油公司,0,0,0
吉辉天津搬家公司,15,0,15
名优酒中心技术社区,1,0,1
名言通,7,0,7
名赞博慧借条欠条生成助手,0,0,0
君沅诗海绿茶红茶厂家,0,0,0
君爱用品,1,0,1
听涧民宿,0,0,0
吾居吾宿,0,0,0
呜喵讲枪战,1,0,1
周村区北郊镇路路发建材厂,0,0,0
周村竹翔毛巾厂第一店铺,0,0,0
咖莉时尚女装,2,0,2
咸宁市荆楚竹木科技股份有限公司,0,0,0
品尚网络,35,0,35
哈尔滨中峻救险制品有限公司,0,0,0
哈尔滨将族机械设备有限公司,0,0,0
哈尔滨市道外区结力建材经销处,0,0,0
唐山品瑞基础工程第三店铺,0,0,0
唐山市丰润区鑫昊金属结第一店铺,0,0,0
唐山市红脚印电子商务有限公司,1,0,1
唐山森阳精密机械制造有限公司,0,0,0
唐山鑫万达实业股份有限公司,0,0,0
商丘市慷澳电子设备外壳有限公司,0,0,0
啵啵智慧经,0,0,0
善行公益慈善基金会,7,0,7
善酵品牌,1,0,1
喜九铺,1,0,1
喜言一号院,0,0,0
喜马胎教故事音乐,2,0,2
喷浆网,2,0,2
嗨街,0,0,0
嘉兴中启进出口有限公司,0,0,0
嘉兴市商升家俱制造有限公司,0,0,0
嘉诚汽车接插件,0,0,0
噢啦回收,0,0,0
四季有序艺术围巾,1,0,1
四川乌蒙山四季菌业第一店铺,0,0,0
四川宏进电子科技有限公司,0,0,0
四川小江军科技有限公司,0,0,0
四川康益诚康环境管理有限公司,0,0,0
四川成都市泸粮酒厂第三店铺,0,0,0
四川椒图科技有限公司第一店铺,0,0,0
四川百解代理记账有限公司,0,0,0
四川省三只蛙味绝餐饮管理,1,0,1
四川省川椒种业科技第一店铺,0,0,0
四川省成都市邛州曲酒厂,0,0,0
四川竞阳新能源科技有限公司,0,0,0
四川绵阳四0四医院,185,22,207
四川绿之慷生物科技有限公司,1,0,1
四川美仕佳园林科技有限公司,0,0,0
四川聚川雨环保科技有限公司,0,0,0
四川金石东方新材料科技有限公司,0,0,0
四川钧航围栏工程有限公司,0,0,0
四川锦之辰建材有限公司,0,0,0
四川锦尚锦农业开发有限公司,0,0,0
四川锦秀天成脚轮有限公司,0,0,0
四川降龙爪爪餐饮管理有限公司,1,0,1
四时鲸语度假酒店,0,0,0
四阶民宿,0,0,0
固安县慷硕佳过滤设备第二店铺,0,0,0
固安温泉休闲商务产业园区娟萍阻,0,0,0
国剑机械制造有限公司,0,0,0
国劲工贸山东有限公司第一店铺,0,0,0
国劲工贸山东有限公司第三店铺,0,0,0
国劲工贸山东有限公司第二店铺,0,0,0
国劲工贸山东有限公司第四店铺,0,0,0
国美酒业集团股份有限公司,1,0,1
国酒茅台定制营销贵州有限公司,1,0,1
圣三角塔罗牌,2,0,2
圣爵瓷砖,0,0,0
圣爵瓷砖厂家,0,0,0
均捷网络,0,0,0
城关区焦家湾路恒宇通风第一店铺,0,0,0
塑胶五金网,0,0,0
境壹空间,0,0,0
境旨民宿,0,0,0
境舍民宿,0,0,0
境通兔,0,0,0
墨阳全自动喷浆机,0,0,0
大丰房产网,0,0,0
大乐爱透露剧情情报站,1,0,1
大城县振举管托厂,0,0,0
大城县缴庄千合管托厂第一店铺,0,0,0
大城县缴庄学甫保温材第一店铺,0,0,0
大昌讲蔬菜真空预冷机,1,0,1
大王卡,0,0,0
大王卡开通,0,0,0
大话车游,0,0,0
大话车游违章查询,0,0,0
大连市第三人民医院,0,0,0
大连酱样儿餐饮管理有限公司,1,0,1
天下收藏文化街,0,0,0
天姐天津搬家公司,2,0,2
天威宽带,4,0,4
天极油价查询助手,0,0,0
天水众兴菌业科技股份有限公司,1,0,1
天津世贸天阶国际贸易有限公司,1,0,1
天津中劲科技发展有限公司,0,0,0
天津京姿建筑材料有限公司,0,0,0
天津伟联展具有限公司,0,0,0
天津保津豫华废旧物资回收,0,0,0
天津信盈科技有限公司,0,0,0
天津州杰科技发展有限公司,1,0,1
天津市世桔昌盛贸易第一店铺,0,0,0
天津市中建九州路桥工程有限公司,0,0,0
天津市之井科技有限公司,0,0,0
天津市军炜救援装备有限公司,0,0,0
天津市昊匠门窗科技有限公司,0,0,0
天津市春鹏宏达预应力钢绞线,0,0,0
天津市春鹏预应力钢绞线第三店铺,0,0,0
天津市春鹏预应力钢绞线第二店铺,0,0,0
天津市洋郡电梯有限公司,0,0,0
天津市津丰管业有限公司第一店铺,0,0,0
天津市津昊钢铁有限公司,0,0,0
天津市津澜电线电缆第一店铺,0,0,0
天津市海达伟业钢绞线第一店铺,0,0,0
天津捷创新型建材有限公司,0,0,0
天津津工变压器有限公司,0,0,0
天津津远机械设备有限公司,0,0,0
天津炬翔精密机械有限公司,0,0,0
天津瑞恒预应力机械有限公司,0,0,0
天津距通钢铁有限公司第一店铺,0,0,0
天津距通钢铁有限公司第三店铺,0,0,0
天津锦乐科技有限公司,0,0,0
天津隆恒预应力钢绞线第一店铺,0,0,0
天津隆恒预应力钢绞线第三店铺,0,0,0
天津鸿达脚手架钢管,2,0,2
天空云镜,0,0,0
天骄航空有限公司,1,0,1
太仓市兴良造纸制浆成套设备,1,0,1
太原市晋丰源电子,0,0,0
奈奈教金融,1,0,1
奕天承脚手架出租,2,0,2
奕捷网络,0,0,0
奥园京阅澜山,0,0,0
奥泰密封胶,0,0,0
女优时尚购,0,0,0
好家居生活研究院,0,0,0
好果子新农具,0,0,0
如意郡,0,0,0
如捷内衣,0,0,0
如皋市原野勘察机械厂,0,0,0
如皋市通达机械制造有限公司,6,0,6
妙伽陀,1,0,1
威凯海思山东生物工程第一店铺,0,0,0
威海工友铸造机械有限公司,0,0,0
娇儿健美臀,0,0,0
娇兔美女艺术照,0,0,0
娇美妈咪,2,0,2
娜幸鸿乳酸菌豆腐罐头,1,12,13
子敬咨询服务中心,0,0,0
子敬教育择校通,0,0,0
孤城剧本杀复盘攻略,0,0,0
宁力液压升降机,0,0,0
宁劲信息科技,0,0,0
宁夏净唐环保设备有限公司,0,0,0
宁夏宁疆疆泰炭材料科技第二店铺,0,0,0
宁夏江源葡萄酒庄有限公司,0,0,0
宁德市蕉城区蕉南春贤水产品经,0,0,0
宁波三剑特种钢铁有限公司,0,0,0
宁波劲尔精密机械有限公司,0,0,0
宁波卡恩化工设备有限公司,0,0,0
宁波君鑫环保科技有限公司,0,0,0
宁波市优赛塑业有限公司,0,0,0
宁波市巨华东机械有限公司,0,0,0
宁波市惊天液压科技第一店铺,0,0,0
宁波布雷维克液压传动有限公司,0,0,0
宁波忆疆南物流有限公司,0,0,0
宁波惠康实业有限公司,0,0,0
宁波日劲超声波科技有限公司,0,0,0
宁波松骏机械有限公司,0,0,0
宁波甬福乐脚轮有限公司,0,0,0
宁波菊思网络科技有限公司,1,0,1
宁波鲸喜网络科技有限公司,1,0,1
安平县中久丝网制造第一店铺,0,0,0
安平县亚慷丝网制品有限公司,0,0,0
安平县亚慷丝网制品第二店铺,0,0,0
安平县亮华养殖笼具厂第一店铺,0,0,0
安平县大乐丝网制品有限公司,0,0,0
安平县平爵丝网制品有限公司,0,0,0
安平县拓疆金属丝网制品有限公司,0,0,0
安平县敬思网业有限公司,0,0,0
安平县旺洲丝网制品第二店铺,0,0,0
安平县炯畅丝网制品有限公司,0,0,0
安平县炯豪丝网制品第一店铺,0,0,0
安平县炯辉丝网制品第一店铺,0,0,0
安平县炯鸿丝网制品有限公司,0,0,0
安平县赟富笼具厂,0,0,0
安平县邓工丝网制品有限公司,0,0,0
安平县骄航丝网制品有限公司,0,0,0
安平县骄誉丝网制造有限公司,0,0,0
安平县骄鸿金属丝网制品第三店铺,0,0,0
安平竞佰金属制品有限公司,0,0,0
安徽俊扬膜结构工程第二店铺,0,0,0
安徽兴邦建设集团有限公司,1,0,1
安徽劲远环保科技第三店铺,0,0,0
安徽启航谱局家谱制作有限公司,0,0,0
安徽天玖农业行业平台,66,516,582
安徽捷汇达智能光电科技有限公司,0,0,0
安徽敬飞钢结构制品有限公司,0,0,0
安徽杰浩电气有限公司,0,0,0
安徽杰苏瑞工业设备有限公司,0,0,0
安徽杰茂温控仪表科技有限公司,0,0,0
安徽玖客信息科技有限公司,1,0,1
安徽盛源农产品购销股份有限公司,0,0,0
安徽省安银金融机具设备有限公司,1,0,1
安徽诚杰电气有限公司,0,0,0
安徽长峰特种电缆有限公司,0,0,0
安徽阳光心健心理设备厂家,1,0,1
安徽骄一钟表有限公司,1,0,1
安琪福邦酵母,0,0,0
安琪酵母股份有限公司,1,0,1
安琪酵母股份有限公司第一店铺,0,0,0
安阳市金龙冶金机械有限责任公司,0,0,0
宜久,1,0,1
宜兴市东惠耐材科技有限公司,0,0,0
宜兴市民安酒业有限公司第一店铺,0,0,0
宜兴市玉阳陶瓷艺术品厂,0,0,0
宜兴市钢杰机械有限公司,0,0,0
宜兴新天净环保科技有限公司,0,0,0
宜嘉食品机械,0,0,0
宜昌市五环钻机具第一店铺,0,0,0
宜达欧,0,0,0
宝宝知道早教,2,0,2
家家康,0,0,0
宿豫区兴有就乙宠物店,0,0,0
宿迁零距离园林景观工程第一店铺,0,0,0
寻梦配速计算器,0,0,0
小伊解梦,0,0,0
小优姨妈经,1,1,2
小咖优品,0,0,0
小喜年,1,0,1
小小生造句,2,0,2
小居民宿,0,0,0
小张看人力,0,0,0
小张看易通,0,0,0
小张看科技,0,0,0
小张看美镜,0,0,0
小探索焦虑测试,7,0,7
小春宵酒,0,0,0
小桔装饰,0,0,0
小熊福利中心,0,0,0
小王看衡器,0,0,0
小程序中心,2,0,2
小绿球大地艺术营地,0,0,0
小萌成语接龙,20,0,20
小酷十二星座简介,0,0,0
小鹿竞价,0,0,0
小鹿竞价软件,0,0,0
小龙看期刊,0,0,0
尚宏检查井,0,0,0
尚宏电力井,0,0,0
尚达论文发表,0,0,0
就酱肘子,1,0,1
就问法律咨询,0,0,0
尹界传媒活动策划,0,0,0
局掌,0,0,0
屏查查,0,0,0
展通抗菌材料,0,0,0
山东三劲重工机械设备有限公司,0,0,0
山东中具智能装备有限公司,0,0,0
山东中具智能装备第二店铺,0,0,0
山东中德发酵技术第三店铺,0,0,0
山东中杰特种装备公司第一商铺,0,0,0
山东中杰特种装备股份有限公司,0,0,0
山东中研鲁科机械制造第一店铺,0,0,0
山东举明钢材有限公司,0,0,0
山东九星煤矿机械有限公司,0,0,0
山东交建桥梁设备有限公司,0,0,0
山东京泽防水科技有限公司,0,0,0
山东健优生物工程有限公司,0,0,0
山东健蓝环保科技有限公司,0,0,0
山东兴泰机械制造有限公司,0,0,0
山东凯创智慧城市设施有限公司,1,0,1
山东凿岩钎具有限公司,0,0,0
山东劲搏体育器材第一店铺,0,0,0
山东匠锐农业机械第二店铺,0,0,0
山东华俊机械设备有限公司,0,0,0
山东博界信息科技有限公司,1,0,1
山东双桨游乐设备有限公司,0,0,0
山东君邦胶业有限公司,0,0,0
山东国和堂制药有限公司第二店铺,0,0,0
山东大舜酒水有限公司,0,0,0
山东安郡新型建材科技第一店铺,0,0,0
山东宝琳娜工艺制品有限公司,0,0,0
山东将军信息技术第一店铺,0,0,0
山东居思安消防装备有限公司,0,0,0
山东峻泽装备科技有限公司,0,0,0
山东巨匠机械制造第四店铺,0,0,0
山东康美药业有限公司,0,0,0
山东开杰环保科技第三店铺,0,0,0
山东德力环保科技有限公司,0,0,0
山东德旭达土工材料有限公司第一店铺,0,0,0
山东德汇发酵智能装备有限公司,0,0,0
山东成祥机械设备有限公司,0,0,0
山东托尼环保科技有限公司,0,0,0
山东捷一轴承有限公司,0,0,0
山东捷君信息,0,0,0
山东捷茂机械有限公司,0,0,0
山东捷铭环保科技有限公司,0,0,0
山东新圣泰机械制造第十一店铺,0,0,0
山东昊沅新型材料科技有限公司,0,0,0
山东昊炬钢铁有限公司第一店铺,0,0,0
山东星角机电设备有限公司,0,0,0
山东景太化工有限公司,0,0,0
山东晶大光电科技有限公司,0,0,0
山东木鱼石生物科技第一店铺,0,0,0
山东朱氏药业济南分第二店铺,0,0,0
山东杰尔杰液压机械第一店铺,0,0,0
山东杰尔杰液压机械第二店铺,0,0,0
山东杰讯金属材料有限公司,0,0,0
山东杰诚优品机械有限公司,0,0,0
山东欧特钎具有限公司,0,0,0
山东永胜疏浚机械有限公司,0,0,0
山东永胜疏浚机械第一店铺,0,0,0
山东永胜疏浚机械第二店铺,0,0,0
山东汇通达塑业有限公司,0,0,0
山东浩海绞吸式挖泥船,25,0,25
山东炬轮园林建筑材料有限公司,0,0,0
山东熙卡胶业有限公司,0,0,0
山东特固特种建材有限公司,0,0,0
山东环丰食品股份有限公司,0,0,0
山东百农思达生物科技有限公司,0,0,0
山东百农思达生物科技第二店铺,0,0,0
山东盛凯源药业有限公司,0,0,0
山东睿云智能科技第一店铺,0,0,0
山东矩阵软件工程股份有限公司,1,0,1
山东神华机械制造有限公司,0,0,0
山东神州杰能工业装备有限公司,0,0,0
山东竞道光电科技有限公司,0,0,0
山东竞道光电科技第一店铺,0,0,0
山东竞道光电科技第三店铺,0,0,0
山东竞道光电科技第四店铺,0,0,0
山东精机机床有限公司,0,0,0
山东精钻精密机械有限公司,0,0,0
山东素飨善业食品有限公司,0,0,0
山东维进化工科技有限公司,0,0,0
山东联杰工程材料有限公司,0,0,0
山东腾瑞升降机械第二店铺,0,0,0
山东舰洋泵业科技第一店铺,0,0,0
山东菌乐生物科技第一店铺,0,0,0
山东诚奥汽车贸易有限公司,0,0,0
山东诚开新型建材有限公司,0,0,0
山东诺杰生物科技第二店铺,0,0,0
山东豪斯特升降机械有限公司,0,0,0
山东赛凡工艺品有限公司第一店铺,0,0,0
山东赫品机械科技第三店铺,0,0,0
山东辰谷食品机械第二店铺,0,0,0
山东金伯乐企业管理咨询有限公司,0,0,0
山东金剑钎具制造第一店铺,0,0,0
山东金铭泽木业股份有限公司,0,0,0
山东鑫诚管业股份有限公司,0,0,0
山东鑫鲁慷药业有限公司,0,0,0
山东锦炯润地坪工程有限公司,0,0,0
山东靖元环保设备第一店铺,0,0,0
山东靖昌金属材料第一店铺,0,0,0
山东领丰机械制造有限公司,0,0,0
山东骄之力机械设备有限公司,0,0,0
山东骄之力机械设备第二店铺,0,0,0
山东鲁煤重工有限公司,0,0,0
山东鲁锯锯业有限公司第一店铺,0,0,0
山东鸿景机械股份有限公司,0,0,0
山东鸿浚智能包装设备有限公司,0,0,0
山东龙绪机械有限公司,0,0,0
山居民宿,0,0,0
山泽居,0,0,0
山西晋塑和远管业有限公司,0,0,0
山西晋顺通铸管有限公司,0,0,0
山西永津集团有限公司,0,0,0
山西津冠通金属制品有限公司,0,0,0
山西焦远光学仪器,0,0,0
山西百练达物资贸易第一店铺,0,0,0
山西红岩静达建材有限公司,0,0,0
山西舜成意电子科技第二店铺,0,0,0
山西菌狮食用菌机械设备有限公司,0,0,0
山西鑫研艾草制品有限公司,0,0,0
岳西县万农菌种厂第三店铺,0,0,0
峻峰起重龙门吊,0,0,0
峻恒至讯,0,0,0
峻恒资讯,0,0,0
峻远特种车,14,0,14
嶺海香澜郡瑜院,0,0,0
巧力植筋胶加固材料,17,0,17
巨力索具股份有限公司,1,0,1
巨和大学录取分数线查询,0,0,0
巨开电气上海有限公司,0,0,0
巨骄电动叉车,0,0,0
巨鹿县巨耐磨具有限公司,0,0,0
帅大紧固件,0,0,0
常州久沃网络科技,3,0,3
常州双静环保科技有限公司,0,0,0
常州喧和精密机械有限公司,0,0,0
常州市东剑船艇有限公司,0,0,0
常州市友朋机械有限公司,0,0,0
常州市正宝药化设备有限公司,0,0,0
常州市苏龙干燥设备第三店铺,0,0,0
常州市通海干燥制粒设备有限公司,0,0,0
常州恩耐捷自动化科技有限公司,0,0,0
常州梦锦纸业有限公司,0,0,0
常州盈炬皇机械科技有限公司,0,0,0
常州隆泰干燥科技第二店铺,0,0,0
常德金味源酱板鸭厂家,3,0,3
常熟市结胜织造有限公司第一店铺,0,0,0
常熟零距离人才,0,0,0
平乡县天邦调味食品第二店铺,0,0,0
平顶山市宏扬面业有限公司,0,0,0
平顶山市平丰种业有限责任公司,0,0,0
平顶山市平龙种业有限公司,0,0,0
幽螺莎星,1,0,1
广东110,0,0,0
广东中久塑料科技有限公司,0,0,0
广东中微环保生物科技有限公司,0,0,0
广东中联新材科技有限公司,0,0,0
广东九为,0,0,0
广东交警,1,0,1
广东亿通农业开发有限公司,0,0,0
广东净境环保第一店铺,0,0,0
广东劲恒电力有限公司,1,0,1
广东卡轮饰品有限公司,0,0,0
广东国捷工程设备租赁有限公司,0,0,0
广东地虎井环保科技第一店铺,0,0,0
广东均通科技有限公司,0,0,0
广东大永圣科技有限公司,0,0,0
广东小匠机械设备有限公司,0,0,0
广东巨衡精密测控有限公司,0,0,0
广东应尽智能科技,0,0,0
广东海洛斯空调有限公司,0,0,0
广东玖翼化工有限公司,0,0,0
广东省中研研究所,0,0,0
广东科宇康科技有限公司,0,0,0
广东美味佳食品有限公司,0,0,0
广东谨诺科技有限公司第一店铺,0,0,0
广东食神蒸霸糕点技术咨询,0,0,0
广东鲸鱼客运有限公司,0,0,0
广州东捷检测技术有限公司,0,0,0
广州中控门禁科技有限公司,1,0,1
广州五杰体育用品有限公司,0,0,0
广州佰胜胶业有限公司,0,0,0
广州健永信息科技有限公司,0,0,0
广州公安,2,0,2
广州凝具力机械设备有限公司,0,0,0
广州力通法兰克福展览有限公司,0,0,0
广州力邦生物科技有限公司,0,0,0
广州华大生物科技有限公司,0,0,0
广州双健电子科技有限公司,0,0,0
广州发发废旧物资回收第一店铺,0,0,0
广州均捷物流供应链有限公司,0,0,0
广州坤峻基础工程有限公司,0,0,0
广州声界声学科技第一店铺,0,0,0
广州市上益珠宝有限公司,0,0,0
广州市中研研究所,0,0,0
广州市云剑电子技术第一店铺,0,0,0
广州市凯汐科技有限公司,0,0,0
广州市千意诺首饰第一店铺,0,0,0
广州市同民玻璃有限公司,0,0,0
广州市政杰物流有限公司第一店铺,0,0,0
广州市杰裕联环保技术有限公司,0,0,0
广州市清沃生物科技第二店铺,0,0,0
广州市租八借科技第二店铺,0,0,0
广州市荷莎生物科技有限公司,0,0,0
广州市豪特粘接材料有限公司,0,0,0
广州市迈拓维矩电子有限公司,0,0,0
广州市远竞达包装材料有限公司,0,0,0
广州惠禾生物科技有限公司,0,0,0
广州捷卓泵业有限公司,0,0,0
广州捷誉电子科技有限公司,0,0,0
广州昊创卷闸门窗工程有限公司,0,0,0
广州明德药业有限公司,0,0,0
广州景源废旧金属回收有限公司,0,0,0
广州晶慧实业有限公司,0,0,0
广州晶造集装箱有限责任公司,0,0,0
广州机觉云物联科技第一店铺,0,0,0
广州杰众智能卡有限公司,0,0,0
广州杰程机电设备有限公司,0,0,0
广州杰袖土工材料第一店铺,0,0,0
广州欣易步步紧建材第二店铺,0,0,0
广州海进科技有限公司,0,0,0
广州源峰废旧物资回收有限公司,0,0,0
广州澳源国际贸易第一店铺,0,0,0
广州爱珀诗化妆品有限公司,0,0,0
广州百勘钻探进出口有限公司,0,0,0
广州皆知信息技术有限公司,0,0,0
广州福泽未来生物科技有限公司,0,0,0
广州竣丰机电工程设备有限公司,0,0,0
广州竭力信息科技第一店铺,0,0,0
广州美品化妆品有限公司,0,0,0
广州聚宸,2,0,2
广州聚美国际生物科技有限公司,0,0,0
广州递接国际货运代理第一店铺,0,0,0
广州邦士度眼镜有限公司第一店铺,0,0,0
广州铭越防伪科技有限公司,0,0,0
广州铭越防伪科技第二店铺,0,0,0
广益德工程建设,69,516,585
广西丰浩农业科技有限公司,0,0,0
广西举国创业服务第二店铺,0,0,0
广西壮族自治区地震局,1,0,1
广西宏瑞泰纸浆有限责任公司,0,0,0
广西建南春建筑工程有限公司,0,0,0
广西菌宝生物科技第一店铺,0,0,0
广西鑫奖商贸有限公司,0,0,0
广西锦泰熹黄金珠宝第一店铺,0,0,0
康滋乐生物,1,0,1
康诗丹郡,70,0,70
廉江市石颈佛坛奥泰花岗岩板材厂,0,0,0
廊坊中君建材有限公司,0,0,0
廊坊军超保温工程有限公司,0,0,0
廊坊市晟舰广告有限公司第一店铺,0,0,0
廊坊捷鸿金属制品有限公司,0,0,0
廊坊杰诚环保科技有限公司,0,0,0
廊坊特艾娜防腐材料有限公司,0,0,0
建中建筑工程资质代办,132,0,132
建喜建筑材料有限公司,1,0,1
建设人才网,0,0,0
建设库,0,0,0
建设通,14,0,14
开原市靠山镇森源苗木种子经销处,0,0,0
开口笑水饺,1,0,1
开封巨无霸机械有限公司,0,0,0
开封市中原协和锚机具制造,0,0,0
开封市大地菊花五色草第二店铺,0,0,0
张家港俊新能环保科技有限公司,0,0,0
张家港保税区云姿智能科技,0,0,0
张家港市乐诚机械有限公司,0,0,0
张家港市杰一重工有限公司,0,0,0
张家港市科仁机械有限公司,0,0,0
张家港市骏科机械有限公司,0,0,0
张家港顺劲塑料制品第一店铺,0,0,0
张裕酒类旗舰店,0,0,0
徐州奥铭升降机械有限公司,0,0,0
徐州微普视光电科技第一店铺,0,0,0
徐州百杰电子科技有限公司,0,0,0
徐州靖鹏环保工程有限公司,0,0,0
御顺酒业,1,0,1
微盟大咖说,12,0,12
微解啦百货,0,0,0
微说说心情句子,0,0,0
德名堂在线起名,0,0,0
德州亿农宝丰农业装备第三店铺,0,0,0
德州华立液压机具有限公司,1,0,1
德州娇姐包装材料,0,0,0
德州娇姐家具定制,0,0,0
德州娇姐干果商贸,0,0,0
德州市商贸开发区鼎力液压机具厂,1,0,1
德州市德城区九洲液压机具厂,0,0,0
德州市德城区亚星液压机具厂,1,0,1
德州市德城区亿鑫液压机具厂,0,0,0
德州市德城区力兴液压机具厂,0,0,0
德州市德城区博升液压机具厂,0,0,0
德州市德城区宇航液压机具厂,0,0,0
德州市德城区德力通液压机具厂,0,0,0
德州市德城区昆仑液压机具厂,0,0,0
德州市德城区欧力德液压机具厂,0,0,0
德州市德城区金成液压机具厂,0,0,0
德州市鲁劲减速机有限公司,0,0,0
德州捷美空调设备有限公司,0,0,0
德州杰诚橡塑有限公司,0,0,0
德州长德修井有限公司,1,0,1
德州顺祥液压机具第二店铺,0,0,0
徽商职业学院招就办,17,0,17
心心诚枕巾工厂批发,2,0,2
心生周公解梦大全,0,0,0
快看漫画,29,0,29
怀化市建均木业有限公司,0,0,0
思景,1,0,1
恒杰旧地面翻新,11,0,11
悠季文具,2,0,2
悠山郡,0,0,0
悦澜湾,1,0,1
惊喜生活旗舰店,1,0,1
惊梦减肥套餐,0,0,0
惊蛰王者吃鸡助手,0,0,0
惊鸿小说,0,0,0
惠安花姐小院民宿,0,0,0
惠州家匠装饰,0,0,0
惠州小径湾,0,0,0
惠州市三泰胶业有限公司,0,0,0
惠州市俊彩化工有限公司第一店铺,0,0,0
惠州市惠城区黔达金属结第一店铺,0,0,0
惠州市第六人民医院,0,0,0
惠州浩源光学科技有限公司,0,0,0
慈华臻品艾灸石,1,0,1
慧优洁电动扫地车,0,0,0
慷博电缆上海有限公司,1,0,1
慷林免检卡板木箱,1,0,1
成武中交通达路桥工程机械厂,0,0,0
成都一只香蕉科技有限责任公司,1,0,1
成都东驿家具有限公司,0,0,0
成都中净翔净化科技有限公司,0,0,0
成都井模金属制品第一店铺,0,0,0
成都军电电缆有限公司,0,0,0
成都劲动体育设施有限公司,0,0,0
成都劲鹰现代农业科技有限公司,0,0,0
成都味江殡仪服务有限公司,1,0,1
成都四盛科技有限公司第一店铺,0,0,0
成都均泰物流有限公司第一店铺,0,0,0
成都均鸿机械租赁有限公司,0,0,0
成都宇创通骏新能源汽车第一店铺,0,0,0
成都川弘科生物技术有限公司,0,0,0
成都市三匹狼玻璃有限责任公司,0,0,0
成都市劲才智能科技有限公司,0,0,0
成都市医净净化设备科技有限公司,0,0,0
成都市宜邦科析仪器有限公司,0,0,0
成都市杰宇新材料有限公司,0,0,0
成都市金虎家俱有限公司,1,0,1
成都微菌环境科技有限公司,0,0,0
成都捷安顺科技有限公司,0,0,0
成都捷航科技发展有限公司,0,0,0
成都捷航科技发展第一店铺,0,0,0
成都泽楷科技,0,0,0
成都瑞方人力社保代缴,1,0,1
成都登高脚手架租赁第一店铺,0,0,0
成都百之捷科技有限公司,0,0,0
成都网站建设今明互联,0,0,0
成都荣楷科技有限公司,0,0,0
成都蓝鲸科技有限公司,0,0,0
成都辣椒互动科技,0,0,0
成都迈劲机械设备有限公司,0,0,0
成都逸静门窗有限公司,1,0,1
成都郫都凯天食品包装,0,0,0
成都金开物流,0,0,0
成都顺利白酒,2,0,2
成都鹃安消防设备第一店铺,0,0,0
我的活动奖品,0,0,0
我的社保网社保代缴,2,0,2
房乐山,0,0,0
扬州三均机械有限公司,0,0,0
扬州均瑞机械设备有限公司,0,0,0
扬州奥燕科技有限公司第二店铺,0,0,0
扬州瑞通电力机具制造有限公司,0,0,0
扬州聚炫气动件有限公司,0,0,0
技捷汽配,22,0,22
抗维园艺,0,0,0
抗维园艺生活,0,0,0
抗维旅游快讯,0,0,0
抗维简讯,0,0,0
拓泰混凝土搅拌站,0,0,0
招联GPA绩点计算器,0,0,0
拜森生物环保科技上海有限公司,0,0,0
捷新制冷设备广州有限公司,0,0,0
捷易科技人脸识别,0,0,0
捷母商贸上海有限公司,0,0,0
掌上登封人才网,0,0,0
掌眼天下,0,0,0
搜狐焦点,0,0,0
摩飞电器股份有限公司,0,0,0
文瑞宏航空旅游职业,6,0,6
新乡市鸿鑫游乐设备有限公司,0,0,0
新国信辣椒烘干机,11,0,11
新意镜自助预约,69,0,69
新昌县品绿农业有限公司第一店铺,0,0,0
新疆军农乳业有限公司,0,0,0
新疆楚疆机械设备租赁有限公司,0,0,0
新疆楷伦桦风消防通风第二店铺,0,0,0
方锐牛筋面机,11,0,11
旅界传媒科技北京有限公司,1,0,1
无忧家政,0,0,0
无棣县森木网具第一店铺,0,0,0
无棣珍康生物科技,0,0,0
无锡华联科技集团有限公司,0,0,0
无锡国劲合金有限公司,0,0,0
无锡国劲合金有限公司第五店铺,0,0,0
无锡国劲合金有限公司第四店铺,0,0,0
无锡宝之杰家居科技有限公司,0,0,0
无锡市宾王化工厂普通合伙,0,0,0
无锡市建筑材料科学研究所,0,0,0
无锡市杰盛环化设备有限公司,0,0,0
无锡市橡皮筋艺术培训有限公司,1,0,1
无锡市质谨机械科技有限公司,0,0,0
无锡市陆生智能装备有限公司,0,0,0
无锡瑞成机械制造有限公司,0,0,0
无锡裕煌机械制造有限公司,0,0,0
无锡靖鹏房屋拆除有限公司,0,0,0
旧街墨野民宿,0,0,0
时间法则计算器,0,0,0
旺玖智能科技上海有限公司,0,0,0
昆山伯格菲德机械第二店铺,0,0,0
昆山市玉山镇新羽界机电设备商行,0,0,0
昆山杰润工业用品有限公司,0,0,0
昆山锦喜电子科技有限公司,0,0,0
昆山镒胜杰环保设备有限公司,0,0,0
昆明北郊殡葬服务第三店铺,0,0,0
昆明市盘龙区缘起至爱婚姻介绍服,0,0,0
昆明市经济技术开发区宏钢钢材经,0,0,0
昆明市经济技术开发区赣星建材经,0,0,0
昆明市经济技术开发区首运建材经,0,0,0
昆明经济技术开发区兴耀钢材经,0,0,0
昆明经济技术开发区聚优钢材经,0,0,0
昆明经济技术开发区荣嘉钢材经,0,0,0
昆明经济技术开发区赣聚钢材经,0,0,0
昆明经济技术开发区钟钢钢材经,0,0,0
昆明经济技术开发区鼎际钢材经,0,0,0
昊润烟台社保代缴公司,13,0,13
昌盛百香果仙草辣椒销售批发,1,11,12
明回收旧手机回收,0,0,0
明新聚技术,0,0,0
易元宝,0,0,0
易县井尔峪桂芹石料加工厂,0,0,0
易参保,0,0,0
易脚,0,0,0
易酒购酒专卖店,1,0,1
易金易购,21,0,21
星智名人语录警句大全,0,0,0
显康生物,379,0,379
晋州市康丽毛巾厂第二店铺,0,0,0
晋州市翔凤权毛巾厂第一店铺,0,0,0
晋州市金利毛巾厂,0,0,0
晋州市雅馨毛巾厂第一店铺,0,0,0
晋州市鸿洁毛巾厂第一店铺,0,0,0
晋江速捷自动化科技有限公司,0,0,0
晓峰律师所,3,0,3
晖舞卫生巾,0,0,0
晟景文旅,1,0,1
普奇地质勘探设备研究院普通合伙,1,0,1
景县通美石油机械有限公司,0,0,0
景咖美宿,1,0,1
景德镇建源陶瓷有限公司,0,0,0
景通仪器,0,0,0
智迈德,0,0,0
暖暖交友,0,0,0
曲阜将军液压设备第一店铺,0,0,0
曲阜市万嘉机械有限公司第三店铺,0,0,0
曲阜市恒通酒容器有限公司,0,0,0
曲阜市酒容器厂有限公司,0,0,0
更新家具,1,0,1
曹县博琳机械设备有限公司,0,0,0
曼林热熔胶,0,0,0
有筋扩张网,2,0,2
本溪市众源生物质颗粒制造,0,0,0
朴凡酱酒,1,0,1
杨杨爱久贸易,1,0,1
杭州佰映市场研究咨询有限公司,0,0,0
杭州傲德究科技有限公司第二店铺,0,0,0
杭州先觉小儿推拿培训,17,0,17
杭州劲信电气有限公司,0,0,0
杭州匠鑫实业有限公司,0,0,0
杭州千剑科技有限公司,0,0,0
杭州叫个不停餐饮管理有限公司,1,0,1
杭州哲克智能设备有限公司,0,0,0
杭州尽享科技有限公司,1,0,1
杭州尽享科技有限公司第二店铺,0,0,0
杭州市西湖区振星卷门材料经营部,0,0,0
杭州新风尚闸机门禁,0,0,0
杭州杰视科技有限公司,0,0,0
杭州泓杰建筑材料第一店铺,0,0,0
杭州海爵液压密封件有限公司,0,0,0
杭州猛劲餐饮管理有限公司,1,0,1
杭州精兢检测仪器有限公司,0,0,0
杭州航特新材料科技第一店铺,0,0,0
杭州近源环保科技有限公司,0,0,0
杭州金亿机械设备第一店铺,0,0,0
杭州锐盾周界报警,0,0,0
杭州鲸熹网络技术有限公司,1,0,1
杭荣接近开关,0,0,0
杰生活集团,24,0,24
杰田升降柱,1,8,9
杰赣包装材料上海有限公司,0,0,0
杰迅太原网站建设,0,0,0
杰迅竞价推广,0,0,0
杰迅网站建设,0,0,0
林源苗圃九角枫光辉海棠树樱花树,0,0,0
果壳网果壹三河燕郊分公司,0,0,0
枢酱酒业平台,61,516,577
枣庄新静界装饰材料第一店铺,0,0,0
枣强县东瑞脚轮有限公司,0,0,0
枭杰信息科技上海有限公司,0,0,0
柘城县佳靖化工有限公司,0,0,0
柠檬书摘,1,0,1
柯福上海化工科技第二店铺,0,0,0
桂林市人民医院,0,0,0
桂林市社会福利医院,0,0,0
桃儿讲球,1,0,1
桐柏县城郊鸿强废旧收第三店铺,0,0,0
桜桃良品,0,0,0
桥西区谨丰地板销售中心,0,0,0
梁山县正邦商贸服务有限公司,0,0,0
梁山宇华机械制造有限公司,0,0,0
梁山钧屹机械设备有限公司,0,0,0
梦之洁一体化污水处理设备,0,0,0
梦之洁生活污水处理设备,0,0,0
梧州市天钰珠宝有限公司,0,0,0
梨番茄互助小站,12,0,12
楷卓自动化设备上海有限公司,0,0,0
楷润办公家具,0,0,0
楷盛科技北京有限公司第一店铺,0,0,0
橙果律师法律服务,0,0,0
欧根酿造,1,0,1
正德脚手架出租租赁,0,0,0
正诺木工机械,0,0,0
正阳县盛达草业门市部第一店铺,0,0,0
正阳县老周草业家庭农场第三店铺,0,0,0
正阳县远景草业有限公司第一店铺,0,0,0
武汉兰姐母婴护理有限责任公司,1,0,1
武汉博钧节能保温材料有限公司,1,0,1
武汉博钧节能保温材料第三店铺,0,0,0
武汉哈夫节分水三通分水器抢修节,22,0,22
武汉将金甲电气科技第二店铺,0,0,0
武汉峻英捷设备租赁有限公司,0,0,0
武汉市金天盛世纸业有限公司,0,0,0
武汉新鑫方矩工贸有限公司,0,0,0
武汉杰昇电子科技有限公司,1,0,1
武汉洁瑞仕机电股份有限公司,0,0,0
武汉炬烁环保设备有限公司,0,0,0
武汉爱疆科技有限公司,0,0,0
武汉界丰水泥制品有限公司,0,0,0
武汉竣峰石业有限公司,0,0,0
武汉精译翻译有限公司,0,0,0
武汉艾迪抗生物科技第一店铺,0,0,0
武汉荆楚派劳务有限公司,0,0,0
武汉荆润科技有限公司,0,0,0
武汉衡通公路勘察设计院有限公司,1,0,1
武汉谛珂珠宝第三店铺,0,0,0
武汉谨烨石化设备有限公司,0,0,0
武汉鑫宝都办公家俱有限公司,0,0,0
民权川姐苗木种植第一店铺,0,0,0
水哥讲足球,1,0,1
水境山间客栈,0,0,0
水文地质工程地质勘察院滤材厂,1,0,1
永嘉蓝迪熊教玩具有限公司,0,0,0
永定区无忌化妆品店,0,0,0
永年尚鼎地脚螺栓,0,0,0
永康市劲禾焊接设备有限公司,0,0,0
永昌油浸式变压器,19,0,19
永昌电力油浸式干式变压器厂家,26,0,26
永济天之骄钢结构有限公司,0,0,0
永祥智旅,61,516,577
永福墓园,0,0,0
汇金达无结网设备,12,0,12
汉川市恒昌球铁铸造有限公司,0,0,0
汉斯顿家用净水器品牌,1,0,1
汕头市恒举环保科技有限公司,0,0,0
汕头市杰盛包装科技有限公司,0,0,0
汝南县永启农机第二店铺,0,0,0
江水平装修,55,0,55
江苏世安警用装备有限公司,1,0,1
江苏云顶升降设备第一店铺,0,0,0
江苏亿康电子科技有限公司,0,0,0
江苏劲国重工机械第一店铺,0,0,0
江苏劲国重工机械第三店铺,0,0,0
江苏劲国重工机械第九店铺,0,0,0
江苏劲国重工机械第二店铺,0,0,0
江苏劲国重工机械第十店铺,0,0,0
江苏劲龙工业皮带有限公司,0,0,0
江苏华均机械科技有限公司,0,0,0
江苏和凯建筑工程有限公司,0,0,0
江苏哲克智能设备有限公司,0,0,0
江苏国晋塑业有限公司第一店铺,0,0,0
江苏大蓝鲸设备工程有限公司,0,0,0
江苏天创新材料科技有限公司,0,0,0
江苏守矩建设工程第一店铺,0,0,0
江苏安科瑞电器制造节第二店铺,0,0,0
江苏安钧仪表科技有限公司,0,0,0
江苏搜派师自动化科技有限公司,0,0,0
江苏易诚干燥工程有限公司,0,0,0
江苏杰佑金属制品有限公司,0,0,0
江苏杰源钢铁有限公司,0,0,0
江苏涵晶水处理科技有限公司,0,0,0
江苏淼之漭水下工程有限公司,0,0,0
江苏溯爵新材料科技有限公司,0,0,0
江苏老牛酒业有限公司,0,0,0
江苏聚诚照明科技有限公司,0,0,0
江苏节好智能科技有限公司,0,0,0
江苏褚酒酒业有限公司第二店铺,0,0,0
江苏豫捷新材料有限公司,0,0,0
江苏金蓝索具有限公司,0,0,0
江苏钧天专用车有限公司,0,0,0
江苏钧宏塑业科技有限公司,0,0,0
江苏铭矩达金属制品有限公司,0,0,0
江苏铭矩达金属制品第二店铺,0,0,0
江苏锐杰安全科技有限公司,0,0,0
江苏集进实业有限公司,0,0,0
江苏零界净化工程第一店铺,0,0,0
江苏靖尔弘篷布有限公司,0,0,0
江苏靖泰电气照明有限公司,0,0,0
江西中进环保科技有限公司,0,0,0
江西俊洋实业有限公司,0,0,0
江西军城信息技术第二店铺,0,0,0
江西剑安消防科技有限责任公司,0,0,0
江西华邦天然香料有限公司,0,0,0
江西尚美工艺家俱有限公司,0,0,0
江西广泰教仪科技有限公司,0,0,0
江西楷程科技有限公司第一店铺,0,0,0
江西江开电器开关厂,0,0,0
江西海瑞天然植物有限公司,0,0,0
江西省三灸堂艾草制品第二店铺,0,0,0
江西省赣疆南物流有限公司,0,0,0
江西神元湖农业科技发展有限公司,0,0,0
江西纳美工艺家俱有限公司,0,0,0
江西虎将古典家具有限公司,0,0,0
江语江景温泉酒店,0,0,0
江门市晶菱制冷实业有限公司,0,0,0
沂水县孙会山果蔬购销第一店铺,0,0,0
沃瑞谷德桨叶式烘干机,13,0,13
沅江市福利渔网网具厂,0,0,0
沈阳东建建筑工程有限公司,0,0,0
沈阳乾达管件有限公司,0,0,0
沈阳京京化工有限公司,0,0,0
沈阳仪表科学研究院有限公司,0,0,0
沈阳劲步体育用品有限公司,0,0,0
沈阳同进线缆有限公司,0,0,0
沈阳市东陵区浑南新区高登脚手,0,0,0
沈阳市于洪区恒亿金属制第一店铺,0,0,0
沈阳市众搏成脚手架第一店铺,0,0,0
沈阳市酵之道商贸第一店铺,0,0,0
沈阳建野建筑模型有限公司,0,0,0
沈阳思联真空设备有限公司,0,0,0
沈阳恒进真空科技有限公司,0,0,0
沈阳洁洁环保科技有限公司,0,0,0
沈阳炯道化工有限公司第三店铺,0,0,0
沈阳瑞钧电动门有限公司,0,0,0
沈阳界海钢铁有限公司,0,0,0
沈阳福瑞博井具制造有限公司,0,0,0
沈阳科源真空技术有限公司,0,0,0
沈阳纠结网络科技有限公司,1,0,1
沈阳绿饰界景观工程第一店铺,0,0,0
沈阳美济真空科技有限公司,0,0,0
沈阳诚酒坊传统工艺酒批发零售,0,0,0
沈阳隆鑫文仪家具有限公司,0,0,0
沈阳靖达鑫不锈钢有限公司,0,0,0
沐沐讲电竞,1,0,1
沙河市天骄铁路器材第三店铺,0,0,0
沧州中久机械设备有限公司,0,0,0
沧州今立达机械设备有限公司,0,0,0
沧州华鑫家俱有限公司,0,0,0
沧州厚川建筑器材,2,0,2
沧州宇擎管件有限公司第一店铺,0,0,0
沧州巨明管件制造第一店铺,0,0,0
沧州市运河区篮鲸体育用第一店铺,0,0,0
沧州晶优管件制造有限公司,0,0,0
沧州晶玉工业有限公司,0,0,0
沧州沐宸焦化设备有限公司,0,0,0
沧州科迪管件制造有限公司,0,0,0
沧州篮鲸文体器材设备厂,0,0,0
沧州绝艺材料防护技术有限公司,0,0,0
沧州近成压瓦机械第一店铺,0,0,0
沧州靖德诚金属材料有限公司,0,0,0
河北东靖环保设备有限公司,0,0,0
河北仨龙索具有限公司,1,0,1
河北伊佳传动机械配件第一店铺,0,0,0
河北元驹环保设备有限公司,0,0,0
河北先觉节能科技有限公司,0,0,0
河北六标紧固件有限公司,0,0,0
河北六通紧固件制造有限公司,0,0,0
河北兴军管件制造有限公司,0,0,0
河北君天紧固件制造有限公司,0,0,0
河北城竣模板有限公司第一店铺,0,0,0
河北堪森被动式房屋有限公司,1,0,1
河北天太生物质能源开发有限公司,0,0,0
河北娇德机械设备有限公司,0,0,0
河北娇能科技有限公司,0,0,0
河北峻春采暖设备第二店铺,0,0,0
河北巨才石化设备有限公司,0,0,0
河北巨晨防护用品有限公司,0,0,0
河北平近管件制造有限公司,0,0,0
河北平近管件制造第一店铺,0,0,0
河北广邦紧固件制造有限公司,0,0,0
河北慧盟生物科技有限公司,0,0,0
河北拓海生物科技第一店铺,0,0,0
河北敬和仓储设备有限公司,0,0,0
河北敬景环保机械设备有限公司,0,0,0
河北斯爵贸易有限公司,0,0,0
河北易爵环保科技有限公司,0,0,0
河北晋电电力科技第一店铺,0,0,0
河北朵麦信息科技有限公司,0,0,0
河北楷隆丝网制品第一店铺,0,0,0
河北欧特管道设备制造有限公司,0,0,0
河北正强泰紧固件制造有限公司,0,0,0
河北江勘机械设备销售有限公司,0,0,0
河北源海生物科技有限公司,0,0,0
河北炯豪科技有限公司,0,0,0
河北爱使线路机具制造第二店铺,0,0,0
河北界超泵业有限公司第一店铺,0,0,0
河北百杰宏发塑料制品有限公司,0,0,0
河北百里惊鸿矿产品贸易有限公司,0,0,0
河北盛牧机械制造有限公司,0,0,0
河北省专接本网,0,0,0
河北神三紧固件制造第一店铺,0,0,0
河北科畅模具销售第一店铺,0,0,0
河北腾磊科技有限责任公司,0,0,0
河北苑博管件制造有限公司,0,0,0
河北谨诚管道设备第一店铺,0,0,0
河北超山紧固件有限公司第一店铺,0,0,0
河北辉举金属材料制造有限公司,0,0,0
河北通京广告有限公司,0,0,0
河北道远紧固件制造有限公司,0,0,0
河北邦图紧固件制造有限公司,0,0,0
河北钧悦建筑器材有限公司,0,0,0
河北铖炬复合材料有限公司,0,0,0
河北隆驹橡塑制造第三店铺,0,0,0
河北隆驹橡塑制造第二店铺,0,0,0
河北静邦建材科技有限责任公司,0,0,0
河南久星生物科技研究院,0,0,0
河南井迈建材有限公司,0,0,0
河南亿锐达汽车贸易有限公司,0,0,0
河南健之全实业有限公司,0,0,0
河南力高升降设备有限公司,0,0,0
河南双绝新材料制造有限公司,0,0,0
河南君都装饰设计有限公司,0,0,0
河南富民生物燃料成型第一店铺,0,0,0
河南尼瑞克科技有限公司第一店铺,0,0,0
河南广进塑业有限公司,1,0,1
河南德教医学科技第一店铺,0,0,0
河南态沐生物科技有限公司,0,0,0
河南恒丰钢缆有限公司,0,0,0
河南惊鸿环保机械制造第一店铺,0,0,0
河南捷菲特环保科技有限公司,0,0,0
河南文举生物科技第一店铺,0,0,0
河南昊牧机械有限公司,0,0,0
河南汇生建材科技有限公司,0,0,0
河南深捷智能科技第一店铺,0,0,0
河南爵邦家具有限公司,0,0,0
河南瑞伦特生物科技有限公司,0,0,0
河南畅慷环保科技有限公司,0,0,0
河南界石商贸有限公司第一店铺,0,0,0
河南省亚安绝缘材料厂有限公司,0,0,0
河南省俸皇酒业第一店铺,0,0,0
河南省富通新能源科技第一店铺,0,0,0
河南省常兴牧业有限公司第二店铺,0,0,0
河南省有色金属地质勘查总院,1,0,1
河南省有色金属地质矿产局,1,0,1
河南省澳力康生物科技第一店铺,0,0,0
河南省瀚宇游乐设备第二店铺,0,0,0
河南省石龙堰酒业第一店铺,0,0,0
河南省锐众机械设备有限公司,0,0,0
河南绿金矿业科技第一店铺,0,0,0
河南蓝天机械制造第二店铺,0,0,0
河南诚峻智能,1,0,1
河南越宝生物科技第二店铺,0,0,0
河南钧凯机械设备有限公司,0,0,0
河南钧道实业有限公司第一店铺,0,0,0
河南钧道实业有限公司第三店铺,0,0,0
河南钧道实业有限公司第二店铺,0,0,0
河南锦仕爵门业有限公司第一店铺,0,0,0
河南隧创机械设备,0,0,0
河南魔镜智能科技有限公司,0,0,0
河南鲜娟商贸有限公司,0,0,0
河间市均源玻璃制品厂,0,0,0
河间市杰翔电力器材有限公司,0,0,0
河间市琦发模具有限公司,0,0,0
治精教育上海居住证积分,0,0,0
泉州信益铝板铝卷批发,0,0,0
泉州开福机械设备有限公司,0,0,0
泉州永春志远苗木第一店铺,0,0,0
泊头市兢祥量具制造有限公司,0,0,0
泊头市天浩焦化机械有限公司,0,0,0
泊头市江鑫机械设备制造第一店铺,0,0,0
泊头市泊晟工量具有限公司,0,0,0
泊头市郡宸机械制造第二店铺,0,0,0
泊头市阳辰焦化设备有限公司,0,0,0
法律部落快问律师,12,0,12
泛亚抗车辙剂,2,0,2
泛亚稀浆封层,2,0,2
泰兴市亚威泥浆泵厂,0,0,0
泰兴市泰如升降机械设备第一店铺,0,0,0
泰安市寸金机械设备有限公司,0,0,0
泰安焦点网络有限公司,6,0,6
泰州市蓝鲸机械有限公司,0,0,0
泰州皓宇科技有限公司,0,0,0
泰顺廊桥,0,0,0
泸定县桑吉卓玛青稞酒业,1,0,1
泸州馥茗苔酒文化发展有限公司,1,0,1
洁优德清洁设备,1,0,1
洁妈小店,3,0,3
洁妹子家政保洁,31,2,33
洛华艾芭化妆美甲职业培训学校,1,0,1
洛阳市三威办公机具有限公司,1,0,1
洛阳市瀍河回族区豫鑫智能电动,0,0,0
洛阳腾节炉业科技有限公司,0,0,0
津制仪表天津有限公司,0,0,0
津成电线电缆,0,0,0
津海云著,0,0,0
津澜山泉,0,0,0
津瑞源天津智能科技有限公司,0,0,0
津通搬家,13,1,14
津门缔道隐形针灸康复芯片,25,0,25
津驰线缆有限公司,1,0,1
济南东方鸿泰贸易第一店铺,0,0,0
济南亚圣升降机械有限公司,0,0,0
济南伟力升降机械第二店铺,0,0,0
济南劲能机械有限公司第一店铺,0,0,0
济南升腾升降机械第一店铺,0,0,0
济南双力升降机械有限公司,0,0,0
济南国安升降机械第二店铺,0,0,0
济南大彤机械设备第二店铺,0,0,0
济南天锐升降机械第一店铺,0,0,0
济南宇轩升降机械有限公司,0,0,0
济南富力升降机械有限公司,0,0,0
济南市口吃矫正培训中心,1,0,1
济南市鸿慷机电设备有限公司,1,0,1
济南建韶升降机械第一店铺,0,0,0
济南志程机械设备第三店铺,0,0,0
济南恒举液压机械有限公司,0,0,0
济南恒威升降机械设备有限公司,0,0,0
济南浚海化工有限公司,0,0,0
济南涌鑫环保科技有限公司,0,0,0
济南盛荣升降机械有限公司,0,0,0
济南盛荣升降机械第二店铺,0,0,0
济南精迅数控设备有限公司,0,0,0
济南翔宇升降机械第二店铺,0,0,0
济南虎跃升降机械第一店铺,0,0,0
济南融合科贸有限公司,0,0,0
济南谨诚通风设备有限公司,1,0,1
济南进一环保科技有限公司,0,0,0
济南通发升降机械有限公司,0,0,0
济南金力升降机械有限公司,0,0,0
济南鑫塔升降机械有限公司,0,0,0
济南鑫山源升降机械有限公司,0,0,0
济南镜好轩展柜有限公司,0,0,0
济南靖洋环保科技第一店铺,0,0,0
济南顺镜气动打标机,0,0,0
济南顺镜激光设备第一店铺,0,0,0
济南鹏举环保科技有限公司,0,0,0
济南鹏举环保科技第二店铺,0,0,0
济南齐峰升降机械有限公司,0,0,0
济宁娇姐卫生洁具,0,0,0
济宁娇姐家纺商贸,0,0,0
济宁娇姐海参专营,0,0,0
济宁市兖州区九斤红种第一店铺,0,0,0
济宁市金益菌生物科技第二店铺,0,0,0
济宁强耘机械科技有限公司,0,0,0
济宁敬茂机械设备有限公司,0,0,0
济宁通晟工矿设备有限公司,0,0,0
浏阳市柏加镇光辉苗圃第二店铺,0,0,0
浙江三达烟具有限公司,1,0,1
浙江中巨电气有限公司,0,0,0
浙江修江实业有限公司第一店铺,0,0,0
浙江健英台球有限公司,0,0,0
浙江净雨环保设备有限公司,0,0,0
浙江凯成纺织机械有限公司,1,0,1
浙江前钧阀门科技有限公司,0,0,0
浙江剑飞电器有限公司,0,0,0
浙江圣炬阀门科技有限公司,0,0,0
浙江富杰电气有限公司,0,0,0
浙江巨通管业有限公司,0,0,0
浙江新冶特种阀门有限公司,0,0,0
浙江景岳工贸有限公司,0,0,0
浙江杰印数码科技有限公司,0,0,0
浙江江恒仪器设备有限公司,0,0,0
浙江沁泉泵阀有限公司第一店铺,0,0,0
浙江滔绝电气有限公司,0,0,0
浙江炬塑科技有限公司,0,0,0
浙江竣弘腾环境科技有限公司,0,0,0
浙江辉肽生命健康科技有限公司,0,0,0
浙江锦观建材科技有限公司,0,0,0
浪之鲨游泳镜厂家,11,0,11
浮兮肆隐精品民宿,0,0,0
海俊摩托车经销商,15,0,15
海俊街车专营店,15,0,15
海口剑桥郡,0,0,0
海安华宇耐火材料有限公司,0,0,0
海安宏扬光学有限公司,0,0,0
海矩北京液压科技第一店铺,0,0,0
海街11号民宿,0,0,0
海骏三乙醇胺,12,0,12
海骏乙二醇,12,0,12
海骏甘油,12,0,12
润豪大口径钢管厚壁无缝钢管切割,11,0,11
涿州市郡腾塑料制品有限公司,0,0,0
淄博中郡天晟环保科技,0,0,0
淄博亿斤粮油仓储设备有限公司,1,0,1
淄博凯翔碳化硅窑具厂,0,0,0
淄博华谨化工机械有限公司,0,0,0
淄博博山润神渣浆泵有限公司,1,0,1
淄博友胜搅拌器减速机,13,0,13
淄博楷朝国际贸易有限公司,1,0,1
淄博泰烨水煤浆有限公司,1,0,1
淄博泽楷机械有限公司,0,0,0
淄博钧硕建材销售有限公司,0,0,0
淄川将军路天暖保温材第一店铺,0,0,0
淮南宝刊网络技术有限公司,1,0,1
淯健,0,0,0
深圳万顺叫车云信息技术有限公司,1,0,1
深圳京室科技有限公司,0,0,0
深圳兢量测控技术第一店铺,0,0,0
深圳八界电子有限公司第二店铺,0,0,0
深圳加乐美科技有限公司,0,0,0
深圳卡悦智能科技有限公司,0,0,0
深圳市万里疆科技有限公司,0,0,0
深圳市三阶微控实业有限公司,0,0,0
深圳市上巨电子有限公司,0,0,0
深圳市上开电子开关第一店铺,0,0,0
深圳市中净环球净化科技有限公司,0,0,0
深圳市中投智汇票据服务有限公司,1,0,1
深圳市久兴废旧机器设备有限公司,0,0,0
深圳市亚泰光电技术有限公司,0,0,0
深圳市京翌科技有限公司,0,0,0
深圳市伟骏实业有限公司,0,0,0
深圳市光骏科技有限公司第一店铺,0,0,0
深圳市全治捷电子科技有限公司,0,0,0
深圳市军盛发金属材料有限公司,0,0,0
深圳市凯业达电子有限公司,0,0,0
深圳市劲豹机电设备有限公司,0,0,0
深圳市劲豹机电设备第二店铺,0,0,0
深圳市劲霸王电池有限公司,0,0,0
深圳市华盛锦科技有限公司,0,0,0
深圳市友联天美科技有限公司,0,0,0
深圳市古色生香工艺家俱有限公司,0,0,0
深圳市启劲科技有限公司,0,0,0
深圳市大牌镜业有限公司,0,0,0
深圳市宏峻科技有限公司第一店铺,0,0,0
深圳市宝艺光学有限公司,0,0,0
深圳市富亨杰科技有限公司,0,0,0
深圳市山井机械设备有限公司,0,0,0
深圳市巨乾绝缘材料有限公司,0,0,0
深圳市径舟广告传媒有限公司,1,0,1
深圳市微视光电科技第一店铺,0,0,0
深圳市德视美科技有限公司,0,0,0
深圳市恒纳机械设备有限公司,0,0,0
深圳市捷丰泰科技有限公司,0,0,0
深圳市捷创信电子有限公司,0,0,0
深圳市捷力控科技有限公司,0,0,0
深圳市捷华昇科技有限公司,0,0,0
深圳市捷嘉盛电子有限公司,0,0,0
深圳市捷易科技有限公司,0,0,0
深圳市捷立辉科技有限公司,0,0,0
深圳市捷美德科技有限公司,0,0,0
深圳市捷联讯科技有限公司,0,0,0
深圳市捷进科技有限公司,0,0,0
深圳市捷通科技有限公司,0,0,0
深圳市摩天射频技术有限公司,0,0,0
深圳市敏君智能科技第一店铺,0,0,0
深圳市敬阳达科技第一店铺,0,0,0
深圳市斯科信息技术有限公司,0,0,0
深圳市新世举科技第一店铺,0,0,0
深圳市新联杰电子有限公司,0,0,0
深圳市普瑞赛斯光学技术第三店铺,0,0,0
深圳市晶芯微半导体有限公司,0,0,0
深圳市杰世佳电子有限公司,0,0,0
深圳市杰仕广告有限公司,0,0,0
深圳市杰兴伟业电子有限公司,0,0,0
深圳市杰兴科技有限公司,0,0,0
深圳市杰宇基础工程有限公司,0,0,0
深圳市杰安特电子有限公司,0,0,0
深圳市杰洋供应链有限公司,0,0,0
深圳市杰翔达电子第一店铺,0,0,0
深圳市杰诚自动化喷砂机厂家,3,0,3
深圳市杰诚自动化喷砂设备,0,0,0
深圳市杰鑫诚信息咨询有限公司,0,0,0
深圳市杰鹏盛电子第一店铺,0,0,0
深圳市桔子广告制作有限公司,0,0,0
深圳市正宏盛智能科技第一店铺,0,0,0
深圳市汉高胶业有限公司,0,0,0
深圳市海纳润康营销管理第二店铺,0,0,0
深圳市淘晶驰电子有限公司,0,0,0
深圳市炬阳科技有限公司,0,0,0
深圳市玖泽科技有限公司,0,0,0
深圳市琦捷电子有限公司,0,0,0
深圳市瑞思财务有限公司第二店铺,0,0,0
深圳市电应普科技有限公司,0,0,0
深圳市目视科技有限公司,0,0,0
深圳市眼界科技有限公司,1,0,1
深圳市睛灵龙科技第一店铺,0,0,0
深圳市破镜重圆文化传播有限公司,1,0,1
深圳市科华镜片制品有限公司,0,0,0
深圳市科时进电子第一店铺,0,0,0
深圳市科瑞杰科技第三店铺,0,0,0
深圳市竣伟达科技设备有限公司,0,0,0
深圳市精一达企业管理咨询,1,0,1
深圳市精伟精密科技有限公司,0,0,0
深圳市精塑光科技有限公司,0,0,0
深圳市精士博科技有限公司,0,0,0
深圳市精开泰精密科技有限公司,0,0,0
深圳市精极科技有限公司,0,0,0
深圳市红捷智能有限公司,0,0,0
深圳市维电斯科技有限公司,0,0,0
深圳市羽杰科技有限公司,0,0,0
深圳市耀邦自动化设备有限公司,0,0,0
深圳市聚鼎兴科技有限公司,0,0,0
深圳市蓝鲸源科技有限公司,0,0,0
深圳市诚信康胶粘剂第一店铺,0,0,0
深圳市谨宏科技有限公司店铺,0,0,0
深圳市谷智远技术第一店铺,0,0,0
深圳市豪门卷闸有限公司,0,0,0
深圳市购鲸喜科技第一店铺,0,0,0
深圳市辉洁洗涤用品有限公司,0,0,0
深圳市进烨电子有限公司,0,0,0
深圳市连进微科技有限公司,0,0,0
深圳市速珀瑞门控科技有限公司,0,0,0
深圳市速进物流有限公司第一店铺,0,0,0
深圳市酒酒源贸易有限公司,0,0,0
深圳市金合发五金科技有限公司,0,0,0
深圳市金盾警用装备有限公司,0,0,0
深圳市鑫旭佳电子有限公司,0,0,0
深圳市鑫达荣科技有限公司,0,0,0
深圳市钧敏科技有限公司第一店铺,0,0,0
深圳市铭盛光电科技有限公司,0,0,0
深圳市锐进成科技有限公司,0,0,0
深圳市阶新科技有限公司第一店铺,0,0,0
深圳市零距互联网科技有限公司,1,0,1
深圳市骏凯诚科技有限公司,0,0,0
深圳市骏翌科技有限公司,0,0,0
深圳市龙岗区布吉酒易购商行,0,0,0
深圳市龙盛脚手架租赁有限公司,0,0,0
深圳挑酒电子商务有限公司,1,0,1
深圳有咖互动科技有限公司,1,0,1
深圳桔子智能科技发展有限公司,1,0,1
深圳楷东科技有限公司,0,0,0
深圳皇品雅致实业第一店铺,0,0,0
深圳看看网,0,0,0
深圳研江智能科技有限公司,0,0,0
深圳竞现科技有限公司,0,0,0
深圳竞现科技有限公司第二店铺,0,0,0
深圳精信立科技有限公司,0,0,0
深圳艺栈ARTINN,0,0,0
深浅之境度假民宿,0,0,0
混凝土搅拌机配件,0,0,0
淼焱混凝土搅拌站,0,0,0
清远市石角镇兴达瓶盖厂,0,0,0
渔阳郡业集团养老服务中心,0,0,0
温州京特泵阀制造有限公司,0,0,0
温州军锐自动化有限公司,0,0,0
温州市农村农业局,1,0,1
温州曙光熔断器,0,0,0
温州炬惠电力设备有限公司,0,0,0
温州艺界文化传播有限公司,1,0,1
温州蓝鲸机械有限公司,0,0,0
温州鑫桔供水设备第一店铺,0,0,0
温州靖梦包装有限公司,0,0,0
温警在线,0,0,0
渭南高抗泡桐研究推广中心,0,0,0
湖北业成升降机械有限公司,0,0,0
湖北人杰特种汽车科技有限公司,0,0,0
湖北人杰特种汽车科技第一店铺,0,0,0
湖北人杰特种汽车科技第二店铺,0,0,0
湖北兴勇机械制造第二店铺,0,0,0
湖北力科专用汽车销售第一店铺,0,0,0
湖北星程汽车服务有限公司,0,0,0
湖北楚荆汽车装备第二店铺,0,0,0
湖北法得尔升降设备有限公司,0,0,0
湖北浩天专用汽车有限公司,0,0,0
湖北爱士康医药科技有限公司,0,0,0
湖北百变玩咖文化传播有限公司,0,0,0
湖北百进专用汽车服务第一店铺,0,0,0
湖北省中西医结合医院,29,0,29
湖北省康纯香料有限公司,0,0,0
湖北领疆科技有限公司,0,0,0
湖南东鸿生物科技有限公司,0,0,0
湖南丰伟机械制造有限责任公司,0,0,0
湖南军联教育科技有限公司,1,0,1
湖南千峻矿山工具有限公司,0,0,0
湖南建工华旺建设有限公司,1,0,1
湖南懋军宝工电子有限公司,0,0,0
湖南捷超科技有限公司,0,0,0
湖南普奇地质勘探设备研究院,0,0,0
湖南景里电子商务有限公司,0,0,0
湖南汉疆昆仑科技第一店铺,0,0,0
湖南汉疆畅科金属制品第二店铺,0,0,0
湖南省水利水电科学研究院,1,0,1
湖南绝品斋企业管理有限公司,1,0,1
湖南远钧科技有限公司,1,0,1
湖南钧扬网络技术有限公司,1,0,1
湖南铭镜新型建材有限公司,0,0,0
湖南铭镜新型建材第一店铺,0,0,0
湖南铭镜新型建材第三店铺,0,0,0
湖南铭镜新型建材第二店铺,0,0,0
湖南靖嘉仓储设备制造有限公司,0,0,0
溪山深渡,0,0,0
滁州万桥绢云母有限公司,0,0,0
滑县好口福豆瓣酱厂,0,0,0
满天星造句,2,0,2
满顺缘一次性消毒餐具厂家,0,0,0
滢升自动化科技上海有限公司,0,0,0
漫游时间计算器,0,0,0
漫漫看,0,0,0
漫画人,0,0,0
漯河市昊利食品机械销售第二店铺,0,0,0
漳州台商投资区角美鸿凯石材经,0,0,0
漳州市景乔园林有限公司第三店铺,0,0,0
潍坊云疆机械科技第一店铺,0,0,0
潍坊亿有种苗有限公司第一店铺,0,0,0
潍坊劲昊磁电科技有限公司,0,0,0
潍坊瑞光化工有限公司,0,0,0
潍坊竣龙机械有限公司,0,0,0
潍坊荣靖防水工程第一店铺,0,0,0
潍坊金盟船舶装备第一店铺,0,0,0
澳海澜郡,112,0,112
瀚生旧地面翻新,11,0,11
瀛之杰,2,0,2
灵寿县华源云母有限公司第三店铺,0,0,0
灵寿县远舰矿产品加工厂,0,0,0
灵山县武利镇果丰果苗场,0,0,0
灵镜AI测颜值,6,0,6
炫咖扫靓号,0,0,0
炬炻专业锌钢护栏加工,0,0,0
点将上海科技第三店铺,0,0,0
烟台展扬智能装备有限公司,0,0,0
烟宝无缝方矩管,2,0,2
热聚社,0,0,0
烯旺新材料科技股份有限公司,0,0,0
焊捷自动化科技有限公司,0,0,0
焦之桃树苗种植基地,0,0,0
焦作冠举机械设备第三店铺,0,0,0
焦氏贸易深圳集团有限公司,0,0,0
焦点科技旗下内贸平台,0,0,0
煤质计算器,1,0,1
熠羽丰达天津镀锌方矩管加工,6,0,6
熠羽丰达天津镀锌方矩管现货,6,0,6
燕郊财管家工商代办税务异常处理,44,2,46
燕郊财管家烟草证餐饮许可证代办,44,2,46
燕郊财管家营业执照代办工商注销,44,2,46
爱抠客,14,0,14
爱销卡卡密卡券回收,0,0,0
牛开开,0,0,0
牛角龙商城,0,0,0
狙房客,31,0,31
献县景绿公共设施有限公司,0,0,0
献县鹏娟建筑器材厂第一店铺,0,0,0
玉环爵湃科技有限公司第一店铺,0,0,0
玖儿爱美,1,0,1
玖幸环境,0,0,0
玖月16号,0,0,0
玖海网络科技,2,0,2
玖米宿江,0,0,0
玖鼎酒业青岛有限公司,0,0,0
玩吧之emoji翻译器,1,0,1
玩吧之举牌小人,0,0,0
珂兰钻石,0,0,0
珠海市斯密科技有限公司,0,0,0
琳玖美甲美睫纹绣培训学校,2,0,2
瑞安市万源塑料包装机械厂,0,0,0
瑞德胜焦亚硫酸钠厂家,26,0,26
甄酒全球购,1,0,1
甘肃北斗勘测设计工程有限公司,1,0,1
甘肃景尚景园林景观工程第一店铺,0,0,0
甘肃锦鑫电子,0,0,0
登封市星海净水材料有限公司,0,0,0
白云区兄弟钢木家俱厂第二店铺,0,0,0
白驹奢品,0,0,0
百信银行,5,0,5
百度上海超级家装节,0,0,0
百度作业模式,0,0,0
百度加油节,0,0,0
百度奖学金,0,0,0
百度经验,2,0,2
百度聚屏半径,1,0,1
百度车主节,0,0,0
皆悦电子科技,0,0,0
皓驹洗眼器,0,0,0
皖庆人脸识别门禁系统,0,0,0
益康绿色康复理疗,64,92,156
益阳酱一坊食品有限公司,0,0,0
盐城经济技术开发区森佰农产品经,0,0,0
盛杰升降平台,1,0,1
眉山市陶樽酒业有限公司,0,0,0
看房有奖,0,0,0
看点句子,0,0,0
看看票务,3,0,3
眷念舫,2,0,2
知书了宿,0,0,0
知了好学,0,0,0
知实学术,1,0,1
知小将商标服务平台,1,0,1
知网查重网,0,0,0
石家庄东企生物肥料有限公司,0,0,0
石家庄劲踏地板科技第一店铺,0,0,0
石家庄市东华铁路学校,0,0,0
石家庄市藁城区发达生物发酵肥,0,0,0
石家庄市达昌湿巾第一店铺,0,0,0
石家庄松川机电设备销售第一店铺,0,0,0
石家庄渣浆水泵科技第二店铺,0,0,0
石家庄炬材矿产品有限公司,0,0,0
石家庄牧腾机械设备销售第一店铺,0,0,0
石家庄鹏杰新能源科技第一店铺,0,0,0
石水液下渣浆泵厂,0,0,0
石水渣浆泵厂,0,0,0
砀山易经学会介绍,1,0,1
码谱历史上的皇帝,0,0,0
神匠展览,0,0,0
祥云脚手架租赁,16,0,16
祥康酒业,2,0,2
祥捷U型玻璃,0,0,0
祥骏作文课堂,15,0,15
福州唯洁清洁服务有限公司,0,0,0
福州威仕杰电子有限公司,0,0,0
福州市仓山区进源日用品商行,3,0,3
福州敬天硕塑胶制品有限公司,0,0,0
福州界宽建筑装饰工程有限公司,0,0,0
福州航舰空压机械第一店铺,0,0,0
福建泉州福艺饰界家具有限公司,0,0,0
福建省二建建设集团有限公司,1,0,1
福建省南安市晋陶机械有限公司,0,0,0
福建通能科技抗震支架,1,8,9
禾品科技剧情介绍,0,0,0
禾木鲸野百年老屋,0,0,0
种酒传说,1,1,2
秦皇岛万友商贸有限公司第一店铺,0,0,0
秦皇岛市一杰电子仪器有限公司,0,0,0
秦皇岛楷乔商贸有限公司,0,0,0
积木捷行,0,0,0
移领收单宝总部,0,0,0
程力专用汽车股份有限公司,0,0,0
程锦宝鸡钛合金螺丝,0,0,0
立威微波设备简介,3,0,3
竞网400电话,0,0,0
章贡区湘赣卷闸门厂第一店铺,0,0,0
竹坞茶径,0,0,0
竹山县大智野生菌中心,0,0,0
竺酤酒斛,0,0,0
第三境海景民宿,0,0,0
简美茶酒,1,0,1
米有理由和一枝青椒,1,0,1
粮将,1,0,1
精兰家具,69,0,69
精楷电子科技上海有限公司,0,0,0
精顺高频设备,0,0,0
糠糠面包,1,0,1
素居装饰,0,0,0
索贝克水润滑无油螺杆空压机,0,0,0
紫鹊界康养小镇,24,0,24
红包墙淄博芋营商务,1,0,1
纤诗娇,1,0,1
组卷易,1,0,1
绍兴市中医院,0,0,0
绍兴越艺坊扇业有限公司,0,0,0
经济开发区艺华不锈钢玻璃门经,0,0,0
经济技术开发区佰亿塑钢门窗经,0,0,0
经科电脑上门维修,0,0,0
经科电脑维修,0,0,0
绛县宏源苗木专业合作社,0,0,0
绿地麓湖郡,0,0,0
网文大神狂欢集结,0,0,0
网盘小飞机,0,0,0
罗大师讲风水,1,0,1
罗平县超越食品有限公司第一店铺,0,0,0
美联英语培训,2,0,2
美邦沙场泥浆脱水设备,12,0,12
美镜美奂OOJIA,0,0,0
耀途警示柱,0,0,0
老窖原酒坊散白酒,0,0,0
耿力喷浆机,0,0,0
聊城市杰展环保设备有限公司,1,0,1
聊城市竣捷网络科技有限公司,1,0,1
聊城艳娇服装加工,0,0,0
聊城艳娇汽车用品,0,0,0
联盟屋,0,0,0
聚一网站建设预约中心,0,0,0
聚优盟,0,0,0
聚团建,69,0,69
聚展,0,0,0
聚房网,13,0,13
聚文楼,10,0,10
聚生意资讯,0,0,0
肇庆市翔兴电子设备制造有限公司,0,0,0
肥东县菊花印刷厂,0,0,0
胜杰博客,0,0,0
胜杰语录,0,0,0
胜诉法律咨询,6,0,6
胡刚厨具经营部,0,0,0
脚印兄弟北京信息科技,1,0,1
至善励志教育,0,0,0
至尊维纳斯广州精细化工有限公司,0,0,0
舒美国际化妆品广州有限公司,0,0,0
舒邦冰凉巾,11,0,11
舒邦速干巾,11,0,11
舒邦鹿皮巾,11,0,11
舜缘居名字打分,0,0,0
航天钧和科技有限公司,0,0,0
舰鑫环保科技有限公司第一店铺,0,0,0
良将地毯批发,0,0,0
艳娇女装服饰,0,0,0
艾基锘办公家俱河南有限公司,0,0,0
艾德觉海域,0,0,0
艾格玛电动推杆,0,0,0
艾都蕲艾,0,0,0
节焱天然气燃烧机,0,0,0
节焱燃烧机,0,0,0
节焱超低氮燃烧器,0,0,0
节能型陶瓷泥浆泵,0,0,0
花都袁记开锁开汽车锁,25,0,25
苏匠日和,1,0,1
苏州东山枇杷,0,0,0
苏州中瑞升降机械有限公司,0,0,0
苏州京上环保设备有限公司,0,0,0
苏州俊志市政交通设施有限公司,0,0,0
苏州将睿机电有限公司,0,0,0
苏州巨洁电子有限公司,0,0,0
苏州市佳胜模具有限公司,0,0,0
苏州市和谐康工业设计第二店铺,0,0,0
苏州市斯美特升降机械有限公司,0,0,0
苏州市渔将餐饮管理有限公司,1,0,1
苏州市玖佳化工有限公司,0,0,0
苏州捷之硕电子科技有限公司,0,0,0
苏州捷之诚自动化科技有限公司,0,0,0
苏州捷盛新材料科技有限公司,0,0,0
苏州晶聚德太阳能科技第一店铺,0,0,0
苏州杰华广告有限公司,0,0,0
苏州田井砂新能源科技有限公司,0,0,0
苏州百企慧聚信息科技有限公司,0,0,0
苏州祥国进塑化进出口有限公司,0,0,0
苏州翊竣机电设备工程有限公司,1,0,1
苏州臻品酒庄有限公司,0,0,0
苏州英教爱教育科技有限公司,1,0,1
苏州菊平精密机械厂,0,0,0
苏州赛劲精密设备有限公司,0,0,0
苏州雍景园林古建景观第一店铺,0,0,0
英剑集团,0,0,0
英德市山石异景园林景观第一店铺,0,0,0
英德璇逸郡度假酒店,0,0,0
茅味道酱香酒,0,0,0
荆州市荆驰园林绿化工程有限公司,0,0,0
荆门市荆屋文化传媒有限公司,1,0,1
莆田市茂进鞋业有限公司,0,0,0
莒南县鸿运仔猪购销中心,0,0,0
莱州结力工贸有限公司第二店铺,0,0,0
莲花智慧实修讲堂,0,0,0
菊龙天津磨具有限公司第一店铺,0,0,0
菌旺农业烘干机,3,0,3
菌旺烘干机厂家店铺,3,0,3
菏泽市润康中药材研究所第一店铺,0,0,0
菲爱解梦,0,0,0
营口市美典家纺第二店铺,0,0,0
营山县昊鑫农业开发有限责任公司,0,0,0
葛洲坝北京紫郡兰园,0,0,0
葛洲坝虹桥紫郡公馆,0,0,0
葡萄酒网,0,0,0
葡萄酒网教育,0,0,0
葡萄酒网百科,0,0,0
葫芦岛市辽西石油机具厂,0,0,0
蒋标变压器维修,33,0,33
蒋标永城发电机出租,29,0,29
蒋标永城电机回收,29,0,29
蓝世居旗下高端品牌宅居森林,1,0,1
蓝俊道路,1,0,1
蓝天碧水凯力特,0,0,0
蓝将云,0,0,0
蓝鲸翻译,6,0,6
蓝鲸豪行,2,0,2
虞美人酒,0,0,0
蚂蚁社保代缴,1,0,1
蚌埠华泰液力变矩器股份有限公司,1,0,1
蜀山区大香蕉网络应用工作室,1,0,1
蜀巴蜀大将,1,0,1
蜜斯姐课程咨询,1,0,1
蜜桃姐讲游戏,1,0,1
融建网,1,0,1
行动教育,8,0,8
行者上居,0,0,0
街罩科技,0,0,0
衡水中交润达橡塑制品有限公司,0,0,0
衡水中景机械设备有限公司,0,0,0
衡水中特工程橡塑制品有限公司,0,0,0
衡水光环脚轮有限公司第一店铺,0,0,0
衡水宇通工程橡胶第二店铺,0,0,0
衡水擎天路桥养护工程店铺,0,0,0
衡水旷世脚轮有限公司,0,0,0
衡水桥闸工程橡胶第一店铺,0,0,0
衣橱无忧旧衣物上门回收平台,0,0,0
袋鼠旧衣服回收,3,0,3
装一网大数据智选装修公司,0,0,0
襄阳竣晟机电工程有限公司,0,0,0
西安世腾实业有限公司,0,0,0
西安佰慷环保科技有限公司,0,0,0
西安典致家俱,0,0,0
西安惠普生物科技有限公司,0,0,0
西安新玖大建设工程有限公司,0,0,0
西安望景窗饰有限公司,0,0,0
西安炯晟保温建材第二店铺,0,0,0
西安睿博建筑加固工程有限公司,0,0,0
西安神码华亨通信科技有限公司,0,0,0
西安稷禾农业科技有限公司,0,0,0
西安维特生物科技有限责任公司,0,0,0
西安金天将矿业有限公司,0,0,0
西郊都会楼盘信息,0,0,0
西郊金茂府,0,0,0
解忧百科,0,0,0
警泰通经营部,2,0,2
许昌市中绝绝缘材料有限公司,0,0,0
许昌智工机械制造有限公司,0,0,0
诚然心理测试,0,0,0
诸城博康机械第一店铺,0,0,0
诸城市劲创机械科技有限公司,0,0,0
诸城市尚品机械科技第三店铺,0,0,0
诸城市峒竣机械有限公司第一店铺,0,0,0
诸城市有为机械科技第一店铺,0,0,0
诸城市金锯锋锯业第一店铺,0,0,0
诸城市鹏钧机械有限公司,0,0,0
诸城隆迈机械有限公司第二店铺,0,0,0
谨博5G泉州吃喝玩乐,428,0,428
谷东锯业不锈钢锯片,3,0,3
谷东锯业亚克力锯片,3,0,3
谷东锯业冷切锯切割机,3,0,3
谷东锯业冷切锯厂家,3,0,3
谷东锯业冷锯锯片,3,0,3
谷东锯业圆锯机锯片,3,0,3
谷东锯业木工锯片,3,0,3
谷东锯业金刚石锯片,3,0,3
谷东锯业金属冷切锯,3,0,3
谷东锯业钢筋冷切锯,3,0,3
谷东锯业铝合金锯片,3,0,3
谷东锯业锯片生产厂家,3,0,3
谷东锯业飞锯锯片,3,0,3
谷东锯业高速钢锯片,3,0,3
豆状元,0,0,0
豫北紧固件,0,0,0
豫唐汤阴周公解梦,1,0,1
豫龙卷圆机,0,0,0
贝洁清洁用品,11,0,11
贤内工具箱,0,0,0
贵州创将管业科技有限公司,0,0,0
贵州国酒香酒业集团股份有限公司,0,0,0
贵州省仁怀市怀纪酒业第一店铺,0,0,0
贵州谨创新材料科技有限公司,0,0,0
贵州迎宾酒股份有限公司,1,0,1
贵州酱小美酒业有限公司,0,0,0
贵州饮台酒业,1,0,1
贵阳兴教教育信息,17,0,17
贵阳观山湖子午定方测绘仪器经,0,0,0
费耘进项管理系统,1,0,1
赛奥毛巾厂家,0,0,0
赛滕电脑上门,1,0,1
赣州市芳雅园林景观有限公司,0,0,0
赤峰市张姜科技有限公司,0,0,0
赵县钧铖苗木种植场,0,0,0
越美人酒,1,0,1
路易达加筋滤网,2,0,2
软文街,1,0,1
轻表教师工具箱,0,0,0
辉腾一键接龙,11,9,20
辰宇环保进口杀菌剂,0,0,0
辽宁天龙角管道系统第一店铺,0,0,0
辽宁水文地质工程地质勘察院,1,0,1
辽宁泰丰电气股份有限公司,0,0,0
辽宁美同达科技有限公司,0,0,0
辽宁联硕科技有限公司,0,0,0
达人视界验光配镜培训,0,0,0
达菱浆叶闪蒸干燥机,0,0,0
达运每日讲车,0,0,0
迈尔德LED智能浴室镜,0,0,0
迈尔德LED智能浴室镜工厂,1,0,1
迈竞科技,0,0,0
迈视达武汉仪器设备有限公司,0,0,0
近呗科技,0,0,0
近雨环境,3,0,3
远久建材小程序,0,0,0
远播教育,0,0,0
远遨机器人科技常州有限公司,0,0,0
连云港市恒信无纺布湿巾机械,0,0,0
连云港艳娇女装成衣厂,0,0,0
连云港黄海勘探技术有限公司,0,0,0
连君设计,15,0,15
连尚万能卡,0,0,0
迷彩虎,1,0,1
逆鳞新材料pc角浪板,13,0,13
途台酒,0,0,0
通裕葡萄酒,0,0,0
速若伟上海电气工业科技第一店铺,0,0,0
道和房贷计算器,0,0,0
遵化市东禹宠物笼具制第二店铺,0,0,0
邢台侠卷塑料制品厂第一店铺,0,0,0
邢台创勤机械制造有限公司,0,0,0
邢台博迅机械制造第三店铺,0,0,0
邢台富宇来机械厂第一店铺,0,0,0
邢台灰鲸机械厂,0,0,0
邢台爵腾机械制造厂,0,0,0
邢台邢盛机械制造有限公司,0,0,0
邢台顺嘉机械制造有限公司,0,0,0
邢台骄马机械制造厂,0,0,0
邢台鸿梓商贸有限公司,0,0,0
邦众天麻萌发菌,0,0,0
邮都零距离商务平台,0,0,0
邯郸市丛台区原界化工有限公司,0,0,0
邯郸市乐成紧固件制造有限公司,0,0,0
邯郸市伟泽紧固件制造有限公司,0,0,0
邯郸市卓路紧固件制造有限公司,0,0,0
邯郸市启迈紧固件第一店铺,0,0,0
邯郸市常玖紧固件制造第一店铺,0,0,0
邯郸市敬谐交通设施制造有限公司,0,0,0
邯郸市椒乡化工贸易第一店铺,0,0,0
邯郸市永年区宁屯熔炬紧固件厂,0,0,0
邯郸市永年区河北铺现彬紧固件,0,0,0
邯郸市永年区河北铺胜第一店铺,0,0,0
邯郸市永年区煜珊紧固件制造,0,0,0
邯郸市永年区耀阳紧固件有限公司,0,0,0
邯郸市永年区西滩头彩杰紧固件厂,0,0,0
邯郸市永年区超亿矿用紧第一店铺,0,0,0
邯郸市源沃肥业科技有限公司,0,0,0
邯郸市聚缘紧固件制造第三店铺,0,0,0
邯郸市诚诺紧固件有限公司,0,0,0
邯郸市邯山区炬诚井管第一店铺,0,0,0
邯郸市雄策紧固件制造第二店铺,0,0,0
邯郸市顶鲜食品有限公司第三店铺,0,0,0
邯郸市鼎安紧固件制造有限公司,0,0,0
郑州东阳耐火材料有限公司,0,0,0
郑州中交建材有限公司,0,0,0
郑州今是照明标识有限公司,0,0,0
郑州伟创家俱有限公司,0,0,0
郑州依娜美学美甲美睫培训学校,0,0,0
郑州华净之光净化工程有限公司,0,0,0
郑州博深磨料磨具有限公司,0,0,0
郑州国钧电子技术有限公司,0,0,0
郑州大杰食品机械有限公司,0,0,0
郑州宇威耐火浇注料可塑料,2,0,2
郑州居鲸智能科技第三店铺,0,0,0
郑州巨鲸机械设备第一店铺,0,0,0
郑州市尚艺坊陶瓷第一店铺,0,0,0
郑州市建佟建筑机械有限公司,0,0,0
郑州市正森机械设备有限公司,0,0,0
郑州市管城区海盈交通物第一店铺,0,0,0
郑州德敬机械设备有限公司,0,0,0
郑州恒达造纸设备有限公司,0,0,0
郑州旭申环保科技有限公司,0,0,0
郑州枫桥建筑服务第二店铺,0,0,0
郑州江瑞机械设备有限公司,0,0,0
郑州盎然机械设备有限公司,0,0,0
郑州粘接新材料有限公司,0,0,0
郑州良驹教育咨询有限公司,1,0,1
郑州荣德机械设备有限公司,0,0,0
郑州荣盛窑炉耐火材料有限公司,0,0,0
郑州迅之捷智能设备有限公司,0,0,0
郑州远之杰计算机科技有限公司,1,0,1
郑州邦辉科技有限公司第一店铺,0,0,0
郑州鑫发磨料有限公司,0,0,0
郑州铭将机械设备有限公司,0,0,0
郑州食全食美商贸有限公司,0,0,0
郑州驹达新材料科技有限公司,1,0,1
郑州骄顺重工机械第二店铺,0,0,0
郑州鲸代网络科技第一店铺,0,0,0
郓城县圣信木工机械经第一店铺,0,0,0
郓城永驰包装有限公司,0,0,0
郓城鸿源专用车有限公司第一店铺,0,0,0
酒一点,1,0,1
酒企宝,1,0,1
酒家久,1,0,1
酒屋xz形象展示,0,0,0
酒时达,1,0,1
酒易酒仓,1,0,1
酒芯,0,0,0
酱茄,0,0,0
酱茄OW,0,0,0
酱茄企业官网Free,0,0,0
酱酒卿人会商城,1,0,1
重庆乾骄建材有限公司第二店铺,0,0,0
重庆六合针灸推拿培训学校,1,0,1
重庆具码科技有限公司第一店铺,0,0,0
重庆凯嵩科技有限公司,0,0,0
重庆凯舰建筑工程有限公司,0,0,0
重庆小脚丫商贸有限公司第一店铺,0,0,0
重庆巴将军饮食文化发展有限公司,1,0,1
重庆市净优清洁服务有限公司,0,0,0
重庆市卡骏科技,0,0,0
重庆市大数据应用发展管理局,1,0,1
重庆市春鹏预应力钢绞线有限公司,0,0,0
重庆康牛科技有限公司,1,0,1
重庆新稷园农业发展有限责任公司,0,0,0
重庆星宇云起劳保用品有限公司,0,0,0
重庆炬野科技发展有限公司,1,0,1
重庆爵创环保工程有限公司,0,0,0
重庆花千树婚介服务有限公司,1,0,1
重庆谨百塑料制品有限公司,0,0,0
重庆谨百塑料制品第二店铺,0,0,0
重庆谨百塑料制品第四店铺,0,0,0
重庆鑫旺废旧金属回收第一店铺,0,0,0
重庆钧隆石材,15,0,15
金乡县联盛菌业科技第一店铺,0,0,0
金回收黄金回收专家,1,0,1
金桔财务企业注册,0,0,0
金桔财务公司变更,0,0,0
金桔财务公司注销,0,0,0
金桔财务工商代办,0,0,0
金海日华北京密封科技有限公司,0,0,0
金牌生物科技,69,0,69
金盾防水建材,0,0,0
金科密源门禁机,0,0,0
金融街融拓天津置业有限公司,0,0,0
金鑫隆大节距链厂家,12,0,12
金钻石铜金粉,0,0,0
鑫联光缆交接箱,0,0,0
鑫远翡丽郡,0,0,0
钟祥亿源生物科技第一店铺,0,0,0
钨钢模具制品厂,0,0,0
铭泰热熔胶上胶机,1,8,9
铭铠MICROARMOR防霉抗菌剂,0,0,0
链旧苏州网络科技第一店铺,0,0,0
链旧苏州网络科技第五店铺,0,0,0
铿劲莱永华股票配资公司,3,0,3
铿劲莱股票分析,3,0,3
铿劲莱股票配资资讯,3,0,3
锋威高强度方管方矩管厂家,0,0,0
锦博木屋,0,0,0
锦泽园,0,0,0
锦熙府,0,0,0
锦石园林,0,0,0
镇江长青管业有限公司第三店铺,0,0,0
镜溪绿汀,0,0,0
长十电力施工机具制造厂,17,0,17
长垣市安芝牧生物科技第一店铺,0,0,0
长城建机混凝土搅拌站,0,0,0
长春劲德建材有限公司,0,0,0
长春市椒粉公煮餐饮管理有限公司,1,0,1
长杰手机靓号,0,0,0
长沙中竞恒招投标代理有限公司,1,0,1
长沙介华泵业有限公司,0,0,0
长沙优嘉机械有限公司,0,0,0
长沙市胶胶者胶粘制品第一店铺,0,0,0
长沙市芙蓉区韭菜园街道第一店铺,0,0,0
长沙开文办公设备,0,0,0
闪电借呗,0,0,0
闪电借款,0,0,0
闲在美宿,0,0,0
阆中市圆觉寺旅游开发有限公司,1,0,1
阳朔井宿酒店,0,0,0
阳江市外星电气有限公司,0,0,0
阳谷三阳钎具有限公司,1,0,1
陆羽茶交所,0,0,0
降镉灵叶面阻控剂,0,0,0
陕西中杰勘测排水管道检测,24,0,24
陕西中杰勘测油气管道检测,21,0,21
陕西中杰勘测管道漏水检测,15,0,15
陕西优卓识达农业科技有限公司,0,0,0
陕西华经微电子股份有限公司,0,0,0
陕西博鸿健康产业第一店铺,0,0,0
陕西天行健生物化工技术有限公司,0,0,0
陕西将金甲电气科技第三店铺,0,0,0
陕西将金甲电气科技第二店铺,0,0,0
陕西居为家智能家居有限公司,0,0,0
陕西巨秦实业有限公司,0,0,0
陕西庆瑞丰食药用菌科技第三店铺,0,0,0
陕西建科发展建设有限公司,0,0,0
陕西新天域生物科技第三店铺,0,0,0
陕西然糠生物科技有限公司,0,0,0
陕西绿莱生物科技有限公司,0,0,0
陕西群创生物科技有限公司,0,0,0
陕西西凤酒股份有限公司,1,0,1
陕西西绝西电绝缘材料有限公司,0,0,0
陕西西绝西电绝缘材料第一店铺,0,0,0
陕西金禾农业科技第一店铺,0,0,0
陕西铂锐钻探机具第一店铺,0,0,0
隆十二境,0,0,0
隆昌市兴顺陶瓷有限公司,0,0,0
隆昌汇盛陶瓷有限公司,0,0,0
隆昌鸿举建材有限公司,0,0,0
随州市万松堂康汇保健品有限公司,0,0,0
随州市楚汉专用汽车销售服务,0,0,0
随州市浩龙汽车销售第二店铺,0,0,0
随州市菌旺农业科技第一店铺,0,0,0
随州市鑫隆食用菌机械有限公司,0,0,0
随心看,0,0,0
隐秘之境民宿,0,0,0
雄景生态酒店,0,0,0
雅安市名山区超众苗木第二店铺,0,0,0
集萃药康,1,0,1
雨花郡,0,0,0
雪力广州内窥镜技术有限公司,0,0,0
霁兴渣浆泵,0,0,0
霍邱县王截流乡茂有甲鱼第一店铺,0,0,0
露净仕羽绒服清洁湿巾工厂店,3,0,3
霸州市东亨电力机具店铺,0,0,0
霸州市东亨电力机具有限公司,0,0,0
霸州市东亨电力机具第一店铺,0,0,0
霸州市众思博线路机具制造,0,0,0
霸州市创森电力机具制造有限公司,0,0,0
霸州市华远线路机具制造第二店铺,0,0,0
霸州市南孟洪涛电力机具厂,0,0,0
霸州市南孟镇天泽电力机具厂,0,0,0
霸州市峻达楼梯有限公司,0,0,0
霸州市巨成五金机具第二店铺,0,0,0
霸州市康仙庄骏宏腾电力机具厂,0,0,0
霸州市德派尔五金机具第一店铺,0,0,0
霸州市瑾安电力机具制造有限公司,0,0,0
霸州市腾维电力机具第一店铺,0,0,0
霸州长十电力机具有限公司,0,0,0
青城青境,0,0,0
青岛中嘉霖晟浆纸有限公司,0,0,0
青岛千叶食品有限公司,0,0,0
青岛小倔茶业有限公司,0,0,0
青岛抗造机电租赁维修发电机,0,0,0
青岛捷立机械设备有限公司,0,0,0
青岛新巨人商贸有限公司,0,0,0
青岛汇豪脚轮有限公司,0,0,0
青岛浩然风电设备有限公司,0,0,0
青岛科源化工有限公司,0,0,0
青岛筋牛座企业管理有限公司,1,0,1
青岛诺森生物技术第一店铺,0,0,0
青岛诺科优科技有限公司第一店铺,0,0,0
青岛那由他智能海景民宿,0,0,0
青岛钧发商用设备有限公司,0,0,0
青岛隆川生物科技有限公司,0,0,0
青州市万昌花卉苗木第一店铺,0,0,0
青州市军岩农业机械有限公司,0,0,0
青州市力鼎环保科技第二店铺,0,0,0
青州市启航疏浚机械设备第三店铺,0,0,0
青州市启航疏浚机械设备第二店铺,0,0,0
青州市峻达重工科技有限公司,0,0,0
青州市广铭花卉苗木第一店铺,0,0,0
青州市欧林花卉苗木有限公司,0,0,0
青州市永恒花卉苗木专业合作社,0,0,0
青州市绿亚花卉苗木专业合作社,0,0,0
青州市鑫振宇疏浚环保设备机械,0,0,0
青州市顺和花卉苗木第一店铺,0,0,0
青州振业泥浆净化器,34,0,34
青州永生环保绞吸式挖泥船,34,0,34
青州海河疏浚设备制造第一店铺,0,0,0
青州禹帆花卉苗木有限公司,0,0,0
青州轩琪生态农业科技有限公司,0,0,0
青州黄楼永利矿沙绞吸挖泥船,16,0,16
靓QL分享,2,0,2
静幽南民宿,0,0,0
静庐澜栅,0,0,0
静爆重庆应用技术研究院有限公司,0,0,0
静美幕墙技术有限公司,1,0,1
韩城市金城区黄盖花椒苗第二店铺,0,0,0
风行视频,0,0,0
风韵美酒文化,0,0,0
飞宇模具,0,0,0
飞牛旅游,0,0,0
飞蚂蚁旧衣服回收,0,0,0
飞钧空压机,0,0,0
饶阳县隆盛食品厂,0,0,0
饺子互动,1,0,1
马鞍山市光炬机械科技有限公司,0,0,0
驰安久通,512,0,512
驻马店市驿城区宏程秸第二店铺,0,0,0
骏品冲孔切角机械设备,0,0,0
骏起洗砂机,0,0,0
高州市中业植物种业有限公司,0,0,0
高考幸运星,2,0,2
高阳县新柳飞毛巾厂,0,0,0
魔镜夫妻相相似度测试,0,0,0
鱼童漆,0,0,0
鲸品铺,1,0,1
鲸版权Bak,4,0,4
鲸禧民宿,0,0,0
鲸蓝机电,0,0,0
鸡泽县华康调味食品有限公司,0,0,0
鸿坤葡萄酒小镇悦山湖,0,0,0
鸿皆实验室家具实验台通风柜厂家,0,0,0
鸿运再生胶,0,0,0
鹿人甲EMbaMpa在职硕士博士论文,0,0,0
鹿人甲发表教育经济工程医学期刊,0,0,0
鹿人甲发表科技北大南大核心期刊,0,0,0
鹿人甲职称论文写作发表专利专著,0,0,0
鹿人甲职称论文发表杂志学术期刊,0,0,0
黄山顺远茶菊有限公司,0,0,0
黄石市中心医院,0,0,0
黑猫投诉,0,0,0
黑龙江省大海林林业局,1,0,1
鼎华卡基诺金,0,0,0
鼎汇法政,0,0,0
鼎静隔音房,6,0,6
齐车大圣违章查询,23,0,23
龙界智能科技发展上海有限公司,1,0,1
龙腾图书借阅,0,0,0
