App,Type,API,Number
114移车,sources,swan.downloadFile,1
114移车,sinks,swan.saveImageToPhotosAlbum,1
365点餐优惠,sources,swan.getLocation,9
365点餐优惠,sources,swan.input,2
365点餐优惠,sources,swan.getStorage,8
365点餐优惠,sources,swan.getStorageSync,1
365点餐优惠,sinks,swan.setStorageSync,3
365点餐优惠,sinks,swan.request,13
365点餐优惠,sinks,swan.setClipboardData,4
8字便利到家,sources,swan.getExtConfig,1
8字便利到家,sinks,swan.setClipboardData,1
CEOBS总裁课程,sources,swan.getStorageSync,2
CEOBS总裁课程,sinks,swan.setStorageSync,2
dhl国际快递查询,sources,swan.getStorageSync,2
dhl国际快递查询,sinks,swan.setStorageSync,2
G5pOLL33sADTGB1QpBs1pPSk1k4XOOpX,sources,swan.getStorageSync,152
G5pOLL33sADTGB1QpBs1pPSk1k4XOOpX,sources,swan.getFileInfo,1
G5pOLL33sADTGB1QpBs1pPSk1k4XOOpX,sources,swan.compressImage,1
G5pOLL33sADTGB1QpBs1pPSk1k4XOOpX,sinks,swan.request,140
G5pOLL33sADTGB1QpBs1pPSk1k4XOOpX,sinks,swan.uploadFile,4
G5pOLL33sADTGB1QpBs1pPSk1k4XOOpX,sinks,swan.setClipboardData,8
G5pOLL33sADTGB1QpBs1pPSk1k4XOOpX,sinks,swan.setStorageSync,2
i8Am3G20th5l3L9dIDj8SZPGgULQvnap,sources,swan.getStorageSync,1
i8Am3G20th5l3L9dIDj8SZPGgULQvnap,sources,swan.input,24
i8Am3G20th5l3L9dIDj8SZPGgULQvnap,sources,swan.getStorage,2
i8Am3G20th5l3L9dIDj8SZPGgULQvnap,sinks,swan.setStorageSync,1
i8Am3G20th5l3L9dIDj8SZPGgULQvnap,sinks,swan.request,26
i厦门,sources,swan.getUserInfo,1
i厦门,sinks,swan.request,1
KISSCAKE私家烘焙,sources,swan.getExtConfig,1
KISSCAKE私家烘焙,sinks,swan.setClipboardData,1
PROTANDIM补添得,sources,swan.getLocation,8
PROTANDIM补添得,sources,swan.getStorageSync,104
PROTANDIM补添得,sources,swan.chooseImage,5
PROTANDIM补添得,sources,swan.getSystemInfoSync,3
PROTANDIM补添得,sources,swan.input,3
PROTANDIM补添得,sources,swan.getExtConfigSync,1
PROTANDIM补添得,sinks,swan.request,116
PROTANDIM补添得,sinks,swan.setStorageSync,1
PROTANDIM补添得,sinks,swan.uploadFile,7
SuperHC超护,sources,swan.getExtConfig,1
SuperHC超护,sinks,swan.setClipboardData,1
TwoCake蛋糕烘焙,sources,swan.getExtConfig,1
TwoCake蛋糕烘焙,sinks,swan.setClipboardData,1
usmile,sources,swan.getExtConfig,1
usmile,sinks,swan.setClipboardData,1
YY直播,sources,swan.getSystemInfo,1
YY直播,sources,swan.getStorageSync,6
YY直播,sinks,swan.setStorage,1
YY直播,sinks,swan.request,6
µ¢Śķ▒╝ńø┤µÆŁ,sources,swan.getStorageSync,5
µ¢Śķ▒╝ńø┤µÆŁ,sources,swan.getStorage,1
µ¢Śķ▒╝ńø┤µÆŁ,sinks,swan.setStorageSync,5
µ¢Śķ▒╝ńø┤µÆŁ,sinks,swan.setStorage,1
õ╣łõ╣łńø┤µÆŁ,sources,swan.getStorageSync,2
õ╣łõ╣łńø┤µÆŁ,sinks,swan.setStorage,1
õ╣łõ╣łńø┤µÆŁ,sinks,swan.setStorageSync,1
一或茶,sources,swan.getExtConfig,1
一或茶,sinks,swan.setClipboardData,1
一笔一划学写字,sources,swan.getSystemInfoSync,1
一笔一划学写字,sinks,swan.request,1
万表之冢,sources,swan.getExtConfig,1
万表之冢,sinks,swan.setClipboardData,1
三达捕浏北京科技有限公司,sources,swan.getSystemInfoSync,1
三达捕浏北京科技有限公司,sinks,swan.setStorage,1
上海伯栎新材料科技有限公司,sources,swan.getSystemInfoSync,1
上海伯栎新材料科技有限公司,sinks,swan.setStorage,1
上海共畅机电有限公司,sources,swan.getSystemInfoSync,1
上海共畅机电有限公司,sinks,swan.setStorage,1
上海勃岩机器人科技有限公司,sources,swan.getSystemInfoSync,1
上海勃岩机器人科技有限公司,sinks,swan.setStorage,1
上海华天成刑事辩护律师,sources,swan.getStorageSync,1
上海华天成刑事辩护律师,sinks,swan.setStorageSync,1
上海奔腾电工有限公司,sources,swan.getSystemInfoSync,1
上海奔腾电工有限公司,sinks,swan.setStorage,1
上海家畅智能科技有限公司,sources,swan.getSystemInfoSync,1
上海家畅智能科技有限公司,sinks,swan.setStorage,1
上海常念智能科技有限公司,sources,swan.getSystemInfoSync,1
上海常念智能科技有限公司,sinks,swan.setStorage,1
上海持硕信息技术有限公司,sources,swan.getSystemInfoSync,1
上海持硕信息技术有限公司,sinks,swan.setStorage,1
上海比知网络科技有限公司,sources,swan.getSystemInfoSync,1
上海比知网络科技有限公司,sinks,swan.setStorage,1
上海水泵集团有限公司,sources,swan.getSystemInfoSync,1
上海水泵集团有限公司,sinks,swan.setStorage,1
上海泊密思实业有限公司,sources,swan.getSystemInfoSync,1
上海泊密思实业有限公司,sinks,swan.setStorage,1
上海灿皓电子科技有限公司,sources,swan.getSystemInfoSync,1
上海灿皓电子科技有限公司,sinks,swan.setStorage,1
上海畅指网络科技有限公司,sources,swan.getSystemInfoSync,1
上海畅指网络科技有限公司,sinks,swan.setStorage,1
上海碧汇翻译咨询有限公司,sources,swan.getSystemInfoSync,1
上海碧汇翻译咨询有限公司,sinks,swan.setStorage,1
上海精骋阀门制造有限公司,sources,swan.getSystemInfoSync,1
上海精骋阀门制造有限公司,sinks,swan.setStorage,1
上海蓝畅信息技术有限公司,sources,swan.getSystemInfoSync,1
上海蓝畅信息技术有限公司,sinks,swan.setStorage,1
上海财才网信息科技有限公司,sources,swan.getSystemInfoSync,1
上海财才网信息科技有限公司,sinks,swan.setStorage,1
上海金币投资有限公司,sources,swan.getSystemInfoSync,1
上海金币投资有限公司,sinks,swan.setStorage,1
上海陛旺测控技术有限公司,sources,swan.getSystemInfoSync,1
上海陛旺测控技术有限公司,sinks,swan.setStorage,1
上海馋鼎餐饮管理有限公司,sources,swan.getSystemInfoSync,1
上海馋鼎餐饮管理有限公司,sinks,swan.setStorage,1
上超洗碗机,sources,swan.getSystemInfoSync,1
上超洗碗机,sinks,swan.setStorage,1
下厨房,sources,swan.getStorageSync,2
下厨房,sinks,swan.setStorageSync,2
世邦制砂生产线,sources,swan.getSystemInfo,6
世邦制砂生产线,sources,swan.getUserInfo,1
世邦制砂生产线,sources,swan.getStorageSync,1
世邦制砂生产线,sources,swan.chooseImage,1
世邦制砂生产线,sinks,swan.request,7
世邦制砂生产线,sinks,swan.uploadFile,2
东莞市成城空气处理设备有限公司,sources,swan.getSystemInfoSync,1
东莞市成城空气处理设备有限公司,sinks,swan.setStorage,1
东莞市自成实业有限公司,sources,swan.getSystemInfoSync,1
东莞市自成实业有限公司,sinks,swan.setStorage,1
东莞市贝其乐机电设备有限公司,sources,swan.getSystemInfoSync,1
东莞市贝其乐机电设备有限公司,sinks,swan.setStorage,1
东莞市铂山精密机械科技有限公司,sources,swan.getSystemInfoSync,1
东莞市铂山精密机械科技有限公司,sinks,swan.setStorage,1
东莞蚁巢代理记账公司创业范远大,sources,swan.getStorageSync,2
东莞蚁巢代理记账公司创业范远大,sinks,swan.setStorageSync,2
两步路户外社区,sources,swan.getStorageSync,8
两步路户外社区,sources,swan.input,7
两步路户外社区,sinks,swan.setStorageSync,1
两步路户外社区,sinks,swan.request,12
两步路户外社区,sinks,swan.setStorage,2
中人牌教育装备,sources,swan.getExtConfig,1
中人牌教育装备,sinks,swan.setClipboardData,1
中旅亦府,sources,swan.input,2
中旅亦府,sinks,swan.request,2
中材建筑科技,sources,swan.getExtConfig,11
中材建筑科技,sinks,swan.request,11
丰通仿真冰滑板,sources,swan.getStorageSync,1
丰通仿真冰滑板,sources,swan.getExtConfig,12
丰通仿真冰滑板,sinks,swan.setStorageSync,1
丰通仿真冰滑板,sinks,swan.request,12
乐吃北京国际餐饮管理有限公司,sources,swan.getSystemInfoSync,1
乐吃北京国际餐饮管理有限公司,sinks,swan.setStorage,1
乐吃购日本,sources,swan.getSystemInfoSync,1
乐吃购日本,sinks,swan.setStorage,1
乐客卡副业,sources,swan.getStorageSync,12
乐客卡副业,sources,swan.input,56
乐客卡副业,sources,swan.getExtConfig,1
乐客卡副业,sinks,swan.setStorageSync,2
乐客卡副业,sinks,swan.request,67
乐橙娱乐,sources,swan.getStorageSync,2
乐橙娱乐,sinks,swan.setStorageSync,2
乐逸顺风顺水手表,sources,swan.getExtConfig,1
乐逸顺风顺水手表,sinks,swan.setClipboardData,1
乐骐证件照制作,sources,swan.downloadFile,2
乐骐证件照制作,sources,swan.chooseImage,1
乐骐证件照制作,sinks,swan.saveImageToPhotosAlbum,2
乐骐证件照制作,sinks,swan.uploadFile,1
九州出版社,sources,swan.getExtConfig,1
九州出版社,sinks,swan.setClipboardData,1
九秀直播,sources,swan.getLocation,2
九秀直播,sources,swan.getStorageSync,3
九秀直播,sinks,swan.setStorageSync,2
九秀直播,sinks,swan.request,3
九藏邮币,sources,swan.getExtConfig,1
九藏邮币,sinks,swan.setClipboardData,1
云南一乘驾驶培训股份有限公司,sources,swan.getSystemInfoSync,1
云南一乘驾驶培训股份有限公司,sinks,swan.setStorage,1
云南名标商标代理有限责任公司,sources,swan.getSystemInfoSync,1
云南名标商标代理有限责任公司,sinks,swan.setStorage,1
云南泊江律师事务所,sources,swan.getStorageSync,3
云南泊江律师事务所,sinks,swan.setStorageSync,2
云南泊江律师事务所,sinks,swan.request,1
互联网联合辟谣平台,sources,swan.getStorageSync,3
互联网联合辟谣平台,sources,swan.chooseImage,1
互联网联合辟谣平台,sinks,swan.request,3
互联网联合辟谣平台,sinks,swan.uploadFile,1
五贝子,sources,swan.getExtConfig,1
五贝子,sinks,swan.setClipboardData,1
亚大伟业PVC编织管,sources,swan.getStorageSync,2
亚大伟业PVC编织管,sources,swan.getExtConfig,13
亚大伟业PVC编织管,sinks,swan.setStorageSync,1
亚大伟业PVC编织管,sinks,swan.request,14
亚艾元象棋棋谱,sources,swan.getStorageSync,5
亚艾元象棋棋谱,sources,swan.downloadFile,2
亚艾元象棋棋谱,sinks,swan.setStorageSync,3
亚艾元象棋棋谱,sinks,swan.saveImageToPhotosAlbum,2
亚艾元象棋棋谱,sinks,swan.request,2
京仪压力表,sources,swan.getStorageSync,14
京仪压力表,sinks,swan.request,12
京仪压力表,sinks,swan.setStorageSync,2
京仪变送器,sources,swan.getStorageSync,14
京仪变送器,sinks,swan.request,12
京仪变送器,sinks,swan.setStorageSync,2
京凯丽的水果自购巢,sources,swan.getStorageSync,1
京凯丽的水果自购巢,sinks,swan.setStorageSync,1
京细菜谱,sources,swan.chooseImage,1
京细菜谱,sinks,swan.uploadFile,1
仁飞熊硫酸钡厂家,sources,swan.getStorageSync,1
仁飞熊硫酸钡厂家,sources,swan.getExtConfig,10
仁飞熊硫酸钡厂家,sinks,swan.setStorageSync,1
仁飞熊硫酸钡厂家,sinks,swan.request,10
仲程环保设备,sources,swan.getUserInfo,1
仲程环保设备,sources,swan.getStorageSync,1
仲程环保设备,sinks,swan.request,2
企辰股份,sources,swan.getSystemInfoSync,1
企辰股份,sinks,swan.setStorage,1
优品尽藏,sources,swan.getExtConfig,1
优品尽藏,sinks,swan.setClipboardData,1
伯亿太阳能路灯厂家,sources,swan.input,3
伯亿太阳能路灯厂家,sinks,swan.request,3
伯芽艺树音乐工作室,sources,swan.input,1
伯芽艺树音乐工作室,sources,swan.getStorageSync,1
伯芽艺树音乐工作室,sources,swan.getExtConfig,1
伯芽艺树音乐工作室,sinks,swan.request,3
何双九养蜂场,sources,swan.getExtConfigSync,7
何双九养蜂场,sources,swan.getUserInfo,20
何双九养蜂场,sources,swan.getStorageSync,243
何双九养蜂场,sources,swan.getStorage,64
何双九养蜂场,sources,swan.getSystemInfo,1
何双九养蜂场,sources,swan.chooseImage,11
何双九养蜂场,sources,swan.chooseAddress,3
何双九养蜂场,sources,swan.getLocation,12
何双九养蜂场,sources,swan.input,17
何双九养蜂场,sources,swan.chooseVideo,1
何双九养蜂场,sinks,swan.request,360
何双九养蜂场,sinks,swan.setStorageSync,6
何双九养蜂场,sinks,swan.uploadFile,12
何双九养蜂场,sinks,swan.removeStorageSync,1
佛山创汇疏通厕所下水道管道疏通,sources,swan.getStorageSync,2
佛山创汇疏通厕所下水道管道疏通,sinks,swan.setStorageSync,2
佛朗烘焙工具厂家,sources,swan.getStorage,1
佛朗烘焙工具厂家,sources,swan.input,2
佛朗烘焙工具厂家,sources,swan.downloadFile,3
佛朗烘焙工具厂家,sources,swan.chooseImage,6
佛朗烘焙工具厂家,sources,swan.getStorageSync,4
佛朗烘焙工具厂家,sources,swan.getLocation,1
佛朗烘焙工具厂家,sinks,swan.setStorage,2
佛朗烘焙工具厂家,sinks,swan.request,4
佛朗烘焙工具厂家,sinks,swan.saveImageToPhotosAlbum,3
佛朗烘焙工具厂家,sinks,swan.uploadFile,4
佛朗烘焙工具厂家,sinks,swan.setStorageSync,4
保利和光尘樾,sources,swan.getStorageSync,99
保利和光尘樾,sources,swan.getExtConfig,1
保利和光尘樾,sources,swan.input,11
保利和光尘樾,sources,swan.chooseImage,1
保利和光尘樾,sinks,swan.request,109
保利和光尘樾,sinks,swan.setStorage,1
保利和光尘樾,sinks,swan.uploadFile,2
保山市宾鸿农业,sources,swan.getStorageSync,527
保山市宾鸿农业,sources,swan.getLocation,4
保山市宾鸿农业,sources,swan.input,38
保山市宾鸿农业,sources,swan.getStorage,1
保山市宾鸿农业,sources,swan.chooseImage,5
保山市宾鸿农业,sources,swan.getSystemInfoSync,4
保山市宾鸿农业,sinks,swan.request,557
保山市宾鸿农业,sinks,swan.removeStorageSync,4
保山市宾鸿农业,sinks,swan.setStorageSync,5
保山市宾鸿农业,sinks,swan.uploadFile,11
保山市宾鸿农业,sinks,swan.setStorage,2
保时达鲸乘,sources,swan.getLocation,6
保时达鲸乘,sinks,swan.request,6
倍力清粪带,sources,swan.getStorageSync,2
倍力清粪带,sinks,swan.setStorageSync,2
倍力领航拓展,sources,swan.getUserInfo,1
倍力领航拓展,sources,swan.getStorageSync,16
倍力领航拓展,sinks,swan.request,15
倍力领航拓展,sinks,swan.setStorageSync,2
倍加洁集团股份有限公司,sources,swan.getSystemInfoSync,1
倍加洁集团股份有限公司,sinks,swan.setStorage,1
倍美新视商,sources,swan.getStorageSync,2
倍美新视商,sinks,swan.setStorageSync,2
倍费答上海国际贸易有限公司,sources,swan.getSystemInfoSync,1
倍费答上海国际贸易有限公司,sinks,swan.setStorage,1
倍赞运动商城,sources,swan.getExtConfig,1
倍赞运动商城,sinks,swan.setClipboardData,1
健拓游研部,sources,swan.downloadFile,1
健拓游研部,sinks,swan.saveImageToPhotosAlbum,1
全国电子无偿献血证,sources,swan.getStorageSync,11
全国电子无偿献血证,sources,swan.getUserInfo,4
全国电子无偿献血证,sources,swan.input,6
全国电子无偿献血证,sources,swan.chooseImage,1
全国电子无偿献血证,sources,swan.getLocation,1
全国电子无偿献血证,sinks,swan.request,9
全国电子无偿献血证,sinks,swan.setStorageSync,13
全国电子无偿献血证,sinks,swan.uploadFile,1
内蒙古医科大学附属医院,sources,swan.getStorageSync,33
内蒙古医科大学附属医院,sources,swan.input,1
内蒙古医科大学附属医院,sinks,swan.request,34
冰缘冰球装备,sources,swan.getExtConfig,1
冰缘冰球装备,sinks,swan.setClipboardData,1
冰言运营,sources,swan.getExtConfigSync,2
冰言运营,sources,swan.getStorageSync,3
冰言运营,sources,swan.getSystemInfo,1
冰言运营,sinks,swan.request,2
冰言运营,sinks,swan.uploadFile,1
冰言运营,sinks,swan.setStorageSync,3
冲呀蹦迪酒吧预订,sources,swan.getStorageSync,12
冲呀蹦迪酒吧预订,sources,swan.input,56
冲呀蹦迪酒吧预订,sources,swan.getExtConfig,1
冲呀蹦迪酒吧预订,sinks,swan.setStorageSync,2
冲呀蹦迪酒吧预订,sinks,swan.request,67
凤鸣轩在线阅读,sources,swan.getStorageSync,111
凤鸣轩在线阅读,sources,swan.input,7
凤鸣轩在线阅读,sinks,swan.request,108
凤鸣轩在线阅读,sinks,swan.setStorageSync,10
创变深圳网站优化公司,sources,swan.input,1
创变深圳网站优化公司,sources,swan.getStorageSync,1
创变深圳网站优化公司,sources,swan.getExtConfig,1
创变深圳网站优化公司,sinks,swan.request,3
利德凯威新疆沥青冷补料价格,sources,swan.getExtConfig,19
利德凯威新疆沥青冷补料价格,sinks,swan.request,19
力能称重包装机,sources,swan.getExtConfig,26
力能称重包装机,sources,swan.getStorageSync,1
力能称重包装机,sinks,swan.request,27
北丰商学院,sources,swan.getSystemInfoSync,1
北丰商学院,sinks,swan.setStorage,1
北京北分天普仪器技术有限公司,sources,swan.getSystemInfoSync,1
北京北分天普仪器技术有限公司,sinks,swan.setStorage,1
北京北箱信发包装有限公司,sources,swan.getSystemInfoSync,1
北京北箱信发包装有限公司,sinks,swan.setStorage,1
北京小肠陈餐饮有限责任公司,sources,swan.getSystemInfoSync,1
北京小肠陈餐饮有限责任公司,sinks,swan.setStorage,1
北京快乐佳焙餐饮管理有限公司,sources,swan.getSystemInfoSync,1
北京快乐佳焙餐饮管理有限公司,sinks,swan.setStorage,1
北京新橙科技有限公司,sources,swan.getSystemInfoSync,1
北京新橙科技有限公司,sinks,swan.setStorage,1
北京来贝管理咨询有限公司,sources,swan.getSystemInfoSync,1
北京来贝管理咨询有限公司,sinks,swan.setStorage,1
北京王匙开锁公司,sources,swan.getLocation,4
北京王匙开锁公司,sources,swan.chooseImage,1
北京王匙开锁公司,sources,swan.getStorage,2
北京王匙开锁公司,sources,swan.input,5
北京王匙开锁公司,sources,swan.chooseAddress,1
北京王匙开锁公司,sinks,swan.setStorage,4
北京王匙开锁公司,sinks,swan.uploadFile,2
北京王匙开锁公司,sinks,swan.request,7
北京王匙开锁电话,sources,swan.input,1
北京王匙开锁电话,sources,swan.getStorageSync,1
北京王匙开锁电话,sources,swan.getExtConfig,1
北京王匙开锁电话,sinks,swan.request,3
北京王匙换锁公司,sources,swan.input,1
北京王匙换锁公司,sources,swan.getStorageSync,1
北京王匙换锁公司,sources,swan.getExtConfig,1
北京王匙换锁公司,sinks,swan.request,3
北京莱搏特科技,sources,swan.getStorageSync,3
北京莱搏特科技,sinks,swan.setStorageSync,2
北京莱搏特科技,sinks,swan.request,1
北京观天察地旅游规划设计院,sources,swan.getSystemInfoSync,1
北京观天察地旅游规划设计院,sinks,swan.setStorage,1
北京贝全商业管理有限公司,sources,swan.getSystemInfoSync,1
北京贝全商业管理有限公司,sinks,swan.setStorage,1
北京超职科技有限公司,sources,swan.getSystemInfoSync,1
北京超职科技有限公司,sinks,swan.setStorage,1
北工泵业,sources,swan.getExtConfig,33
北工泵业,sources,swan.getStorageSync,1
北工泵业,sinks,swan.request,34
十堰市人民医院,sources,swan.getSystemInfoSync,15
十堰市人民医院,sources,swan.input,33
十堰市人民医院,sources,swan.getStorageSync,3
十堰市人民医院,sinks,swan.setStorageSync,3
十堰市人民医院,sinks,swan.request,48
十如仕旗舰店,sources,swan.getExtConfig,1
十如仕旗舰店,sinks,swan.setClipboardData,1
华亚装载机,sources,swan.getSystemInfoSync,1
华亚装载机,sinks,swan.setStorage,1
华亚铲车,sources,swan.getStorageSync,2
华亚铲车,sinks,swan.setStorageSync,2
卓昌电子,sources,swan.getStorageSync,1
卓昌电子,sources,swan.input,12
卓昌电子,sinks,swan.setStorageSync,1
卓昌电子,sinks,swan.request,6
卓昌电子,sinks,swan.setStorage,6
卓讯猜成语,sources,swan.getNetworkType,1
卓讯猜成语,sources,swan.getUserInfo,2
卓讯猜成语,sinks,swan.setStorageSync,2
卓讯猜成语,sinks,swan.request,1
南京落尘文化传媒有限公司,sources,swan.getSystemInfoSync,1
南京落尘文化传媒有限公司,sinks,swan.setStorage,1
南京金陵金箔集团股份有限公司,sources,swan.getSystemInfoSync,1
南京金陵金箔集团股份有限公司,sinks,swan.setStorage,1
南宁华成装饰公司,sources,swan.getStorageSync,2
南宁华成装饰公司,sinks,swan.setStorageSync,2
南宁市察理王子餐饮有限公司,sources,swan.getSystemInfoSync,1
南宁市察理王子餐饮有限公司,sinks,swan.setStorage,1
南昌会兵电子有限公司,sources,swan.getSystemInfoSync,1
南昌会兵电子有限公司,sinks,swan.setStorage,1
博恩德检测,sources,swan.getStorageSync,27
博恩德检测,sources,swan.getSystemInfoSync,1
博恩德检测,sources,swan.input,12
博恩德检测,sources,swan.getStorage,5
博恩德检测,sources,swan.getLocation,1
博恩德检测,sources,swan.chooseImage,1
博恩德检测,sinks,swan.request,42
博恩德检测,sinks,swan.setStorageSync,4
博恩德检测,sinks,swan.uploadFile,1
博智库,sources,swan.getStorageSync,2
博智库,sinks,swan.setStorageSync,2
卡拉多商城,sources,swan.getExtConfig,1
卡拉多商城,sinks,swan.setClipboardData,1
厂厂乐,sources,swan.getStorageSync,4
厂厂乐,sinks,swan.uploadFile,2
厂厂乐,sinks,swan.request,2
厦门呈通发电机出租,sources,swan.getExtConfig,9
厦门呈通发电机出租,sinks,swan.request,9
厦门宾步服装定制,sources,swan.getExtConfig,9
厦门宾步服装定制,sinks,swan.request,9
厦门帝呈财务税务咨询,sources,swan.getExtConfig,11
厦门帝呈财务税务咨询,sinks,swan.request,11
厦门常达管业有限公司,sources,swan.getSystemInfoSync,1
厦门常达管业有限公司,sinks,swan.setStorage,1
厦门必兴软件有限公司,sources,swan.getSystemInfoSync,1
厦门必兴软件有限公司,sinks,swan.setStorage,1
厦门才盛网络科技有限公司,sources,swan.getSystemInfoSync,1
厦门才盛网络科技有限公司,sinks,swan.setStorage,1
厦门益装修补砂浆,sources,swan.getExtConfig,9
厦门益装修补砂浆,sinks,swan.request,9
厦门益装聚氨酯丙稀酸,sources,swan.getExtConfig,11
厦门益装聚氨酯丙稀酸,sinks,swan.request,11
厦门笔特展览服务有限公司,sources,swan.getSystemInfoSync,1
厦门笔特展览服务有限公司,sinks,swan.setStorage,1
友程,sources,swan.getStorageSync,2
友程,sinks,swan.setStorageSync,2
友胜脱硫侧入式搅拌器,sources,swan.getStorageSync,1
友胜脱硫侧入式搅拌器,sources,swan.getExtConfig,11
友胜脱硫侧入式搅拌器,sinks,swan.setStorageSync,1
友胜脱硫侧入式搅拌器,sinks,swan.request,11
发发发建材家居城,sources,swan.getStorageSync,533
发发发建材家居城,sources,swan.getLocation,4
发发发建材家居城,sources,swan.input,38
发发发建材家居城,sources,swan.getStorage,1
发发发建材家居城,sources,swan.chooseImage,5
发发发建材家居城,sources,swan.getSystemInfoSync,4
发发发建材家居城,sinks,swan.request,563
发发发建材家居城,sinks,swan.removeStorageSync,4
发发发建材家居城,sinks,swan.setStorageSync,5
发发发建材家居城,sinks,swan.uploadFile,11
发发发建材家居城,sinks,swan.setStorage,2
古物潮玩,sources,swan.getSystemInfoSync,1
古物潮玩,sinks,swan.request,1
古诗文网,sources,swan.getStorage,50
古诗文网,sinks,swan.request,50
古陈记沉香,sources,swan.getExtConfig,1
古陈记沉香,sinks,swan.setClipboardData,1
台州清爽眼镜擦布厂,sources,swan.getStorageSync,477
台州清爽眼镜擦布厂,sources,swan.getLocation,10
台州清爽眼镜擦布厂,sources,swan.getExtConfigSync,2
台州清爽眼镜擦布厂,sources,swan.chooseImage,9
台州清爽眼镜擦布厂,sources,swan.getSystemInfoSync,3
台州清爽眼镜擦布厂,sources,swan.input,5
台州清爽眼镜擦布厂,sources,swan.downloadFile,1
台州清爽眼镜擦布厂,sources,swan.getUserInfo,1
台州清爽眼镜擦布厂,sinks,swan.request,295
台州清爽眼镜擦布厂,sinks,swan.setStorageSync,198
台州清爽眼镜擦布厂,sinks,swan.uploadFile,13
台州清爽眼镜擦布厂,sinks,swan.saveImageToPhotosAlbum,1
台州清爽眼镜擦布厂,sinks,swan.setStorage,1
吃货网,sources,swan.getStorageSync,14
吃货网,sinks,swan.setStorageSync,14
合创磁铁生产厂家,sources,swan.getStorageSync,1
合创磁铁生产厂家,sources,swan.getExtConfig,10
合创磁铁生产厂家,sinks,swan.setStorageSync,1
合创磁铁生产厂家,sinks,swan.request,10
合肥承承母婴行业平台,sources,swan.getStorageSync,529
合肥承承母婴行业平台,sources,swan.getLocation,5
合肥承承母婴行业平台,sources,swan.input,38
合肥承承母婴行业平台,sources,swan.getStorage,1
合肥承承母婴行业平台,sources,swan.chooseImage,5
合肥承承母婴行业平台,sources,swan.getSystemInfoSync,4
合肥承承母婴行业平台,sinks,swan.request,560
合肥承承母婴行业平台,sinks,swan.removeStorageSync,4
合肥承承母婴行业平台,sinks,swan.setStorageSync,5
合肥承承母婴行业平台,sinks,swan.uploadFile,11
合肥承承母婴行业平台,sinks,swan.setStorage,2
合肥毕现信息技术有限公司,sources,swan.getSystemInfoSync,1
合肥毕现信息技术有限公司,sinks,swan.setStorage,1
同宏编织机,sources,swan.getStorageSync,1
同宏编织机,sources,swan.getExtConfig,10
同宏编织机,sinks,swan.setStorageSync,1
同宏编织机,sinks,swan.request,10
品立成知识产权,sources,swan.getSystemInfoSync,1
品立成知识产权,sinks,swan.setStorage,1
哈尔滨一泵水泵厂,sources,swan.getSystemInfoSync,1
哈尔滨一泵水泵厂,sinks,swan.setStorage,1
哈尔滨团结挤塑板真金板苯板厂家,sources,swan.getStorageSync,2
哈尔滨团结挤塑板真金板苯板厂家,sinks,swan.setStorageSync,2
哈尔滨天韵艺考视唱练耳乐理培训,sources,swan.getStorageSync,2
哈尔滨天韵艺考视唱练耳乐理培训,sinks,swan.setStorageSync,2
哈尔滨永卓岩棉板酚醛板苯板厂家,sources,swan.getStorageSync,2
哈尔滨永卓岩棉板酚醛板苯板厂家,sinks,swan.setStorageSync,2
嗨购潮社,sources,swan.getExtConfig,1
嗨购潮社,sinks,swan.setClipboardData,1
四川省宾宴酒厂,sources,swan.getSystemInfoSync,1
四川省宾宴酒厂,sinks,swan.setStorage,1
四川陈多多餐饮管理有限公司,sources,swan.getSystemInfoSync,1
四川陈多多餐饮管理有限公司,sinks,swan.setStorage,1
固威混凝土色差修复,sources,swan.input,3
固威混凝土色差修复,sinks,swan.request,3
国亨钢边橡胶止水带,sources,swan.input,1
国亨钢边橡胶止水带,sources,swan.getStorageSync,1
国亨钢边橡胶止水带,sources,swan.getExtConfig,1
国亨钢边橡胶止水带,sinks,swan.request,3
国康体重秤,sources,swan.getStorageSync,2
国康体重秤,sinks,swan.setStorageSync,2
地尔肠道健康科技有限公司,sources,swan.getSystemInfoSync,1
地尔肠道健康科技有限公司,sinks,swan.setStorage,1
坡飞收藏,sources,swan.getStorageSync,91
坡飞收藏,sources,swan.chooseImage,7
坡飞收藏,sinks,swan.request,84
坡飞收藏,sinks,swan.uploadFile,14
垃圾分类,sources,swan.downloadFile,1
垃圾分类,sinks,swan.saveImageToPhotosAlbum,1
堂绘设计家马克笔,sources,swan.getExtConfig,1
堂绘设计家马克笔,sinks,swan.setClipboardData,1
塞伯罗斯科技,sources,swan.getStorageSync,1
塞伯罗斯科技,sources,swan.getExtConfig,1
塞伯罗斯科技,sinks,swan.request,2
士海食标,sources,swan.getSystemInfoSync,1
士海食标,sinks,swan.setStorage,1
多多参谋,sources,swan.getImageInfo,1
多多参谋,sinks,swan.saveImageToPhotosAlbum,1
大冶市都鑫摩擦粉体有限公司,sources,swan.getSystemInfoSync,1
大冶市都鑫摩擦粉体有限公司,sinks,swan.setStorage,1
大潮社,sources,swan.getStorageSync,13
大潮社,sinks,swan.setStorageSync,13
大连乾爱自闭症中心,sources,swan.getStorageSync,1
大连乾爱自闭症中心,sources,swan.getExtConfig,1
大连乾爱自闭症中心,sinks,swan.request,2
大连伯骥企业管理有限公司,sources,swan.getSystemInfoSync,1
大连伯骥企业管理有限公司,sinks,swan.setStorage,1
大连欣达围棋,sources,swan.getStorageSync,27
大连欣达围棋,sources,swan.getSystemInfoSync,1
大连欣达围棋,sources,swan.input,12
大连欣达围棋,sources,swan.getStorage,5
大连欣达围棋,sources,swan.getLocation,1
大连欣达围棋,sources,swan.chooseImage,1
大连欣达围棋,sinks,swan.request,42
大连欣达围棋,sinks,swan.setStorageSync,4
大连欣达围棋,sinks,swan.uploadFile,1
大连锦华钟表,sources,swan.getExtConfig,1
大连锦华钟表,sinks,swan.setClipboardData,1
天标检测,sources,swan.getExtConfig,23
天标检测,sources,swan.getStorageSync,1
天标检测,sinks,swan.request,24
天津渤化化学试剂有限公司,sources,swan.getSystemInfoSync,1
天津渤化化学试剂有限公司,sinks,swan.setStorage,1
天眼查,sources,swan.getStorage,2
天眼查,sources,swan.downloadFile,4
天眼查,sources,swan.input,3
天眼查,sinks,swan.setStorage,3
天眼查,sinks,swan.saveImageToPhotosAlbum,3
天眼查,sinks,swan.request,2
天眼查,sinks,swan.addPhoneContact,1
天禄电动叉车价格,sources,swan.input,1
天禄电动叉车价格,sources,swan.getStorageSync,1
天禄电动叉车价格,sources,swan.getExtConfig,1
天禄电动叉车价格,sinks,swan.request,3
天禄电瓶叉车,sources,swan.input,1
天禄电瓶叉车,sources,swan.getStorageSync,1
天禄电瓶叉车,sources,swan.getExtConfig,1
天禄电瓶叉车,sinks,swan.request,3
天顺建筑拆迁,sources,swan.getStorageSync,1
天顺建筑拆迁,sinks,swan.request,1
太原欧米奇西点西餐学校,sources,swan.getStorageSync,1
太原欧米奇西点西餐学校,sinks,swan.setStorageSync,1
太原癫痫病医院1,sources,swan.getUserInfo,2
太原癫痫病医院1,sources,swan.getExtConfigSync,24
太原癫痫病医院1,sources,swan.getStorageSync,6
太原癫痫病医院1,sources,swan.getImageInfo,2
太原癫痫病医院1,sinks,swan.request,30
太原癫痫病医院1,sinks,swan.saveImageToPhotosAlbum,2
太原癫痫病医院1,sinks,swan.uploadFile,2
夸夸币账户,sources,swan.getSystemInfo,1
夸夸币账户,sinks,swan.request,1
奥科科技建筑节能产品生产加工,sources,swan.getExtConfig,16
奥科科技建筑节能产品生产加工,sources,swan.getStorageSync,1
奥科科技建筑节能产品生产加工,sinks,swan.request,17
好食期,sources,swan.getImageInfo,2
好食期,sources,swan.getUserInfo,1
好食期,sinks,swan.saveImageToPhotosAlbum,2
好食期,sinks,swan.request,1
妈妈好孕姓名打分测试,sources,swan.input,1
妈妈好孕姓名打分测试,sinks,swan.request,1
威悦热固复合聚苯板,sources,swan.getStorageSync,2
威悦热固复合聚苯板,sinks,swan.setStorageSync,2
威海广联晶晶烘焙原料,sources,swan.getExtConfig,1
威海广联晶晶烘焙原料,sinks,swan.setClipboardData,1
婵兔百货精选,sources,swan.getStorageSync,1
婵兔百货精选,sinks,swan.setStorageSync,1
宁波康伯斯电器有限公司,sources,swan.getSystemInfoSync,1
宁波康伯斯电器有限公司,sinks,swan.setStorage,1
宁波策天下房地产营销策划,sources,swan.getSystemInfoSync,1
宁波策天下房地产营销策划,sinks,swan.setStorage,1
安殿地毯海棉衬垫,sources,swan.getStorageSync,1
安殿地毯海棉衬垫,sinks,swan.setStorageSync,1
宋欢测试小程序_企业,sources,swan.downloadFile,1
宋欢测试小程序_企业,sources,swan.chooseImage,1
宋欢测试小程序_企业,sinks,swan.saveFile,1
宋欢测试小程序_企业,sinks,swan.uploadFile,1
宏宇混凝土修补公司,sources,swan.getStorageSync,1
宏宇混凝土修补公司,sources,swan.getExtConfig,12
宏宇混凝土修补公司,sinks,swan.setStorageSync,1
宏宇混凝土修补公司,sinks,swan.request,12
宏泰聚乙烯丙涤纶防水卷材,sources,swan.chooseImage,1
宏泰聚乙烯丙涤纶防水卷材,sources,swan.getUserInfo,4
宏泰聚乙烯丙涤纶防水卷材,sources,swan.downloadFile,1
宏泰聚乙烯丙涤纶防水卷材,sinks,swan.uploadFile,1
宏泰聚乙烯丙涤纶防水卷材,sinks,swan.setStorageSync,4
宏泰聚乙烯丙涤纶防水卷材,sinks,swan.saveImageToPhotosAlbum,1
宏盛玻纤网格布,sources,swan.getStorageSync,1
宏盛玻纤网格布,sources,swan.getExtConfig,11
宏盛玻纤网格布,sinks,swan.setStorageSync,1
宏盛玻纤网格布,sinks,swan.request,11
宏盛网格布厂家,sources,swan.getStorageSync,1
宏盛网格布厂家,sources,swan.getExtConfig,10
宏盛网格布厂家,sinks,swan.setStorageSync,1
宏盛网格布厂家,sinks,swan.request,10
宝支贝付,sources,swan.getStorageSync,2
宝支贝付,sinks,swan.setStorageSync,2
宝时云仓,sources,swan.getSystemInfoSync,1
宝时云仓,sinks,swan.setStorage,1
宿橙网络,sources,swan.getSystemInfoSync,1
宿橙网络,sinks,swan.setStorage,1
宿迁网博,sources,swan.getExtConfig,1
宿迁网博,sinks,swan.setClipboardData,1
富家蜂巢帘,sources,swan.getStorageSync,2
富家蜂巢帘,sinks,swan.setStorageSync,2
小不点造句,sources,swan.getStorageSync,1
小不点造句,sources,swan.input,1
小不点造句,sinks,swan.setStorageSync,1
小不点造句,sinks,swan.request,1
小合同城信息,sources,swan.input,1
小合同城信息,sinks,swan.request,1
小度单词本,sources,swan.chooseImage,2
小度单词本,sinks,swan.uploadFile,2
小探索心理测试,sources,swan.input,1
小探索心理测试,sources,swan.getStorageSync,2
小探索心理测试,sources,swan.getSystemInfoSync,1
小探索心理测试,sinks,swan.setStorage,2
小探索心理测试,sinks,swan.setStorageSync,1
小探索心理测试,sinks,swan.request,1
小探索智商测试,sources,swan.getUserInfo,2
小探索智商测试,sources,swan.getStorageSync,4
小探索智商测试,sources,swan.input,2
小探索智商测试,sources,swan.getSystemInfoSync,1
小探索智商测试,sinks,swan.setStorageSync,4
小探索智商测试,sinks,swan.setStorage,4
小探索智商测试,sinks,swan.request,1
小罐茶旗舰店,sources,swan.getExtConfig,1
小罐茶旗舰店,sinks,swan.setClipboardData,1
小茶一丛,sources,swan.getExtConfig,1
小茶一丛,sinks,swan.setClipboardData,1
小菠萝趣照,sources,swan.input,2
小菠萝趣照,sinks,swan.setStorage,2
小萌田字格笔顺,sources,swan.input,2
小萌田字格笔顺,sinks,swan.request,2
小黄旅行弹幕互动助手,sources,swan.getLocation,3
小黄旅行弹幕互动助手,sources,swan.input,1
小黄旅行弹幕互动助手,sinks,swan.request,4
尚之潮火车票补打,sources,swan.input,15
尚之潮火车票补打,sources,swan.getStorage,22
尚之潮火车票补打,sinks,swan.request,30
尚之潮火车票补打,sinks,swan.setStorage,7
尝味无限,sources,swan.getExtConfig,1
尝味无限,sinks,swan.setClipboardData,1
山东三工匠教育装备有限公司,sources,swan.input,3
山东三工匠教育装备有限公司,sinks,swan.request,3
山东先能机械设备有限公司,sources,swan.getSystemInfoSync,1
山东先能机械设备有限公司,sinks,swan.setStorage,1
山东国康身高体重秤生产厂家,sources,swan.getStorageSync,2
山东国康身高体重秤生产厂家,sinks,swan.setStorageSync,2
山东壁涂居环保科技有限公司,sources,swan.getSystemInfoSync,1
山东壁涂居环保科技有限公司,sinks,swan.setStorage,1
山东天一水务移动式污水处理备,sources,swan.getExtConfig,25
山东天一水务移动式污水处理备,sources,swan.getStorageSync,1
山东天一水务移动式污水处理备,sinks,swan.request,26
山东彬豪注浆管厂家,sources,swan.getStorageSync,1
山东彬豪注浆管厂家,sources,swan.getExtConfig,10
山东彬豪注浆管厂家,sinks,swan.setStorageSync,1
山东彬豪注浆管厂家,sinks,swan.request,10
山东彬豪精密钢管厂家,sources,swan.getStorageSync,1
山东彬豪精密钢管厂家,sources,swan.getExtConfig,11
山东彬豪精密钢管厂家,sinks,swan.setStorageSync,1
山东彬豪精密钢管厂家,sinks,swan.request,11
山东微程信息技术有限公司,sources,swan.getSystemInfoSync,1
山东微程信息技术有限公司,sinks,swan.setStorage,1
山东本创仪器有限公司,sources,swan.getSystemInfoSync,1
山东本创仪器有限公司,sinks,swan.setStorage,1
山东本踏商城,sources,swan.getStorageSync,3
山东本踏商城,sinks,swan.setStorageSync,2
山东本踏商城,sinks,swan.request,1
山东畅牛旅游开发有限公司,sources,swan.getSystemInfoSync,1
山东畅牛旅游开发有限公司,sinks,swan.setStorage,1
山东盛德诺果蔬速冻生产线,sources,swan.getStorageSync,1
山东盛德诺果蔬速冻生产线,sinks,swan.setStorage,1
山东秉诚换热设备有限公司,sources,swan.getSystemInfoSync,1
山东秉诚换热设备有限公司,sinks,swan.setStorage,1
山东筑巢装饰设计工程有限公司,sources,swan.getSystemInfoSync,1
山东筑巢装饰设计工程有限公司,sinks,swan.setStorage,1
山东能常食品有限公司,sources,swan.getSystemInfoSync,1
山东能常食品有限公司,sinks,swan.setStorage,1
山东铂牛网络科技有限公司,sources,swan.getSystemInfoSync,1
山东铂牛网络科技有限公司,sinks,swan.setStorage,1
山水城,sources,swan.getStorageSync,99
山水城,sources,swan.getExtConfig,4
山水城,sources,swan.getUserInfo,3
山水城,sources,swan.input,11
山水城,sources,swan.chooseImage,1
山水城,sinks,swan.request,112
山水城,sinks,swan.setStorage,4
山水城,sinks,swan.uploadFile,2
山西爱期倍微代购,sources,swan.getStorageSync,529
山西爱期倍微代购,sources,swan.getLocation,5
山西爱期倍微代购,sources,swan.input,38
山西爱期倍微代购,sources,swan.getStorage,1
山西爱期倍微代购,sources,swan.chooseImage,5
山西爱期倍微代购,sources,swan.getSystemInfoSync,4
山西爱期倍微代购,sinks,swan.request,560
山西爱期倍微代购,sinks,swan.removeStorageSync,4
山西爱期倍微代购,sinks,swan.setStorageSync,5
山西爱期倍微代购,sinks,swan.uploadFile,11
山西爱期倍微代购,sinks,swan.setStorage,2
岩北头茶叶,sources,swan.getStorageSync,525
岩北头茶叶,sources,swan.getLocation,4
岩北头茶叶,sources,swan.input,38
岩北头茶叶,sources,swan.getStorage,1
岩北头茶叶,sources,swan.chooseImage,5
岩北头茶叶,sources,swan.getSystemInfoSync,4
岩北头茶叶,sinks,swan.request,555
岩北头茶叶,sinks,swan.removeStorageSync,4
岩北头茶叶,sinks,swan.setStorageSync,5
岩北头茶叶,sinks,swan.uploadFile,11
岩北头茶叶,sinks,swan.setStorage,2
巨升支撑千斤顶,sources,swan.getStorageSync,1
巨升支撑千斤顶,sources,swan.getExtConfig,11
巨升支撑千斤顶,sinks,swan.setStorageSync,1
巨升支撑千斤顶,sinks,swan.request,11
巨洋高分子丙纶防水卷材,sources,swan.getExtConfig,19
巨洋高分子丙纶防水卷材,sinks,swan.request,19
差分图片编辑小助手,sources,swan.getStorageSync,1
差分图片编辑小助手,sources,swan.chooseImage,1
差分图片编辑小助手,sinks,swan.setStorageSync,1
差分图片编辑小助手,sinks,swan.saveImageToPhotosAlbum,1
差分每天背单词,sources,swan.getStorageSync,1
差分每天背单词,sinks,swan.setStorageSync,1
布布吧表情在线制作,sources,swan.chooseImage,4
布布吧表情在线制作,sources,swan.getStorageSync,6
布布吧表情在线制作,sources,swan.downloadFile,1
布布吧表情在线制作,sinks,swan.uploadFile,5
布布吧表情在线制作,sinks,swan.request,4
布布吧表情在线制作,sinks,swan.setStorageSync,1
布布吧表情在线制作,sinks,swan.saveImageToPhotosAlbum,1
布锐,sources,swan.getExtConfig,9
布锐,sinks,swan.request,9
希派创意城,sources,swan.getStorageSync,99
希派创意城,sources,swan.getExtConfig,1
希派创意城,sources,swan.input,11
希派创意城,sources,swan.chooseImage,1
希派创意城,sinks,swan.request,109
希派创意城,sinks,swan.setStorage,1
希派创意城,sinks,swan.uploadFile,2
常州市航瑞屏蔽设备有限公司,sources,swan.getSystemInfoSync,1
常州市航瑞屏蔽设备有限公司,sinks,swan.setStorage,1
常州恒成称重设备有限公司,sources,swan.getSystemInfoSync,1
常州恒成称重设备有限公司,sinks,swan.setStorage,1
常州朝康机械有限公司,sources,swan.getSystemInfoSync,1
常州朝康机械有限公司,sinks,swan.setStorage,1
常州诺倍威精密工具有限公司,sources,swan.getSystemInfoSync,1
常州诺倍威精密工具有限公司,sinks,swan.setStorage,1
常来金属镀钛,sources,swan.getStorageSync,1
常来金属镀钛,sources,swan.getExtConfig,28
常来金属镀钛,sinks,swan.setStorageSync,1
常来金属镀钛,sinks,swan.request,28
常贷之家,sources,swan.getStorageSync,3
常贷之家,sources,swan.input,1
常贷之家,sinks,swan.request,4
平业理查手表,sources,swan.getExtConfig,1
平业理查手表,sinks,swan.setClipboardData,1
平安利顺国际货币经纪,sources,swan.getSystemInfoSync,1
平安利顺国际货币经纪,sinks,swan.setStorage,1
平安重大疾病保险,sources,swan.input,1
平安重大疾病保险,sources,swan.getStorageSync,1
平安重大疾病保险,sources,swan.getExtConfig,2
平安重大疾病保险,sinks,swan.setStorageSync,1
平安重大疾病保险,sinks,swan.request,3
平衡点商城,sources,swan.getExtConfig,1
平衡点商城,sinks,swan.setClipboardData,1
并肩网,sources,swan.getLocation,2
并肩网,sinks,swan.request,2
广东德布律师事务所,sources,swan.getStorageSync,2
广东德布律师事务所,sinks,swan.setStorageSync,2
广东朝荣瓷尚精工陶瓷有限公司,sources,swan.getSystemInfoSync,1
广东朝荣瓷尚精工陶瓷有限公司,sinks,swan.setStorage,1
广东梅州潘律师,sources,swan.getStorage,1
广东梅州潘律师,sources,swan.getStorageSync,9
广东梅州潘律师,sources,swan.getLocation,4
广东梅州潘律师,sinks,swan.setStorage,1
广东梅州潘律师,sinks,swan.setStorageSync,5
广东梅州潘律师,sinks,swan.request,8
广东滨卫保安服务有限公司,sources,swan.getSystemInfoSync,1
广东滨卫保安服务有限公司,sinks,swan.setStorage,1
广州久固建材有限公司市场部,sources,swan.getStorageSync,9
广州久固建材有限公司市场部,sources,swan.getImageInfo,5
广州久固建材有限公司市场部,sources,swan.getExtConfigSync,1
广州久固建材有限公司市场部,sinks,swan.setStorageSync,10
广州久固建材有限公司市场部,sinks,swan.saveImageToPhotosAlbum,1
广州久固建材有限公司市场部,sinks,swan.addPhoneContact,3
广州久固建材有限公司市场部,sinks,swan.request,1
广州倍安捷建筑科技有限公司,sources,swan.getSystemInfoSync,1
广州倍安捷建筑科技有限公司,sinks,swan.setStorage,1
广州尚藏平面设计有限公司,sources,swan.getSystemInfoSync,1
广州尚藏平面设计有限公司,sinks,swan.setStorage,1
广州市梦采生物科技有限公司,sources,swan.getSystemInfoSync,1
广州市梦采生物科技有限公司,sinks,swan.setStorage,1
广州比妃化妆品有限公司,sources,swan.getSystemInfoSync,1
广州比妃化妆品有限公司,sinks,swan.setStorage,1
广州渔痴鱼醉餐饮管理服务,sources,swan.getSystemInfoSync,1
广州渔痴鱼醉餐饮管理服务,sinks,swan.setStorage,1
广州畅空广告策划有限公司,sources,swan.getSystemInfoSync,1
广州畅空广告策划有限公司,sinks,swan.setStorage,1
广州陈氏太极拳培训,sources,swan.chooseImage,1
广州陈氏太极拳培训,sources,swan.getUserInfo,4
广州陈氏太极拳培训,sources,swan.downloadFile,1
广州陈氏太极拳培训,sinks,swan.uploadFile,1
广州陈氏太极拳培训,sinks,swan.setStorageSync,4
广州陈氏太极拳培训,sinks,swan.saveImageToPhotosAlbum,1
广州陈顺和餐饮管理有限公司,sources,swan.getSystemInfoSync,1
广州陈顺和餐饮管理有限公司,sinks,swan.setStorage,1
广州餐道信息科技有限公司,sources,swan.getSystemInfoSync,1
广州餐道信息科技有限公司,sinks,swan.setStorage,1
广西东兴边关国际旅行社有限公司,sources,swan.getSystemInfoSync,1
广西东兴边关国际旅行社有限公司,sinks,swan.setStorage,1
广西碧虹景观工程有限公司,sources,swan.getSystemInfoSync,1
广西碧虹景观工程有限公司,sinks,swan.setStorage,1
应橙优选,sources,swan.getExtConfig,1
应橙优选,sinks,swan.setClipboardData,1
店查查,sources,swan.getSystemInfoSync,3
店查查,sources,swan.getStorageSync,4
店查查,sinks,swan.request,7
度标,sources,swan.getStorageSync,2
度标,sources,swan.input,3
度标,sinks,swan.setStorageSync,1
度标,sinks,swan.request,4
康之沁坚果炒货,sources,swan.getStorageSync,477
康之沁坚果炒货,sources,swan.getLocation,10
康之沁坚果炒货,sources,swan.getExtConfigSync,2
康之沁坚果炒货,sources,swan.chooseImage,9
康之沁坚果炒货,sources,swan.getSystemInfoSync,3
康之沁坚果炒货,sources,swan.input,9
康之沁坚果炒货,sources,swan.downloadFile,1
康之沁坚果炒货,sinks,swan.request,298
康之沁坚果炒货,sinks,swan.setStorageSync,198
康之沁坚果炒货,sinks,swan.uploadFile,13
康之沁坚果炒货,sinks,swan.saveImageToPhotosAlbum,1
康之沁坚果炒货,sinks,swan.setStorage,1
建成机械设备,sources,swan.getStorageSync,525
建成机械设备,sources,swan.getLocation,4
建成机械设备,sources,swan.input,38
建成机械设备,sources,swan.getStorage,1
建成机械设备,sources,swan.chooseImage,5
建成机械设备,sources,swan.getSystemInfoSync,4
建成机械设备,sinks,swan.request,555
建成机械设备,sinks,swan.removeStorageSync,4
建成机械设备,sinks,swan.setStorageSync,5
建成机械设备,sinks,swan.uploadFile,11
建成机械设备,sinks,swan.setStorage,2
异乡好居平台,sources,swan.getSystemInfoSync,1
异乡好居平台,sinks,swan.setStorage,1
强盛全自动单饼机,sources,swan.getStorageSync,1
强盛全自动单饼机,sources,swan.getExtConfig,14
强盛全自动单饼机,sinks,swan.setStorageSync,1
强盛全自动单饼机,sinks,swan.request,14
强盛单饼机,sources,swan.getStorageSync,1
强盛单饼机,sources,swan.getExtConfig,14
强盛单饼机,sinks,swan.setStorageSync,1
强盛单饼机,sinks,swan.request,14
彩心理,sources,swan.getStorageSync,19
彩心理,sinks,swan.request,19
彩生活,sources,swan.getSystemInfoSync,1
彩生活,sinks,swan.setStorage,1
彩益纸塑,sources,swan.getExtConfig,19
彩益纸塑,sinks,swan.request,19
彭大顺豆腐生产线,sources,swan.getExtConfig,19
彭大顺豆腐生产线,sinks,swan.request,19
律通刑事辩护律师咨询,sources,swan.getLocation,2
律通刑事辩护律师咨询,sources,swan.getStorageSync,5
律通刑事辩护律师咨询,sinks,swan.setStorageSync,4
律通刑事辩护律师咨询,sinks,swan.request,3
律针交通事故工伤人身损害赔偿,sources,swan.getStorageSync,1
律针交通事故工伤人身损害赔偿,sources,swan.getUserInfo,1
律针交通事故工伤人身损害赔偿,sources,swan.getLocation,2
律针交通事故工伤人身损害赔偿,sinks,swan.request,4
微直播,sources,swan.getStorageSync,12
微直播,sources,swan.input,56
微直播,sources,swan.getExtConfig,1
微直播,sinks,swan.setStorageSync,2
微直播,sinks,swan.request,67
微辰,sources,swan.getSystemInfoSync,1
微辰,sinks,swan.setStorage,1
德州炳创橡塑制品有限公司,sources,swan.getSystemInfoSync,1
德州炳创橡塑制品有限公司,sinks,swan.setStorage,1
德慕森,sources,swan.getSystemInfoSync,1
德慕森,sinks,swan.setStorage,1
心潮体验馆,sources,swan.getSystemInfo,1
心潮体验馆,sinks,swan.request,1
心诚毛巾被工厂批发,sources,swan.getStorageSync,2
心诚毛巾被工厂批发,sinks,swan.setStorageSync,2
必力信光电,sources,swan.getExtConfig,18
必力信光电,sinks,swan.request,18
必得我客,sources,swan.getStorageSync,307
必得我客,sources,swan.getUserInfo,5
必得我客,sources,swan.input,11
必得我客,sources,swan.chooseImage,15
必得我客,sinks,swan.request,299
必得我客,sinks,swan.setStorage,5
必得我客,sinks,swan.setStorageSync,8
必得我客,sinks,swan.uploadFile,26
必标招标,sources,swan.getStorage,1
必标招标,sinks,swan.setStorage,1
快消天下方便自热食品,sources,swan.getStorageSync,3
快消天下方便自热食品,sinks,swan.request,2
快消天下方便自热食品,sinks,swan.setStorageSync,1
思美达活动策划,sources,swan.getStorageSync,3
思美达活动策划,sinks,swan.setStorageSync,2
思美达活动策划,sinks,swan.request,1
思茂严选,sources,swan.getExtConfig,1
思茂严选,sinks,swan.setClipboardData,1
恒峰防滑布,sources,swan.getStorageSync,3
恒峰防滑布,sinks,swan.setStorageSync,2
恒峰防滑布,sinks,swan.request,1
恒纳昌,sources,swan.getSystemInfoSync,1
恒纳昌,sinks,swan.setStorage,1
悉知设备配件,sources,swan.getExtConfig,3
悉知设备配件,sources,swan.getStorageSync,17
悉知设备配件,sources,swan.input,2
悉知设备配件,sources,swan.downloadFile,1
悉知设备配件,sinks,swan.setStorageSync,2
悉知设备配件,sinks,swan.request,20
悉知设备配件,sinks,swan.saveFile,1
悠尔蜜斯烘焙培训,sources,swan.getExtConfig,3
悠尔蜜斯烘焙培训,sources,swan.chooseImage,1
悠尔蜜斯烘焙培训,sources,swan.getStorageSync,5
悠尔蜜斯烘焙培训,sources,swan.getUserInfo,1
悠尔蜜斯烘焙培训,sinks,swan.removeStorageSync,2
悠尔蜜斯烘焙培训,sinks,swan.setStorageSync,5
悠尔蜜斯烘焙培训,sinks,swan.request,2
悠尔蜜斯烘焙培训,sinks,swan.uploadFile,1
悦奔杭州科技有限公司,sources,swan.getSystemInfoSync,1
悦奔杭州科技有限公司,sinks,swan.setStorage,1
惠阳大亚湾安杰疏通厕所下水道,sources,swan.getExtConfig,10
惠阳大亚湾安杰疏通厕所下水道,sinks,swan.request,10
惠阳诚信疏通厕所,sources,swan.getExtConfig,9
惠阳诚信疏通厕所,sinks,swan.request,9
慈幼服务中心,sources,swan.getSystemInfoSync,1
慈幼服务中心,sinks,swan.setStorage,1
成都佐冷馋餐饮管理有限公司,sources,swan.getSystemInfoSync,1
成都佐冷馋餐饮管理有限公司,sinks,swan.setStorage,1
成都佳航驾培事业部,sources,swan.input,1
成都佳航驾培事业部,sinks,swan.request,1
成都公筷公勺行动接力来啦,sources,swan.getStorageSync,4
成都公筷公勺行动接力来啦,sources,swan.getSystemInfoSync,1
成都公筷公勺行动接力来啦,sources,swan.input,3
成都公筷公勺行动接力来啦,sinks,swan.request,7
成都公筷公勺行动接力来啦,sinks,swan.setStorage,1
成都呈阳净化装修工程,sources,swan.getStorageSync,1
成都呈阳净化装修工程,sources,swan.getExtConfig,1
成都呈阳净化装修工程,sinks,swan.request,2
成都市康成电子有限责任公司,sources,swan.getSystemInfoSync,1
成都市康成电子有限责任公司,sinks,swan.setStorage,1
成都悦宾食品有限公司,sources,swan.getSystemInfoSync,1
成都悦宾食品有限公司,sinks,swan.setStorage,1
成都找到北网络科技有限公司,sources,swan.getSystemInfoSync,1
成都找到北网络科技有限公司,sinks,swan.setStorage,1
成都武侯博仕胃肠病医院有限公司,sources,swan.getSystemInfoSync,1
成都武侯博仕胃肠病医院有限公司,sinks,swan.setStorage,1
成都美步科技有限公司,sources,swan.getSystemInfoSync,1
成都美步科技有限公司,sinks,swan.setStorage,1
成都马路边餐饮管理有限公司,sources,swan.getSystemInfoSync,1
成都马路边餐饮管理有限公司,sinks,swan.setStorage,1
我辈教育,sources,swan.input,1
我辈教育,sources,swan.getStorageSync,1
我辈教育,sources,swan.getExtConfig,1
我辈教育,sinks,swan.request,3
才易金华装饰公司,sources,swan.getStorageSync,1
才易金华装饰公司,sources,swan.getExtConfig,10
才易金华装饰公司,sinks,swan.setStorageSync,1
才易金华装饰公司,sinks,swan.request,10
承昌农产品,sources,swan.getStorageSync,533
承昌农产品,sources,swan.getLocation,4
承昌农产品,sources,swan.input,38
承昌农产品,sources,swan.getStorage,1
承昌农产品,sources,swan.chooseImage,5
承昌农产品,sources,swan.getSystemInfoSync,4
承昌农产品,sinks,swan.request,563
承昌农产品,sinks,swan.removeStorageSync,4
承昌农产品,sinks,swan.setStorageSync,5
承昌农产品,sinks,swan.uploadFile,11
承昌农产品,sinks,swan.setStorage,2
抓哇网络测速测网速度,sources,swan.getUserInfo,5
抓哇网络测速测网速度,sources,swan.getStorageSync,1
抓哇网络测速测网速度,sinks,swan.setStorageSync,4
抓哇网络测速测网速度,sinks,swan.request,2
招远市元勃实业有限公司,sources,swan.getSystemInfoSync,1
招远市元勃实业有限公司,sinks,swan.setStorage,1
指查查快递查询,sources,swan.downloadFile,2
指查查快递查询,sinks,swan.saveImageToPhotosAlbum,2
捷卞摄影,sources,swan.getSystemInfoSync,1
捷卞摄影,sinks,swan.setStorage,1
掌婴天下哺喂用品,sources,swan.getStorageSync,3
掌婴天下哺喂用品,sinks,swan.request,2
掌婴天下哺喂用品,sinks,swan.setStorageSync,1
擦动游戏攻略,sources,swan.getStorageSync,5
擦动游戏攻略,sources,swan.downloadFile,1
擦动游戏攻略,sinks,swan.setStorageSync,5
擦动游戏攻略,sinks,swan.saveImageToPhotosAlbum,1
文联诗词,sources,swan.getStorageSync,4
文联诗词,sources,swan.getUserInfo,2
文联诗词,sinks,swan.request,6
斯晨健康,sources,swan.getExtConfig,1
斯晨健康,sinks,swan.setClipboardData,1
新乡宏达振动平台仓壁振动器厂家,sources,swan.getSystemInfo,2
新乡宏达振动平台仓壁振动器厂家,sources,swan.getUserInfo,2
新乡宏达振动平台仓壁振动器厂家,sources,swan.getStorageSync,2
新乡宏达振动平台仓壁振动器厂家,sinks,swan.request,5
新乡宏达振动平台仓壁振动器厂家,sinks,swan.setStorageSync,1
新巢优选,sources,swan.getStorageSync,12
新巢优选,sources,swan.input,56
新巢优选,sources,swan.getExtConfig,1
新巢优选,sinks,swan.setStorageSync,2
新巢优选,sinks,swan.request,67
新河县启闭机械有限公司,sources,swan.getSystemInfoSync,1
新河县启闭机械有限公司,sinks,swan.setStorage,1
新疆煎饼先生餐饮管理有限公司,sources,swan.getSystemInfoSync,1
新疆煎饼先生餐饮管理有限公司,sinks,swan.setStorage,1
新程网络技术服务深圳有限公司,sources,swan.getSystemInfoSync,1
新程网络技术服务深圳有限公司,sinks,swan.setStorage,1
新雅厕所隔断,sources,swan.getStorageSync,1
新雅厕所隔断,sources,swan.getExtConfig,10
新雅厕所隔断,sinks,swan.setStorageSync,1
新雅厕所隔断,sinks,swan.request,10
新雅厕所隔板,sources,swan.getStorageSync,1
新雅厕所隔板,sources,swan.getExtConfig,10
新雅厕所隔板,sinks,swan.setStorageSync,1
新雅厕所隔板,sinks,swan.request,10
方程TDS笔,sources,swan.getExtConfig,11
方程TDS笔,sinks,swan.request,11
无忧视频剪辑,sources,swan.getImageInfo,4
无忧视频剪辑,sources,swan.getStorageSync,1
无忧视频剪辑,sources,swan.chooseVideo,43
无忧视频剪辑,sources,swan.downloadFile,4
无忧视频剪辑,sources,swan.chooseImage,2
无忧视频剪辑,sources,swan.compressImage,1
无忧视频剪辑,sinks,swan.saveImageToPhotosAlbum,4
无忧视频剪辑,sinks,swan.setStorageSync,1
无忧视频剪辑,sinks,swan.uploadFile,16
无忧视频剪辑,sinks,swan.saveVideoToPhotosAlbum,4
无忧视频剪辑,sinks,swan.request,30
旭佳教育橙,sources,swan.getStorageSync,5
旭佳教育橙,sources,swan.input,1
旭佳教育橙,sinks,swan.request,6
时区转换助手,sources,swan.getStorageSync,2
时区转换助手,sinks,swan.setStorageSync,2
时财,sources,swan.input,1
时财,sinks,swan.request,1
明广展驴肉批发,sources,swan.getStorageSync,3
明广展驴肉批发,sinks,swan.setStorageSync,2
明广展驴肉批发,sinks,swan.request,1
易拍视频BGM识别,sources,swan.downloadFile,2
易拍视频BGM识别,sources,swan.chooseVideo,1
易拍视频BGM识别,sinks,swan.saveVideoToPhotosAlbum,2
易拍视频BGM识别,sinks,swan.uploadFile,1
易采通,sources,swan.getStorageSync,14
易采通,sources,swan.input,6
易采通,sinks,swan.request,18
易采通,sinks,swan.uploadFile,2
星座屋星座查询,sources,swan.getStorageSync,1
星座屋星座查询,sinks,swan.setStorageSync,1
星晨旭卫生间厕所隔断,sources,swan.getStorageSync,1
星晨旭卫生间厕所隔断,sinks,swan.request,1
星火专接本机构,sources,swan.getSystemInfoSync,1
星火专接本机构,sinks,swan.setStorage,1
星超餐饮管理上海有限公司,sources,swan.getSystemInfoSync,1
星超餐饮管理上海有限公司,sinks,swan.setStorage,1
晓达工厂软件,sources,swan.downloadFile,1
晓达工厂软件,sinks,swan.saveImageToPhotosAlbum,1
晟秉环保催化燃烧设备,sources,swan.getStorageSync,3
晟秉环保催化燃烧设备,sinks,swan.setStorageSync,2
晟秉环保催化燃烧设备,sinks,swan.request,1
晨皓移动共享商城,sources,swan.downloadFile,2
晨皓移动共享商城,sources,swan.getStorage,1
晨皓移动共享商城,sources,swan.getStorageSync,1
晨皓移动共享商城,sinks,swan.saveImageToPhotosAlbum,2
晨皓移动共享商城,sinks,swan.setStorage,2
晨雅新材料,sources,swan.getExtConfig,2
晨雅新材料,sinks,swan.request,2
普洱茶之家,sources,swan.getStorageSync,1
普洱茶之家,sinks,swan.setStorageSync,1
智天皮带秤螺旋铰刀磁选除铁器,sources,swan.getExtConfig,19
智天皮带秤螺旋铰刀磁选除铁器,sources,swan.getStorageSync,1
智天皮带秤螺旋铰刀磁选除铁器,sinks,swan.request,20
暖空间挤塑聚苯保温板生产厂家,sources,swan.getExtConfig,33
暖空间挤塑聚苯保温板生产厂家,sources,swan.getStorageSync,1
暖空间挤塑聚苯保温板生产厂家,sinks,swan.request,34
曹状元烧饼总部,sources,swan.getExtConfig,2
曹状元烧饼总部,sinks,swan.request,2
有仓百货严选,sources,swan.getStorageSync,3
有仓百货严选,sinks,swan.setStorageSync,2
有仓百货严选,sinks,swan.request,1
本如网络,sources,swan.getSystemInfoSync,1
本如网络,sinks,swan.setStorage,1
本萱堂,sources,swan.getExtConfig,2
本萱堂,sinks,swan.request,2
杏花楼中秋月饼,sources,swan.getStorageSync,1
杏花楼中秋月饼,sources,swan.getExtConfig,11
杏花楼中秋月饼,sinks,swan.setStorageSync,1
杏花楼中秋月饼,sinks,swan.request,11
杏花楼月饼,sources,swan.getStorageSync,1
杏花楼月饼,sources,swan.getExtConfig,11
杏花楼月饼,sinks,swan.setStorageSync,1
杏花楼月饼,sinks,swan.request,11
杭州创搏网络科技有限公司,sources,swan.getSystemInfoSync,1
杭州创搏网络科技有限公司,sinks,swan.setStorage,1
杭州奇檬无比文化创意有限公司,sources,swan.getSystemInfoSync,1
杭州奇檬无比文化创意有限公司,sinks,swan.setStorage,1
杭州彩谱科技有限公司,sources,swan.getSystemInfoSync,1
杭州彩谱科技有限公司,sinks,swan.setStorage,1
杭州思巢SEO网站关键词优化,sources,swan.input,1
杭州思巢SEO网站关键词优化,sources,swan.getStorageSync,1
杭州思巢SEO网站关键词优化,sources,swan.getExtConfig,1
杭州思巢SEO网站关键词优化,sinks,swan.request,3
杭州橙小橙企业管理咨询有限公司,sources,swan.getSystemInfoSync,1
杭州橙小橙企业管理咨询有限公司,sinks,swan.setStorage,1
杭州迪高特玻建材科技有限公司,sources,swan.getSystemInfoSync,1
杭州迪高特玻建材科技有限公司,sinks,swan.setStorage,1
极别好物,sources,swan.getExtConfig,1
极别好物,sinks,swan.setClipboardData,1
枕泉翠谷避暑房,sources,swan.getStorageSync,2
枕泉翠谷避暑房,sinks,swan.setStorageSync,2
林阳苦荞片生产设备,sources,swan.getStorageSync,2
林阳苦荞片生产设备,sinks,swan.setStorageSync,2
果夫订高尔夫球场旅游度假村酒店,sources,swan.getExtConfig,1
果夫订高尔夫球场旅游度假村酒店,sinks,swan.setClipboardData,1
柒量一裁,sources,swan.getExtConfig,1
柒量一裁,sinks,swan.setClipboardData,1
柠檬搞怪猜明星,sources,swan.getStorageSync,3
柠檬搞怪猜明星,sinks,swan.setStorageSync,3
柠檬看图猜电视剧,sources,swan.getStorageSync,1
柠檬看图猜电视剧,sinks,swan.setStorageSync,1
柠檬趣味猜图,sources,swan.getStorageSync,1
柠檬趣味猜图,sinks,swan.setStorageSync,1
柠檬趣味猜皇帝,sources,swan.getStorageSync,1
柠檬趣味猜皇帝,sinks,swan.setStorageSync,1
标快整合营销,sources,swan.getSystemInfoSync,1
标快整合营销,sinks,swan.setStorage,1
标标商标查询,sources,swan.getStorageSync,9
标标商标查询,sources,swan.input,24
标标商标查询,sources,swan.getStorage,3
标标商标查询,sinks,swan.setStorageSync,14
标标商标查询,sinks,swan.request,22
标禾科技,sources,swan.getSystemInfoSync,1
标禾科技,sinks,swan.setStorage,1
标美印刷条码不干胶标签,sources,swan.getExtConfig,33
标美印刷条码不干胶标签,sources,swan.getStorageSync,1
标美印刷条码不干胶标签,sinks,swan.request,34
格森智能餐台,sources,swan.getSystemInfoSync,1
格森智能餐台,sources,swan.getStorageSync,4
格森智能餐台,sources,swan.getLocation,2
格森智能餐台,sources,swan.chooseImage,3
格森智能餐台,sources,swan.input,1
格森智能餐台,sources,swan.getImageInfo,1
格森智能餐台,sinks,swan.setStorageSync,2
格森智能餐台,sinks,swan.request,4
格森智能餐台,sinks,swan.uploadFile,3
格森智能餐台,sinks,swan.setStorage,2
格森智能餐台,sinks,swan.saveImageToPhotosAlbum,1
梓舜建鑫信息咨询橙,sources,swan.getStorageSync,5
梓舜建鑫信息咨询橙,sources,swan.input,1
梓舜建鑫信息咨询橙,sinks,swan.request,6
橙子办公,sources,swan.getStorageSync,3
橙子办公,sources,swan.chooseImage,3
橙子办公,sinks,swan.request,1
橙子办公,sinks,swan.uploadFile,5
橙智易点企业信息查询,sources,swan.input,2
橙智易点企业信息查询,sources,swan.getStorageSync,1
橙智易点企业信息查询,sinks,swan.setStorage,2
橙智易点企业信息查询,sinks,swan.request,1
欣成,sources,swan.getSystemInfoSync,1
欣成,sinks,swan.setStorage,1
欧兰尚壁砂陶彩砂,sources,swan.getExtConfig,22
欧兰尚壁砂陶彩砂,sinks,swan.request,22
欧铂曼门窗,sources,swan.getSystemInfoSync,1
欧铂曼门窗,sinks,swan.setStorage,1
欧飒成语练习册,sources,swan.input,4
欧飒成语练习册,sources,swan.getStorage,8
欧飒成语练习册,sources,swan.getStorageSync,7
欧飒成语练习册,sinks,swan.request,15
欧飒成语练习册,sinks,swan.setStorage,4
步先智能锁,sources,swan.getStorageSync,1
步先智能锁,sources,swan.getExtConfig,11
步先智能锁,sinks,swan.setStorageSync,1
步先智能锁,sinks,swan.request,11
步先防盗门拉手,sources,swan.getStorageSync,1
步先防盗门拉手,sources,swan.getExtConfig,11
步先防盗门拉手,sinks,swan.setStorageSync,1
步先防盗门拉手,sinks,swan.request,11
步先防盗门锁,sources,swan.getStorageSync,1
步先防盗门锁,sources,swan.getExtConfig,10
步先防盗门锁,sinks,swan.setStorageSync,1
步先防盗门锁,sinks,swan.request,10
步先防盗门锁体,sources,swan.getStorageSync,2
步先防盗门锁体,sources,swan.getExtConfig,13
步先防盗门锁体,sinks,swan.setStorageSync,1
步先防盗门锁体,sinks,swan.request,14
步先防盗门锁芯,sources,swan.getStorageSync,1
步先防盗门锁芯,sources,swan.getExtConfig,11
步先防盗门锁芯,sinks,swan.setStorageSync,1
步先防盗门锁芯,sinks,swan.request,11
步驰割边机,sources,swan.getStorageSync,1
步驰割边机,sources,swan.getExtConfig,11
步驰割边机,sinks,swan.setStorageSync,1
步驰割边机,sinks,swan.request,11
步驰卷边机,sources,swan.getStorageSync,1
步驰卷边机,sources,swan.getExtConfig,10
步驰卷边机,sinks,swan.setStorageSync,1
步驰卷边机,sinks,swan.request,10
步驰金属成型设备,sources,swan.getStorageSync,2
步驰金属成型设备,sources,swan.getExtConfig,13
步驰金属成型设备,sinks,swan.setStorageSync,1
步驰金属成型设备,sinks,swan.request,14
武汉上辰设计,sources,swan.getSystemInfoSync,1
武汉上辰设计,sinks,swan.setStorage,1
武汉岽部风渔具有限公司,sources,swan.getSystemInfoSync,1
武汉岽部风渔具有限公司,sinks,swan.setStorage,1
武汉时波网络技术有限公司,sources,swan.getSystemInfoSync,1
武汉时波网络技术有限公司,sinks,swan.setStorage,1
武汉武泵泵业制造有限公司,sources,swan.getSystemInfoSync,1
武汉武泵泵业制造有限公司,sinks,swan.setStorage,1
武汉江城兄弟挤塑聚苯板销售价格,sources,swan.getStorageSync,1
武汉江城兄弟挤塑聚苯板销售价格,sources,swan.getExtConfig,20
武汉江城兄弟挤塑聚苯板销售价格,sinks,swan.setStorageSync,1
武汉江城兄弟挤塑聚苯板销售价格,sinks,swan.request,20
武汉长光电源有限公司,sources,swan.getSystemInfoSync,1
武汉长光电源有限公司,sinks,swan.setStorage,1
毅恒粮库密闭门窗,sources,swan.getExtConfig,33
毅恒粮库密闭门窗,sinks,swan.request,33
毕赢家居日用,sources,swan.getStorageSync,3
毕赢家居日用,sinks,swan.setStorageSync,2
毕赢家居日用,sinks,swan.request,1
毕赢服饰九店,sources,swan.getStorageSync,3
毕赢服饰九店,sinks,swan.setStorageSync,2
毕赢服饰九店,sinks,swan.request,1
永成厨卫电器贸易部,sources,swan.getStorageSync,2
永成厨卫电器贸易部,sinks,swan.setStorageSync,2
汇享吃,sources,swan.getExtConfig,1
汇享吃,sinks,swan.setClipboardData,1
汇全球友上海便利店有限公司,sources,swan.getSystemInfoSync,1
汇全球友上海便利店有限公司,sinks,swan.setStorage,1
汇播,sources,swan.getStorageSync,2
汇播,sinks,swan.setStorageSync,2
汇播直播,sources,swan.getStorageSync,2
汇播直播,sinks,swan.setStorageSync,2
汇率宝,sources,swan.getStorageSync,1
汇率宝,sinks,swan.setStorageSync,1
汇金达发泡布设备,sources,swan.getStorageSync,1
汇金达发泡布设备,sources,swan.getExtConfig,11
汇金达发泡布设备,sinks,swan.setStorageSync,1
汇金达发泡布设备,sinks,swan.request,11
江律师济宁刑事辩护律师,sources,swan.getStorage,1
江律师济宁刑事辩护律师,sources,swan.getStorageSync,9
江律师济宁刑事辩护律师,sources,swan.getLocation,4
江律师济宁刑事辩护律师,sinks,swan.setStorage,1
江律师济宁刑事辩护律师,sinks,swan.setStorageSync,5
江律师济宁刑事辩护律师,sinks,swan.request,8
江苏安怡臣信息技术有限公司,sources,swan.getSystemInfoSync,1
江苏安怡臣信息技术有限公司,sinks,swan.setStorage,1
江苏思君轻食餐创,sources,swan.getStorageSync,2
江苏思君轻食餐创,sinks,swan.setStorageSync,2
江苏欧倍力洗碗设备制造有限公司,sources,swan.getSystemInfoSync,1
江苏欧倍力洗碗设备制造有限公司,sinks,swan.setStorage,1
江苏江才,sources,swan.getStorageSync,1
江苏江才,sources,swan.getExtConfig,1
江苏江才,sinks,swan.request,2
江苏老裁缝家纺工业有限公司,sources,swan.getSystemInfoSync,1
江苏老裁缝家纺工业有限公司,sinks,swan.setStorage,1
江苏钧骋车业有限公司,sources,swan.getSystemInfoSync,1
江苏钧骋车业有限公司,sinks,swan.setStorage,1
江西省总裁装饰工程有限公司,sources,swan.getSystemInfoSync,1
江西省总裁装饰工程有限公司,sinks,swan.setStorage,1
江阴市陆桥良澄车辆修配有限公司,sources,swan.getSystemInfoSync,1
江阴市陆桥良澄车辆修配有限公司,sinks,swan.setStorage,1
沈阳饰壁涂料科技有限公司,sources,swan.getSystemInfoSync,1
沈阳饰壁涂料科技有限公司,sinks,swan.setStorage,1
沉浸视频集,sources,swan.getStorageSync,3
沉浸视频集,sinks,swan.setStorageSync,2
沉浸视频集,sinks,swan.request,1
沪江英语字母表,sources,swan.getStorageSync,1
沪江英语字母表,sinks,swan.request,1
河北呈美建材科技有限公司,sources,swan.getSystemInfoSync,1
河北呈美建材科技有限公司,sinks,swan.setStorage,1
河北崇业民商合同刑事辩护于律师,sources,swan.getStorage,1
河北崇业民商合同刑事辩护于律师,sources,swan.getStorageSync,9
河北崇业民商合同刑事辩护于律师,sources,swan.getLocation,4
河北崇业民商合同刑事辩护于律师,sinks,swan.setStorage,1
河北崇业民商合同刑事辩护于律师,sinks,swan.setStorageSync,5
河北崇业民商合同刑事辩护于律师,sinks,swan.request,8
河北捷威哈芬槽厂家,sources,swan.getStorageSync,2
河北捷威哈芬槽厂家,sinks,swan.setStorageSync,2
河北省电子口岸发展股份有限公司,sources,swan.getSystemInfoSync,1
河北省电子口岸发展股份有限公司,sinks,swan.setStorage,1
河北采装网络科技有限公司,sources,swan.getSystemInfoSync,1
河北采装网络科技有限公司,sinks,swan.setStorage,1
河南嗨吃家贸易有限公司,sources,swan.getSystemInfoSync,1
河南嗨吃家贸易有限公司,sinks,swan.setStorage,1
河南新电光伏箱变,sources,swan.getStorageSync,2
河南新电光伏箱变,sinks,swan.setStorageSync,2
河南秀苍化工产品有限公司,sources,swan.getSystemInfoSync,1
河南秀苍化工产品有限公司,sinks,swan.setStorage,1
河南臣甫实业有限公司,sources,swan.getSystemInfoSync,1
河南臣甫实业有限公司,sinks,swan.setStorage,1
河南辰闰科技有限公司,sources,swan.getSystemInfoSync,1
河南辰闰科技有限公司,sinks,swan.setStorage,1
泓德法务,sources,swan.getSystemInfoSync,1
泓德法务,sinks,swan.setStorage,1
法辩公司顾问律师,sources,swan.getStorageSync,10
法辩公司顾问律师,sources,swan.getLocation,4
法辩公司顾问律师,sources,swan.getUserInfo,2
法辩公司顾问律师,sinks,swan.setStorageSync,6
法辩公司顾问律师,sinks,swan.request,10
泛亚冷补料,sources,swan.getStorageSync,2
泛亚冷补料,sinks,swan.setStorageSync,2
泰衡达避雷塔电力塔厂,sources,swan.getStorageSync,3
泰衡达避雷塔电力塔厂,sinks,swan.setStorageSync,2
泰衡达避雷塔电力塔厂,sinks,swan.request,1
泰衡达避雷塔电力塔监控塔烟囱塔,sources,swan.input,1
泰衡达避雷塔电力塔监控塔烟囱塔,sources,swan.getExtConfig,5
泰衡达避雷塔电力塔监控塔烟囱塔,sinks,swan.request,6
测测问答,sources,swan.getSystemInfoSync,1
测测问答,sinks,swan.setStorage,1
济南壹度客烘焙有限公司,sources,swan.getSystemInfoSync,1
济南壹度客烘焙有限公司,sinks,swan.setStorage,1
济南比雅斯机械设备有限公司,sources,swan.getSystemInfoSync,1
济南比雅斯机械设备有限公司,sinks,swan.setStorage,1
济南爱程网络科技有限公司,sources,swan.getSystemInfoSync,1
济南爱程网络科技有限公司,sinks,swan.setStorage,1
济南益华摩擦学测试技术有限公司,sources,swan.getSystemInfoSync,1
济南益华摩擦学测试技术有限公司,sinks,swan.setStorage,1
浙江仁龙软包背景墙,sources,swan.getLocation,4
浙江仁龙软包背景墙,sources,swan.chooseImage,5
浙江仁龙软包背景墙,sources,swan.chooseAddress,5
浙江仁龙软包背景墙,sources,swan.input,8
浙江仁龙软包背景墙,sources,swan.getStorage,2
浙江仁龙软包背景墙,sinks,swan.setStorage,4
浙江仁龙软包背景墙,sinks,swan.uploadFile,2
浙江仁龙软包背景墙,sinks,swan.request,18
浙江援手律师事务所,sources,swan.input,6
浙江援手律师事务所,sinks,swan.request,6
浙江超超安全阀制造有限公司,sources,swan.getSystemInfoSync,1
浙江超超安全阀制造有限公司,sinks,swan.setStorage,1
海南惠斌人力管家,sources,swan.getStorageSync,2
海南惠斌人力管家,sinks,swan.setStorageSync,2
润田污水处理设备,sources,swan.chooseImage,1
润田污水处理设备,sinks,swan.uploadFile,1
深圳丰凡低功耗闭门器,sources,swan.getSystemInfo,2
深圳丰凡低功耗闭门器,sources,swan.getUserInfo,2
深圳丰凡低功耗闭门器,sources,swan.getStorageSync,2
深圳丰凡低功耗闭门器,sinks,swan.request,5
深圳丰凡低功耗闭门器,sinks,swan.setStorageSync,1
深圳原速科技,sources,swan.getSystemInfoSync,1
深圳原速科技,sinks,swan.setStorage,1
深圳巢之美健康科技有限公司,sources,swan.getSystemInfoSync,1
深圳巢之美健康科技有限公司,sinks,swan.setStorage,1
深圳市广运诚科技有限公司,sources,swan.getSystemInfoSync,1
深圳市广运诚科技有限公司,sinks,swan.setStorage,1
深圳市碧威特网络技术有限公司,sources,swan.getSystemInfoSync,1
深圳市碧威特网络技术有限公司,sinks,swan.setStorage,1
深圳市美奔科技有限公司,sources,swan.getSystemInfoSync,1
深圳市美奔科技有限公司,sinks,swan.setStorage,1
深圳市零波科技有限公司,sources,swan.getSystemInfoSync,1
深圳市零波科技有限公司,sinks,swan.setStorage,1
深圳迷你仓仓储股份有限公司,sources,swan.getSystemInfoSync,1
深圳迷你仓仓储股份有限公司,sinks,swan.setStorage,1
深圳陈列共和设计有限公司,sources,swan.getSystemInfoSync,1
深圳陈列共和设计有限公司,sinks,swan.setStorage,1
湖北安耐捷炉衬材料有限公司,sources,swan.getSystemInfoSync,1
湖北安耐捷炉衬材料有限公司,sinks,swan.setStorage,1
湖北职称网,sources,swan.getUserInfo,1
湖北职称网,sources,swan.getStorageSync,14
湖北职称网,sinks,swan.request,13
湖北职称网,sinks,swan.setStorageSync,2
湖北龙马除雪铲,sources,swan.getStorageSync,1
湖北龙马除雪铲,sinks,swan.setStorageSync,1
湖南京昌生物科技有限公司,sources,swan.getSystemInfoSync,1
湖南京昌生物科技有限公司,sinks,swan.setStorage,1
滚槽机切管机厂家华澳机电,sources,swan.getExtConfig,16
滚槽机切管机厂家华澳机电,sources,swan.getStorageSync,1
滚槽机切管机厂家华澳机电,sinks,swan.request,17
漳州双炳金属制品有限公司,sources,swan.getSystemInfoSync,1
漳州双炳金属制品有限公司,sinks,swan.setStorage,1
潍坊卞家餐饮管理有限公司,sources,swan.getSystemInfoSync,1
潍坊卞家餐饮管理有限公司,sinks,swan.setStorage,1
潮州陈陈滋补批发商,sources,swan.getStorageSync,2
潮州陈陈滋补批发商,sinks,swan.setStorageSync,2
潮范运动鞋,sources,swan.getExtConfig,1
潮范运动鞋,sinks,swan.setClipboardData,1
濒湖山人,sources,swan.getExtConfig,1
濒湖山人,sinks,swan.setClipboardData,1
焙影食光Patisserie,sources,swan.getExtConfig,1
焙影食光Patisserie,sinks,swan.setClipboardData,1
爱克森重量分级秤价格,sources,swan.getStorageSync,1
爱克森重量分级秤价格,sources,swan.getExtConfig,10
爱克森重量分级秤价格,sinks,swan.setStorageSync,1
爱克森重量分级秤价格,sinks,swan.request,10
爱彩网,sources,swan.input,2
爱彩网,sources,swan.getStorageSync,8
爱彩网,sinks,swan.setStorageSync,2
爱彩网,sinks,swan.request,8
特盾特玻,sources,swan.getSystemInfoSync,1
特盾特玻,sinks,swan.setStorage,1
玉垒吉祥缠树带,sources,swan.getStorageSync,2
玉垒吉祥缠树带,sinks,swan.setStorageSync,2
王匙换锁芯,sources,swan.input,1
王匙换锁芯,sources,swan.getStorageSync,1
王匙换锁芯,sources,swan.getExtConfig,1
王匙换锁芯,sinks,swan.request,3
玩吧星动猜歌,sources,swan.getStorageSync,3
玩吧星动猜歌,sinks,swan.setStorageSync,3
珠海市蜂巢数据技术有限公司,sources,swan.getSystemInfoSync,1
珠海市蜂巢数据技术有限公司,sinks,swan.setStorage,1
珠海电子口岸管理有限公司,sources,swan.getSystemInfoSync,1
珠海电子口岸管理有限公司,sinks,swan.setStorage,1
珠海蜂巢网络科技有限公司,sources,swan.getSystemInfoSync,1
珠海蜂巢网络科技有限公司,sinks,swan.setStorage,1
瑞德胜产氯化镁,sources,swan.getExtConfig,25
瑞德胜产氯化镁,sinks,swan.request,25
瑞文网,sources,swan.input,1
瑞文网,sinks,swan.request,1
瑞明威甲基异丁基甲苯厂,sources,swan.getStorageSync,2
瑞明威甲基异丁基甲苯厂,sources,swan.getExtConfig,13
瑞明威甲基异丁基甲苯厂,sinks,swan.setStorageSync,1
瑞明威甲基异丁基甲苯厂,sinks,swan.request,14
瑞桐藏酒,sources,swan.getExtConfig,1
瑞桐藏酒,sinks,swan.setClipboardData,1
瑞泰档烟垂壁,sources,swan.getStorageSync,1
瑞泰档烟垂壁,sources,swan.getExtConfig,10
瑞泰档烟垂壁,sinks,swan.setStorageSync,1
瑞泰档烟垂壁,sinks,swan.request,10
甘那许烘焙严选,sources,swan.getExtConfig,1
甘那许烘焙严选,sinks,swan.setClipboardData,1
申宇环保收尘设备,sources,swan.getStorageSync,1
申宇环保收尘设备,sources,swan.getExtConfig,10
申宇环保收尘设备,sinks,swan.setStorageSync,1
申宇环保收尘设备,sinks,swan.request,10
男茶女茶,sources,swan.getSystemInfoSync,1
男茶女茶,sinks,swan.setStorage,1
百家博,sources,swan.getStorageSync,2
百家博,sinks,swan.setStorageSync,2
百家号,sources,swan.getStorageSync,2
百家号,sinks,swan.request,2
百布堂,sources,swan.getSystemInfoSync,1
百布堂,sinks,swan.setStorage,1
百度健康,sources,swan.downloadFile,1
百度健康,sinks,swan.saveImageToPhotosAlbum,1
百度惠生活,sources,swan.getStorageSync,2
百度惠生活,sinks,swan.setStorage,2
百度教育,sources,swan.downloadFile,8
百度教育,sources,swan.getStorage,1
百度教育,sources,swan.getStorageSync,8
百度教育,sources,swan.getSystemInfoSync,1
百度教育,sinks,swan.saveImageToPhotosAlbum,8
百度教育,sinks,swan.setStorage,1
百度教育,sinks,swan.setStorageSync,8
百度教育,sinks,swan.request,1
百甲西点培训,sources,swan.getExtConfig,12
百甲西点培训,sinks,swan.request,12
皖警便民服务e网通,sources,swan.input,30
皖警便民服务e网通,sources,swan.getStorageSync,9
皖警便民服务e网通,sources,swan.getUserInfo,3
皖警便民服务e网通,sources,swan.getLocation,1
皖警便民服务e网通,sinks,swan.request,32
皖警便民服务e网通,sinks,swan.setStorage,10
皖警便民服务e网通,sinks,swan.uploadFile,1
盛世城,sources,swan.getStorageSync,99
盛世城,sources,swan.getExtConfig,1
盛世城,sources,swan.input,11
盛世城,sources,swan.chooseImage,1
盛世城,sinks,swan.request,109
盛世城,sinks,swan.setStorage,1
盛世城,sinks,swan.uploadFile,2
眼波视界,sources,swan.getExtConfigSync,2
眼波视界,sources,swan.getStorageSync,3
眼波视界,sources,swan.getSystemInfo,1
眼波视界,sinks,swan.request,2
眼波视界,sinks,swan.uploadFile,1
眼波视界,sinks,swan.setStorageSync,3
石家庄曹状元食品技术服务,sources,swan.getSystemInfoSync,1
石家庄曹状元食品技术服务,sinks,swan.setStorage,1
石家庄紫橙网络科技有限公司,sources,swan.getSystemInfoSync,1
石家庄紫橙网络科技有限公司,sinks,swan.setStorage,1
碧清源,sources,swan.getStorageSync,2
碧清源,sinks,swan.setStorageSync,2
磊泰千层石,sources,swan.getStorageSync,1
磊泰千层石,sources,swan.getExtConfig,10
磊泰千层石,sinks,swan.setStorageSync,1
磊泰千层石,sinks,swan.request,10
神龙内衬不锈钢复合管,sources,swan.getExtConfig,18
神龙内衬不锈钢复合管,sinks,swan.request,18
神龙钢背木护栏桥梁护栏支架,sources,swan.getExtConfig,8
神龙钢背木护栏桥梁护栏支架,sinks,swan.request,8
福冰商贸,sources,swan.getExtConfig,1
福冰商贸,sinks,swan.setClipboardData,1
福建代美茶缘茶叶,sources,swan.getStorageSync,533
福建代美茶缘茶叶,sources,swan.getLocation,4
福建代美茶缘茶叶,sources,swan.input,38
福建代美茶缘茶叶,sources,swan.getStorage,1
福建代美茶缘茶叶,sources,swan.chooseImage,5
福建代美茶缘茶叶,sources,swan.getSystemInfoSync,4
福建代美茶缘茶叶,sinks,swan.request,563
福建代美茶缘茶叶,sinks,swan.removeStorageSync,4
福建代美茶缘茶叶,sinks,swan.setStorageSync,5
福建代美茶缘茶叶,sinks,swan.uploadFile,11
福建代美茶缘茶叶,sinks,swan.setStorage,2
福建力创开敞式发电机组,sources,swan.getExtConfig,10
福建力创开敞式发电机组,sinks,swan.request,10
福星明卜名斋北京宝宝起名,sources,swan.getExtConfig,3
福星明卜名斋北京宝宝起名,sources,swan.chooseImage,1
福星明卜名斋北京宝宝起名,sources,swan.getStorageSync,5
福星明卜名斋北京宝宝起名,sources,swan.getUserInfo,1
福星明卜名斋北京宝宝起名,sinks,swan.removeStorageSync,2
福星明卜名斋北京宝宝起名,sinks,swan.setStorageSync,5
福星明卜名斋北京宝宝起名,sinks,swan.request,2
福星明卜名斋北京宝宝起名,sinks,swan.uploadFile,1
福星明卜名斋起名,sources,swan.getSystemInfoSync,1
福星明卜名斋起名,sinks,swan.setStorage,1
私享影音,sources,swan.getStorageSync,12
私享影音,sources,swan.input,56
私享影音,sources,swan.getExtConfig,1
私享影音,sinks,swan.setStorageSync,2
私享影音,sinks,swan.request,67
科展湿式电捕焦油器,sources,swan.getSystemInfo,2
科展湿式电捕焦油器,sources,swan.getUserInfo,2
科展湿式电捕焦油器,sources,swan.getStorageSync,2
科展湿式电捕焦油器,sinks,swan.request,5
科展湿式电捕焦油器,sinks,swan.setStorageSync,1
科展电捕焦油除尘器,sources,swan.getSystemInfo,2
科展电捕焦油除尘器,sources,swan.getUserInfo,2
科展电捕焦油除尘器,sources,swan.getStorageSync,2
科展电捕焦油除尘器,sinks,swan.request,5
科展电捕焦油除尘器,sinks,swan.setStorageSync,1
程同快乐农场,sources,swan.getStorageSync,2
程同快乐农场,sinks,swan.request,2
程翔掺混肥生产线,sources,swan.getSystemInfoSync,1
程翔掺混肥生产线,sources,swan.getStorageSync,4
程翔掺混肥生产线,sources,swan.getLocation,2
程翔掺混肥生产线,sources,swan.chooseImage,3
程翔掺混肥生产线,sources,swan.input,1
程翔掺混肥生产线,sources,swan.getImageInfo,1
程翔掺混肥生产线,sinks,swan.setStorageSync,2
程翔掺混肥生产线,sinks,swan.request,4
程翔掺混肥生产线,sinks,swan.uploadFile,3
程翔掺混肥生产线,sinks,swan.setStorage,2
程翔掺混肥生产线,sinks,swan.saveImageToPhotosAlbum,1
程芯财税,sources,swan.getStorageSync,3
程芯财税,sinks,swan.setStorageSync,2
程芯财税,sinks,swan.setStorage,1
稻孚草帘草袋草绳草支垫生产厂家,sources,swan.getUserInfo,1
稻孚草帘草袋草绳草支垫生产厂家,sources,swan.getStorageSync,18
稻孚草帘草袋草绳草支垫生产厂家,sinks,swan.request,17
稻孚草帘草袋草绳草支垫生产厂家,sinks,swan.setStorageSync,2
策轩营销,sources,swan.getStorageSync,2
策轩营销,sinks,swan.setStorageSync,2
策道营销,sources,swan.getStorageSync,1
策道营销,sinks,swan.request,1
篮球场围网,sources,swan.getStorageSync,2
篮球场围网,sinks,swan.setStorageSync,2
精神酒厂家直销,sources,swan.getExtConfig,1
精神酒厂家直销,sinks,swan.setClipboardData,1
紫微排盘运势大全,sources,swan.getStorageSync,2
紫微排盘运势大全,sinks,swan.request,1
紫微排盘运势大全,sinks,swan.setStorageSync,1
红黑记录本,sources,swan.getStorageSync,2
红黑记录本,sinks,swan.request,2
经济技术开发区零点先生烘焙中心,sources,swan.getSystemInfoSync,1
经济技术开发区零点先生烘焙中心,sinks,swan.setStorage,1
绣田鸟巢温室,sources,swan.getStorageSync,1
绣田鸟巢温室,sources,swan.getExtConfig,10
绣田鸟巢温室,sinks,swan.setStorageSync,1
绣田鸟巢温室,sinks,swan.request,10
绿地城,sources,swan.getStorageSync,99
绿地城,sources,swan.getExtConfig,4
绿地城,sources,swan.input,11
绿地城,sources,swan.chooseImage,1
绿地城,sinks,swan.request,111
绿地城,sinks,swan.setStorage,2
绿地城,sinks,swan.uploadFile,2
绿城绿化茶梅红茶梅茶梅苗茶梅球,sources,swan.getStorageSync,1
绿城绿化茶梅红茶梅茶梅苗茶梅球,sources,swan.getExtConfig,1
绿城绿化茶梅红茶梅茶梅苗茶梅球,sinks,swan.request,2
绿色亿家除甲醛机构,sources,swan.getExtConfig,1
绿色亿家除甲醛机构,sinks,swan.setClipboardData,1
网仓科技,sources,swan.getSystemInfoSync,1
网仓科技,sinks,swan.setStorage,1
罗欧混凝土修补,sources,swan.getStorageSync,1
罗欧混凝土修补,sources,swan.getExtConfig,28
罗欧混凝土修补,sinks,swan.setStorageSync,1
罗欧混凝土修补,sinks,swan.request,28
美之博,sources,swan.getExtConfig,1
美之博,sinks,swan.setClipboardData,1
美名腾公司起名测名,sources,swan.getStorageSync,13
美名腾公司起名测名,sources,swan.getSystemInfo,4
美名腾公司起名测名,sinks,swan.request,17
美名腾姓名测试打分,sources,swan.getStorageSync,13
美名腾姓名测试打分,sources,swan.getSystemInfo,4
美名腾姓名测试打分,sinks,swan.request,17
美食天下烘焙食谱,sources,swan.getSystemInfo,20
美食天下烘焙食谱,sinks,swan.request,20
美食天下菜谱大全,sources,swan.getSystemInfo,4
美食天下菜谱大全,sources,swan.getUserInfo,4
美食天下菜谱大全,sources,swan.getStorageSync,4
美食天下菜谱大全,sinks,swan.request,12
老九恋爱助手,sources,swan.getStorageSync,2
老九恋爱助手,sinks,swan.setStorageSync,2
考必过网,sources,swan.getStorageSync,6
考必过网,sources,swan.getSystemInfo,1
考必过网,sinks,swan.setStorageSync,7
职称评审网,sources,swan.getUserInfo,1
职称评审网,sources,swan.getStorageSync,14
职称评审网,sinks,swan.request,13
职称评审网,sinks,swan.setStorageSync,2
股城消费资讯,sources,swan.getStorage,1
股城消费资讯,sinks,swan.request,1
股城网,sources,swan.getStorage,2
股城网,sinks,swan.request,2
股城股票,sources,swan.getStorage,1
股城股票,sinks,swan.request,1
股城财经,sources,swan.getStorage,1
股城财经,sinks,swan.request,1
背飞鸟婚姻咨询,sources,swan.getStorageSync,2
背飞鸟婚姻咨询,sinks,swan.request,2
至新裁判文书,sources,swan.getStorageSync,1
至新裁判文书,sinks,swan.setStorageSync,1
苍强工具箱,sources,swan.getImageInfo,5
苍强工具箱,sources,swan.getStorage,1
苍强工具箱,sources,swan.downloadFile,1
苍强工具箱,sinks,swan.saveImageToPhotosAlbum,5
苍强工具箱,sinks,swan.request,1
苍强工具箱,sinks,swan.saveFile,1
苍强曲谱,sources,swan.getStorage,9
苍强曲谱,sources,swan.getImageInfo,2
苍强曲谱,sources,swan.downloadFile,1
苍强曲谱,sinks,swan.request,9
苍强曲谱,sinks,swan.saveImageToPhotosAlbum,3
苍强网络,sources,swan.downloadFile,1
苍强网络,sources,swan.chooseImage,1
苍强网络,sinks,swan.saveFile,1
苍强网络,sinks,swan.uploadFile,1
苍穹文章平台,sources,swan.input,1
苍穹文章平台,sinks,swan.request,1
苍穹科技,sources,swan.getSystemInfoSync,1
苍穹科技,sinks,swan.setStorage,1
苏州守诚电子有限公司,sources,swan.getSystemInfoSync,1
苏州守诚电子有限公司,sinks,swan.setStorage,1
苏州欧焙韩式裱花翻糖蛋糕培训,sources,swan.input,1
苏州欧焙韩式裱花翻糖蛋糕培训,sources,swan.getStorageSync,1
苏州欧焙韩式裱花翻糖蛋糕培训,sources,swan.getExtConfig,1
苏州欧焙韩式裱花翻糖蛋糕培训,sinks,swan.request,3
苏州玻色智能科技有限公司,sources,swan.getSystemInfoSync,1
苏州玻色智能科技有限公司,sinks,swan.setStorage,1
苏州编织人生网络科技有限公司,sources,swan.getSystemInfoSync,1
苏州编织人生网络科技有限公司,sinks,swan.setStorage,1
苏州魔豆蛋糕烘焙西点培训学校,sources,swan.input,1
苏州魔豆蛋糕烘焙西点培训学校,sources,swan.getStorageSync,1
苏州魔豆蛋糕烘焙西点培训学校,sources,swan.getExtConfig,1
苏州魔豆蛋糕烘焙西点培训学校,sinks,swan.request,3
英伦贝芘,sources,swan.getSystemInfoSync,1
英伦贝芘,sinks,swan.setStorage,1
英策管理咨询,sources,swan.getStorageSync,2
英策管理咨询,sinks,swan.setStorageSync,2
茶世界,sources,swan.getExtConfig,1
茶世界,sinks,swan.setClipboardData,1
茶之恋,sources,swan.getExtConfig,1
茶之恋,sinks,swan.setClipboardData,1
茶澜茶饮,sources,swan.getSystemInfoSync,1
茶澜茶饮,sinks,swan.setStorage,1
草穆说植物,sources,swan.getStorageSync,1
草穆说植物,sinks,swan.setStorageSync,1
菠萝孕育,sources,swan.getStorageSync,2
菠萝孕育,sinks,swan.request,2
藏之慧,sources,swan.getExtConfig,1
藏之慧,sinks,swan.setClipboardData,1
蚁巢东莞公司注册流程,sources,swan.getUserInfo,1
蚁巢东莞公司注册流程,sources,swan.getStorageSync,27
蚁巢东莞公司注册流程,sinks,swan.request,21
蚁巢东莞公司注册流程,sinks,swan.setStorageSync,4
蚁巢东莞公司注册流程,sinks,swan.setClipboardData,3
蜂巢基金管理有限公司,sources,swan.getSystemInfoSync,1
蜂巢基金管理有限公司,sinks,swan.setStorage,1
衣品昌服饰,sources,swan.getStorage,1
衣品昌服饰,sources,swan.input,2
衣品昌服饰,sources,swan.downloadFile,3
衣品昌服饰,sources,swan.chooseImage,6
衣品昌服饰,sources,swan.getStorageSync,4
衣品昌服饰,sources,swan.getLocation,1
衣品昌服饰,sinks,swan.setStorage,2
衣品昌服饰,sinks,swan.request,4
衣品昌服饰,sinks,swan.saveImageToPhotosAlbum,3
衣品昌服饰,sinks,swan.uploadFile,4
衣品昌服饰,sinks,swan.setStorageSync,4
裁圣私服定制,sources,swan.getSystemInfoSync,1
裁圣私服定制,sinks,swan.setStorage,1
裕兴烤漆生产厂家,sources,swan.getStorageSync,1
裕兴烤漆生产厂家,sources,swan.getExtConfig,11
裕兴烤漆生产厂家,sinks,swan.setStorageSync,1
裕兴烤漆生产厂家,sinks,swan.request,11
西奇藏产,sources,swan.getExtConfig,1
西奇藏产,sinks,swan.setClipboardData,1
视辰信息科技上海有限公司,sources,swan.getSystemInfoSync,1
视辰信息科技上海有限公司,sinks,swan.setStorage,1
言承文化,sources,swan.getStorageSync,1
言承文化,sinks,swan.setStorageSync,1
评中吉手表,sources,swan.getExtConfig,1
评中吉手表,sinks,swan.setClipboardData,1
豆果美食精选菜谱,sources,swan.getStorageSync,7
豆果美食精选菜谱,sources,swan.input,19
豆果美食精选菜谱,sources,swan.getImageInfo,1
豆果美食精选菜谱,sinks,swan.setStorageSync,3
豆果美食精选菜谱,sinks,swan.request,23
豆果美食精选菜谱,sinks,swan.uploadFile,1
贵阳远超炒货有限公司,sources,swan.getSystemInfoSync,1
贵阳远超炒货有限公司,sinks,swan.setStorage,1
贺炳箱包,sources,swan.getStorageSync,2
贺炳箱包,sinks,swan.setStorageSync,2
赛门PVC折叠门,sources,swan.getStorageSync,1
赛门PVC折叠门,sources,swan.getExtConfig,11
赛门PVC折叠门,sinks,swan.setStorageSync,1
赛门PVC折叠门,sinks,swan.request,11
赫拉臻藏,sources,swan.getExtConfig,1
赫拉臻藏,sinks,swan.setClipboardData,1
超技上海贸易有限公司,sources,swan.getSystemInfoSync,1
超技上海贸易有限公司,sinks,swan.setStorage,1
轻松筹,sources,swan.input,3
轻松筹,sinks,swan.request,3
辉腾混凝土修补,sources,swan.getStorageSync,1
辉腾混凝土修补,sources,swan.getExtConfig,14
辉腾混凝土修补,sinks,swan.setStorageSync,1
辉腾混凝土修补,sinks,swan.request,14
辰俊网络,sources,swan.getSystemInfoSync,1
辰俊网络,sinks,swan.setStorage,1
辽宁三合葡萄酒,sources,swan.getExtConfig,1
辽宁三合葡萄酒,sinks,swan.setClipboardData,1
辽宁苍赢侠餐饮管理有限公司,sources,swan.getSystemInfoSync,1
辽宁苍赢侠餐饮管理有限公司,sinks,swan.setStorage,1
通查,sources,swan.getStorage,8
通查,sources,swan.input,4
通查,sources,swan.getStorageSync,1
通查,sinks,swan.setStorage,1
通查,sinks,swan.request,12
道瑞格伺服触摸屏机械手臂,sources,swan.getStorageSync,1
道瑞格伺服触摸屏机械手臂,sources,swan.getExtConfig,12
道瑞格伺服触摸屏机械手臂,sinks,swan.setStorageSync,1
道瑞格伺服触摸屏机械手臂,sinks,swan.request,12
避雷网,sources,swan.getExtConfigSync,3
避雷网,sources,swan.chooseImage,1
避雷网,sources,swan.getStorageSync,2
避雷网,sinks,swan.request,5
避雷网,sinks,swan.uploadFile,1
邮编君,sources,swan.getLocation,1
邮编君,sinks,swan.request,1
邮编库,sources,swan.getLocation,1
邮编库,sinks,swan.request,1
郴州郴房网络咨询有限公司,sources,swan.getSystemInfoSync,1
郴州郴房网络咨询有限公司,sinks,swan.setStorage,1
郴州阿信车辆救援外出搭电补轮胎,sources,swan.getExtConfig,3
郴州阿信车辆救援外出搭电补轮胎,sources,swan.chooseImage,1
郴州阿信车辆救援外出搭电补轮胎,sources,swan.getStorageSync,5
郴州阿信车辆救援外出搭电补轮胎,sources,swan.getUserInfo,1
郴州阿信车辆救援外出搭电补轮胎,sinks,swan.removeStorageSync,2
郴州阿信车辆救援外出搭电补轮胎,sinks,swan.setStorageSync,5
郴州阿信车辆救援外出搭电补轮胎,sinks,swan.request,2
郴州阿信车辆救援外出搭电补轮胎,sinks,swan.uploadFile,1
郴房网,sources,swan.input,7
郴房网,sources,swan.getStorageSync,48
郴房网,sources,swan.chooseImage,1
郴房网,sinks,swan.request,41
郴房网,sinks,swan.setStorageSync,10
郴房网,sinks,swan.uploadFile,3
郴房网,sinks,swan.setStorage,2
醉翁茶叶,sources,swan.getExtConfig,2
醉翁茶叶,sinks,swan.request,2
采云传媒,sources,swan.getStorageSync,1
采云传媒,sinks,swan.setStorageSync,1
采来食堂承包,sources,swan.getSystemInfoSync,1
采来食堂承包,sinks,swan.setStorage,1
采采妈咪香,sources,swan.input,5
采采妈咪香,sources,swan.getStorageSync,1
采采妈咪香,sinks,swan.setStorageSync,2
采采妈咪香,sinks,swan.request,4
采采生活知识分享平台,sources,swan.input,2
采采生活知识分享平台,sources,swan.getStorageSync,13
采采生活知识分享平台,sources,swan.chooseImage,1
采采生活知识分享平台,sources,swan.chooseVideo,1
采采生活知识分享平台,sinks,swan.setStorageSync,1
采采生活知识分享平台,sinks,swan.request,13
采采生活知识分享平台,sinks,swan.uploadFile,3
重庆倍通工业设备安装工程,sources,swan.getSystemInfoSync,1
重庆倍通工业设备安装工程,sinks,swan.setStorage,1
重庆壹本置业有限公司,sources,swan.getSystemInfoSync,1
重庆壹本置业有限公司,sinks,swan.setStorage,1
重庆宾驰货运代理有限公司,sources,swan.getSystemInfoSync,1
重庆宾驰货运代理有限公司,sinks,swan.setStorage,1
重庆快成网络技术有限公司,sources,swan.getSystemInfoSync,1
重庆快成网络技术有限公司,sinks,swan.setStorage,1
重庆斌成衡器厂,sources,swan.getSystemInfoSync,1
重庆斌成衡器厂,sources,swan.getStorageSync,4
重庆斌成衡器厂,sources,swan.getLocation,2
重庆斌成衡器厂,sources,swan.chooseImage,3
重庆斌成衡器厂,sources,swan.input,1
重庆斌成衡器厂,sources,swan.getImageInfo,1
重庆斌成衡器厂,sinks,swan.setStorageSync,2
重庆斌成衡器厂,sinks,swan.request,4
重庆斌成衡器厂,sinks,swan.uploadFile,3
重庆斌成衡器厂,sinks,swan.setStorage,2
重庆斌成衡器厂,sinks,swan.saveImageToPhotosAlbum,1
重庆比速汽车销售有限公司,sources,swan.getSystemInfoSync,1
重庆比速汽车销售有限公司,sinks,swan.setStorage,1
重庆筑巢建筑材料有限公司,sources,swan.getSystemInfoSync,1
重庆筑巢建筑材料有限公司,sinks,swan.setStorage,1
重庆蜂巢搬家有限公司,sources,swan.getSystemInfoSync,1
重庆蜂巢搬家有限公司,sinks,swan.setStorage,1
重庆重橙网络科技有限公司,sources,swan.getSystemInfoSync,1
重庆重橙网络科技有限公司,sinks,swan.setStorage,1
金华信润缠绕膜厂家,sources,swan.getStorageSync,1
金华信润缠绕膜厂家,sources,swan.getExtConfig,10
金华信润缠绕膜厂家,sinks,swan.setStorageSync,1
金华信润缠绕膜厂家,sinks,swan.request,10
金坦装备,sources,swan.getSystemInfoSync,1
金坦装备,sinks,swan.setStorage,1
金尚达内衬不锈钢复合管,sources,swan.getStorageSync,1
金尚达内衬不锈钢复合管,sources,swan.getExtConfig,11
金尚达内衬不锈钢复合管,sinks,swan.setStorageSync,1
金尚达内衬不锈钢复合管,sinks,swan.request,11
金才泰丰,sources,swan.getSystemInfoSync,1
金才泰丰,sinks,swan.setStorage,1
金栢丽化妆品,sources,swan.getStorageSync,2
金栢丽化妆品,sinks,swan.setStorageSync,2
金顺U型槽,sources,swan.getStorageSync,1
金顺U型槽,sources,swan.getExtConfig,16
金顺U型槽,sinks,swan.setStorageSync,1
金顺U型槽,sinks,swan.request,16
金鹰裁断机,sources,swan.input,1
金鹰裁断机,sources,swan.getStorageSync,1
金鹰裁断机,sources,swan.getExtConfig,1
金鹰裁断机,sinks,swan.request,3
鑫利特电子皮带秤,sources,swan.getStorageSync,1
鑫利特电子皮带秤,sources,swan.getExtConfig,11
鑫利特电子皮带秤,sinks,swan.setStorageSync,1
鑫利特电子皮带秤,sinks,swan.request,11
鑫正大型钢板仓,sources,swan.getExtConfig,22
鑫正大型钢板仓,sinks,swan.request,22
鑫顺源牛皮纸袋生产厂家,sources,swan.input,3
鑫顺源牛皮纸袋生产厂家,sinks,swan.request,3
钜城国际,sources,swan.getStorageSync,99
钜城国际,sources,swan.getExtConfig,1
钜城国际,sources,swan.input,11
钜城国际,sources,swan.chooseImage,1
钜城国际,sinks,swan.request,109
钜城国际,sinks,swan.setStorage,1
钜城国际,sinks,swan.uploadFile,2
铁臂商城,sources,swan.getStorageSync,5
铁臂商城,sinks,swan.setStorageSync,2
铁臂商城,sinks,swan.request,3
铂克尼门窗,sources,swan.getSystemInfoSync,1
铂克尼门窗,sinks,swan.setStorage,1
铭将机械设备,sources,swan.getSystemInfoSync,1
铭将机械设备,sinks,swan.setStorage,1
银基电捕焦油除尘器,sources,swan.getStorageSync,1
银基电捕焦油除尘器,sources,swan.getExtConfig,15
银基电捕焦油除尘器,sinks,swan.setStorageSync,1
银基电捕焦油除尘器,sinks,swan.request,15
锐赢海参,sources,swan.input,1
锐赢海参,sources,swan.getStorageSync,1
锐赢海参,sources,swan.getExtConfig,1
锐赢海参,sinks,swan.request,3
锦华钟表,sources,swan.getSystemInfoSync,1
锦华钟表,sinks,swan.setStorage,1
长春市疾病预防控制中心,sources,swan.getSystemInfoSync,1
长春市疾病预防控制中心,sinks,swan.setStorage,1
长沙水泵厂有限公司,sources,swan.getSystemInfoSync,1
长沙水泵厂有限公司,sinks,swan.setStorage,1
长沙长亿玩具有限公司,sources,swan.getSystemInfoSync,1
长沙长亿玩具有限公司,sinks,swan.setStorage,1
长湖水景花境观赏草,sources,swan.getExtConfigSync,4
长湖水景花境观赏草,sources,swan.getUserInfo,7
长湖水景花境观赏草,sources,swan.getStorageSync,55
长湖水景花境观赏草,sources,swan.getStorage,7
长湖水景花境观赏草,sources,swan.getSystemInfo,1
长湖水景花境观赏草,sources,swan.chooseImage,3
长湖水景花境观赏草,sinks,swan.request,69
长湖水景花境观赏草,sinks,swan.setStorageSync,4
长湖水景花境观赏草,sinks,swan.uploadFile,3
长湖水景花境观赏草,sinks,swan.removeStorageSync,1
闪电博,sources,swan.getSystemInfoSync,2
闪电博,sources,swan.getStorageSync,10
闪电博,sinks,swan.setStorageSync,12
闪电汇率,sources,swan.getStorageSync,1
闪电汇率,sinks,swan.setStorageSync,1
问标网商标查询,sources,swan.input,53
问标网商标查询,sources,swan.getStorage,10
问标网商标查询,sinks,swan.request,62
问标网商标查询,sinks,swan.setStorageSync,1
阳春市大河山沉香茶有限公司,sources,swan.getSystemInfoSync,1
阳春市大河山沉香茶有限公司,sinks,swan.setStorage,1
陈九辉铝合金门窗,sources,swan.getStorageSync,1
陈九辉铝合金门窗,sources,swan.getExtConfig,10
陈九辉铝合金门窗,sinks,swan.setStorageSync,1
陈九辉铝合金门窗,sinks,swan.request,10
陈百万打码机,sources,swan.getStorageSync,3
陈百万打码机,sinks,swan.setStorageSync,2
陈百万打码机,sinks,swan.request,1
陕西南山南HDPE双壁波纹管,sources,swan.getExtConfig,1
陕西南山南HDPE双壁波纹管,sinks,swan.setClipboardData,1
雅路人麻编工艺品,sources,swan.getExtConfig,1
雅路人麻编工艺品,sinks,swan.setClipboardData,1
零五网,sources,swan.getStorageSync,5
零五网,sinks,swan.request,3
零五网,sinks,swan.setStorage,2
青岛辰景网站建设,sources,swan.getUserInfo,1
青岛辰景网站建设,sources,swan.getStorageSync,2
青岛辰景网站建设,sinks,swan.request,3
青州先科机械制砂生产线,sources,swan.getExtConfig,25
青州先科机械制砂生产线,sinks,swan.request,25
靓掺商贸,sources,swan.getStorageSync,2
靓掺商贸,sinks,swan.setStorageSync,2
风云菜谱,sources,swan.getStorageSync,26
风云菜谱,sources,swan.input,1
风云菜谱,sources,swan.getUserInfo,1
风云菜谱,sinks,swan.setStorageSync,21
风云菜谱,sinks,swan.setClipboardData,3
风云菜谱,sinks,swan.setStorage,2
风云菜谱,sinks,swan.removeStorageSync,1
风云菜谱,sinks,swan.request,1
风变编程,sources,swan.getSystemInfoSync,1
风变编程,sinks,swan.setStorage,1
餐赢长,sources,swan.getStorageSync,1
餐赢长,sinks,swan.request,1
饮台,sources,swan.getStorageSync,2
饮台,sinks,swan.setStorageSync,2
香港城,sources,swan.getStorageSync,99
香港城,sources,swan.getExtConfig,1
香港城,sources,swan.input,11
香港城,sources,swan.chooseImage,1
香港城,sinks,swan.request,109
香港城,sinks,swan.setStorage,1
香港城,sinks,swan.uploadFile,2
骞羽缠绕膜厂家,sources,swan.getExtConfig,30
骞羽缠绕膜厂家,sinks,swan.request,30
高陵潮生活,sources,swan.getSystemInfoSync,1
高陵潮生活,sinks,swan.setStorage,1
高顿网校,sources,swan.getStorageSync,1
高顿网校,sources,swan.getStorage,1
高顿网校,sinks,swan.request,1
高顿网校,sinks,swan.setStorage,1
魔都黑科,sources,swan.getExtConfig,1
魔都黑科,sinks,swan.setClipboardData,1
魔镜测脸型,sources,swan.getStorage,1
魔镜测脸型,sources,swan.getStorageSync,2
魔镜测脸型,sinks,swan.request,3
魔镜测颜值,sources,swan.getStorage,1
魔镜测颜值,sources,swan.getStorageSync,2
魔镜测颜值,sinks,swan.request,3
鲁新悬臂吊,sources,swan.getStorageSync,1
鲁新悬臂吊,sources,swan.getExtConfig,12
鲁新悬臂吊,sinks,swan.setStorageSync,1
鲁新悬臂吊,sinks,swan.request,12
鲜货捕手北京店,sources,swan.getExtConfig,1
鲜货捕手北京店,sinks,swan.setClipboardData,1
鲸乘出行,sources,swan.getLocation,6
鲸乘出行,sinks,swan.request,6
鸿鹄古诗文网,sources,swan.getStorage,49
鸿鹄古诗文网,sinks,swan.request,49
鹊有巢,sources,swan.getSystemInfoSync,1
鹊有巢,sinks,swan.setStorage,1
鹏大包装天津缠绕膜厂家,sources,swan.getExtConfig,18
鹏大包装天津缠绕膜厂家,sinks,swan.request,18
鹏辰新材料科技股份有限公司,sources,swan.getSystemInfoSync,1
鹏辰新材料科技股份有限公司,sinks,swan.setStorage,1
鹰眼直播服务,sources,swan.getStorageSync,28
鹰眼直播服务,sources,swan.getUserInfo,1
鹰眼直播服务,sources,swan.input,2
鹰眼直播服务,sources,swan.chooseImage,1
鹰眼直播服务,sinks,swan.request,28
鹰眼直播服务,sinks,swan.setStorageSync,1
鹰眼直播服务,sinks,swan.uploadFile,3
麦多奇麦多馅饼,sources,swan.getStorageSync,2
麦多奇麦多馅饼,sinks,swan.setStorageSync,2
麦知道烘焙,sources,swan.getExtConfig,1
麦知道烘焙,sinks,swan.setClipboardData,1
黄橙子造句,sources,swan.getStorageSync,1
黄橙子造句,sources,swan.input,1
黄橙子造句,sinks,swan.setStorageSync,1
黄橙子造句,sinks,swan.request,1
齐车大圣车辆年检,sources,swan.input,8
齐车大圣车辆年检,sources,swan.chooseAddress,1
齐车大圣车辆年检,sources,swan.getLocation,4
齐车大圣车辆年检,sources,swan.chooseImage,3
齐车大圣车辆年检,sinks,swan.request,13
齐车大圣车辆年检,sinks,swan.uploadFile,3
龙泉宝剑厂,sources,swan.getExtConfig,1
龙泉宝剑厂,sinks,swan.setClipboardData,1
龙迅长天,sources,swan.getSystemInfoSync,1
龙迅长天,sinks,swan.setStorage,1
龙采网站建设,sources,swan.getStorageSync,3
龙采网站建设,sinks,swan.setStorageSync,2
龙采网站建设,sinks,swan.request,1
龟谷鳖老,sources,swan.getExtConfig,1
龟谷鳖老,sinks,swan.setClipboardData,1
17汽车网,sources,swan.getStorageSync,4
17汽车网,sources,swan.input,1
17汽车网,sinks,swan.request,5
30秒懂车,sources,swan.getUserInfo,1
30秒懂车,sources,swan.getStorageSync,10
30秒懂车,sources,swan.getSystemInfoSync,2
30秒懂车,sources,swan.chooseImage,4
30秒懂车,sources,swan.input,7
30秒懂车,sources,swan.getImageInfo,1
30秒懂车,sinks,swan.request,11
30秒懂车,sinks,swan.setStorageSync,8
30秒懂车,sinks,swan.uploadFile,5
30秒懂车,sinks,swan.saveImageToPhotosAlbum,1
368体育旗舰版,sources,swan.getStorageSync,2
368体育旗舰版,sinks,swan.request,2
400电话申请,sources,swan.getStorageSync,2
400电话申请,sinks,swan.setStorageSync,2
8684公交查询,sources,swan.getStorageSync,18
8684公交查询,sinks,swan.setStorageSync,18
91祈福拜佛观音灵签,sources,swan.getStorageSync,1
91祈福拜佛观音灵签,sources,swan.getUserInfo,2
91祈福拜佛观音灵签,sinks,swan.setStorageSync,3
ABC教育成考报名,sources,swan.getStorageSync,2
ABC教育成考报名,sinks,swan.setStorageSync,2
Bodycode方案营养棒,sources,swan.getStorageSync,1
Bodycode方案营养棒,sources,swan.getExtConfig,1
Bodycode方案营养棒,sinks,swan.request,2
d7ykEAs9v7PVCcwiom1QTodRKho1FClu,sources,swan.getExtConfig,1
d7ykEAs9v7PVCcwiom1QTodRKho1FClu,sinks,swan.setClipboardData,1
e代驾,sources,swan.getStorageSync,1
e代驾,sinks,swan.setStorageSync,1
e行宝,sources,swan.chooseAddress,2
e行宝,sources,swan.getStorage,102
e行宝,sources,swan.chooseImage,12
e行宝,sources,swan.input,6
e行宝,sinks,swan.request,74
e行宝,sinks,swan.setStorage,32
e行宝,sinks,swan.uploadFile,16
flFqXclepWs7RdugAszy9eERL7G5dS0I,sources,swan.getSystemInfoSync,2
flFqXclepWs7RdugAszy9eERL7G5dS0I,sources,swan.chooseVideo,2
flFqXclepWs7RdugAszy9eERL7G5dS0I,sources,swan.chooseImage,1
flFqXclepWs7RdugAszy9eERL7G5dS0I,sources,swan.getStorageSync,2
flFqXclepWs7RdugAszy9eERL7G5dS0I,sinks,swan.setStorageSync,2
flFqXclepWs7RdugAszy9eERL7G5dS0I,sinks,swan.saveVideoToPhotosAlbum,1
flFqXclepWs7RdugAszy9eERL7G5dS0I,sinks,swan.uploadFile,2
flFqXclepWs7RdugAszy9eERL7G5dS0I,sinks,swan.request,2
GRdMLe4KgtYgUyOuzopnKPIiEI8AqAb6,sources,swan.getStorageSync,13
GRdMLe4KgtYgUyOuzopnKPIiEI8AqAb6,sources,swan.getSystemInfo,1
GRdMLe4KgtYgUyOuzopnKPIiEI8AqAb6,sinks,swan.request,13
GRdMLe4KgtYgUyOuzopnKPIiEI8AqAb6,sinks,swan.setStorageSync,1
Hub动漫化,sources,swan.getUserInfo,16
Hub动漫化,sinks,swan.request,16
LW82If1vOFcDBS6YwBsGFtfMAG3jiyww,sources,swan.getExtConfig,1
LW82If1vOFcDBS6YwBsGFtfMAG3jiyww,sinks,swan.setClipboardData,1
MC中文站,sources,swan.getStorageSync,1
MC中文站,sinks,swan.setStorageSync,1
PANAO攀傲户外订制,sources,swan.getExtConfig,1
PANAO攀傲户外订制,sinks,swan.setClipboardData,1
QQ阅读,sources,swan.getStorageSync,44
QQ阅读,sources,swan.getStorage,7
QQ阅读,sources,swan.getNetworkType,1
QQ阅读,sources,swan.getUserInfo,1
QQ阅读,sources,swan.getLocation,1
QQ阅读,sources,swan.getSystemInfoSync,1
QQ阅读,sinks,swan.setStorageSync,18
QQ阅读,sinks,swan.setStorage,23
QQ阅读,sinks,swan.setClipboardData,8
QQ阅读,sinks,swan.request,6
TA说,sources,swan.getSystemInfo,1
TA说,sources,swan.getNetworkType,1
TA说,sinks,swan.request,2
ńø┤µÆŁÕÉ¦,sources,swan.getStorage,2
ńø┤µÆŁÕÉ¦,sources,swan.chooseImage,1
ńø┤µÆŁÕÉ¦,sources,swan.input,1
ńø┤µÆŁÕÉ¦,sources,swan.getStorageSync,5
ńø┤µÆŁÕÉ¦,sinks,swan.uploadFile,2
ńø┤µÆŁÕÉ¦,sinks,swan.request,2
ńø┤µÆŁÕÉ¦,sinks,swan.setStorageSync,2
ńø┤µÆŁÕÉ¦,sinks,swan.setStorage,3
一体板,sources,swan.getStorageSync,3
一体板,sinks,swan.setStorageSync,2
一体板,sinks,swan.request,1
一把刀中文字典,sources,swan.getStorageSync,1
一把刀中文字典,sources,swan.getStorage,5
一把刀中文字典,sinks,swan.setStorageSync,1
一把刀中文字典,sinks,swan.setStorage,2
一把刀中文字典,sinks,swan.request,3
一路易网,sources,swan.chooseImage,1
一路易网,sources,swan.getExtConfig,4
一路易网,sources,swan.getUserInfo,2
一路易网,sources,swan.getStorageSync,5
一路易网,sinks,swan.uploadFile,1
一路易网,sinks,swan.setStorageSync,7
一路易网,sinks,swan.request,3
一路易网,sinks,swan.removeStorageSync,1
七野科技文案,sources,swan.getUserInfo,1
七野科技文案,sources,swan.getStorageSync,14
七野科技文案,sinks,swan.request,13
七野科技文案,sinks,swan.setStorageSync,2
万徽二手电动叉车,sources,swan.input,3
万徽二手电动叉车,sinks,swan.request,3
万词霸屏,sources,swan.getSystemInfoSync,1
万词霸屏,sinks,swan.setStorage,1
三峡人家一键智能游,sources,swan.getSystemInfoSync,8
三峡人家一键智能游,sinks,swan.request,8
上分宝,sources,swan.input,1
上分宝,sinks,swan.request,1
上海久页信息科技有限公司,sources,swan.getSystemInfoSync,1
上海久页信息科技有限公司,sinks,swan.setStorage,1
上海务邦电子商务有限公司,sources,swan.getSystemInfoSync,1
上海务邦电子商务有限公司,sinks,swan.setStorage,1
上海同衫互联网科技有限公司,sources,swan.getSystemInfoSync,1
上海同衫互联网科技有限公司,sinks,swan.setStorage,1
上海咨路信息技术有限公司,sources,swan.getSystemInfoSync,1
上海咨路信息技术有限公司,sinks,swan.setStorage,1
上海唯恋婚礼庆典策划展览设计,sources,swan.getSystemInfoSync,1
上海唯恋婚礼庆典策划展览设计,sinks,swan.setStorage,1
上海拜石实业发展有限公司,sources,swan.getSystemInfoSync,1
上海拜石实业发展有限公司,sinks,swan.setStorage,1
上海拜石生态透水路面,sources,swan.input,1
上海拜石生态透水路面,sources,swan.getStorageSync,1
上海拜石生态透水路面,sources,swan.getExtConfig,1
上海拜石生态透水路面,sinks,swan.request,3
上海昂腾网络科技有限公司,sources,swan.getSystemInfoSync,1
上海昂腾网络科技有限公司,sinks,swan.setStorage,1
上海爱杯网络科技有限公司,sources,swan.getSystemInfoSync,1
上海爱杯网络科技有限公司,sinks,swan.setStorage,1
上海电气输配电试验中心有限公司,sources,swan.getSystemInfoSync,1
上海电气输配电试验中心有限公司,sinks,swan.setStorage,1
上海百亚铝棒厂家,sources,swan.input,3
上海百亚铝棒厂家,sinks,swan.request,3
上海看榜信息科技有限公司,sources,swan.getSystemInfoSync,1
上海看榜信息科技有限公司,sinks,swan.setStorage,1
上海翰钧活动策划公司,sources,swan.input,1
上海翰钧活动策划公司,sources,swan.getStorageSync,1
上海翰钧活动策划公司,sources,swan.getExtConfig,1
上海翰钧活动策划公司,sinks,swan.request,3
上海蝶津针阀,sources,swan.input,3
上海蝶津针阀,sinks,swan.request,3
上知幼小衔接班,sources,swan.getStorageSync,1
上知幼小衔接班,sources,swan.getExtConfig,10
上知幼小衔接班,sinks,swan.setStorageSync,1
上知幼小衔接班,sinks,swan.request,10
不挂科,sources,swan.getStorageSync,1
不挂科,sinks,swan.setStorageSync,1
东庚吨袋拆包机,sources,swan.getStorageSync,2
东庚吨袋拆包机,sources,swan.input,1
东庚吨袋拆包机,sinks,swan.setStorageSync,1
东庚吨袋拆包机,sinks,swan.request,2
东方报警,sources,swan.getSystemInfoSync,1
东方报警,sinks,swan.setStorage,1
东环廊集体婚礼,sources,swan.downloadFile,1
东环廊集体婚礼,sources,swan.chooseImage,1
东环廊集体婚礼,sinks,swan.saveFile,1
东环廊集体婚礼,sinks,swan.uploadFile,1
东莞市微客巴巴营销策划有限公司,sources,swan.getSystemInfoSync,1
东莞市微客巴巴营销策划有限公司,sinks,swan.setStorage,1
东阿阿胶,sources,swan.getExtConfig,1
东阿阿胶,sinks,swan.setClipboardData,1
两个半圈商贸,sources,swan.getUserInfo,1
两个半圈商贸,sinks,swan.request,1
两个半圈建材之家,sources,swan.getUserInfo,1
两个半圈建材之家,sinks,swan.request,1
中南焦作氨阀股份有限公司,sources,swan.getSystemInfoSync,1
中南焦作氨阀股份有限公司,sinks,swan.setStorage,1
中原橡胶等静压包套,sources,swan.getStorageSync,1
中原橡胶等静压包套,sinks,swan.request,1
中合专利查询申请,sources,swan.getStorageSync,4
中合专利查询申请,sources,swan.chooseImage,1
中合专利查询申请,sources,swan.input,1
中合专利查询申请,sinks,swan.setStorageSync,4
中合专利查询申请,sinks,swan.request,2
中国国航,sources,swan.getStorageSync,3
中国国航,sources,swan.input,79
中国国航,sinks,swan.request,81
中国国航,sinks,swan.setStorageSync,1
中国汽车报社有限公司,sources,swan.getSystemInfoSync,1
中国汽车报社有限公司,sinks,swan.setStorage,1
中国研究生招生信息网,sources,swan.getSystemInfo,1
中国研究生招生信息网,sinks,swan.setStorage,1
中大网校报考指南,sources,swan.getLocation,1
中大网校报考指南,sinks,swan.request,1
中山区孙三拨保健按摩院,sources,swan.getStorageSync,525
中山区孙三拨保健按摩院,sources,swan.getLocation,4
中山区孙三拨保健按摩院,sources,swan.input,38
中山区孙三拨保健按摩院,sources,swan.getStorage,1
中山区孙三拨保健按摩院,sources,swan.chooseImage,5
中山区孙三拨保健按摩院,sources,swan.getSystemInfoSync,4
中山区孙三拨保健按摩院,sinks,swan.request,555
中山区孙三拨保健按摩院,sinks,swan.removeStorageSync,4
中山区孙三拨保健按摩院,sinks,swan.setStorageSync,5
中山区孙三拨保健按摩院,sinks,swan.uploadFile,11
中山区孙三拨保健按摩院,sinks,swan.setStorage,2
中欧班列,sources,swan.getStorageSync,2
中欧班列,sinks,swan.setStorageSync,2
中铝铝箔有限公司,sources,swan.getSystemInfoSync,1
中铝铝箔有限公司,sinks,swan.setStorage,1
中飞树脂排水沟,sources,swan.getStorageSync,1
中飞树脂排水沟,sources,swan.getExtConfig,14
中飞树脂排水沟,sinks,swan.setStorageSync,1
中飞树脂排水沟,sinks,swan.request,14
丰味叉骨,sources,swan.getSystemInfoSync,1
丰味叉骨,sinks,swan.setStorage,1
丰诚凹版印刷机,sources,swan.getSystemInfoSync,1
丰诚凹版印刷机,sources,swan.getStorageSync,7
丰诚凹版印刷机,sources,swan.chooseImage,3
丰诚凹版印刷机,sources,swan.getLocation,1
丰诚凹版印刷机,sources,swan.input,1
丰诚凹版印刷机,sources,swan.getImageInfo,1
丰诚凹版印刷机,sinks,swan.setStorageSync,5
丰诚凹版印刷机,sinks,swan.uploadFile,3
丰诚凹版印刷机,sinks,swan.request,3
丰诚凹版印刷机,sinks,swan.setStorage,2
丰诚凹版印刷机,sinks,swan.saveImageToPhotosAlbum,1
丽宝资源,sources,swan.getStorageSync,1
丽宝资源,sinks,swan.request,1
义乌市联报国际货运代理有限公司,sources,swan.getSystemInfoSync,1
义乌市联报国际货运代理有限公司,sinks,swan.setStorage,1
乐客巴巴,sources,swan.getStorageSync,2
乐客巴巴,sinks,swan.setStorageSync,2
乖乖鸟防鸟网,sources,swan.getStorageSync,2
乖乖鸟防鸟网,sinks,swan.setStorageSync,2
九亩园干拌冒菜,sources,swan.getSystemInfoSync,1
九亩园干拌冒菜,sinks,swan.setStorage,1
九酷音乐,sources,swan.getStorageSync,7
九酷音乐,sinks,swan.setStorageSync,4
九酷音乐,sinks,swan.request,3
九金制沙洗沙机,sources,swan.getStorageSync,1
九金制沙洗沙机,sources,swan.getExtConfig,10
九金制沙洗沙机,sinks,swan.setStorageSync,1
九金制沙洗沙机,sinks,swan.request,10
了了法律咨询,sources,swan.chooseImage,1
了了法律咨询,sinks,swan.uploadFile,1
二三四科技车辆报废平台,sources,swan.getSystemInfoSync,2
二三四科技车辆报废平台,sinks,swan.setStorageSync,2
二三四科技进京证办理,sources,swan.getSystemInfoSync,2
二三四科技进京证办理,sinks,swan.setStorageSync,2
云台山,sources,swan.getStorage,7
云台山,sources,swan.getStorageSync,1
云台山,sources,swan.chooseImage,1
云台山,sources,swan.input,4
云台山,sinks,swan.request,11
云台山,sinks,swan.uploadFile,2
云百件V客服聊天助手,sources,swan.getStorageSync,2
云百件V客服聊天助手,sinks,swan.setStorageSync,2
五八到家生活服务,sources,swan.getStorageSync,3
五八到家生活服务,sinks,swan.setStorageSync,2
五八到家生活服务,sinks,swan.request,1
五爷拌面商城,sources,swan.getExtConfig,1
五爷拌面商城,sinks,swan.setClipboardData,1
亚东搬家公司安顺搬家,sources,swan.getStorageSync,1
亚东搬家公司安顺搬家,sources,swan.getExtConfig,1
亚东搬家公司安顺搬家,sinks,swan.request,2
亚材,sources,swan.getSystemInfoSync,1
亚材,sinks,swan.setStorage,1
京仪流量计,sources,swan.getStorageSync,68
京仪流量计,sinks,swan.request,66
京仪流量计,sinks,swan.setStorageSync,2
京仪液位计,sources,swan.getStorageSync,14
京仪液位计,sinks,swan.request,12
京仪液位计,sinks,swan.setStorageSync,2
人邦人服务站,sources,swan.getStorageSync,42
人邦人服务站,sources,swan.getLocation,1
人邦人服务站,sources,swan.input,17
人邦人服务站,sources,swan.chooseImage,7
人邦人服务站,sinks,swan.request,49
人邦人服务站,sinks,swan.setStorageSync,10
人邦人服务站,sinks,swan.uploadFile,8
亿盛墓碑厂家,sources,swan.getStorageSync,1
亿盛墓碑厂家,sources,swan.getExtConfig,11
亿盛墓碑厂家,sinks,swan.setStorageSync,1
亿盛墓碑厂家,sinks,swan.request,11
亿盛墓碑批发,sources,swan.getStorageSync,2
亿盛墓碑批发,sources,swan.getExtConfig,13
亿盛墓碑批发,sinks,swan.setStorageSync,1
亿盛墓碑批发,sinks,swan.request,14
亿盛石雕定制,sources,swan.getStorageSync,1
亿盛石雕定制,sources,swan.getExtConfig,11
亿盛石雕定制,sinks,swan.setStorageSync,1
亿盛石雕定制,sinks,swan.request,11
亿盛石雕工艺品厂家,sources,swan.getStorageSync,1
亿盛石雕工艺品厂家,sources,swan.getExtConfig,11
亿盛石雕工艺品厂家,sinks,swan.setStorageSync,1
亿盛石雕工艺品厂家,sinks,swan.request,11
仟佰科技,sources,swan.getLocation,6
仟佰科技,sources,swan.chooseImage,6
仟佰科技,sources,swan.chooseAddress,5
仟佰科技,sources,swan.input,18
仟佰科技,sources,swan.getStorage,1
仟佰科技,sinks,swan.setStorage,4
仟佰科技,sinks,swan.uploadFile,2
仟佰科技,sinks,swan.request,30
企盼邀请函,sources,swan.getStorageSync,65
企盼邀请函,sources,swan.getSystemInfoSync,3
企盼邀请函,sources,swan.chooseImage,4
企盼邀请函,sources,swan.getImageInfo,2
企盼邀请函,sources,swan.input,1
企盼邀请函,sources,swan.downloadFile,1
企盼邀请函,sinks,swan.request,70
企盼邀请函,sinks,swan.setStorageSync,1
企盼邀请函,sinks,swan.uploadFile,4
企盼邀请函,sinks,swan.saveImageToPhotosAlbum,1
企闻网,sources,swan.getSystemInfoSync,1
企闻网,sinks,swan.setStorage,1
伏安诱导屏杆,sources,swan.getStorageSync,1
伏安诱导屏杆,sources,swan.getExtConfig,1
伏安诱导屏杆,sinks,swan.request,2
众揽冷镦加工厂家,sources,swan.getStorageSync,2
众揽冷镦加工厂家,sources,swan.getExtConfig,13
众揽冷镦加工厂家,sinks,swan.setStorageSync,1
众揽冷镦加工厂家,sinks,swan.request,14
众揽铰链配件加工,sources,swan.getStorageSync,1
众揽铰链配件加工,sources,swan.getExtConfig,10
众揽铰链配件加工,sinks,swan.setStorageSync,1
众揽铰链配件加工,sinks,swan.request,10
众揽门配配件厂家,sources,swan.getStorageSync,1
众揽门配配件厂家,sources,swan.getExtConfig,11
众揽门配配件厂家,sinks,swan.setStorageSync,1
众揽门配配件厂家,sinks,swan.request,11
众车网,sources,swan.getStorage,1
众车网,sources,swan.getStorageSync,16
众车网,sources,swan.getLocation,31
众车网,sources,swan.input,4
众车网,sinks,swan.setStorage,7
众车网,sinks,swan.request,41
众车网,sinks,swan.setStorageSync,4
优名起名,sources,swan.downloadFile,1
优名起名,sinks,swan.saveImageToPhotosAlbum,1
优帮防水补漏暗管漏水检测,sources,swan.getStorage,3
优帮防水补漏暗管漏水检测,sources,swan.getStorageSync,6
优帮防水补漏暗管漏水检测,sources,swan.input,4
优帮防水补漏暗管漏水检测,sinks,swan.request,11
优帮防水补漏暗管漏水检测,sinks,swan.setStorageSync,1
优帮防水补漏暗管漏水检测,sinks,swan.uploadFile,1
伯夫保,sources,swan.getExtConfig,1
伯夫保,sinks,swan.setClipboardData,1
估吗回收,sources,swan.getSystemInfo,1
估吗回收,sources,swan.getStorage,117
估吗回收,sources,swan.input,94
估吗回收,sinks,swan.request,195
估吗回收,sinks,swan.setStorage,17
佑飞洗杯器,sources,swan.getStorageSync,2
佑飞洗杯器,sinks,swan.setStorageSync,2
余生文案,sources,swan.getStorageSync,13
余生文案,sinks,swan.setStorageSync,13
佛山市德堡建材有限公司,sources,swan.getSystemInfoSync,1
佛山市德堡建材有限公司,sinks,swan.setStorage,1
佛山鑫程佳胶辊,sources,swan.getStorageSync,1
佛山鑫程佳胶辊,sinks,swan.request,1
佛滔抽签算命,sources,swan.getUserInfo,6
佛滔抽签算命,sources,swan.getStorageSync,14
佛滔抽签算命,sources,swan.getImageInfo,1
佛滔抽签算命,sinks,swan.request,18
佛滔抽签算命,sinks,swan.setStorage,2
佛滔抽签算命,sinks,swan.saveImageToPhotosAlbum,1
佰顺搬迁福田搬家公司,sources,swan.input,1
佰顺搬迁福田搬家公司,sources,swan.getStorageSync,1
佰顺搬迁福田搬家公司,sources,swan.getExtConfig,1
佰顺搬迁福田搬家公司,sinks,swan.request,3
保信化工用品,sources,swan.getStorageSync,1
保信化工用品,sources,swan.getExtConfig,10
保信化工用品,sinks,swan.setStorageSync,1
保信化工用品,sinks,swan.request,10
保信化工用品批发,sources,swan.getStorageSync,1
保信化工用品批发,sources,swan.getExtConfig,10
保信化工用品批发,sinks,swan.setStorageSync,1
保信化工用品批发,sinks,swan.request,10
保爱深圳教育咨询有限公司,sources,swan.getSystemInfoSync,1
保爱深圳教育咨询有限公司,sinks,swan.setStorage,1
保驾护航装修网,sources,swan.getStorageSync,2
保驾护航装修网,sources,swan.input,23
保驾护航装修网,sources,swan.getLocation,3
保驾护航装修网,sinks,swan.setStorageSync,2
保驾护航装修网,sinks,swan.request,26
信安智囊,sources,swan.getExtConfig,1
信安智囊,sinks,swan.setClipboardData,1
倍嘉尔,sources,swan.getStorageSync,3
倍嘉尔,sinks,swan.setStorageSync,2
倍嘉尔,sinks,swan.request,1
倾后产品,sources,swan.getStorageSync,2
倾后产品,sinks,swan.setStorageSync,2
健尔地板,sources,swan.getSystemInfoSync,1
健尔地板,sinks,swan.setStorage,1
储奥围墙网,sources,swan.getStorageSync,2
储奥围墙网,sinks,swan.setStorageSync,2
储奥围挡网,sources,swan.getStorageSync,2
储奥围挡网,sinks,swan.setStorageSync,2
储奥球场网,sources,swan.getStorageSync,2
储奥球场网,sinks,swan.setStorageSync,2
元启箱套袋,sources,swan.getExtConfig,19
元启箱套袋,sinks,swan.request,19
元贝驾考,sources,swan.getStorageSync,7
元贝驾考,sources,swan.getSystemInfoSync,1
元贝驾考,sinks,swan.setStorageSync,6
元贝驾考,sinks,swan.request,2
光谷光激光打码机,sources,swan.input,1
光谷光激光打码机,sources,swan.getStorageSync,1
光谷光激光打码机,sources,swan.getExtConfig,1
光谷光激光打码机,sinks,swan.request,3
光雨网络,sources,swan.getSystemInfoSync,1
光雨网络,sinks,swan.setStorage,1
光音,sources,swan.getStorageSync,2
光音,sinks,swan.setStorageSync,2
克莱澳科技,sources,swan.getExtConfigSync,1
克莱澳科技,sources,swan.chooseImage,1
克莱澳科技,sources,swan.getStorageSync,2
克莱澳科技,sinks,swan.request,3
克莱澳科技,sinks,swan.uploadFile,1
入驻预上线测试店铺啊啊2,sources,swan.getStorageSync,4
入驻预上线测试店铺啊啊2,sinks,swan.setStorageSync,2
入驻预上线测试店铺啊啊2,sinks,swan.request,2
全翔白电商,sources,swan.getStorageSync,2
全翔白电商,sinks,swan.setStorageSync,2
八熙翻译,sources,swan.getSystemInfoSync,1
八熙翻译,sinks,swan.setStorage,1
八田日,sources,swan.getExtConfig,1
八田日,sinks,swan.setClipboardData,1
八福康,sources,swan.getSystemInfoSync,1
八福康,sinks,swan.setStorage,1
八零云建站,sources,swan.getSystemInfoSync,1
八零云建站,sinks,swan.setStorage,1
八零云自助建站,sources,swan.getExtConfigSync,2
八零云自助建站,sources,swan.getStorageSync,175
八零云自助建站,sources,swan.input,44
八零云自助建站,sources,swan.downloadFile,56
八零云自助建站,sources,swan.getLocation,5
八零云自助建站,sources,swan.getImageInfo,2
八零云自助建站,sources,swan.chooseImage,6
八零云自助建站,sinks,swan.setStorageSync,3
八零云自助建站,sinks,swan.request,212
八零云自助建站,sinks,swan.removeStorageSync,5
八零云自助建站,sinks,swan.saveImageToPhotosAlbum,58
八零云自助建站,sinks,swan.uploadFile,12
兰拓科技,sources,swan.getSystemInfoSync,1
兰拓科技,sinks,swan.setStorage,1
共享邦共享办公,sources,swan.getStorageSync,1
共享邦共享办公,sources,swan.getExtConfig,1
共享邦共享办公,sinks,swan.request,2
共邦科技,sources,swan.getStorageSync,12
共邦科技,sources,swan.input,56
共邦科技,sources,swan.getExtConfig,1
共邦科技,sinks,swan.setStorageSync,2
共邦科技,sinks,swan.request,67
其邦,sources,swan.getSystemInfoSync,1
其邦,sinks,swan.setStorage,1
养殖帮,sources,swan.getStorageSync,2
养殖帮,sinks,swan.setStorageSync,1
养殖帮,sinks,swan.uploadFile,1
内蒙古佰林旅游旅行,sources,swan.getStorageSync,529
内蒙古佰林旅游旅行,sources,swan.getLocation,5
内蒙古佰林旅游旅行,sources,swan.input,38
内蒙古佰林旅游旅行,sources,swan.getStorage,1
内蒙古佰林旅游旅行,sources,swan.chooseImage,5
内蒙古佰林旅游旅行,sources,swan.getSystemInfoSync,4
内蒙古佰林旅游旅行,sinks,swan.request,560
内蒙古佰林旅游旅行,sinks,swan.removeStorageSync,4
内蒙古佰林旅游旅行,sinks,swan.setStorageSync,5
内蒙古佰林旅游旅行,sinks,swan.uploadFile,11
内蒙古佰林旅游旅行,sinks,swan.setStorage,2
冠艺木质吸音板,sources,swan.getStorageSync,25
冠艺木质吸音板,sinks,swan.request,25
凯峰模拟板,sources,swan.getStorageSync,2
凯峰模拟板,sinks,swan.setStorageSync,2
凹凸猜成语,sources,swan.getUserInfo,1
凹凸猜成语,sinks,swan.uploadFile,1
创业宝品牌,sources,swan.getSystemInfoSync,1
创业宝品牌,sinks,swan.setStorage,1
利德凯威西藏冷拌沥青厂家,sources,swan.getExtConfig,25
利德凯威西藏冷拌沥青厂家,sources,swan.getStorageSync,1
利德凯威西藏冷拌沥青厂家,sinks,swan.request,26
制豹刹车片,sources,swan.getSystemInfo,2
制豹刹车片,sources,swan.getUserInfo,2
制豹刹车片,sources,swan.getStorageSync,2
制豹刹车片,sinks,swan.request,5
制豹刹车片,sinks,swan.setStorageSync,1
力仕邦,sources,swan.getStorageSync,12
力仕邦,sources,swan.input,56
力仕邦,sources,swan.getExtConfig,1
力仕邦,sinks,swan.setStorageSync,2
力仕邦,sinks,swan.request,67
办得爽档案查询系统,sources,swan.getSystemInfo,6
办得爽档案查询系统,sources,swan.getUserInfo,1
办得爽档案查询系统,sources,swan.getStorageSync,1
办得爽档案查询系统,sources,swan.chooseImage,1
办得爽档案查询系统,sinks,swan.request,7
办得爽档案查询系统,sinks,swan.uploadFile,2
办得爽毕业证补办,sources,swan.getStorageSync,3
办得爽毕业证补办,sinks,swan.setStorageSync,3
努努益智,sources,swan.getStorageSync,1
努努益智,sinks,swan.setStorageSync,1
勇忠莲子剥壳机,sources,swan.getStorageSync,1
勇忠莲子剥壳机,sources,swan.getExtConfig,6
勇忠莲子剥壳机,sinks,swan.setStorageSync,1
勇忠莲子剥壳机,sinks,swan.request,6
勇忠莲子去壳机,sources,swan.getStorageSync,1
勇忠莲子去壳机,sources,swan.getExtConfig,6
勇忠莲子去壳机,sinks,swan.setStorageSync,1
勇忠莲子去壳机,sinks,swan.request,6
勇忠莲子脱皮机,sources,swan.getStorageSync,1
勇忠莲子脱皮机,sources,swan.getExtConfig,6
勇忠莲子脱皮机,sinks,swan.setStorageSync,1
勇忠莲子脱皮机,sinks,swan.request,6
包氏低压铸造,sources,swan.getStorageSync,1
包氏低压铸造,sources,swan.getExtConfig,10
包氏低压铸造,sinks,swan.setStorageSync,1
包氏低压铸造,sinks,swan.request,10
包氏新能源汽车配件,sources,swan.getStorageSync,1
包氏新能源汽车配件,sources,swan.getExtConfig,10
包氏新能源汽车配件,sinks,swan.setStorageSync,1
包氏新能源汽车配件,sinks,swan.request,10
包氏重力铸造,sources,swan.getStorageSync,1
包氏重力铸造,sources,swan.getExtConfig,11
包氏重力铸造,sinks,swan.setStorageSync,1
包氏重力铸造,sinks,swan.request,11
包氏铝合金铸造,sources,swan.getStorageSync,1
包氏铝合金铸造,sources,swan.getExtConfig,11
包氏铝合金铸造,sinks,swan.setStorageSync,1
包氏铝合金铸造,sinks,swan.request,11
北京之星汽车,sources,swan.input,2
北京之星汽车,sources,swan.getStorage,5
北京之星汽车,sinks,swan.setStorage,7
北京伍壹玖捌科技有限公司,sources,swan.getSystemInfoSync,1
北京伍壹玖捌科技有限公司,sinks,swan.setStorage,1
北京信安通靶场装备技术有限公司,sources,swan.getSystemInfoSync,1
北京信安通靶场装备技术有限公司,sinks,swan.setStorage,1
北京厚博成建教育咨询有限公司,sources,swan.getSystemInfoSync,1
北京厚博成建教育咨询有限公司,sinks,swan.setStorage,1
北京同创中仪,sources,swan.downloadFile,1
北京同创中仪,sinks,swan.saveImageToPhotosAlbum,1
北京定制公交官方版,sources,swan.input,12
北京定制公交官方版,sinks,swan.request,12
北京尤萨洗涤设备有限公司,sources,swan.getSystemInfoSync,1
北京尤萨洗涤设备有限公司,sinks,swan.setStorage,1
北京有志竟成教育科技有限公司,sources,swan.getSystemInfoSync,1
北京有志竟成教育科技有限公司,sinks,swan.setStorage,1
北京燕开能源技术有限公司,sources,swan.getSystemInfoSync,1
北京燕开能源技术有限公司,sinks,swan.setStorage,1
北京班小二科技有限公司,sources,swan.getSystemInfoSync,1
北京班小二科技有限公司,sinks,swan.setStorage,1
北京百旺沃瑞,sources,swan.input,2
北京百旺沃瑞,sources,swan.getStorage,5
北京百旺沃瑞,sinks,swan.setStorage,7
北京研邦新材料科技有限公司,sources,swan.getSystemInfoSync,1
北京研邦新材料科技有限公司,sinks,swan.setStorage,1
北京维啊科技有限公司,sources,swan.getSystemInfoSync,1
北京维啊科技有限公司,sinks,swan.setStorage,1
北京美堡饰家丽装饰材料,sources,swan.getSystemInfoSync,1
北京美堡饰家丽装饰材料,sinks,swan.setStorage,1
北京致真大厦,sources,swan.getSystemInfoSync,1
北京致真大厦,sinks,swan.setStorage,1
北京蓝海豹搬公司,sources,swan.getStorageSync,3
北京蓝海豹搬公司,sinks,swan.setStorageSync,2
北京蓝海豹搬公司,sinks,swan.request,1
北京页岩律所,sources,swan.getSystemInfoSync,1
北京页岩律所,sinks,swan.setStorage,1
北海合奥,sources,swan.input,2
北海合奥,sources,swan.getStorage,5
北海合奥,sinks,swan.setStorage,7
北野创业,sources,swan.getStorageSync,1
北野创业,sinks,swan.setStorageSync,1
千山木工板,sources,swan.input,1
千山木工板,sources,swan.getStorageSync,1
千山木工板,sources,swan.getExtConfig,1
千山木工板,sinks,swan.request,3
千泓奢侈品名表名包钻石黄金回收,sources,swan.getStorageSync,2
千泓奢侈品名表名包钻石黄金回收,sinks,swan.setStorageSync,2
华发石雕,sources,swan.getExtConfig,9
华发石雕,sinks,swan.request,9
华翔玻璃保温杯,sources,swan.getStorageSync,1
华翔玻璃保温杯,sources,swan.getExtConfig,10
华翔玻璃保温杯,sinks,swan.setStorageSync,1
华翔玻璃保温杯,sinks,swan.request,10
华翔玻璃杯定制,sources,swan.getStorageSync,1
华翔玻璃杯定制,sources,swan.getExtConfig,10
华翔玻璃杯定制,sinks,swan.setStorageSync,1
华翔玻璃杯定制,sinks,swan.request,10
华鑫摆碾径向直压铆钉机压铆机,sources,swan.getExtConfig,23
华鑫摆碾径向直压铆钉机压铆机,sources,swan.getStorageSync,1
华鑫摆碾径向直压铆钉机压铆机,sinks,swan.request,24
华鑫汽车大梁刹车片轮毂铆接机,sources,swan.getExtConfig,22
华鑫汽车大梁刹车片轮毂铆接机,sinks,swan.request,22
卓纳mn13钢板mn13耐磨板,sources,swan.getStorageSync,1
卓纳mn13钢板mn13耐磨板,sources,swan.getExtConfig,11
卓纳mn13钢板mn13耐磨板,sinks,swan.setStorageSync,1
卓纳mn13钢板mn13耐磨板,sinks,swan.request,11
卓纳耐候板厂家耐候钢板厂家,sources,swan.getStorageSync,2
卓纳耐候板厂家耐候钢板厂家,sources,swan.getExtConfig,13
卓纳耐候板厂家耐候钢板厂家,sinks,swan.setStorageSync,1
卓纳耐候板厂家耐候钢板厂家,sinks,swan.request,14
卓纳耐磨板耐磨钢板,sources,swan.getStorageSync,2
卓纳耐磨板耐磨钢板,sources,swan.getExtConfig,13
卓纳耐磨板耐磨钢板,sinks,swan.setStorageSync,1
卓纳耐磨板耐磨钢板,sinks,swan.request,14
卓纳进口耐磨钢板复合耐磨板,sources,swan.getStorageSync,1
卓纳进口耐磨钢板复合耐磨板,sources,swan.getExtConfig,10
卓纳进口耐磨钢板复合耐磨板,sinks,swan.setStorageSync,1
卓纳进口耐磨钢板复合耐磨板,sinks,swan.request,10
南京万榜膜结构工程有限公司,sources,swan.getSystemInfoSync,1
南京万榜膜结构工程有限公司,sinks,swan.setStorage,1
南京亚商投资管理咨询有限公司,sources,swan.getSystemInfoSync,1
南京亚商投资管理咨询有限公司,sinks,swan.setStorage,1
南京理工大学招生办,sources,swan.getSystemInfoSync,3
南京理工大学招生办,sources,swan.getStorageSync,8
南京理工大学招生办,sources,swan.getUserInfo,7
南京理工大学招生办,sources,swan.chooseImage,1
南京理工大学招生办,sources,swan.getStorage,1
南京理工大学招生办,sinks,swan.request,5
南京理工大学招生办,sinks,swan.setStorage,15
南溪虹著,sources,swan.getStorageSync,99
南溪虹著,sources,swan.getExtConfig,1
南溪虹著,sources,swan.input,11
南溪虹著,sources,swan.chooseImage,1
南溪虹著,sinks,swan.request,109
南溪虹著,sinks,swan.setStorage,1
南溪虹著,sinks,swan.uploadFile,2
南阳中鑫地磅,sources,swan.getExtConfigSync,10
南阳中鑫地磅,sources,swan.getStorageSync,1
南阳中鑫地磅,sinks,swan.request,11
博翱教育志愿填报,sources,swan.getStorageSync,1
博翱教育志愿填报,sources,swan.getExtConfig,1
博翱教育志愿填报,sinks,swan.request,2
卡券包,sources,swan.getSystemInfo,1
卡券包,sinks,swan.request,1
卡航搬家公司电话,sources,swan.getStorageSync,1
卡航搬家公司电话,sinks,swan.setStorageSync,1
厚学网,sources,swan.getSystemInfo,2
厚学网,sources,swan.getLocation,1
厚学网,sources,swan.input,1
厚学网,sinks,swan.setStorageSync,2
厚学网,sinks,swan.request,2
厦门伊人夕岸服装,sources,swan.getStorageSync,525
厦门伊人夕岸服装,sources,swan.getLocation,4
厦门伊人夕岸服装,sources,swan.input,38
厦门伊人夕岸服装,sources,swan.getStorage,1
厦门伊人夕岸服装,sources,swan.chooseImage,5
厦门伊人夕岸服装,sources,swan.getSystemInfoSync,4
厦门伊人夕岸服装,sinks,swan.request,555
厦门伊人夕岸服装,sinks,swan.removeStorageSync,4
厦门伊人夕岸服装,sinks,swan.setStorageSync,5
厦门伊人夕岸服装,sinks,swan.uploadFile,11
厦门伊人夕岸服装,sinks,swan.setStorage,2
厦门众希网站建设,sources,swan.getStorageSync,2
厦门众希网站建设,sinks,swan.setStorageSync,2
厦门普峡信息科技有限公司,sources,swan.getSystemInfoSync,1
厦门普峡信息科技有限公司,sinks,swan.setStorage,1
厦门群发学车考驾照,sources,swan.getExtConfig,9
厦门群发学车考驾照,sinks,swan.request,9
厦门邦弘讯信息技术有限公司,sources,swan.getSystemInfoSync,1
厦门邦弘讯信息技术有限公司,sinks,swan.setStorage,1
口乞和田薄皮核桃,sources,swan.getSystemInfo,2
口乞和田薄皮核桃,sources,swan.getUserInfo,2
口乞和田薄皮核桃,sources,swan.getStorageSync,2
口乞和田薄皮核桃,sinks,swan.request,5
口乞和田薄皮核桃,sinks,swan.setStorageSync,1
叮叮企服服务资质办理,sources,swan.getStorageSync,3
叮叮企服服务资质办理,sinks,swan.setStorageSync,2
叮叮企服服务资质办理,sinks,swan.request,1
可宿Home,sources,swan.downloadFile,1
可宿Home,sources,swan.getStorageSync,3
可宿Home,sinks,swan.saveImageToPhotosAlbum,1
可宿Home,sinks,swan.setStorageSync,3
台球酷,sources,swan.getStorageSync,13
台球酷,sources,swan.getUserInfo,68
台球酷,sources,swan.openSetting,1
台球酷,sources,swan.getLocation,1
台球酷,sources,swan.input,2
台球酷,sinks,swan.request,85
合正汽车商务车改装,sources,swan.getStorageSync,3
合正汽车商务车改装,sinks,swan.setStorageSync,2
合正汽车商务车改装,sinks,swan.request,1
合肥厚学信息技术有限公司,sources,swan.getSystemInfoSync,1
合肥厚学信息技术有限公司,sinks,swan.setStorage,1
合肥富顺搬家公司,sources,swan.getStorageSync,1
合肥富顺搬家公司,sinks,swan.setStorageSync,1
合肥探奥自动化有限公司,sources,swan.getStorageSync,31
合肥探奥自动化有限公司,sources,swan.getSystemInfoSync,1
合肥探奥自动化有限公司,sources,swan.input,16
合肥探奥自动化有限公司,sources,swan.getStorage,5
合肥探奥自动化有限公司,sources,swan.getLocation,1
合肥探奥自动化有限公司,sources,swan.chooseImage,1
合肥探奥自动化有限公司,sinks,swan.request,50
合肥探奥自动化有限公司,sinks,swan.setStorageSync,4
合肥探奥自动化有限公司,sinks,swan.uploadFile,1
吉林小棉袄家政集团股份有限公司,sources,swan.getSystemInfoSync,1
吉林小棉袄家政集团股份有限公司,sinks,swan.setStorage,1
吉林省大瓢把餐饮管理有限公司,sources,swan.getSystemInfoSync,1
吉林省大瓢把餐饮管理有限公司,sinks,swan.setStorage,1
同里红,sources,swan.getStorageSync,4
同里红,sources,swan.chooseImage,1
同里红,sinks,swan.setStorageSync,2
同里红,sinks,swan.request,2
同里红,sinks,swan.uploadFile,1
名品商标转让网,sources,swan.getStorageSync,1
名品商标转让网,sinks,swan.request,1
名星全案装饰设计竹叶山分公司,sources,swan.getSystemInfoSync,1
名星全案装饰设计竹叶山分公司,sinks,swan.setStorage,1
君君育儿小百科,sources,swan.getUserInfo,1
君君育儿小百科,sources,swan.getStorageSync,4
君君育儿小百科,sinks,swan.request,5
呗漾优糖稻,sources,swan.getExtConfig,1
呗漾优糖稻,sinks,swan.setClipboardData,1
和诚汇,sources,swan.getSystemInfoSync,1
和诚汇,sinks,swan.setStorage,1
品爱女仆店,sources,swan.getStorageSync,1
品爱女仆店,sinks,swan.setStorageSync,1
哈尔滨东北电子汽车衡地磅秤厂家,sources,swan.getStorageSync,2
哈尔滨东北电子汽车衡地磅秤厂家,sinks,swan.setStorageSync,2
哈尔滨兄地真金板苯板岩棉板,sources,swan.getStorageSync,2
哈尔滨兄地真金板苯板岩棉板,sinks,swan.setStorageSync,2
哈尔滨华恒岩棉板真金板挤塑板,sources,swan.getStorageSync,2
哈尔滨华恒岩棉板真金板挤塑板,sinks,swan.setStorageSync,2
哎丫丫电脑,sources,swan.getStorageSync,2
哎丫丫电脑,sinks,swan.setStorageSync,2
唤醒通,sources,swan.getUserInfo,2
唤醒通,sources,swan.getStorageSync,3
唤醒通,sources,swan.chooseImage,1
唤醒通,sinks,swan.request,5
唤醒通,sinks,swan.uploadFile,1
唯觅宠物,sources,swan.getStorageSync,31
唯觅宠物,sources,swan.chooseImage,4
唯觅宠物,sinks,swan.request,23
唯觅宠物,sinks,swan.uploadFile,12
唯馨环保,sources,swan.getSystemInfoSync,1
唯馨环保,sinks,swan.setStorage,1
嗨团邀请注册,sources,swan.getStorageSync,2
嗨团邀请注册,sinks,swan.setStorageSync,2
嗨行文化旅游,sources,swan.getStorageSync,527
嗨行文化旅游,sources,swan.getLocation,4
嗨行文化旅游,sources,swan.input,38
嗨行文化旅游,sources,swan.getStorage,1
嗨行文化旅游,sources,swan.chooseImage,5
嗨行文化旅游,sources,swan.getSystemInfoSync,4
嗨行文化旅游,sinks,swan.request,557
嗨行文化旅游,sinks,swan.removeStorageSync,4
嗨行文化旅游,sinks,swan.setStorageSync,5
嗨行文化旅游,sinks,swan.uploadFile,11
嗨行文化旅游,sinks,swan.setStorage,2
四川川西坝子餐饮管理有限公司,sources,swan.getSystemInfoSync,1
四川川西坝子餐饮管理有限公司,sinks,swan.setStorage,1
四川抱汁汁餐饮管理有限公司,sources,swan.getSystemInfoSync,1
四川抱汁汁餐饮管理有限公司,sinks,swan.setStorage,1
四川省蜀矮冬瓜餐饮管理有限公司,sources,swan.getSystemInfoSync,1
四川省蜀矮冬瓜餐饮管理有限公司,sinks,swan.setStorage,1
四川蜗牛巴巴健康管理有限公司,sources,swan.getSystemInfoSync,1
四川蜗牛巴巴健康管理有限公司,sinks,swan.setStorage,1
四川龙缘川西坝子餐饮管理,sources,swan.getSystemInfoSync,1
四川龙缘川西坝子餐饮管理,sinks,swan.setStorage,1
回成科技,sources,swan.getSystemInfoSync,1
回成科技,sinks,swan.setStorage,1
固力保安全系统中国有限公司,sources,swan.getSystemInfoSync,1
固力保安全系统中国有限公司,sinks,swan.setStorage,1
堡堡家,sources,swan.getLocation,2
堡堡家,sources,swan.getStorageSync,1
堡堡家,sinks,swan.setStorageSync,1
堡堡家,sinks,swan.setStorage,2
堡磊服装店,sources,swan.getStorageSync,2
堡磊服装店,sinks,swan.setStorageSync,2
壹妍国际,sources,swan.getExtConfig,1
壹妍国际,sinks,swan.setClipboardData,1
壹站邦,sources,swan.getStorageSync,2
壹站邦,sinks,swan.setStorageSync,2
夏津县苏留庄镇育禽人养殖合作社,sources,swan.getSystemInfoSync,1
夏津县苏留庄镇育禽人养殖合作社,sinks,swan.setStorage,1
外云,sources,swan.getSystemInfoSync,1
外云,sinks,swan.setStorage,1
外天科技,sources,swan.getStorageSync,1
外天科技,sinks,swan.setStorageSync,1
外推网,sources,swan.getStorageSync,1
外推网,sinks,swan.setStorageSync,1
多保熊,sources,swan.getStorageSync,2
多保熊,sinks,swan.setStorageSync,2
多返刷脸营销系统,sources,swan.getStorageSync,2
多返刷脸营销系统,sinks,swan.setStorageSync,2
多返刷脸设备,sources,swan.getStorageSync,2
多返刷脸设备,sinks,swan.setStorageSync,2
大同市保保机动车检测中心,sources,swan.getStorageSync,1
大同市保保机动车检测中心,sinks,swan.setStorageSync,1
大眼随身签电子公章印章提取合成,sources,swan.compressImage,1
大眼随身签电子公章印章提取合成,sources,swan.getStorageSync,1
大眼随身签电子公章印章提取合成,sources,swan.getUserInfo,2
大眼随身签电子公章印章提取合成,sources,swan.getImageInfo,6
大眼随身签电子公章印章提取合成,sources,swan.chooseImage,4
大眼随身签电子公章印章提取合成,sources,swan.getSystemInfoSync,1
大眼随身签电子公章印章提取合成,sinks,swan.uploadFile,9
大眼随身签电子公章印章提取合成,sinks,swan.setStorageSync,1
大眼随身签电子公章印章提取合成,sinks,swan.request,2
大眼随身签电子公章印章提取合成,sinks,swan.saveImageToPhotosAlbum,3
大运豪冷拔钢管厂家,sources,swan.getStorageSync,2
大运豪冷拔钢管厂家,sinks,swan.setStorageSync,2
大连逢时建筑机械有限公司,sources,swan.getSystemInfoSync,1
大连逢时建筑机械有限公司,sinks,swan.setStorage,1
大鱼解梦,sources,swan.getStorageSync,6
大鱼解梦,sources,swan.getClipboardData,2
大鱼解梦,sources,swan.input,4
大鱼解梦,sinks,swan.setStorageSync,4
大鱼解梦,sinks,swan.request,8
天互汽车报价,sources,swan.input,2
天互汽车报价,sources,swan.chooseImage,1
天互汽车报价,sources,swan.getSystemInfoSync,1
天互汽车报价,sinks,swan.request,2
天互汽车报价,sinks,swan.uploadFile,1
天互汽车报价,sinks,swan.setStorageSync,1
天晴干细胞股份有限公司,sources,swan.getSystemInfoSync,1
天晴干细胞股份有限公司,sinks,swan.setStorage,1
天津卓纳耐候板耐候钢板,sources,swan.getStorageSync,1
天津卓纳耐候板耐候钢板,sources,swan.getExtConfig,10
天津卓纳耐候板耐候钢板,sinks,swan.setStorageSync,1
天津卓纳耐候板耐候钢板,sinks,swan.request,10
天津昊泰铂铑偶厂家,sources,swan.getStorageSync,1
天津昊泰铂铑偶厂家,sources,swan.getExtConfig,11
天津昊泰铂铑偶厂家,sinks,swan.setStorageSync,1
天津昊泰铂铑偶厂家,sinks,swan.request,11
天相财富,sources,swan.input,5
天相财富,sinks,swan.request,5
太原和谐搬家公司长短途居民搬家,sources,swan.getStorageSync,2
太原和谐搬家公司长短途居民搬家,sinks,swan.setStorageSync,2
太平洋汽车网,sources,swan.getSystemInfoSync,2
太平洋汽车网,sinks,swan.request,2
太平洋电脑网,sources,swan.getStorageSync,7
太平洋电脑网,sinks,swan.setStorageSync,1
太平洋电脑网,sinks,swan.request,6
奇爱谷,sources,swan.getStorageSync,3
奇爱谷,sources,swan.input,4
奇爱谷,sinks,swan.request,7
奢华奢侈品包批发货源,sources,swan.getStorageSync,3
奢华奢侈品包批发货源,sinks,swan.setStorageSync,2
奢华奢侈品包批发货源,sinks,swan.request,1
奢品会,sources,swan.getStorageSync,14
奢品会,sinks,swan.setStorageSync,14
奢石馆,sources,swan.getExtConfigSync,1
奢石馆,sinks,swan.request,1
奢迷姿,sources,swan.getExtConfig,1
奢迷姿,sinks,swan.setClipboardData,1
奥克罗拉辊棒,sources,swan.getExtConfig,25
奥克罗拉辊棒,sources,swan.getStorageSync,1
奥克罗拉辊棒,sinks,swan.request,26
奥克罗拉陶瓷辊棒,sources,swan.getStorageSync,1
奥克罗拉陶瓷辊棒,sources,swan.getExtConfig,20
奥克罗拉陶瓷辊棒,sinks,swan.setStorageSync,1
奥克罗拉陶瓷辊棒,sinks,swan.request,20
奥凌钢丝螺套,sources,swan.getExtConfig,19
奥凌钢丝螺套,sinks,swan.request,19
奥新管道工程不停输带压开孔封堵,sources,swan.getExtConfig,25
奥新管道工程不停输带压开孔封堵,sinks,swan.request,25
奶爸保测评,sources,swan.getSystemInfoSync,2
奶爸保测评,sources,swan.getSystemInfo,1
奶爸保测评,sources,swan.getStorageSync,9
奶爸保测评,sources,swan.input,4
奶爸保测评,sources,swan.chooseImage,1
奶爸保测评,sources,swan.downloadFile,1
奶爸保测评,sources,swan.getUserInfo,1
奶爸保测评,sinks,swan.setStorageSync,7
奶爸保测评,sinks,swan.request,8
奶爸保测评,sinks,swan.setStorage,2
奶爸保测评,sinks,swan.uploadFile,1
奶爸保测评,sinks,swan.saveImageToPhotosAlbum,1
妈妈帮,sources,swan.getImageInfo,1
妈妈帮,sinks,swan.setStorageSync,1
威马智能汽车,sources,swan.getStorageSync,3
威马智能汽车,sinks,swan.setStorageSync,2
威马智能汽车,sinks,swan.request,1
威马汽车,sources,swan.getLocation,12
威马汽车,sinks,swan.setStorageSync,12
娟蝶鲜花,sources,swan.getStorageSync,6
娟蝶鲜花,sinks,swan.request,5
娟蝶鲜花,sinks,swan.setStorage,1
孔圣养宝拔罐喷剂定制,sources,swan.getExtConfig,16
孔圣养宝拔罐喷剂定制,sinks,swan.request,16
学富网,sources,swan.getStorageSync,14
学富网,sinks,swan.request,12
学富网,sinks,swan.setStorageSync,2
学阶成人高考报名网,sources,swan.getUserInfo,1
学阶成人高考报名网,sources,swan.getStorageSync,14
学阶成人高考报名网,sinks,swan.request,13
学阶成人高考报名网,sinks,swan.setStorageSync,2
宁野搅拌装置,sources,swan.getExtConfig,24
宁野搅拌装置,sources,swan.getStorageSync,1
宁野搅拌装置,sinks,swan.request,25
安卡汽车,sources,swan.input,2
安卡汽车,sinks,swan.request,2
安哥国际,sources,swan.getStorageSync,2
安哥国际,sinks,swan.setStorageSync,2
安徽建筑大学招生办,sources,swan.getSystemInfoSync,3
安徽建筑大学招生办,sources,swan.getStorageSync,8
安徽建筑大学招生办,sources,swan.getUserInfo,4
安徽建筑大学招生办,sources,swan.chooseImage,1
安徽建筑大学招生办,sources,swan.getStorage,1
安徽建筑大学招生办,sinks,swan.request,4
安徽建筑大学招生办,sinks,swan.setStorage,13
安徽晶磨石,sources,swan.getStorageSync,3
安徽晶磨石,sinks,swan.setStorageSync,2
安徽晶磨石,sinks,swan.request,1
安雅特美岩板,sources,swan.getStorageSync,2
安雅特美岩板,sinks,swan.setStorageSync,2
宏进真石漆搅拌机,sources,swan.getUserInfo,2
宏进真石漆搅拌机,sources,swan.getExtConfigSync,117
宏进真石漆搅拌机,sources,swan.getStorageSync,6
宏进真石漆搅拌机,sources,swan.input,4
宏进真石漆搅拌机,sources,swan.chooseAddress,1
宏进真石漆搅拌机,sources,swan.getImageInfo,2
宏进真石漆搅拌机,sinks,swan.request,128
宏进真石漆搅拌机,sinks,swan.saveImageToPhotosAlbum,2
宏进真石漆搅拌机,sinks,swan.uploadFile,2
定包包书包背包箱包定制,sources,swan.getStorageSync,1
定包包书包背包箱包定制,sources,swan.getExtConfig,1
定包包书包背包箱包定制,sinks,swan.request,2
宜光杯白酒,sources,swan.getExtConfig,1
宜光杯白酒,sinks,swan.setClipboardData,1
宝丞中国,sources,swan.getSystemInfoSync,1
宝丞中国,sinks,swan.setStorage,1
宝宝知道,sources,swan.input,4
宝宝知道,sources,swan.getStorageSync,1
宝宝知道,sources,swan.getSystemInfoSync,1
宝宝知道,sinks,swan.setStorage,4
宝宝知道,sinks,swan.setStorageSync,1
宝宝知道,sinks,swan.request,1
宝盖沟盖板,sources,swan.getStorageSync,1
宝盖沟盖板,sources,swan.getExtConfig,20
宝盖沟盖板,sinks,swan.setStorageSync,1
宝盖沟盖板,sinks,swan.request,20
宝盖电缆沟复合盖板,sources,swan.getStorageSync,1
宝盖电缆沟复合盖板,sources,swan.getExtConfig,12
宝盖电缆沟复合盖板,sinks,swan.setStorageSync,1
宝盖电缆沟复合盖板,sinks,swan.request,12
宝盖电缆沟盖板,sources,swan.getExtConfig,23
宝盖电缆沟盖板,sources,swan.getStorageSync,1
宝盖电缆沟盖板,sinks,swan.request,24
宝能中心,sources,swan.getStorageSync,99
宝能中心,sources,swan.getExtConfig,1
宝能中心,sources,swan.input,11
宝能中心,sources,swan.chooseImage,1
宝能中心,sinks,swan.request,109
宝能中心,sinks,swan.setStorage,1
宝能中心,sinks,swan.uploadFile,2
宠上天宠物托运空运高铁专车服务,sources,swan.input,3
宠上天宠物托运空运高铁专车服务,sinks,swan.request,3
宠上天成都宠物托运服务,sources,swan.input,3
宠上天成都宠物托运服务,sinks,swan.request,3
富民喷胶棉填充棉硬质棉,sources,swan.getUserInfo,1
富民喷胶棉填充棉硬质棉,sources,swan.getStorageSync,1
富民喷胶棉填充棉硬质棉,sinks,swan.request,2
富水食品,sources,swan.getExtConfig,1
富水食品,sinks,swan.setClipboardData,1
富裕老窖酒业,sources,swan.getStorageSync,3
富裕老窖酒业,sinks,swan.setStorageSync,2
富裕老窖酒业,sinks,swan.request,1
寺库奢侈品,sources,swan.getStorageSync,10
寺库奢侈品,sources,swan.input,22
寺库奢侈品,sources,swan.chooseAddress,1
寺库奢侈品,sinks,swan.request,33
小T娱乐爆点,sources,swan.getStorageSync,3
小T娱乐爆点,sinks,swan.setStorageSync,3
小不点作文,sources,swan.getStorageSync,1
小不点作文,sources,swan.input,1
小不点作文,sinks,swan.setStorageSync,1
小不点作文,sinks,swan.request,1
小保优选,sources,swan.getExtConfig,1
小保优选,sinks,swan.setClipboardData,1
小杰貔貅摆件,sources,swan.getStorageSync,1
小杰貔貅摆件,sinks,swan.setStorageSync,1
小棉袄的陪伴,sources,swan.getExtConfig,1
小棉袄的陪伴,sinks,swan.setClipboardData,1
小猪民宿,sources,swan.getStorageSync,2
小猪民宿,sinks,swan.setStorageSync,1
小猪民宿,sinks,swan.request,1
小王网盘文件悬赏榜,sources,swan.getStorageSync,1
小王网盘文件悬赏榜,sinks,swan.setStorage,1
小甘看房,sources,swan.getStorageSync,2
小甘看房,sinks,swan.setStorageSync,2
小红书,sources,swan.getSystemInfoSync,2
小红书,sinks,swan.setClipboardData,2
小鹏汽车商城,sources,swan.getExtConfig,1
小鹏汽车商城,sinks,swan.setClipboardData,1
小黄杯咖啡,sources,swan.getExtConfig,1
小黄杯咖啡,sinks,swan.setClipboardData,1
尔木萄,sources,swan.getSystemInfoSync,1
尔木萄,sinks,swan.setStorage,1
居里亚,sources,swan.getSystemInfoSync,1
居里亚,sinks,swan.setStorage,1
山东一网通办,sources,swan.getStorageSync,3
山东一网通办,sinks,swan.setStorageSync,3
山东保蓝环保工程有限公司,sources,swan.getSystemInfoSync,1
山东保蓝环保工程有限公司,sinks,swan.setStorage,1
山东恒通热能醒蒸设备有限公司,sources,swan.getSystemInfoSync,1
山东恒通热能醒蒸设备有限公司,sinks,swan.setStorage,1
山东来一杯餐饮管理有限公司,sources,swan.getSystemInfoSync,1
山东来一杯餐饮管理有限公司,sinks,swan.setStorage,1
山东洁保生物科技有限公司,sources,swan.getSystemInfoSync,1
山东洁保生物科技有限公司,sinks,swan.setStorage,1
山东省齐鲁干细胞工程有限公司,sources,swan.getSystemInfoSync,1
山东省齐鲁干细胞工程有限公司,sinks,swan.setStorage,1
山东陕十三餐饮管理有限公司,sources,swan.getSystemInfoSync,1
山东陕十三餐饮管理有限公司,sinks,swan.setStorage,1
山东高百,sources,swan.getStorageSync,2
山东高百,sinks,swan.setStorageSync,2
山东鲁品半挂车,sources,swan.chooseImage,1
山东鲁品半挂车,sinks,swan.uploadFile,1
山东鲁尔亚,sources,swan.getExtConfig,8
山东鲁尔亚,sinks,swan.request,8
山外家居商城,sources,swan.getSystemInfoSync,1
山外家居商城,sinks,swan.setStorage,1
峻宁植物租摆,sources,swan.getSystemInfoSync,1
峻宁植物租摆,sources,swan.getStorageSync,4
峻宁植物租摆,sources,swan.getLocation,2
峻宁植物租摆,sources,swan.chooseImage,3
峻宁植物租摆,sources,swan.input,1
峻宁植物租摆,sources,swan.getImageInfo,1
峻宁植物租摆,sinks,swan.setStorageSync,2
峻宁植物租摆,sinks,swan.request,4
峻宁植物租摆,sinks,swan.uploadFile,3
峻宁植物租摆,sinks,swan.setStorage,2
峻宁植物租摆,sinks,swan.saveImageToPhotosAlbum,1
巴士管家汽车票火车票,sources,swan.getStorageSync,34
巴士管家汽车票火车票,sources,swan.getLocation,2
巴士管家汽车票火车票,sinks,swan.setStorage,13
巴士管家汽车票火车票,sinks,swan.setStorageSync,7
巴士管家汽车票火车票,sinks,swan.request,16
巴愚人,sources,swan.getSystemInfoSync,1
巴愚人,sinks,swan.setStorage,1
巴迪车务,sources,swan.getStorageSync,2
巴迪车务,sinks,swan.setStorageSync,2
希财网,sources,swan.chooseImage,1
希财网,sources,swan.getStorageSync,1
希财网,sinks,swan.uploadFile,1
希财网,sinks,swan.request,1
希采招标,sources,swan.getStorage,1
希采招标,sinks,swan.setStorage,1
帮帮创意,sources,swan.getStorageSync,14
帮帮创意,sources,swan.input,3
帮帮创意,sinks,swan.setStorageSync,2
帮帮创意,sinks,swan.request,14
帮帮创意,sinks,swan.setClipboardData,1
帮考网,sources,swan.getStorageSync,16
帮考网,sources,swan.getSystemInfoSync,4
帮考网,sinks,swan.request,8
帮考网,sinks,swan.setStorageSync,12
常州市雅诚屏蔽科技有限公司,sources,swan.getSystemInfoSync,1
常州市雅诚屏蔽科技有限公司,sinks,swan.setStorage,1
广东建安文件销毁有限公司,sources,swan.getExtConfig,23
广东建安文件销毁有限公司,sources,swan.getStorageSync,1
广东建安文件销毁有限公司,sinks,swan.request,24
广东益夫销毁中心,sources,swan.getStorageSync,1
广东益夫销毁中心,sinks,swan.setStorageSync,1
广州市拔萃软件有限公司,sources,swan.getSystemInfoSync,1
广州市拔萃软件有限公司,sinks,swan.setStorage,1
广州搬家服务顺风搬家,sources,swan.input,1
广州搬家服务顺风搬家,sources,swan.getStorageSync,1
广州搬家服务顺风搬家,sources,swan.getExtConfig,1
广州搬家服务顺风搬家,sinks,swan.request,3
广州星澳游艇有限公司,sources,swan.getSystemInfoSync,1
广州星澳游艇有限公司,sinks,swan.setStorage,1
广州致柏化妆品有限公司,sources,swan.getExtConfig,1
广州致柏化妆品有限公司,sinks,swan.setClipboardData,1
广西开心吉利汽车4S店,sources,swan.input,2
广西开心吉利汽车4S店,sources,swan.getStorage,5
广西开心吉利汽车4S店,sinks,swan.setStorage,7
广诚,sources,swan.getSystemInfoSync,1
广诚,sinks,swan.setStorage,1
应敏手动榨汁机,sources,swan.getStorageSync,1
应敏手动榨汁机,sources,swan.getExtConfig,10
应敏手动榨汁机,sinks,swan.setStorageSync,1
应敏手动榨汁机,sinks,swan.request,10
应敏榨汁机厂家,sources,swan.getStorageSync,1
应敏榨汁机厂家,sources,swan.getExtConfig,10
应敏榨汁机厂家,sinks,swan.setStorageSync,1
应敏榨汁机厂家,sinks,swan.request,10
应敏铸铁榨汁机,sources,swan.getStorageSync,1
应敏铸铁榨汁机,sources,swan.getExtConfig,10
应敏铸铁榨汁机,sinks,swan.setStorageSync,1
应敏铸铁榨汁机,sinks,swan.request,10
府上包包子店培训,sources,swan.getStorageSync,1
府上包包子店培训,sources,swan.getExtConfig,11
府上包包子店培训,sinks,swan.setStorageSync,1
府上包包子店培训,sinks,swan.request,11
度车品,sources,swan.getExtConfig,1
度车品,sinks,swan.setClipboardData,1
廖尘环保挂具脱塑剥漆炉,sources,swan.getExtConfig,14
廖尘环保挂具脱塑剥漆炉,sinks,swan.request,14
廖尘环保热洁炉,sources,swan.getExtConfig,18
廖尘环保热洁炉,sinks,swan.request,18
廖尘环保脱漆炉,sources,swan.getStorageSync,1
廖尘环保脱漆炉,sources,swan.getExtConfig,10
廖尘环保脱漆炉,sinks,swan.setStorageSync,1
廖尘环保脱漆炉,sinks,swan.request,10
廖记棒棒鸡,sources,swan.getExtConfig,1
廖记棒棒鸡,sinks,swan.setClipboardData,1
建沛招生升学,sources,swan.input,1
建沛招生升学,sinks,swan.request,1
弓热铁丝网片,sources,swan.getSystemInfoSync,1
弓热铁丝网片,sinks,swan.setStorage,1
强生日式搬家,sources,swan.getStorageSync,2
强生日式搬家,sinks,swan.setStorageSync,2
彩云每日小健报,sources,swan.getStorageSync,1
彩云每日小健报,sinks,swan.setStorageSync,1
彼岸吉他弹手,sources,swan.getStorageSync,36
彼岸吉他弹手,sources,swan.getUserInfo,2
彼岸吉他弹手,sources,swan.input,32
彼岸吉他弹手,sinks,swan.request,63
彼岸吉他弹手,sinks,swan.setStorage,5
彼岸吉他弹手,sinks,swan.uploadFile,2
御奢网,sources,swan.input,1
御奢网,sources,swan.getStorageSync,1
御奢网,sources,swan.getExtConfig,1
御奢网,sinks,swan.request,3
德凯化工搅拌器,sources,swan.getExtConfig,24
德凯化工搅拌器,sources,swan.getStorageSync,1
德凯化工搅拌器,sinks,swan.request,25
德凯搅拌器厂家,sources,swan.getExtConfig,19
德凯搅拌器厂家,sinks,swan.request,19
德凯脱硫搅拌器,sources,swan.getStorageSync,1
德凯脱硫搅拌器,sources,swan.getExtConfig,12
德凯脱硫搅拌器,sinks,swan.setStorageSync,1
德凯脱硫搅拌器,sinks,swan.request,12
德州中傲空调设备有限公司,sources,swan.getSystemInfoSync,1
德州中傲空调设备有限公司,sinks,swan.setStorage,1
德州国脉成考报名,sources,swan.getStorageSync,2
德州国脉成考报名,sinks,swan.setStorageSync,2
德明热电偶,sources,swan.getStorageSync,12
德明热电偶,sources,swan.input,56
德明热电偶,sources,swan.getExtConfig,1
德明热电偶,sinks,swan.setStorageSync,2
德明热电偶,sinks,swan.request,67
快转精选,sources,swan.getExtConfig,1
快转精选,sinks,swan.setClipboardData,1
怀来县兴海防雹网有限公司,sources,swan.getSystemInfoSync,1
怀来县兴海防雹网有限公司,sinks,swan.setStorage,1
怒马会全麻衬西装定制,sources,swan.getExtConfig,1
怒马会全麻衬西装定制,sinks,swan.setClipboardData,1
思尔教育快讯,sources,swan.getStorageSync,4
思尔教育快讯,sinks,swan.setStorageSync,2
思尔教育快讯,sinks,swan.request,2
思曼达超声波振板设备,sources,swan.getStorageSync,1
思曼达超声波振板设备,sources,swan.getExtConfig,10
思曼达超声波振板设备,sinks,swan.setStorageSync,1
思曼达超声波振板设备,sinks,swan.request,10
恒达塑化超高分子量聚乙烯板,sources,swan.getExtConfig,7
恒达塑化超高分子量聚乙烯板,sinks,swan.request,7
恒鑫地磅秤厂家,sources,swan.getStorageSync,1
恒鑫地磅秤厂家,sources,swan.getExtConfig,20
恒鑫地磅秤厂家,sinks,swan.setStorageSync,1
恒鑫地磅秤厂家,sinks,swan.request,20
悠享汇共享按摩枕,sources,swan.getSystemInfoSync,1
悠享汇共享按摩枕,sinks,swan.setStorage,1
慈溪公安办证服务,sources,swan.getSystemInfoSync,2
慈溪公安办证服务,sources,swan.getStorageSync,43
慈溪公安办证服务,sources,swan.chooseImage,86
慈溪公安办证服务,sources,swan.input,17
慈溪公安办证服务,sources,swan.downloadFile,2
慈溪公安办证服务,sinks,swan.request,55
慈溪公安办证服务,sinks,swan.setStorageSync,6
慈溪公安办证服务,sinks,swan.uploadFile,86
慈溪公安办证服务,sinks,swan.setStorage,1
慈溪公安办证服务,sinks,swan.saveFile,2
成佰丝网,sources,swan.getStorageSync,2
成佰丝网,sinks,swan.setStorageSync,2
成都佳航二手地磅回收公司,sources,swan.input,1
成都佳航二手地磅回收公司,sinks,swan.request,1
成都商报营销策划有限公司,sources,swan.getSystemInfoSync,1
成都商报营销策划有限公司,sinks,swan.setStorage,1
成都孩乐堡游乐设备有限公司,sources,swan.getSystemInfoSync,1
成都孩乐堡游乐设备有限公司,sinks,swan.setStorage,1
成都有让网络科技有限公司,sources,swan.getSystemInfoSync,1
成都有让网络科技有限公司,sinks,swan.setStorage,1
成都饰邦装饰工程有限公司,sources,swan.getSystemInfoSync,1
成都饰邦装饰工程有限公司,sinks,swan.setStorage,1
手助小应用中心,sources,swan.getSystemInfoSync,4
手助小应用中心,sinks,swan.request,4
扒车喵小洋葱网络,sources,swan.getStorageSync,1
扒车喵小洋葱网络,sinks,swan.setStorageSync,1
扬州唯升电液推杆厂家,sources,swan.getSystemInfoSync,1
扬州唯升电液推杆厂家,sinks,swan.setStorage,1
扬州长柏金属制品有限公司,sources,swan.getSystemInfoSync,1
扬州长柏金属制品有限公司,sinks,swan.setStorage,1
扬州陆琴脚艺三把刀发展有限公司,sources,swan.getSystemInfoSync,1
扬州陆琴脚艺三把刀发展有限公司,sinks,swan.setStorage,1
技点网,sources,swan.getStorageSync,120
技点网,sources,swan.getStorage,1
技点网,sources,swan.chooseImage,5
技点网,sinks,swan.request,109
技点网,sinks,swan.uploadFile,17
拓客豹裂变传播移动办公,sources,swan.getUserInfo,2
拓客豹裂变传播移动办公,sources,swan.getExtConfigSync,99
拓客豹裂变传播移动办公,sources,swan.getStorageSync,7
拓客豹裂变传播移动办公,sources,swan.input,3
拓客豹裂变传播移动办公,sources,swan.chooseAddress,1
拓客豹裂变传播移动办公,sources,swan.getImageInfo,2
拓客豹裂变传播移动办公,sinks,swan.request,110
拓客豹裂变传播移动办公,sinks,swan.saveImageToPhotosAlbum,2
拓客豹裂变传播移动办公,sinks,swan.uploadFile,2
拔草哦北美指南,sources,swan.getStorageSync,1
拔草哦北美指南,sinks,swan.setStorageSync,1
拔草哦海淘,sources,swan.getStorageSync,4
拔草哦海淘,sources,swan.input,6
拔草哦海淘,sinks,swan.request,10
拜石透水混凝土地坪,sources,swan.getSystemInfo,2
拜石透水混凝土地坪,sources,swan.getUserInfo,2
拜石透水混凝土地坪,sources,swan.getStorageSync,2
拜石透水混凝土地坪,sinks,swan.request,5
拜石透水混凝土地坪,sinks,swan.setStorageSync,1
掌婴天下营养品,sources,swan.getStorageSync,3
掌婴天下营养品,sinks,swan.request,2
掌婴天下营养品,sinks,swan.setStorageSync,1
掌柜宝,sources,swan.getStorageSync,2
掌柜宝,sinks,swan.setStorageSync,2
搜价宝,sources,swan.getStorageSync,9
搜价宝,sources,swan.getSystemInfoSync,4
搜价宝,sources,swan.input,1
搜价宝,sinks,swan.setStorageSync,2
搜价宝,sinks,swan.request,12
摆渡推广开户,sources,swan.getStorageSync,2
摆渡推广开户,sinks,swan.setStorageSync,2
摆渡综合服务平台,sources,swan.getStorageSync,28
摆渡综合服务平台,sources,swan.getSystemInfoSync,1
摆渡综合服务平台,sources,swan.input,12
摆渡综合服务平台,sources,swan.getStorage,5
摆渡综合服务平台,sources,swan.getLocation,1
摆渡综合服务平台,sources,swan.chooseImage,1
摆渡综合服务平台,sinks,swan.request,43
摆渡综合服务平台,sinks,swan.setStorageSync,4
摆渡综合服务平台,sinks,swan.uploadFile,1
摩氧旗舰店,sources,swan.getStorageSync,3
摩氧旗舰店,sinks,swan.setStorageSync,2
摩氧旗舰店,sinks,swan.request,1
政策宝,sources,swan.getSystemInfoSync,1
政策宝,sinks,swan.setStorage,1
故人居,sources,swan.getSystemInfoSync,1
故人居,sinks,swan.setStorage,1
故里风尚书店,sources,swan.getExtConfig,1
故里风尚书店,sinks,swan.setClipboardData,1
敢触有限公司,sources,swan.getSystemInfoSync,1
敢触有限公司,sinks,swan.setStorage,1
文联知梦,sources,swan.getStorageSync,4
文联知梦,sources,swan.getUserInfo,2
文联知梦,sinks,swan.request,6
文菲科技,sources,swan.getSystemInfoSync,1
文菲科技,sinks,swan.setStorage,1
断痒拔毒膏,sources,swan.getStorageSync,1
断痒拔毒膏,sources,swan.getExtConfig,1
断痒拔毒膏,sinks,swan.request,2
新晋电线电缆,sources,swan.getStorageSync,1
新晋电线电缆,sources,swan.input,12
新晋电线电缆,sinks,swan.setStorageSync,1
新晋电线电缆,sinks,swan.request,6
新晋电线电缆,sinks,swan.setStorage,6
新港建筑模板桥梁模板竹胶合板,sources,swan.getExtConfig,25
新港建筑模板桥梁模板竹胶合板,sources,swan.getStorageSync,1
新港建筑模板桥梁模板竹胶合板,sinks,swan.request,26
新疆盛世百信地磅,sources,swan.getStorage,1
新疆盛世百信地磅,sources,swan.input,2
新疆盛世百信地磅,sources,swan.downloadFile,3
新疆盛世百信地磅,sources,swan.chooseImage,6
新疆盛世百信地磅,sources,swan.getStorageSync,4
新疆盛世百信地磅,sources,swan.getLocation,1
新疆盛世百信地磅,sinks,swan.setStorage,2
新疆盛世百信地磅,sinks,swan.request,4
新疆盛世百信地磅,sinks,swan.saveImageToPhotosAlbum,3
新疆盛世百信地磅,sinks,swan.uploadFile,4
新疆盛世百信地磅,sinks,swan.setStorageSync,4
新知榜微课,sources,swan.getStorageSync,24
新知榜微课,sources,swan.input,1
新知榜微课,sinks,swan.request,25
方小利紫砂,sources,swan.getUserInfo,2
方小利紫砂,sources,swan.getExtConfigSync,118
方小利紫砂,sources,swan.getStorageSync,7
方小利紫砂,sources,swan.input,4
方小利紫砂,sources,swan.chooseAddress,1
方小利紫砂,sources,swan.getImageInfo,2
方小利紫砂,sinks,swan.request,130
方小利紫砂,sinks,swan.saveImageToPhotosAlbum,2
方小利紫砂,sinks,swan.uploadFile,2
施克三防宁夏银川树脂油漆厂家,sources,swan.getStorageSync,1
施克三防宁夏银川树脂油漆厂家,sources,swan.getExtConfig,14
施克三防宁夏银川树脂油漆厂家,sinks,swan.setStorageSync,1
施克三防宁夏银川树脂油漆厂家,sinks,swan.request,14
旅宿邦,sources,swan.getExtConfig,1
旅宿邦,sinks,swan.setClipboardData,1
无锡优八网络科技有限公司,sources,swan.getSystemInfoSync,1
无锡优八网络科技有限公司,sinks,swan.setStorage,1
日报印刷厂,sources,swan.getStorageSync,1
日报印刷厂,sources,swan.getExtConfig,14
日报印刷厂,sinks,swan.setStorageSync,1
日报印刷厂,sinks,swan.request,14
日诵家居,sources,swan.getExtConfig,1
日诵家居,sinks,swan.setClipboardData,1
旧百度评估,sources,swan.getStorageSync,5
旧百度评估,sinks,swan.request,4
旧百度评估,sinks,swan.setStorageSync,1
明保优车,sources,swan.getSystemInfoSync,1
明保优车,sinks,swan.setStorage,1
易企云发布吧,sources,swan.getStorageSync,14
易企云发布吧,sources,swan.input,6
易企云发布吧,sinks,swan.request,18
易企云发布吧,sinks,swan.uploadFile,2
易居捌陆,sources,swan.getUserInfo,1
易居捌陆,sources,swan.getStorageSync,12
易居捌陆,sinks,swan.setStorageSync,3
易居捌陆,sinks,swan.request,10
易德轩臻璧化太岁锦囊吉祥物商城,sources,swan.getStorageSync,27
易德轩臻璧化太岁锦囊吉祥物商城,sources,swan.getSystemInfoSync,1
易德轩臻璧化太岁锦囊吉祥物商城,sources,swan.input,12
易德轩臻璧化太岁锦囊吉祥物商城,sources,swan.getStorage,5
易德轩臻璧化太岁锦囊吉祥物商城,sources,swan.getLocation,1
易德轩臻璧化太岁锦囊吉祥物商城,sources,swan.chooseImage,1
易德轩臻璧化太岁锦囊吉祥物商城,sinks,swan.request,42
易德轩臻璧化太岁锦囊吉祥物商城,sinks,swan.setStorageSync,4
易德轩臻璧化太岁锦囊吉祥物商城,sinks,swan.uploadFile,1
易辰通,sources,swan.getStorageSync,3
易辰通,sinks,swan.setStorageSync,2
易辰通,sinks,swan.request,1
星诺尔伴,sources,swan.getExtConfig,1
星诺尔伴,sinks,swan.setClipboardData,1
春草拔罐喷剂厂家,sources,swan.getExtConfig,25
春草拔罐喷剂厂家,sinks,swan.request,25
春草拔罐喷剂定制,sources,swan.getStorageSync,1
春草拔罐喷剂定制,sources,swan.getExtConfig,11
春草拔罐喷剂定制,sinks,swan.setStorageSync,1
春草拔罐喷剂定制,sinks,swan.request,11
晟世梵容品牌名片,sources,swan.getSystemInfoSync,1
晟世梵容品牌名片,sinks,swan.setStorage,1
晟艺海报设计,sources,swan.getExtConfig,9
晟艺海报设计,sinks,swan.request,9
普林线路板,sources,swan.getSystemInfo,2
普林线路板,sources,swan.getUserInfo,2
普林线路板,sources,swan.getStorageSync,2
普林线路板,sinks,swan.request,5
普林线路板,sinks,swan.setStorageSync,1
晶洋中空板,sources,swan.getStorageSync,1
晶洋中空板,sources,swan.getExtConfig,1
晶洋中空板,sinks,swan.request,2
智慧树家长版,sources,swan.getSystemInfoSync,1
智慧树家长版,sinks,swan.setStorage,1
有车大师,sources,swan.input,8
有车大师,sources,swan.chooseImage,1
有车大师,sinks,swan.request,8
有车大师,sinks,swan.uploadFile,1
木鸟民宿红书版,sources,swan.getStorageSync,95
木鸟民宿红书版,sources,swan.getStorage,14
木鸟民宿红书版,sources,swan.getLocation,2
木鸟民宿红书版,sources,swan.chooseImage,2
木鸟民宿红书版,sources,swan.input,11
木鸟民宿红书版,sinks,swan.request,95
木鸟民宿红书版,sinks,swan.setStorageSync,27
木鸟民宿红书版,sinks,swan.uploadFile,2
未来鸟服务,sources,swan.getStorageSync,2
未来鸟服务,sinks,swan.setStorageSync,2
本地宝,sources,swan.getStorageSync,133
本地宝,sources,swan.input,10
本地宝,sources,swan.getLocation,1
本地宝,sinks,swan.request,131
本地宝,sinks,swan.setStorageSync,13
来臻得爆米花,sources,swan.getStorageSync,477
来臻得爆米花,sources,swan.getLocation,10
来臻得爆米花,sources,swan.getExtConfigSync,2
来臻得爆米花,sources,swan.chooseImage,9
来臻得爆米花,sources,swan.getSystemInfoSync,3
来臻得爆米花,sources,swan.input,9
来臻得爆米花,sources,swan.downloadFile,1
来臻得爆米花,sinks,swan.request,298
来臻得爆米花,sinks,swan.setStorageSync,198
来臻得爆米花,sinks,swan.uploadFile,13
来臻得爆米花,sinks,swan.saveImageToPhotosAlbum,1
来臻得爆米花,sinks,swan.setStorage,1
来艾,sources,swan.getSystemInfoSync,1
来艾,sinks,swan.setStorage,1
杭州奥为机械科技有限公司,sources,swan.getSystemInfoSync,1
杭州奥为机械科技有限公司,sinks,swan.setStorage,1
杭州小拇指汽车维修科技,sources,swan.getSystemInfoSync,1
杭州小拇指汽车维修科技,sinks,swan.setStorage,1
杭州尚尚签网络科技有限公司,sources,swan.getSystemInfoSync,1
杭州尚尚签网络科技有限公司,sinks,swan.setStorage,1
杭州推啊网络科技有限公司,sources,swan.getSystemInfoSync,1
杭州推啊网络科技有限公司,sinks,swan.setStorage,1
杭州斑材科技有限公司,sources,swan.getSystemInfoSync,1
杭州斑材科技有限公司,sinks,swan.setStorage,1
杰伟塑料片板膜设备,sources,swan.input,3
杰伟塑料片板膜设备,sinks,swan.request,3
果客邦水果一件代发货源平台,sources,swan.getStorageSync,2
果客邦水果一件代发货源平台,sinks,swan.setStorageSync,2
柠檬2048大闯关,sources,swan.getStorageSync,1
柠檬2048大闯关,sinks,swan.setStorage,1
柠芬享品牌名片,sources,swan.getSystemInfoSync,1
柠芬享品牌名片,sinks,swan.setStorage,1
栗树弯珍珠棉,sources,swan.getStorageSync,2
栗树弯珍珠棉,sources,swan.getExtConfig,13
栗树弯珍珠棉,sinks,swan.setStorageSync,1
栗树弯珍珠棉,sinks,swan.request,14
格拉聊公路护栏板,sources,swan.getUserInfo,1
格拉聊公路护栏板,sources,swan.getStorageSync,14
格拉聊公路护栏板,sinks,swan.request,13
格拉聊公路护栏板,sinks,swan.setStorageSync,2
格瑞HARDOX耐磨板,sources,swan.getStorageSync,1
格瑞HARDOX耐磨板,sources,swan.getExtConfig,10
格瑞HARDOX耐磨板,sinks,swan.setStorageSync,1
格瑞HARDOX耐磨板,sinks,swan.request,10
桂林瑶氏神斑贸易有限公司,sources,swan.getSystemInfoSync,1
桂林瑶氏神斑贸易有限公司,sinks,swan.setStorage,1
桃花源著,sources,swan.getStorageSync,99
桃花源著,sources,swan.getExtConfig,1
桃花源著,sources,swan.input,11
桃花源著,sources,swan.chooseImage,1
桃花源著,sinks,swan.request,109
桃花源著,sinks,swan.setStorage,1
桃花源著,sinks,swan.uploadFile,2
档案查询网,sources,swan.getSystemInfo,6
档案查询网,sources,swan.getUserInfo,1
档案查询网,sources,swan.getStorageSync,1
档案查询网,sources,swan.chooseImage,1
档案查询网,sinks,swan.request,7
档案查询网,sinks,swan.uploadFile,2
梦创游游,sources,swan.getSystemInfoSync,7
梦创游游,sinks,swan.request,7
梦语言书,sources,swan.input,4
梦语言书,sources,swan.getStorageSync,1
梦语言书,sources,swan.getUserInfo,1
梦语言书,sinks,swan.request,6
棒棒锤,sources,swan.getStorageSync,203
棒棒锤,sources,swan.getLocation,1
棒棒锤,sources,swan.input,17
棒棒锤,sinks,swan.request,198
棒棒锤,sinks,swan.setStorageSync,23
森美鑫达弯曲圆棒砂光机,sources,swan.getStorageSync,1
森美鑫达弯曲圆棒砂光机,sources,swan.getExtConfig,11
森美鑫达弯曲圆棒砂光机,sinks,swan.setStorageSync,1
森美鑫达弯曲圆棒砂光机,sinks,swan.request,11
森鹰铝包木窗,sources,swan.getStorageSync,3
森鹰铝包木窗,sinks,swan.setStorageSync,2
森鹰铝包木窗,sinks,swan.request,1
楚胜油罐车,sources,swan.getStorage,1
楚胜油罐车,sources,swan.getStorageSync,6
楚胜油罐车,sources,swan.chooseImage,4
楚胜油罐车,sources,swan.downloadFile,2
楚胜油罐车,sources,swan.getLocation,1
楚胜油罐车,sinks,swan.setStorage,2
楚胜油罐车,sinks,swan.request,2
楚胜油罐车,sinks,swan.uploadFile,4
楚胜油罐车,sinks,swan.saveImageToPhotosAlbum,2
楚胜油罐车,sinks,swan.setStorageSync,4
楚胜清障车,sources,swan.getStorage,1
楚胜清障车,sources,swan.getStorageSync,6
楚胜清障车,sources,swan.chooseImage,4
楚胜清障车,sources,swan.downloadFile,2
楚胜清障车,sources,swan.getLocation,1
楚胜清障车,sinks,swan.setStorage,2
楚胜清障车,sinks,swan.request,2
楚胜清障车,sinks,swan.uploadFile,4
楚胜清障车,sinks,swan.saveImageToPhotosAlbum,2
楚胜清障车,sinks,swan.setStorageSync,4
橙游站,sources,swan.getSystemInfoSync,5
橙游站,sinks,swan.request,5
欣飞声学隔音板厂家,sources,swan.getExtConfig,19
欣飞声学隔音板厂家,sinks,swan.request,19
欧蜜亚,sources,swan.getExtConfig,1
欧蜜亚,sinks,swan.setClipboardData,1
武汉东保科技开发有限责任公司,sources,swan.getSystemInfoSync,1
武汉东保科技开发有限责任公司,sinks,swan.setStorage,1
武汉仟柠餐饮管理有限公司,sources,swan.getSystemInfoSync,1
武汉仟柠餐饮管理有限公司,sinks,swan.setStorage,1
武汉博翱出国留学,sources,swan.getStorageSync,1
武汉博翱出国留学,sources,swan.getExtConfig,1
武汉博翱出国留学,sinks,swan.request,2
武汉捌号空间装饰设计有限公司,sources,swan.getSystemInfoSync,1
武汉捌号空间装饰设计有限公司,sinks,swan.setStorage,1
武汉汽车网,sources,swan.getStorageSync,14
武汉汽车网,sinks,swan.setStorageSync,14
武汉薄荷科技有限公司,sources,swan.getSystemInfoSync,1
武汉薄荷科技有限公司,sinks,swan.setStorage,1
武汉都市行囊户外露营烧烤,sources,swan.getStorageSync,9
武汉都市行囊户外露营烧烤,sources,swan.getLocation,1
武汉都市行囊户外露营烧烤,sources,swan.getExtConfigSync,1
武汉都市行囊户外露营烧烤,sinks,swan.setStorageSync,7
武汉都市行囊户外露营烧烤,sinks,swan.setStorage,1
武汉都市行囊户外露营烧烤,sinks,swan.request,2
武汉都市行囊户外露营烧烤,sinks,swan.uploadFile,1
武汉霸天科技有限公司,sources,swan.getSystemInfoSync,1
武汉霸天科技有限公司,sinks,swan.setStorage,1
永康华翔玻璃杯,sources,swan.getStorageSync,1
永康华翔玻璃杯,sources,swan.getExtConfig,10
永康华翔玻璃杯,sinks,swan.setStorageSync,1
永康华翔玻璃杯,sinks,swan.request,10
汁家商城,sources,swan.getExtConfig,1
汁家商城,sinks,swan.setClipboardData,1
汉中技捷车灯改装,sources,swan.getStorageSync,2
汉中技捷车灯改装,sinks,swan.setStorageSync,1
汉中技捷车灯改装,sinks,swan.uploadFile,1
汉斯顿净水器排行榜,sources,swan.getStorageSync,1
汉斯顿净水器排行榜,sinks,swan.setStorageSync,1
江汇液压自动坝,sources,swan.getStorageSync,1
江汇液压自动坝,sources,swan.getExtConfig,10
江汇液压自动坝,sinks,swan.setStorageSync,1
江汇液压自动坝,sinks,swan.request,10
江汇自动坝,sources,swan.getStorageSync,1
江汇自动坝,sources,swan.getExtConfig,11
江汇自动坝,sinks,swan.setStorageSync,1
江汇自动坝,sinks,swan.request,11
江苏容大实业有限公司,sources,swan.getSystemInfoSync,1
江苏容大实业有限公司,sinks,swan.setStorage,1
江苏新坝电气集团有限公司,sources,swan.getSystemInfoSync,1
江苏新坝电气集团有限公司,sinks,swan.setStorage,1
江苏柏艺家具有限公司,sources,swan.getSystemInfoSync,1
江苏柏艺家具有限公司,sinks,swan.setStorage,1
江西保太有色金属集团有限公司,sources,swan.getSystemInfoSync,1
江西保太有色金属集团有限公司,sinks,swan.setStorage,1
江西易签商务咨询有限公司,sources,swan.getSystemInfoSync,1
江西易签商务咨询有限公司,sinks,swan.setStorage,1
汽车之家4S店大全,sources,swan.getStorage,2
汽车之家4S店大全,sinks,swan.setStorage,2
汽车之家二手车,sources,swan.getLocation,1
汽车之家二手车,sources,swan.getStorage,14
汽车之家二手车,sources,swan.input,1
汽车之家二手车,sources,swan.getStorageSync,1
汽车之家二手车,sinks,swan.setStorage,16
汽车之家二手车,sinks,swan.setStorageSync,1
汽车之家报价大全,sources,swan.getStorageSync,7
汽车之家报价大全,sources,swan.getStorage,4
汽车之家报价大全,sources,swan.getNetworkType,1
汽车之家报价大全,sinks,swan.setStorageSync,9
汽车之家报价大全,sinks,swan.setStorage,3
汽车之家视频精选,sources,swan.getStorageSync,1
汽车之家视频精选,sinks,swan.setStorageSync,1
汽车之家购车计算器,sources,swan.getStorage,1
汽车之家购车计算器,sinks,swan.setStorage,1
汽车之讯,sources,swan.input,2
汽车之讯,sources,swan.chooseImage,1
汽车之讯,sources,swan.getSystemInfoSync,1
汽车之讯,sinks,swan.request,2
汽车之讯,sinks,swan.uploadFile,1
汽车之讯,sinks,swan.setStorageSync,1
汽车大师,sources,swan.getStorageSync,4
汽车大师,sources,swan.getNetworkType,7
汽车大师,sinks,swan.request,4
汽车大师,sinks,swan.setStorageSync,7
汽车报价大全,sources,swan.getStorageSync,5
汽车报价大全,sinks,swan.setStorageSync,3
汽车报价大全,sinks,swan.request,2
沈阳优签,sources,swan.getSystemInfoSync,1
沈阳优签,sinks,swan.setStorage,1
河北保秦交通服务有限公司,sources,swan.getSystemInfoSync,1
河北保秦交通服务有限公司,sinks,swan.setStorage,1
河北深保投资发展有限公司,sources,swan.getSystemInfoSync,1
河北深保投资发展有限公司,sinks,swan.setStorage,1
河北科技工程职业技术大学,sources,swan.getSystemInfoSync,3
河北科技工程职业技术大学,sources,swan.getStorageSync,8
河北科技工程职业技术大学,sources,swan.getUserInfo,4
河北科技工程职业技术大学,sources,swan.chooseImage,1
河北科技工程职业技术大学,sources,swan.getStorage,1
河北科技工程职业技术大学,sinks,swan.request,4
河北科技工程职业技术大学,sinks,swan.setStorage,13
河北陕拓管道工程有限公司,sources,swan.getSystemInfoSync,1
河北陕拓管道工程有限公司,sinks,swan.setStorage,1
河南坤霸科技有限公司,sources,swan.getExtConfigSync,10
河南坤霸科技有限公司,sources,swan.getStorageSync,2
河南坤霸科技有限公司,sinks,swan.request,12
河南日报报业集团有限公司,sources,swan.getSystemInfoSync,1
河南日报报业集团有限公司,sinks,swan.setStorage,1
河圣液压升降坝,sources,swan.getStorageSync,1
河圣液压升降坝,sources,swan.getExtConfig,10
河圣液压升降坝,sinks,swan.setStorageSync,1
河圣液压升降坝,sinks,swan.request,10
河圣液压坝,sources,swan.getStorageSync,1
河圣液压坝,sources,swan.getExtConfig,11
河圣液压坝,sinks,swan.setStorageSync,1
河圣液压坝,sinks,swan.request,11
沸的小助手,sources,swan.getSystemInfoSync,1
沸的小助手,sources,swan.getStorageSync,1
沸的小助手,sources,swan.getNetworkType,1
沸的小助手,sources,swan.getSystemInfo,1
沸的小助手,sinks,swan.setStorage,1
沸的小助手,sinks,swan.request,3
泉州尤胜抛丸机设备,sources,swan.getStorageSync,529
泉州尤胜抛丸机设备,sources,swan.getLocation,5
泉州尤胜抛丸机设备,sources,swan.input,38
泉州尤胜抛丸机设备,sources,swan.getStorage,1
泉州尤胜抛丸机设备,sources,swan.chooseImage,5
泉州尤胜抛丸机设备,sources,swan.getSystemInfoSync,4
泉州尤胜抛丸机设备,sinks,swan.request,560
泉州尤胜抛丸机设备,sinks,swan.removeStorageSync,4
泉州尤胜抛丸机设备,sinks,swan.setStorageSync,5
泉州尤胜抛丸机设备,sinks,swan.uploadFile,11
泉州尤胜抛丸机设备,sinks,swan.setStorage,2
泛亚温拌剂,sources,swan.getStorageSync,2
泛亚温拌剂,sinks,swan.setStorageSync,2
波斯红藏红花,sources,swan.getUserInfo,1
波斯红藏红花,sinks,swan.request,1
泰安搬家顺心搬家公司,sources,swan.input,1
泰安搬家顺心搬家公司,sources,swan.getExtConfig,5
泰安搬家顺心搬家公司,sinks,swan.request,6
洁海瑞泉废水脱氨,sources,swan.getExtConfig,25
洁海瑞泉废水脱氨,sinks,swan.request,25
洁海瑞泉氨氮废水,sources,swan.getExtConfig,33
洁海瑞泉氨氮废水,sinks,swan.request,33
洛阳前卫滑触线有限公司,sources,swan.getSystemInfoSync,1
洛阳前卫滑触线有限公司,sinks,swan.setStorage,1
派学车驾校报名指南,sources,swan.getStorageSync,5
派学车驾校报名指南,sources,swan.input,6
派学车驾校报名指南,sinks,swan.setStorage,1
派学车驾校报名指南,sinks,swan.request,10
济南万中电动扳手有限公司,sources,swan.getSystemInfoSync,1
济南万中电动扳手有限公司,sinks,swan.setStorage,1
济南佳梆数控设备有限公司,sources,swan.getSystemInfoSync,1
济南佳梆数控设备有限公司,sinks,swan.setStorage,1
济南玫澳经贸有限公司,sources,swan.getSystemInfoSync,1
济南玫澳经贸有限公司,sinks,swan.setStorage,1
济南立行学校,sources,swan.getSystemInfoSync,1
济南立行学校,sinks,swan.setStorage,1
济才小语种,sources,swan.getSystemInfoSync,1
济才小语种,sinks,swan.setStorage,1
济才小语种网校,sources,swan.getSystemInfoSync,1
济才小语种网校,sinks,swan.setStorage,1
浙伍爷企业管理杭州有限公司,sources,swan.getSystemInfoSync,1
浙伍爷企业管理杭州有限公司,sinks,swan.setStorage,1
浙江包氏铸造有限公司,sources,swan.getExtConfig,21
浙江包氏铸造有限公司,sources,swan.getStorageSync,1
浙江包氏铸造有限公司,sinks,swan.request,22
浙江国技互联信息技术有限公司,sources,swan.getSystemInfoSync,1
浙江国技互联信息技术有限公司,sinks,swan.setStorage,1
浙江外国语学院招生办,sources,swan.getSystemInfoSync,3
浙江外国语学院招生办,sources,swan.getStorageSync,8
浙江外国语学院招生办,sources,swan.getUserInfo,6
浙江外国语学院招生办,sources,swan.chooseImage,1
浙江外国语学院招生办,sources,swan.getStorage,1
浙江外国语学院招生办,sinks,swan.request,4
浙江外国语学院招生办,sinks,swan.setStorage,15
浙江微一案信息科技有限公司,sources,swan.getSystemInfoSync,1
浙江微一案信息科技有限公司,sinks,swan.setStorage,1
浙江揽盛通信科技有限公司,sources,swan.getSystemInfoSync,1
浙江揽盛通信科技有限公司,sinks,swan.setStorage,1
浙江浦江逢时水晶有限公司,sources,swan.getSystemInfoSync,1
浙江浦江逢时水晶有限公司,sinks,swan.setStorage,1
浙江般若资产管理有限公司,sources,swan.getSystemInfoSync,1
浙江般若资产管理有限公司,sinks,swan.setStorage,1
浦江亿盛石雕栏杆,sources,swan.getStorageSync,1
浦江亿盛石雕栏杆,sources,swan.getExtConfig,11
浦江亿盛石雕栏杆,sinks,swan.setStorageSync,1
浦江亿盛石雕栏杆,sinks,swan.request,11
浩明挤塑板,sources,swan.getStorageSync,1
浩明挤塑板,sources,swan.getExtConfig,10
浩明挤塑板,sinks,swan.setStorageSync,1
浩明挤塑板,sinks,swan.request,10
海宸刹车盘,sources,swan.getSystemInfo,2
海宸刹车盘,sources,swan.getUserInfo,2
海宸刹车盘,sources,swan.getStorageSync,2
海宸刹车盘,sinks,swan.request,5
海宸刹车盘,sinks,swan.setStorageSync,1
海报新闻,sources,swan.chooseVideo,1
海报新闻,sinks,swan.uploadFile,1
润潭钢格栅板厂家,sources,swan.getStorageSync,14
润潭钢格栅板厂家,sinks,swan.request,12
润潭钢格栅板厂家,sinks,swan.setStorageSync,2
涵忆柳贸易,sources,swan.getStorageSync,2
涵忆柳贸易,sinks,swan.setStorageSync,2
淄博佰乐堡酒店有限公司,sources,swan.getSystemInfoSync,1
淄博佰乐堡酒店有限公司,sinks,swan.setStorage,1
深圳市世纪黑豹防水工程有限公司,sources,swan.getSystemInfoSync,1
深圳市世纪黑豹防水工程有限公司,sinks,swan.setStorage,1
深圳市暗能量电源有限公司,sources,swan.getSystemInfoSync,1
深圳市暗能量电源有限公司,sinks,swan.setStorage,1
深圳市松堡王国家居有限公司,sources,swan.getSystemInfoSync,1
深圳市松堡王国家居有限公司,sinks,swan.setStorage,1
深圳市灵析网络科技有限公司,sources,swan.getSystemInfoSync,1
深圳市灵析网络科技有限公司,sinks,swan.setStorage,1
深圳市迅豹聚能科技有限公司,sources,swan.getSystemInfoSync,1
深圳市迅豹聚能科技有限公司,sinks,swan.setStorage,1
深圳市铁保宏泰保安服务有限公司,sources,swan.getSystemInfoSync,1
深圳市铁保宏泰保安服务有限公司,sinks,swan.setStorage,1
深圳瑞奇曼卡通人偶,sources,swan.input,2
深圳瑞奇曼卡通人偶,sinks,swan.request,2
深圳疤痕网络信息有限公司,sources,swan.getSystemInfoSync,1
深圳疤痕网络信息有限公司,sinks,swan.setStorage,1
渝北区三把刀市场营销策划服务部,sources,swan.getSystemInfoSync,1
渝北区三把刀市场营销策划服务部,sinks,swan.setStorage,1
游戏智囊拓展道具商城,sources,swan.getSystemInfoSync,1
游戏智囊拓展道具商城,sinks,swan.setStorage,1
湖北众旺智能刹车有限公司,sources,swan.getSystemInfoSync,1
湖北众旺智能刹车有限公司,sinks,swan.setStorage,1
湖北全越电缆沟电缆支架,sources,swan.getStorageSync,1
湖北全越电缆沟电缆支架,sources,swan.getExtConfig,20
湖北全越电缆沟电缆支架,sinks,swan.setStorageSync,1
湖北全越电缆沟电缆支架,sinks,swan.request,20
湖北名星全案装饰设计工程,sources,swan.getSystemInfoSync,1
湖北名星全案装饰设计工程,sinks,swan.setStorage,1
湖北广电报业有限责任公司,sources,swan.getSystemInfoSync,1
湖北广电报业有限责任公司,sinks,swan.setStorage,1
湖北省抗癌协会,sources,swan.getSystemInfoSync,1
湖北省抗癌协会,sinks,swan.setStorage,1
湖北长佰网络科技有限公司,sources,swan.getSystemInfoSync,1
湖北长佰网络科技有限公司,sinks,swan.setStorage,1
湖南末凡装饰设计有限公司,sources,swan.getSystemInfoSync,1
湖南末凡装饰设计有限公司,sinks,swan.setStorage,1
湖南长沙嗯加心理,sources,swan.getExtConfig,1
湖南长沙嗯加心理,sinks,swan.setClipboardData,1
漯河谢记驴肉,sources,swan.getExtConfigSync,10
漯河谢记驴肉,sources,swan.getStorageSync,1
漯河谢记驴肉,sinks,swan.request,11
澳丽丝涂料,sources,swan.getStorageSync,1
澳丽丝涂料,sources,swan.openSetting,1
澳丽丝涂料,sources,swan.input,2
澳丽丝涂料,sinks,swan.setStorageSync,1
澳丽丝涂料,sinks,swan.request,3
澳金公司注册进出口权办理,sources,swan.getExtConfig,33
澳金公司注册进出口权办理,sources,swan.getStorageSync,1
澳金公司注册进出口权办理,sinks,swan.request,34
澳金外贸会计培训,sources,swan.getStorageSync,2
澳金外贸会计培训,sources,swan.getExtConfig,13
澳金外贸会计培训,sinks,swan.setStorageSync,1
澳金外贸会计培训,sinks,swan.request,14
火龙宝,sources,swan.getStorageSync,1
火龙宝,sinks,swan.request,1
点点奥特曼大全,sources,swan.input,2
点点奥特曼大全,sources,swan.downloadFile,1
点点奥特曼大全,sinks,swan.request,2
点点奥特曼大全,sinks,swan.saveImageToPhotosAlbum,1
烟台埃漠花岗岩有限公司,sources,swan.getSystemInfoSync,1
烟台埃漠花岗岩有限公司,sinks,swan.setStorage,1
烽豹阀门制造有限公司,sources,swan.getSystemInfoSync,1
烽豹阀门制造有限公司,sinks,swan.setStorage,1
焙尔妈妈,sources,swan.getStorageSync,1
焙尔妈妈,sources,swan.getExtConfig,1
焙尔妈妈,sinks,swan.request,2
焦作市焦冷氨阀有限公司,sources,swan.getSystemInfoSync,1
焦作市焦冷氨阀有限公司,sinks,swan.setStorage,1
燃灯SEOVIP私塾班,sources,swan.getUserInfo,1
燃灯SEOVIP私塾班,sources,swan.getStorageSync,2
燃灯SEOVIP私塾班,sinks,swan.request,3
燕多多燕窝,sources,swan.getSystemInfoSync,1
燕多多燕窝,sinks,swan.setStorage,1
爱兔兔女仆,sources,swan.getStorageSync,1
爱兔兔女仆,sinks,swan.setStorageSync,1
爱卡汽车,sources,swan.getStorage,4
爱卡汽车,sources,swan.getImageInfo,2
爱卡汽车,sources,swan.chooseImage,3
爱卡汽车,sources,swan.getSystemInfoSync,4
爱卡汽车,sinks,swan.uploadFile,10
爱卡汽车,sinks,swan.setStorage,3
爱唯铜门,sources,swan.getStorageSync,2
爱唯铜门,sinks,swan.setStorageSync,2
爱多美,sources,swan.getStorageSync,2
爱多美,sinks,swan.setStorageSync,2
爱奢优品奢侈品回收,sources,swan.getUserInfo,1
爱奢优品奢侈品回收,sources,swan.getStorageSync,6
爱奢优品奢侈品回收,sinks,swan.request,7
爱她心坊,sources,swan.getStorageSync,2
爱她心坊,sinks,swan.setStorageSync,2
爱年骡队,sources,swan.getStorageSync,2
爱年骡队,sinks,swan.setStorageSync,2
爱摆摊,sources,swan.getStorageSync,3
爱摆摊,sources,swan.getLocation,1
爱摆摊,sources,swan.chooseImage,2
爱摆摊,sinks,swan.request,3
爱摆摊,sinks,swan.uploadFile,2
爱摆摊,sinks,swan.setStorage,1
爱森堡教育,sources,swan.getExtConfig,9
爱森堡教育,sinks,swan.request,9
爱生成,sources,swan.input,2
爱生成,sinks,swan.setClipboardData,2
爱站网,sources,swan.getStorageSync,8
爱站网,sources,swan.getUserInfo,1
爱站网,sinks,swan.setStorageSync,4
爱站网,sinks,swan.request,5
爱站网站排行榜,sources,swan.getStorageSync,2
爱站网站排行榜,sinks,swan.setStorageSync,2
爱语吧英语阅读,sources,swan.getStorageSync,20
爱语吧英语阅读,sources,swan.input,3
爱语吧英语阅读,sinks,swan.request,18
爱语吧英语阅读,sinks,swan.setStorageSync,4
爱语吧英语阅读,sinks,swan.uploadFile,1
爱醒空间,sources,swan.getExtConfig,1
爱醒空间,sinks,swan.setClipboardData,1
爱问办公,sources,swan.downloadFile,1
爱问办公,sources,swan.getStorageSync,1
爱问办公,sinks,swan.setStorageSync,1
爱问办公,sinks,swan.request,1
牛三签,sources,swan.getSystemInfoSync,1
牛三签,sinks,swan.setStorage,1
牛签签,sources,swan.getSystemInfoSync,1
牛签签,sinks,swan.setStorage,1
物流巴巴,sources,swan.getStorageSync,6
物流巴巴,sources,swan.input,4
物流巴巴,sources,swan.chooseImage,2
物流巴巴,sinks,swan.setStorageSync,6
物流巴巴,sinks,swan.request,4
物流巴巴,sinks,swan.uploadFile,2
特立欧成都地磅,sources,swan.input,1
特立欧成都地磅,sinks,swan.request,1
独角兽暴肌厨房旗舰店,sources,swan.getExtConfig,1
独角兽暴肌厨房旗舰店,sinks,swan.setClipboardData,1
猪易帮,sources,swan.getLocation,7
猪易帮,sources,swan.getStorageSync,16
猪易帮,sources,swan.input,1
猪易帮,sinks,swan.request,23
猪易帮,sinks,swan.setStorageSync,1
玖爱红色时尚名牌包,sources,swan.getStorageSync,1
玖爱红色时尚名牌包,sinks,swan.setStorageSync,1
玩吧之聚会神器,sources,swan.getStorageSync,1
玩吧之聚会神器,sinks,swan.setStorage,1
玩吧十二星座运势,sources,swan.getStorageSync,1
玩吧十二星座运势,sources,swan.downloadFile,1
玩吧十二星座运势,sinks,swan.setStorageSync,1
玩吧十二星座运势,sinks,swan.setStorage,1
玩吧猜歌装扮,sources,swan.getStorageSync,3
玩吧猜歌装扮,sinks,swan.setStorageSync,3
玫卿序,sources,swan.getSystemInfoSync,1
玫卿序,sinks,swan.setStorage,1
珠海诗琴汽保设备有限公司,sources,swan.getSystemInfoSync,1
珠海诗琴汽保设备有限公司,sinks,swan.setStorage,1
瑞恒食品斩拌机,sources,swan.getExtConfig,34
瑞恒食品斩拌机,sources,swan.getStorageSync,1
瑞恒食品斩拌机,sinks,swan.request,35
瓜子二手车,sources,swan.getLocation,2
瓜子二手车,sources,swan.getStorageSync,17
瓜子二手车,sources,swan.getStorage,1
瓜子二手车,sinks,swan.request,7
瓜子二手车,sinks,swan.setStorageSync,11
瓜子二手车,sinks,swan.setStorage,2
甩宝,sources,swan.getStorageSync,12
甩宝,sources,swan.input,56
甩宝,sources,swan.getExtConfig,1
甩宝,sinks,swan.setStorageSync,2
甩宝,sinks,swan.request,67
电动邦,sources,swan.getStorageSync,14
电动邦,sources,swan.getStorage,3
电动邦,sources,swan.getLocation,2
电动邦,sinks,swan.request,2
电动邦,sinks,swan.setStorage,3
电动邦,sinks,swan.setStorageSync,14
番茄效率时钟,sources,swan.getStorageSync,1
番茄效率时钟,sinks,swan.setStorageSync,1
白沟沟美甲店,sources,swan.getSystemInfoSync,1
白沟沟美甲店,sinks,swan.setStorage,1
白鲸鱼旧衣服回收,sources,swan.getStorage,140
白鲸鱼旧衣服回收,sources,swan.input,6
白鲸鱼旧衣服回收,sources,swan.chooseImage,5
白鲸鱼旧衣服回收,sinks,swan.request,146
白鲸鱼旧衣服回收,sinks,swan.uploadFile,5
百保君,sources,swan.getStorageSync,8
百保君,sinks,swan.setStorageSync,8
百修网,sources,swan.getLocation,122
百修网,sources,swan.getStorageSync,10
百修网,sources,swan.input,4
百修网,sinks,swan.request,135
百修网,sinks,swan.uploadFile,1
百合婚礼婚纱摄影在线预订,sources,swan.input,1
百合婚礼婚纱摄影在线预订,sources,swan.getStorageSync,1
百合婚礼婚纱摄影在线预订,sinks,swan.request,2
百呀百商城,sources,swan.getExtConfig,1
百呀百商城,sinks,swan.setClipboardData,1
百城e联,sources,swan.getStorageSync,88
百城e联,sources,swan.input,14
百城e联,sources,swan.chooseImage,10
百城e联,sinks,swan.setStorageSync,1
百城e联,sinks,swan.request,95
百城e联,sinks,swan.uploadFile,16
百姓网,sources,swan.getStorageSync,4
百姓网,sources,swan.getLocation,1
百姓网,sinks,swan.setStorageSync,2
百姓网,sinks,swan.request,3
百学习,sources,swan.getSystemInfoSync,1
百学习,sinks,swan.setStorage,1
百学号,sources,swan.getStorageSync,13
百学号,sinks,swan.setStorageSync,13
百帆假期,sources,swan.getSystemInfoSync,1
百帆假期,sinks,swan.setStorage,1
百度知道,sources,swan.getStorageSync,16
百度知道,sources,swan.getSystemInfoSync,5
百度知道,sinks,swan.setStorageSync,11
百度知道,sinks,swan.uploadFile,3
百度知道,sinks,swan.request,7
百度评估,sources,swan.getStorageSync,20
百度评估,sources,swan.getLocation,1
百度评估,sources,swan.input,3
百度评估,sinks,swan.request,23
百度评估,sinks,swan.uploadFile,1
百科矩阵,sources,swan.getSystemInfoSync,1
百科矩阵,sinks,swan.setStorage,1
百聘企业版,sources,swan.input,11
百聘企业版,sources,swan.getStorageSync,7
百聘企业版,sources,swan.chooseImage,1
百聘企业版,sources,swan.chooseVideo,1
百聘企业版,sinks,swan.setStorageSync,2
百聘企业版,sinks,swan.uploadFile,4
百聘企业版,sinks,swan.request,14
百车宝,sources,swan.getSystemInfoSync,1
百车宝,sinks,swan.setStorage,1
百阿腾网络,sources,swan.getSystemInfoSync,1
百阿腾网络,sinks,swan.setStorage,1
皑佑,sources,swan.getSystemInfoSync,1
皑佑,sinks,swan.setStorage,1
皖毅拜垫厂家,sources,swan.getStorageSync,1
皖毅拜垫厂家,sources,swan.getExtConfig,10
皖毅拜垫厂家,sinks,swan.setStorageSync,1
皖毅拜垫厂家,sinks,swan.request,10
皖毅拜垫批发,sources,swan.getStorageSync,1
皖毅拜垫批发,sources,swan.getExtConfig,10
皖毅拜垫批发,sinks,swan.setStorageSync,1
皖毅拜垫批发,sinks,swan.request,10
益保保险网,sources,swan.getSystemInfoSync,1
益保保险网,sinks,swan.setStorage,1
盛世健保,sources,swan.getStorageSync,2
盛世健保,sinks,swan.setStorageSync,2
盛世健保信息,sources,swan.getStorageSync,2
盛世健保信息,sinks,swan.setStorageSync,2
目页网络汽车救援拖车,sources,swan.getStorageSync,3
目页网络汽车救援拖车,sinks,swan.setStorageSync,2
目页网络汽车救援拖车,sinks,swan.request,1
相逢幸福蛋糕,sources,swan.getExtConfig,1
相逢幸福蛋糕,sinks,swan.setClipboardData,1
真越砧板,sources,swan.getStorageSync,2
真越砧板,sinks,swan.setStorageSync,2
石家庄今傲科技网站建站,sources,swan.getSystemInfo,1
石家庄今傲科技网站建站,sources,swan.chooseImage,1
石家庄今傲科技网站建站,sources,swan.getUserInfo,4
石家庄今傲科技网站建站,sources,swan.downloadFile,1
石家庄今傲科技网站建站,sinks,swan.setStorageSync,5
石家庄今傲科技网站建站,sinks,swan.uploadFile,1
石家庄今傲科技网站建站,sinks,swan.saveImageToPhotosAlbum,1
石家庄宝顺搬家公司,sources,swan.getStorageSync,2
石家庄宝顺搬家公司,sinks,swan.setStorageSync,2
码上挪车,sources,swan.chooseAddress,5
码上挪车,sources,swan.getLocation,7
码上挪车,sources,swan.downloadFile,1
码上挪车,sources,swan.input,4
码上挪车,sources,swan.chooseImage,1
码上挪车,sinks,swan.setStorageSync,3
码上挪车,sinks,swan.request,13
码上挪车,sinks,swan.saveImageToPhotosAlbum,1
码上挪车,sinks,swan.uploadFile,1
碧芭代理纸尿裤,sources,swan.getStorageSync,1
碧芭代理纸尿裤,sinks,swan.setStorageSync,1
碧通供水胶囊,sources,swan.getStorageSync,1
碧通供水胶囊,sinks,swan.request,1
福安康仙按摩器,sources,swan.getStorageSync,525
福安康仙按摩器,sources,swan.getLocation,4
福安康仙按摩器,sources,swan.input,38
福安康仙按摩器,sources,swan.getStorage,1
福安康仙按摩器,sources,swan.chooseImage,5
福安康仙按摩器,sources,swan.getSystemInfoSync,4
福安康仙按摩器,sinks,swan.request,555
福安康仙按摩器,sinks,swan.removeStorageSync,4
福安康仙按摩器,sinks,swan.setStorageSync,5
福安康仙按摩器,sinks,swan.uploadFile,11
福安康仙按摩器,sinks,swan.setStorage,2
福州兴丽防水补漏暗管漏水管检测,sources,swan.getStorageSync,2
福州兴丽防水补漏暗管漏水管检测,sinks,swan.setStorageSync,2
福建福涧酒水,sources,swan.getStorageSync,529
福建福涧酒水,sources,swan.getLocation,5
福建福涧酒水,sources,swan.input,38
福建福涧酒水,sources,swan.getStorage,1
福建福涧酒水,sources,swan.chooseImage,5
福建福涧酒水,sources,swan.getSystemInfoSync,4
福建福涧酒水,sinks,swan.request,560
福建福涧酒水,sinks,swan.removeStorageSync,4
福建福涧酒水,sinks,swan.setStorageSync,5
福建福涧酒水,sinks,swan.uploadFile,11
福建福涧酒水,sinks,swan.setStorage,2
禹函健康生活馆,sources,swan.getExtConfig,1
禹函健康生活馆,sinks,swan.setClipboardData,1
禽之源土鸡蛋,sources,swan.getStorage,1
禽之源土鸡蛋,sources,swan.input,2
禽之源土鸡蛋,sources,swan.downloadFile,3
禽之源土鸡蛋,sources,swan.chooseImage,6
禽之源土鸡蛋,sources,swan.getStorageSync,4
禽之源土鸡蛋,sinks,swan.setStorage,1
禽之源土鸡蛋,sinks,swan.request,4
禽之源土鸡蛋,sinks,swan.saveImageToPhotosAlbum,3
禽之源土鸡蛋,sinks,swan.uploadFile,4
禽之源土鸡蛋,sinks,swan.setStorageSync,4
秋叶网,sources,swan.getStorageSync,3
秋叶网,sinks,swan.request,3
秋悦甄选,sources,swan.getExtConfig,1
秋悦甄选,sinks,swan.setClipboardData,1
科展烟气脱白治理设备,sources,swan.getSystemInfo,2
科展烟气脱白治理设备,sources,swan.getUserInfo,2
科展烟气脱白治理设备,sources,swan.getStorageSync,2
科展烟气脱白治理设备,sinks,swan.request,5
科展烟气脱白治理设备,sinks,swan.setStorageSync,1
科技快讯网,sources,swan.getUserInfo,1
科技快讯网,sinks,swan.request,1
科海屏蔽泵,sources,swan.getExtConfig,23
科海屏蔽泵,sources,swan.getStorageSync,1
科海屏蔽泵,sinks,swan.request,24
科海液氨泵,sources,swan.getExtConfig,25
科海液氨泵,sources,swan.getStorageSync,1
科海液氨泵,sinks,swan.request,26
秒联挪车,sources,swan.getStorageSync,2
秒联挪车,sinks,swan.setStorageSync,1
秒联挪车,sinks,swan.setStorage,1
移宿空间,sources,swan.getSystemInfoSync,1
移宿空间,sinks,swan.setStorage,1
稻典五常大米合作社,sources,swan.getExtConfig,29
稻典五常大米合作社,sources,swan.input,1
稻典五常大米合作社,sources,swan.getStorageSync,1
稻典五常大米合作社,sinks,swan.request,31
稻夫草帘草支垫草袋草绳生产厂家,sources,swan.getSystemInfoSync,1
稻夫草帘草支垫草袋草绳生产厂家,sinks,swan.setStorage,1
站长之家CPU天梯图,sources,swan.input,1
站长之家CPU天梯图,sinks,swan.request,1
第一车网二手车,sources,swan.getLocation,2
第一车网二手车,sources,swan.getStorageSync,11
第一车网二手车,sources,swan.input,1
第一车网二手车,sinks,swan.request,3
第一车网二手车,sinks,swan.setStorageSync,11
答案解析网,sources,swan.getStorageSync,39
答案解析网,sources,swan.getUserInfo,2
答案解析网,sinks,swan.request,41
简伴智慧社区门禁系统,sources,swan.getStorageSync,1
简伴智慧社区门禁系统,sources,swan.getExtConfig,1
简伴智慧社区门禁系统,sinks,swan.request,2
篱笆街,sources,swan.getExtConfig,1
篱笆街,sinks,swan.setClipboardData,1
米马生活,sources,swan.getExtConfig,1
米马生活,sinks,swan.setClipboardData,1
精彩商标转让网,sources,swan.getStorageSync,41
精彩商标转让网,sinks,swan.request,41
索岸分切机,sources,swan.getStorageSync,1
索岸分切机,sources,swan.getExtConfig,10
索岸分切机,sinks,swan.setStorageSync,1
索岸分切机,sinks,swan.request,10
索岸涂布机,sources,swan.getStorageSync,1
索岸涂布机,sources,swan.getExtConfig,10
索岸涂布机,sinks,swan.setStorageSync,1
索岸涂布机,sinks,swan.request,10
紫皓洋葱干红批发,sources,swan.getStorageSync,1
紫皓洋葱干红批发,sources,swan.getExtConfig,10
紫皓洋葱干红批发,sinks,swan.setStorageSync,1
紫皓洋葱干红批发,sinks,swan.request,10
紫皓洋葱红酒,sources,swan.getStorageSync,1
紫皓洋葱红酒,sources,swan.getExtConfig,11
紫皓洋葱红酒,sinks,swan.setStorageSync,1
紫皓洋葱红酒,sinks,swan.request,11
紫皓洋葱红酒厂家,sources,swan.getStorageSync,1
紫皓洋葱红酒厂家,sources,swan.getExtConfig,10
紫皓洋葱红酒厂家,sinks,swan.setStorageSync,1
紫皓洋葱红酒厂家,sinks,swan.request,10
紫皓洋葱葡萄酒,sources,swan.getStorageSync,1
紫皓洋葱葡萄酒,sources,swan.getExtConfig,11
紫皓洋葱葡萄酒,sinks,swan.setStorageSync,1
紫皓洋葱葡萄酒,sinks,swan.request,11
红大汇诚,sources,swan.getStorageSync,99
红大汇诚,sources,swan.getExtConfig,1
红大汇诚,sources,swan.input,11
红大汇诚,sources,swan.chooseImage,1
红大汇诚,sinks,swan.request,109
红大汇诚,sinks,swan.setStorage,1
红大汇诚,sinks,swan.uploadFile,2
红掌柜,sources,swan.getSystemInfoSync,1
红掌柜,sinks,swan.setStorage,1
红珊瑚,sources,swan.getExtConfig,1
红珊瑚,sinks,swan.setClipboardData,1
绍兴鸿薄防腐木,sources,swan.getStorageSync,2
绍兴鸿薄防腐木,sinks,swan.setStorageSync,2
缩我短链接生成,sources,swan.downloadFile,1
缩我短链接生成,sources,swan.getStorage,1
缩我短链接生成,sinks,swan.saveImageToPhotosAlbum,1
缩我短链接生成,sinks,swan.request,1
罗田大别山薄刀峰旅游有限公司,sources,swan.getSystemInfoSync,1
罗田大别山薄刀峰旅游有限公司,sinks,swan.setStorage,1
美名腾宝宝起名,sources,swan.getStorageSync,13
美名腾宝宝起名,sources,swan.getSystemInfo,3
美名腾宝宝起名,sinks,swan.request,16
美物计商城,sources,swan.getExtConfig,1
美物计商城,sinks,swan.setClipboardData,1
翱云牧场,sources,swan.getExtConfig,1
翱云牧场,sinks,swan.setClipboardData,1
老抢旅行景点庄园,sources,swan.getStorageSync,1
老抢旅行景点庄园,sinks,swan.setStorageSync,1
耙多多,sources,swan.getExtConfig,1
耙多多,sinks,swan.setClipboardData,1
联贝财务,sources,swan.getStorageSync,8
联贝财务,sources,swan.downloadFile,1
联贝财务,sources,swan.input,1
联贝财务,sinks,swan.setStorageSync,6
联贝财务,sinks,swan.saveImageToPhotosAlbum,1
联贝财务,sinks,swan.request,3
聚丙烯酰胺pam赫龙厂家,sources,swan.getStorageSync,2
聚丙烯酰胺pam赫龙厂家,sinks,swan.setStorageSync,2
聚力报修管家,sources,swan.getStorage,12
聚力报修管家,sources,swan.input,6
聚力报修管家,sinks,swan.request,18
聚诚红叶石楠大杯,sources,swan.getStorageSync,1
聚诚红叶石楠大杯,sources,swan.getExtConfig,10
聚诚红叶石楠大杯,sinks,swan.setStorageSync,1
聚诚红叶石楠大杯,sinks,swan.request,10
育路中外合作办学硕士招生,sources,swan.getStorageSync,2
育路中外合作办学硕士招生,sources,swan.getStorage,2
育路中外合作办学硕士招生,sinks,swan.request,4
自然醒工程资料,sources,swan.getStorageSync,2
自然醒工程资料,sinks,swan.request,2
自然醒有图有真相,sources,swan.getStorageSync,2
自然醒有图有真相,sinks,swan.request,2
臻霸传奇,sources,swan.getStorageSync,2
臻霸传奇,sinks,swan.setStorageSync,2
航天地磅维修,sources,swan.getStorageSync,1
航天地磅维修,sources,swan.getExtConfig,10
航天地磅维修,sinks,swan.setStorageSync,1
航天地磅维修,sinks,swan.request,10
航天地磅软件,sources,swan.getStorageSync,1
航天地磅软件,sources,swan.getExtConfig,10
航天地磅软件,sinks,swan.setStorageSync,1
航天地磅软件,sinks,swan.request,10
航天电子地磅价格,sources,swan.getStorageSync,1
航天电子地磅价格,sources,swan.getExtConfig,10
航天电子地磅价格,sinks,swan.setStorageSync,1
航天电子地磅价格,sinks,swan.request,10
艺班科技天津有限公司,sources,swan.getStorageSync,3
艺班科技天津有限公司,sinks,swan.removeStorageSync,1
艺班科技天津有限公司,sinks,swan.request,1
艺班科技天津有限公司,sinks,swan.setStorageSync,1
艾多美,sources,swan.getStorageSync,2
艾多美,sinks,swan.setStorageSync,2
艾多美艾购,sources,swan.getStorageSync,2
艾多美艾购,sinks,swan.setStorageSync,2
芝麻白玉根,sources,swan.input,1
芝麻白玉根,sources,swan.getStorageSync,1
芝麻白玉根,sources,swan.getExtConfig,1
芝麻白玉根,sinks,swan.request,3
芬华名表名包回收,sources,swan.getStorageSync,1
芬华名表名包回收,sources,swan.getExtConfig,11
芬华名表名包回收,sinks,swan.setStorageSync,1
芬华名表名包回收,sinks,swan.request,11
芭夯,sources,swan.getSystemInfoSync,1
芭夯,sinks,swan.setStorage,1
芭辣塑身,sources,swan.getExtConfig,1
芭辣塑身,sinks,swan.setClipboardData,1
苏州神巴巴网络科技有限公司,sources,swan.getSystemInfoSync,1
苏州神巴巴网络科技有限公司,sinks,swan.setStorage,1
苏昆摆线减速机,sources,swan.getStorageSync,2
苏昆摆线减速机,sinks,swan.setStorageSync,2
苏燕定做红木家具坐垫,sources,swan.getStorageSync,1
苏燕定做红木家具坐垫,sources,swan.getExtConfig,10
苏燕定做红木家具坐垫,sinks,swan.setStorageSync,1
苏燕定做红木家具坐垫,sinks,swan.request,10
苏燕红木家具坐垫,sources,swan.getStorageSync,1
苏燕红木家具坐垫,sources,swan.getExtConfig,10
苏燕红木家具坐垫,sinks,swan.setStorageSync,1
苏燕红木家具坐垫,sinks,swan.request,10
苏燕红木沙发坐垫,sources,swan.getStorageSync,1
苏燕红木沙发坐垫,sources,swan.getExtConfig,10
苏燕红木沙发坐垫,sinks,swan.setStorageSync,1
苏燕红木沙发坐垫,sinks,swan.request,10
苏田净化板岩棉复合板,sources,swan.getStorageSync,1
苏田净化板岩棉复合板,sources,swan.getExtConfig,11
苏田净化板岩棉复合板,sinks,swan.setStorageSync,1
苏田净化板岩棉复合板,sinks,swan.request,11
荣保昌脱氨氮,sources,swan.getExtConfig,16
荣保昌脱氨氮,sources,swan.getStorageSync,1
荣保昌脱氨氮,sinks,swan.request,17
菲速科技,sources,swan.input,1
菲速科技,sources,swan.getStorageSync,1
菲速科技,sources,swan.getExtConfig,2
菲速科技,sinks,swan.setStorageSync,1
菲速科技,sinks,swan.request,3
萨满拔罐厂家,sources,swan.getStorageSync,1
萨满拔罐厂家,sources,swan.getExtConfig,15
萨满拔罐厂家,sinks,swan.setStorageSync,1
萨满拔罐厂家,sinks,swan.request,15
蓉尔桢魂动手表,sources,swan.getExtConfig,1
蓉尔桢魂动手表,sinks,swan.setClipboardData,1
薄荷部落,sources,swan.getExtConfig,1
薄荷部落,sinks,swan.setClipboardData,1
薪申邦天津涂料厂家,sources,swan.getStorageSync,2
薪申邦天津涂料厂家,sources,swan.getExtConfig,13
薪申邦天津涂料厂家,sinks,swan.setStorageSync,1
薪申邦天津涂料厂家,sinks,swan.request,14
蝴蝶游记,sources,swan.input,1
蝴蝶游记,sinks,swan.request,1
蝶变高考志愿,sources,swan.getStorageSync,9
蝶变高考志愿,sources,swan.input,1
蝶变高考志愿,sources,swan.getStorage,1
蝶变高考志愿,sinks,swan.setStorage,11
蝶莱环境,sources,swan.getExtConfig,1
蝶莱环境,sinks,swan.setClipboardData,1
融柏恒流泵,sources,swan.getSystemInfoSync,1
融柏恒流泵,sinks,swan.setStorage,1
衢州保信化工,sources,swan.getStorageSync,1
衢州保信化工,sources,swan.getExtConfig,10
衢州保信化工,sinks,swan.setStorageSync,1
衢州保信化工,sinks,swan.request,10
衣柜网,sources,swan.getStorageSync,1
衣柜网,sinks,swan.request,1
衣邦人,sources,swan.chooseAddress,1
衣邦人,sinks,swan.request,1
衫纺班服,sources,swan.getStorageSync,12
衫纺班服,sources,swan.input,56
衫纺班服,sources,swan.getExtConfig,1
衫纺班服,sinks,swan.setStorageSync,2
衫纺班服,sinks,swan.request,67
西北信息报社,sources,swan.getSystemInfoSync,1
西北信息报社,sinks,swan.setStorage,1
西安佳成钢格板厂家,sources,swan.getStorageSync,2
西安佳成钢格板厂家,sinks,swan.setStorageSync,2
西安白梦行教育科技有限公司,sources,swan.getSystemInfoSync,1
西安白梦行教育科技有限公司,sinks,swan.setStorage,1
西山著,sources,swan.getStorageSync,99
西山著,sources,swan.getExtConfig,4
西山著,sources,swan.input,11
西山著,sources,swan.chooseImage,1
西山著,sinks,swan.request,111
西山著,sinks,swan.setStorage,2
西山著,sinks,swan.uploadFile,2
视趣网,sources,swan.getStorageSync,7
视趣网,sources,swan.getUserInfo,1
视趣网,sinks,swan.uploadFile,1
视趣网,sinks,swan.request,7
触达信用卡申请分期借,sources,swan.input,1
触达信用卡申请分期借,sources,swan.getStorageSync,1
触达信用卡申请分期借,sources,swan.getExtConfig,1
触达信用卡申请分期借,sinks,swan.request,3
订真酒,sources,swan.getExtConfig,1
订真酒,sinks,swan.setClipboardData,1
词典网,sources,swan.input,10
词典网,sinks,swan.request,10
诸葛帮帮,sources,swan.getStorage,3
诸葛帮帮,sources,swan.getLocation,24
诸葛帮帮,sources,swan.getStorageSync,2
诸葛帮帮,sources,swan.input,4
诸葛帮帮,sinks,swan.request,7
诸葛帮帮,sinks,swan.setStorageSync,26
诺保科商贸上海有限公司,sources,swan.getSystemInfoSync,1
诺保科商贸上海有限公司,sinks,swan.setStorage,1
课普达汽车教学设备,sources,swan.getStorageSync,11
课普达汽车教学设备,sources,swan.getSystemInfoSync,1
课普达汽车教学设备,sources,swan.input,6
课普达汽车教学设备,sources,swan.chooseImage,4
课普达汽车教学设备,sinks,swan.request,16
课普达汽车教学设备,sinks,swan.setStorage,2
课普达汽车教学设备,sinks,swan.uploadFile,4
谢谢茶,sources,swan.getSystemInfoSync,1
谢谢茶,sources,swan.getStorageSync,4
谢谢茶,sources,swan.getLocation,2
谢谢茶,sources,swan.chooseImage,3
谢谢茶,sources,swan.input,1
谢谢茶,sources,swan.getImageInfo,1
谢谢茶,sinks,swan.setStorageSync,2
谢谢茶,sinks,swan.request,4
谢谢茶,sinks,swan.uploadFile,3
谢谢茶,sinks,swan.setStorage,2
谢谢茶,sinks,swan.saveImageToPhotosAlbum,1
豪鑫亿衣叉杆,sources,swan.getExtConfig,24
豪鑫亿衣叉杆,sinks,swan.request,24
贴吧,sources,swan.getSystemInfoSync,2
贴吧,sources,swan.chooseVideo,2
贴吧,sources,swan.chooseImage,1
贴吧,sources,swan.getStorageSync,2
贴吧,sinks,swan.setStorageSync,2
贴吧,sinks,swan.saveVideoToPhotosAlbum,1
贴吧,sinks,swan.uploadFile,2
贴吧,sinks,swan.request,2
贵州仁英赋工程咨询,sources,swan.getStorageSync,39
贵州仁英赋工程咨询,sources,swan.getLocation,1
贵州仁英赋工程咨询,sources,swan.input,15
贵州仁英赋工程咨询,sources,swan.chooseImage,6
贵州仁英赋工程咨询,sinks,swan.request,46
贵州仁英赋工程咨询,sinks,swan.setStorageSync,8
贵州仁英赋工程咨询,sinks,swan.uploadFile,7
贵州钧钧机电技术开发有限公司,sources,swan.getSystemInfoSync,1
贵州钧钧机电技术开发有限公司,sinks,swan.setStorage,1
贵菲蓉,sources,swan.getStorageSync,2
贵菲蓉,sinks,swan.setStorageSync,2
贸易宝,sources,swan.getStorageSync,14
贸易宝,sources,swan.input,6
贸易宝,sinks,swan.request,18
贸易宝,sinks,swan.uploadFile,2
资质宝,sources,swan.getExtConfig,1
资质宝,sinks,swan.setClipboardData,1
超鸿微晶板,sources,swan.getStorageSync,1
超鸿微晶板,sources,swan.getExtConfig,11
超鸿微晶板,sinks,swan.setStorageSync,1
超鸿微晶板,sinks,swan.request,11
超鸿高分子板,sources,swan.getExtConfig,22
超鸿高分子板,sinks,swan.request,22
越邦中央空调服务,sources,swan.getUserInfo,2
越邦中央空调服务,sinks,swan.request,2
越邦机电,sources,swan.getUserInfo,2
越邦机电,sinks,swan.request,2
跃联西安电信宽带办理,sources,swan.getUserInfo,1
跃联西安电信宽带办理,sources,swan.getStorageSync,16
跃联西安电信宽带办理,sinks,swan.request,15
跃联西安电信宽带办理,sinks,swan.setStorageSync,2
跳青,sources,swan.getSystemInfoSync,1
跳青,sinks,swan.setStorage,1
车300,sources,swan.input,3
车300,sources,swan.getStorageSync,5
车300,sinks,swan.request,3
车300,sinks,swan.setStorageSync,5
车主查养车省钱平台,sources,swan.getStorageSync,2
车主查养车省钱平台,sinks,swan.request,2
车开新二手车,sources,swan.getStorageSync,6
车开新二手车,sources,swan.input,2
车开新二手车,sinks,swan.setStorageSync,1
车开新二手车,sinks,swan.request,7
车点点,sources,swan.getLocation,1
车点点,sources,swan.getStorageSync,1
车点点,sources,swan.getStorage,3
车点点,sinks,swan.request,1
车点点,sinks,swan.setStorageSync,2
车点点,sinks,swan.setStorage,2
车评网,sources,swan.getStorageSync,1
车评网,sinks,swan.setStorageSync,1
车豪汽车快讯,sources,swan.getStorageSync,4
车豪汽车快讯,sinks,swan.setStorageSync,2
车豪汽车快讯,sinks,swan.request,2
车车查违章,sources,swan.chooseImage,2
车车查违章,sources,swan.compressImage,1
车车查违章,sources,swan.input,38
车车查违章,sources,swan.getStorageSync,2
车车查违章,sinks,swan.uploadFile,3
车车查违章,sinks,swan.request,20
车车查违章,sinks,swan.setStorage,1
车车查违章,sinks,swan.setStorageSync,19
车轮驾考通,sources,swan.getUserInfo,2
车轮驾考通,sources,swan.getStorageSync,33
车轮驾考通,sources,swan.getStorage,102
车轮驾考通,sources,swan.getLocation,3
车轮驾考通,sources,swan.input,2
车轮驾考通,sinks,swan.setStorageSync,1
车轮驾考通,sinks,swan.setStorage,128
车轮驾考通,sinks,swan.request,13
软饰美家家居,sources,swan.getSystemInfoSync,1
软饰美家家居,sinks,swan.setStorage,1
辉瑞泡沫镍泡沫铜,sources,swan.getStorageSync,2
辉瑞泡沫镍泡沫铜,sinks,swan.setStorageSync,2
辛夷疫情快报,sources,swan.getLocation,1
辛夷疫情快报,sinks,swan.request,1
辣木籽伊佰益联盟,sources,swan.input,1
辣木籽伊佰益联盟,sources,swan.getStorageSync,1
辣木籽伊佰益联盟,sources,swan.getExtConfig,1
辣木籽伊佰益联盟,sinks,swan.request,3
达维箱包,sources,swan.getStorageSync,2
达维箱包,sinks,swan.setStorageSync,2
远大弘元氨基酸半胱系列,sources,swan.getStorageSync,2
远大弘元氨基酸半胱系列,sources,swan.getExtConfig,13
远大弘元氨基酸半胱系列,sinks,swan.setStorageSync,1
远大弘元氨基酸半胱系列,sinks,swan.request,14
连城豸明源白鸭,sources,swan.getExtConfig,9
连城豸明源白鸭,sinks,swan.request,9
迪邦,sources,swan.getSystemInfoSync,1
迪邦,sinks,swan.setStorage,1
通河县新稻路水稻农民专业合作社,sources,swan.getSystemInfoSync,1
通河县新稻路水稻农民专业合作社,sinks,swan.setStorage,1
逛心疆,sources,swan.getExtConfig,1
逛心疆,sinks,swan.setClipboardData,1
逛街啦时尚型录,sources,swan.getStorageSync,2
逛街啦时尚型录,sinks,swan.request,2
邦唐邦北京知识产权服务有限公司,sources,swan.getSystemInfoSync,1
邦唐邦北京知识产权服务有限公司,sinks,swan.setStorage,1
邯郸飞龙开锁换锁按装指纹锁,sources,swan.getStorageSync,2
邯郸飞龙开锁换锁按装指纹锁,sinks,swan.setStorageSync,2
郑州容大科技股份有限公司,sources,swan.getSystemInfoSync,1
郑州容大科技股份有限公司,sinks,swan.setStorage,1
郑州舍末信息科技有限公司,sources,swan.getSystemInfoSync,1
郑州舍末信息科技有限公司,sinks,swan.setStorage,1
都美科电磁屏蔽材料,sources,swan.getStorageSync,1
都美科电磁屏蔽材料,sources,swan.getExtConfig,11
都美科电磁屏蔽材料,sinks,swan.setStorageSync,1
都美科电磁屏蔽材料,sinks,swan.request,11
酷多科技,sources,swan.getSystemInfoSync,1
酷多科技,sinks,swan.setStorage,1
重庆三峡银行股份有限公司,sources,swan.getSystemInfoSync,1
重庆三峡银行股份有限公司,sinks,swan.setStorage,1
重庆义门白家商业管理有限公司,sources,swan.getSystemInfoSync,1
重庆义门白家商业管理有限公司,sinks,swan.setStorage,1
重庆微客巴巴信息技术,sources,swan.getSystemInfoSync,1
重庆微客巴巴信息技术,sinks,swan.setStorage,1
重庆房保宝,sources,swan.getSystemInfoSync,1
重庆房保宝,sinks,swan.setStorage,1
重庆故月惜文化创意有限责任公司,sources,swan.getSystemInfoSync,1
重庆故月惜文化创意有限责任公司,sinks,swan.setStorage,1
重庆有容工业有限公司,sources,swan.getSystemInfoSync,1
重庆有容工业有限公司,sinks,swan.setStorage,1
重庆神龙峡旅游开发有限公司,sources,swan.getSystemInfoSync,1
重庆神龙峡旅游开发有限公司,sinks,swan.setStorage,1
重庆赛宁特衡器,sources,swan.getStorageSync,3
重庆赛宁特衡器,sinks,swan.setStorageSync,2
重庆赛宁特衡器,sinks,swan.request,1
金佰泡沫,sources,swan.getStorageSync,31
金佰泡沫,sinks,swan.request,31
金力车载式绿篱修剪机绿化修剪车,sources,swan.getStorageSync,1
金力车载式绿篱修剪机绿化修剪车,sources,swan.getExtConfig,11
金力车载式绿篱修剪机绿化修剪车,sinks,swan.setStorageSync,1
金力车载式绿篱修剪机绿化修剪车,sinks,swan.request,11
金圆食品机械,sources,swan.getStorageSync,19
金圆食品机械,sinks,swan.request,19
金拍档GPARTNER,sources,swan.getExtConfig,1
金拍档GPARTNER,sinks,swan.setClipboardData,1
金榜题名北京科技有限公司,sources,swan.getSystemInfoSync,1
金榜题名北京科技有限公司,sinks,swan.setStorage,1
金科阳极板机,sources,swan.getStorageSync,4
金科阳极板机,sinks,swan.request,2
金科阳极板机,sinks,swan.setStorageSync,2
金纬塑料片板膜设备,sources,swan.input,3
金纬塑料片板膜设备,sinks,swan.request,3
金远纳税申报代办,sources,swan.getStorageSync,1
金远纳税申报代办,sources,swan.getExtConfig,10
金远纳税申报代办,sinks,swan.setStorageSync,1
金远纳税申报代办,sinks,swan.request,10
金鸣文字识别免费版,sources,swan.getStorageSync,2
金鸣文字识别免费版,sources,swan.chooseImage,1
金鸣文字识别免费版,sinks,swan.setStorageSync,1
金鸣文字识别免费版,sinks,swan.uploadFile,1
金鸣文字识别免费版,sinks,swan.setClipboardData,1
鑫建华移动伸缩雨棚,sources,swan.input,3
鑫建华移动伸缩雨棚,sinks,swan.request,3
鑫茂玻璃钢格栅板,sources,swan.input,1
鑫茂玻璃钢格栅板,sources,swan.getStorageSync,1
鑫茂玻璃钢格栅板,sources,swan.getExtConfig,1
鑫茂玻璃钢格栅板,sinks,swan.request,3
钧享堂,sources,swan.getStorageSync,3
钧享堂,sinks,swan.setStorageSync,2
钧享堂,sinks,swan.request,1
钧发冶金,sources,swan.getStorageSync,1
钧发冶金,sources,swan.getExtConfig,11
钧发冶金,sinks,swan.setStorageSync,1
钧发冶金,sinks,swan.request,11
铁行机票火车票汽车票,sources,swan.getLocation,1
铁行机票火车票汽车票,sinks,swan.setStorage,1
铭新存钢材制造专家,sources,swan.getStorageSync,1
铭新存钢材制造专家,sources,swan.getExtConfig,10
铭新存钢材制造专家,sinks,swan.setStorageSync,1
铭新存钢材制造专家,sinks,swan.request,10
镇安镇通农业平台,sources,swan.getStorageSync,101
镇安镇通农业平台,sources,swan.getLocation,4
镇安镇通农业平台,sources,swan.input,41
镇安镇通农业平台,sources,swan.getStorage,1
镇安镇通农业平台,sources,swan.chooseImage,5
镇安镇通农业平台,sources,swan.getSystemInfoSync,4
镇安镇通农业平台,sinks,swan.request,139
镇安镇通农业平台,sinks,swan.removeStorageSync,4
镇安镇通农业平台,sinks,swan.setStorageSync,5
镇安镇通农业平台,sinks,swan.uploadFile,6
镇安镇通农业平台,sinks,swan.setStorage,2
长信鸿诚,sources,swan.getStorageSync,1
长信鸿诚,sources,swan.getExtConfig,1
长信鸿诚,sinks,swan.request,2
闽瑞祥拉森钢板桩,sources,swan.getExtConfig,9
闽瑞祥拉森钢板桩,sinks,swan.request,9
阅品万年历,sources,swan.getLocation,4
阅品万年历,sinks,swan.setStorageSync,2
阅品万年历,sinks,swan.request,2
阅品小工具,sources,swan.getLocation,2
阅品小工具,sources,swan.input,1
阅品小工具,sources,swan.chooseImage,10
阅品小工具,sources,swan.downloadFile,11
阅品小工具,sinks,swan.setStorageSync,2
阅品小工具,sinks,swan.setClipboardData,3
阅品小工具,sinks,swan.uploadFile,8
阅品小工具,sinks,swan.saveImageToPhotosAlbum,11
防雹网,sources,swan.getStorageSync,2
防雹网,sinks,swan.setStorageSync,2
阳光tpu爆米花,sources,swan.getStorageSync,1
阳光tpu爆米花,sources,swan.getExtConfig,11
阳光tpu爆米花,sinks,swan.setStorageSync,1
阳光tpu爆米花,sinks,swan.request,11
阳澄榜,sources,swan.input,1
阳澄榜,sinks,swan.request,1
阿日善商贸,sources,swan.getExtConfig,1
阿日善商贸,sinks,swan.setClipboardData,1
阿沙姆甩脂机,sources,swan.getStorageSync,4
阿沙姆甩脂机,sinks,swan.setStorageSync,2
阿沙姆甩脂机,sinks,swan.request,2
陕企邦,sources,swan.getSystemInfoSync,1
陕企邦,sinks,swan.setStorage,1
陕蒙情土特产工厂店,sources,swan.getExtConfig,1
陕蒙情土特产工厂店,sinks,swan.setClipboardData,1
雅淳花卉绿植租摆,sources,swan.getExtConfig,19
雅淳花卉绿植租摆,sinks,swan.request,19
雨果网跨境电商,sources,swan.getImageInfo,1
雨果网跨境电商,sources,swan.getStorageSync,1
雨果网跨境电商,sinks,swan.saveImageToPhotosAlbum,1
雨果网跨境电商,sinks,swan.request,1
青岛索引翱申教育服务有限公司,sources,swan.getSystemInfoSync,1
青岛索引翱申教育服务有限公司,sinks,swan.setStorage,1
青岛财经日报有限责任公司,sources,swan.getSystemInfoSync,1
青岛财经日报有限责任公司,sinks,swan.setStorage,1
青州黄楼永利矿沙筛沙水洗设备,sources,swan.getExtConfig,33
青州黄楼永利矿沙筛沙水洗设备,sources,swan.getStorageSync,1
青州黄楼永利矿沙筛沙水洗设备,sinks,swan.request,34
青州黄楼永利矿沙筛沙洗沙机械,sources,swan.getStorageSync,1
青州黄楼永利矿沙筛沙洗沙机械,sources,swan.getExtConfig,18
青州黄楼永利矿沙筛沙洗沙机械,sinks,swan.setStorageSync,1
青州黄楼永利矿沙筛沙洗沙机械,sinks,swan.request,18
青希消防,sources,swan.getSystemInfoSync,1
青希消防,sinks,swan.setStorage,1
靖邦线路板,sources,swan.getStorageSync,2
靖邦线路板,sinks,swan.setStorageSync,2
顺义搬家军友搬家公司,sources,swan.getStorageSync,2
顺义搬家军友搬家公司,sinks,swan.setStorageSync,2
领克汽车,sources,swan.getLocation,2
领克汽车,sources,swan.input,6
领克汽车,sinks,swan.request,8
飞唯网络,sources,swan.getUserInfo,1
飞唯网络,sources,swan.getStorageSync,14
飞唯网络,sinks,swan.request,13
飞唯网络,sinks,swan.setStorageSync,2
飞啊HS编码查询,sources,swan.getUserInfo,1
飞啊HS编码查询,sinks,swan.request,1
飞常准查航班,sources,swan.getUserInfo,1
飞常准查航班,sources,swan.openSetting,1
飞常准查航班,sources,swan.getLocation,1
飞常准查航班,sources,swan.getStorageSync,10
飞常准查航班,sources,swan.input,2
飞常准查航班,sinks,swan.setStorageSync,2
飞常准查航班,sinks,swan.request,9
飞常准查航班,sinks,swan.setStorage,4
首冠FRR教学中心,sources,swan.getSystemInfoSync,1
首冠FRR教学中心,sinks,swan.setStorage,1
首客首享,sources,swan.input,8
首客首享,sources,swan.getStorageSync,4
首客首享,sources,swan.getLocation,1
首客首享,sources,swan.downloadFile,1
首客首享,sources,swan.getFileInfo,1
首客首享,sinks,swan.setStorageSync,2
首客首享,sinks,swan.setStorage,10
首客首享,sinks,swan.request,2
首客首享,sinks,swan.saveFile,1
首码项目,sources,swan.getSystemInfoSync,1
首码项目,sinks,swan.setStorage,1
驾便利,sources,swan.input,4
驾便利,sinks,swan.request,4
驾小鱼恒哥,sources,swan.getSystemInfoSync,1
驾小鱼恒哥,sinks,swan.setStorage,1
驾考宝典,sources,swan.getStorageSync,94
驾考宝典,sources,swan.input,5
驾考宝典,sources,swan.getLocation,2
驾考宝典,sinks,swan.request,54
驾考宝典,sinks,swan.setStorageSync,47
鲍锦记纸包鱼加盟,sources,swan.getExtConfig,23
鲍锦记纸包鱼加盟,sources,swan.getStorageSync,1
鲍锦记纸包鱼加盟,sinks,swan.request,24
鲨鱼皮汽车凹陷玻璃修复,sources,swan.getSystemInfoSync,1
鲨鱼皮汽车凹陷玻璃修复,sinks,swan.setStorage,1
鸣让寻狗启事,sources,swan.getStorageSync,1
鸣让寻狗启事,sinks,swan.uploadFile,1
鹰纳陶瓷,sources,swan.getExtConfig,1
鹰纳陶瓷,sinks,swan.setClipboardData,1
鼎鸿淡水石斑鱼,sources,swan.getStorageSync,1
鼎鸿淡水石斑鱼,sources,swan.getExtConfig,10
鼎鸿淡水石斑鱼,sinks,swan.setStorageSync,1
鼎鸿淡水石斑鱼,sinks,swan.request,10
鼎鸿石斑鱼,sources,swan.getStorageSync,1
鼎鸿石斑鱼,sources,swan.getExtConfig,10
鼎鸿石斑鱼,sinks,swan.setStorageSync,1
鼎鸿石斑鱼,sinks,swan.request,10
齐车大圣,sources,swan.getStorageSync,2
齐车大圣,sources,swan.input,21
齐车大圣,sources,swan.chooseImage,6
齐车大圣,sinks,swan.setStorage,2
齐车大圣,sinks,swan.request,21
齐车大圣,sinks,swan.uploadFile,6
齐车大圣罚单缴费,sources,swan.getStorageSync,4
齐车大圣罚单缴费,sources,swan.input,25
齐车大圣罚单缴费,sources,swan.chooseImage,10
齐车大圣罚单缴费,sinks,swan.setStorage,4
齐车大圣罚单缴费,sinks,swan.request,25
齐车大圣罚单缴费,sinks,swan.uploadFile,10
齐车大圣违章缴费,sources,swan.getStorageSync,2
齐车大圣违章缴费,sources,swan.input,20
齐车大圣违章缴费,sources,swan.chooseImage,6
齐车大圣违章缴费,sinks,swan.setStorage,2
齐车大圣违章缴费,sinks,swan.request,20
齐车大圣违章缴费,sinks,swan.uploadFile,6
齐车大圣驾考题库,sources,swan.input,12
齐车大圣驾考题库,sources,swan.chooseImage,1
齐车大圣驾考题库,sinks,swan.request,12
齐车大圣驾考题库,sinks,swan.uploadFile,1
龙港凹印制版,sources,swan.getStorageSync,1
龙港凹印制版,sources,swan.getExtConfig,10
龙港凹印制版,sinks,swan.setStorageSync,1
龙港凹印制版,sinks,swan.request,10
龙潭大峡谷一键智能游,sources,swan.getSystemInfoSync,8
龙潭大峡谷一键智能游,sinks,swan.request,8
龙瑞pe板,sources,swan.getStorageSync,1
龙瑞pe板,sources,swan.getExtConfig,20
龙瑞pe板,sinks,swan.setStorageSync,1
龙瑞pe板,sinks,swan.request,20
龙瑞超高分子量聚乙烯板,sources,swan.getExtConfig,16
龙瑞超高分子量聚乙烯板,sinks,swan.request,16
0025网址导航,sources,swan.getStorageSync,2
0025网址导航,sinks,swan.setStorageSync,2
0UatFSw7G3Gd214O42gVKH0EbOBHvfwT,sources,swan.input,18
0UatFSw7G3Gd214O42gVKH0EbOBHvfwT,sources,swan.getStorageSync,14
0UatFSw7G3Gd214O42gVKH0EbOBHvfwT,sources,swan.getSystemInfo,1
0UatFSw7G3Gd214O42gVKH0EbOBHvfwT,sinks,swan.request,31
0UatFSw7G3Gd214O42gVKH0EbOBHvfwT,sinks,swan.setStorageSync,2
12315,sources,swan.input,104
12315,sources,swan.getStorageSync,96
12315,sources,swan.chooseImage,6
12315,sinks,swan.request,87
12315,sinks,swan.uploadFile,18
12315,sinks,swan.setStorageSync,100
12315,sinks,swan.sendSocketMessage,1
1对1海口三亚租车公司,sources,swan.getStorageSync,2
1对1海口三亚租车公司,sinks,swan.setStorageSync,2
4TrbvGF7B80hXb98xWGX3IhaTsRGthxT,sources,swan.getSystemInfo,1
4TrbvGF7B80hXb98xWGX3IhaTsRGthxT,sources,swan.getStorageSync,14
4TrbvGF7B80hXb98xWGX3IhaTsRGthxT,sinks,swan.request,14
4TrbvGF7B80hXb98xWGX3IhaTsRGthxT,sinks,swan.setStorageSync,1
6090UV打印机,sources,swan.getStorageSync,2
6090UV打印机,sinks,swan.setStorageSync,2
832云仓,sources,swan.getExtConfig,1
832云仓,sinks,swan.setClipboardData,1
A9骨传导蓝牙耳机,sources,swan.getExtConfig,1
A9骨传导蓝牙耳机,sinks,swan.setClipboardData,1
BASF反渗透RO膜,sources,swan.getExtConfig,11
BASF反渗透RO膜,sinks,swan.request,11
BASF反渗透滤芯,sources,swan.getExtConfig,11
BASF反渗透滤芯,sinks,swan.request,11
BASF反渗透膜,sources,swan.getExtConfig,10
BASF反渗透膜,sinks,swan.request,10
BASF反渗透膜厂家,sources,swan.getExtConfig,10
BASF反渗透膜厂家,sinks,swan.request,10
BASF反渗透膜工厂,sources,swan.getExtConfig,11
BASF反渗透膜工厂,sinks,swan.request,11
BASF反渗透膜方程,sources,swan.getExtConfig,11
BASF反渗透膜方程,sinks,swan.request,11
BASF工业反渗透RO膜,sources,swan.getExtConfig,11
BASF工业反渗透RO膜,sinks,swan.request,11
COFFEEGAGA咖啡鸭,sources,swan.getStorageSync,5
COFFEEGAGA咖啡鸭,sources,swan.chooseImage,1
COFFEEGAGA咖啡鸭,sources,swan.getStorageInfo,1
COFFEEGAGA咖啡鸭,sinks,swan.uploadFile,2
COFFEEGAGA咖啡鸭,sinks,swan.request,4
COFFEEGAGA咖啡鸭,sinks,swan.removeStorageSync,1
Eazycolor车身改色膜,sources,swan.getStorageSync,12
Eazycolor车身改色膜,sources,swan.input,56
Eazycolor车身改色膜,sources,swan.getExtConfig,1
Eazycolor车身改色膜,sinks,swan.setStorageSync,2
Eazycolor车身改色膜,sinks,swan.request,67
EOP钢琴谱五线谱双手简谱PDF等,sources,swan.getStorageSync,24
EOP钢琴谱五线谱双手简谱PDF等,sources,swan.input,4
EOP钢琴谱五线谱双手简谱PDF等,sinks,swan.setStorageSync,7
EOP钢琴谱五线谱双手简谱PDF等,sinks,swan.request,21
ESSEC管理咨询北京代表处,sources,swan.getSystemInfoSync,1
ESSEC管理咨询北京代表处,sinks,swan.setStorage,1
FGp9quFa45LknZns7fPySoHgybNPgvM3,sources,swan.getUserInfo,8
FGp9quFa45LknZns7fPySoHgybNPgvM3,sources,swan.getLocation,8
FGp9quFa45LknZns7fPySoHgybNPgvM3,sinks,swan.request,16
FX168财经日历,sources,swan.getStorageSync,1
FX168财经日历,sinks,swan.setStorageSync,1
G58mH87xCd6yEyG2a65lU1Ht44HSjNLi,sources,swan.getSystemInfo,1
G58mH87xCd6yEyG2a65lU1Ht44HSjNLi,sources,swan.getStorageSync,14
G58mH87xCd6yEyG2a65lU1Ht44HSjNLi,sinks,swan.request,14
G58mH87xCd6yEyG2a65lU1Ht44HSjNLi,sinks,swan.setStorageSync,1
GcrDM7T6YTLEfQlHvAVY06COnw713xzl,sources,swan.input,18
GcrDM7T6YTLEfQlHvAVY06COnw713xzl,sources,swan.getSystemInfo,1
GcrDM7T6YTLEfQlHvAVY06COnw713xzl,sources,swan.getStorageSync,14
GcrDM7T6YTLEfQlHvAVY06COnw713xzl,sinks,swan.request,31
GcrDM7T6YTLEfQlHvAVY06COnw713xzl,sinks,swan.setStorageSync,2
GidbxGjMhcXQsHbhL7KHyLm2qWim65ct,sources,swan.getSystemInfo,1
GidbxGjMhcXQsHbhL7KHyLm2qWim65ct,sinks,swan.request,1
G宝盆咖啡模板,sources,swan.getExtConfig,11
G宝盆咖啡模板,sinks,swan.request,11
JoMaloneLondon祖玛珑商城,sources,swan.getStorageSync,1
JoMaloneLondon祖玛珑商城,sources,swan.downloadFile,1
JoMaloneLondon祖玛珑商城,sinks,swan.setStorageSync,1
JoMaloneLondon祖玛珑商城,sinks,swan.saveImageToPhotosAlbum,1
KKABCиӢұиҜӯзҝ»иҜ‘жҹҘиҜҚ,sources,swan.getStorage,13
KKABCиӢұиҜӯзҝ»иҜ‘жҹҘиҜҚ,sources,swan.getStorageSync,1
KKABCиӢұиҜӯзҝ»иҜ‘жҹҘиҜҚ,sources,swan.input,2
KKABCиӢұиҜӯзҝ»иҜ‘жҹҘиҜҚ,sources,swan.chooseImage,1
KKABCиӢұиҜӯзҝ»иҜ‘жҹҘиҜҚ,sources,swan.getUserInfo,1
KKABCиӢұиҜӯзҝ»иҜ‘жҹҘиҜҚ,sinks,swan.request,17
KKABCиӢұиҜӯзҝ»иҜ‘жҹҘиҜҚ,sinks,swan.uploadFile,1
MOGO摩高美缝砖家,sources,swan.getSystemInfoSync,1
MOGO摩高美缝砖家,sinks,swan.setStorage,1
NB直线导轨,sources,swan.getSystemInfoSync,1
NB直线导轨,sinks,swan.setStorage,1
NIANPET念宠,sources,swan.getStorageSync,2
NIANPET念宠,sinks,swan.setStorageSync,2
NPM光触媒资讯平台,sources,swan.getStorageSync,2
NPM光触媒资讯平台,sinks,swan.setStorageSync,2
PSA制氮机派格机械,sources,swan.getSystemInfoSync,1
PSA制氮机派格机械,sources,swan.getStorageSync,7
PSA制氮机派格机械,sources,swan.chooseImage,3
PSA制氮机派格机械,sources,swan.getLocation,1
PSA制氮机派格机械,sources,swan.input,1
PSA制氮机派格机械,sources,swan.getImageInfo,1
PSA制氮机派格机械,sinks,swan.setStorageSync,5
PSA制氮机派格机械,sinks,swan.uploadFile,3
PSA制氮机派格机械,sinks,swan.request,3
PSA制氮机派格机械,sinks,swan.setStorage,2
PSA制氮机派格机械,sinks,swan.saveImageToPhotosAlbum,1
R7NENdkQIKzRrrPGgFZ6xCVhycN1ThSP,sources,swan.getStorageSync,2
R7NENdkQIKzRrrPGgFZ6xCVhycN1ThSP,sources,swan.getLocation,1
R7NENdkQIKzRrrPGgFZ6xCVhycN1ThSP,sinks,swan.request,3
SegmentFault思否,sources,swan.getStorageSync,1
SegmentFault思否,sinks,swan.request,1
slG2zWaXGI47Wm2ekHkFjo7Ty7WXmjKt,sources,swan.chooseImage,3
slG2zWaXGI47Wm2ekHkFjo7Ty7WXmjKt,sources,swan.getLocation,4
slG2zWaXGI47Wm2ekHkFjo7Ty7WXmjKt,sources,swan.getStorageSync,2
slG2zWaXGI47Wm2ekHkFjo7Ty7WXmjKt,sinks,swan.uploadFile,3
slG2zWaXGI47Wm2ekHkFjo7Ty7WXmjKt,sinks,swan.request,6
StarJee森肽基负离子生成机,sources,swan.getLocation,1
StarJee森肽基负离子生成机,sinks,swan.setStorage,1
TVS光师傅投影灯,sources,swan.getUserInfo,2
TVS光师傅投影灯,sinks,swan.request,2
WRO问题肌肤专家,sources,swan.getExtConfig,1
WRO问题肌肤专家,sinks,swan.setClipboardData,1
ZOL护眼灯报价,sources,swan.getUserInfo,1
ZOL护眼灯报价,sources,swan.getLocation,3
ZOL护眼灯报价,sources,swan.openSetting,1
ZOL护眼灯报价,sinks,swan.request,5
ÕøøÕĘØµćÆĶÖ½ÕøĮķÖģµŚģĶĪīńżŠµ£ēķÖÉÕģ¼ÕÅĖ,sources,swan.getSystemInfoSync,1
ÕøøÕĘØµćÆĶÖ½ÕøĮķÖģµŚģĶĪīńżŠµ£ēķÖÉÕģ¼ÕÅĖ,sinks,swan.setStorage,1
ķāŁÕĖłÕéģµ£łķź╝Õ║Ś,sources,swan.getStorageSync,6
ķāŁÕĖłÕéģµ£łķź╝Õ║Ś,sources,swan.getSystemInfoSync,1
ķāŁÕĖłÕéģµ£łķź╝Õ║Ś,sources,swan.input,5
ķāŁÕĖłÕéģµ£łķź╝Õ║Ś,sources,swan.chooseImage,2
ķāŁÕĖłÕéģµ£łķź╝Õ║Ś,sinks,swan.request,11
ķāŁÕĖłÕéģµ£łķź╝Õ║Ś,sinks,swan.setStorage,1
ķāŁÕĖłÕéģµ£łķź╝Õ║Ś,sinks,swan.uploadFile,2
еҸӨиҜ—иҜҚзҪ‘,sources,swan.getStorage,48
еҸӨиҜ—иҜҚзҪ‘,sinks,swan.request,48
丛生娜塔栎,sources,swan.getStorageSync,2
丛生娜塔栎,sinks,swan.setStorageSync,2
丛生河桦,sources,swan.getStorageSync,2
丛生河桦,sinks,swan.setStorageSync,2
东儿品牌活动中心,sources,swan.getSystemInfoSync,1
东儿品牌活动中心,sinks,swan.setStorage,1
东南大学附属中大医院,sources,swan.getSystemInfoSync,15
东南大学附属中大医院,sources,swan.getStorageSync,177
东南大学附属中大医院,sources,swan.input,30
东南大学附属中大医院,sources,swan.downloadFile,1
东南大学附属中大医院,sinks,swan.setStorageSync,3
东南大学附属中大医院,sinks,swan.request,218
东南大学附属中大医院,sinks,swan.uploadFile,1
东南大学附属中大医院,sinks,swan.saveFile,1
东庚吨包卸料设备,sources,swan.getStorageSync,2
东庚吨包卸料设备,sources,swan.input,1
东庚吨包卸料设备,sinks,swan.setStorageSync,1
东庚吨包卸料设备,sinks,swan.request,2
东新科技,sources,swan.getExtConfig,1
东新科技,sinks,swan.setClipboardData,1
东方云宠,sources,swan.getExtConfig,1
东方云宠,sinks,swan.setClipboardData,1
东福,sources,swan.getSystemInfoSync,1
东福,sinks,swan.setStorage,1
东莞市典华电脑刺绣有限公司,sources,swan.getSystemInfoSync,1
东莞市典华电脑刺绣有限公司,sinks,swan.setStorage,1
东莞市勇敢真男孩服饰有限公司,sources,swan.getSystemInfoSync,1
东莞市勇敢真男孩服饰有限公司,sinks,swan.setStorage,1
东莞市弗锐斯实业有限公司,sources,swan.getSystemInfoSync,1
东莞市弗锐斯实业有限公司,sinks,swan.setStorage,1
东莞市愿者上钩餐饮管理有限公司,sources,swan.getSystemInfoSync,1
东莞市愿者上钩餐饮管理有限公司,sinks,swan.setStorage,1
东莞市甘沐机电设备有限公司,sources,swan.getSystemInfoSync,1
东莞市甘沐机电设备有限公司,sinks,swan.setStorage,1
东莞市金和虫害防治有限公司,sources,swan.getSystemInfoSync,1
东莞市金和虫害防治有限公司,sinks,swan.setStorage,1
东莞康思海水淡化处理科技,sources,swan.getSystemInfoSync,1
东莞康思海水淡化处理科技,sinks,swan.setStorage,1
东莞樟城锁业五金开锁店,sources,swan.getSystemInfoSync,1
东莞樟城锁业五金开锁店,sinks,swan.setStorage,1
东莞远帆空压机小型储气罐,sources,swan.getExtConfig,25
东莞远帆空压机小型储气罐,sources,swan.getStorageSync,1
东莞远帆空压机小型储气罐,sinks,swan.request,26
东营市帆都工贸有限公司,sources,swan.getSystemInfoSync,1
东营市帆都工贸有限公司,sinks,swan.setStorage,1
东讯集团,sources,swan.getSystemInfoSync,1
东讯集团,sinks,swan.setStorage,1
东迈硬齿面减速机,sources,swan.getExtConfig,25
东迈硬齿面减速机,sinks,swan.request,25
丰优精选,sources,swan.getExtConfig,1
丰优精选,sinks,swan.setClipboardData,1
丰吉斗地主,sources,swan.getStorageSync,3
丰吉斗地主,sinks,swan.setStorageSync,1
丰吉斗地主,sinks,swan.request,2
丰顺卓记锁业,sources,swan.getSystemInfoSync,1
丰顺卓记锁业,sinks,swan.setStorage,1
丹菲尔,sources,swan.getSystemInfoSync,1
丹菲尔,sinks,swan.setStorage,1
丹隆生态,sources,swan.getSystemInfo,1
丹隆生态,sources,swan.chooseImage,1
丹隆生态,sources,swan.getUserInfo,4
丹隆生态,sources,swan.downloadFile,1
丹隆生态,sinks,swan.setStorageSync,5
丹隆生态,sinks,swan.uploadFile,1
丹隆生态,sinks,swan.saveImageToPhotosAlbum,1
二邻二依,sources,swan.getExtConfig,1
二邻二依,sinks,swan.setClipboardData,1
互盾恢复大师,sources,swan.getSystemInfo,2
互盾恢复大师,sinks,swan.request,2
互盾数据恢复,sources,swan.getStorageSync,3
互盾数据恢复,sinks,swan.setStorageSync,2
互盾数据恢复,sinks,swan.request,1
从创,sources,swan.getSystemInfoSync,1
从创,sinks,swan.setStorage,1
付支贝宝,sources,swan.getStorageSync,2
付支贝宝,sinks,swan.setStorageSync,2
伏安交通标志牌,sources,swan.getStorageSync,1
伏安交通标志牌,sources,swan.getExtConfig,1
伏安交通标志牌,sinks,swan.request,2
伏安交通照明,sources,swan.getStorageSync,1
伏安交通照明,sources,swan.getExtConfig,1
伏安交通照明,sinks,swan.request,2
伏安八角杆,sources,swan.getStorageSync,1
伏安八角杆,sources,swan.getExtConfig,1
伏安八角杆,sinks,swan.request,2
伏安监控杆,sources,swan.getStorageSync,1
伏安监控杆,sources,swan.getExtConfig,1
伏安监控杆,sinks,swan.request,2
伏安高速龙门架,sources,swan.getStorageSync,1
伏安高速龙门架,sources,swan.getExtConfig,1
伏安高速龙门架,sinks,swan.request,2
伏能士智能设备上海有限公司,sources,swan.getSystemInfoSync,1
伏能士智能设备上海有限公司,sinks,swan.setStorage,1
传志塑料袋,sources,swan.getExtConfig,14
传志塑料袋,sinks,swan.request,14
低卡博士,sources,swan.getExtConfig,1
低卡博士,sinks,swan.setClipboardData,1
佛山市威廉顿陶瓷有限公司,sources,swan.getSystemInfoSync,1
佛山市威廉顿陶瓷有限公司,sinks,swan.setStorage,1
佛山市狄姆斯五金制品有限公司,sources,swan.getSystemInfoSync,1
佛山市狄姆斯五金制品有限公司,sinks,swan.setStorage,1
佛山市蝶昇信息科技有限公司,sources,swan.getSystemInfoSync,1
佛山市蝶昇信息科技有限公司,sinks,swan.setStorage,1
佛山市顺德区厨派厨具有限公司,sources,swan.getSystemInfoSync,1
佛山市顺德区厨派厨具有限公司,sinks,swan.setStorage,1
佛山市顺德区精弗斯数控车床制造,sources,swan.getSystemInfoSync,1
佛山市顺德区精弗斯数控车床制造,sinks,swan.setStorage,1
佛山方天家居科技有限公司,sources,swan.getSystemInfoSync,1
佛山方天家居科技有限公司,sinks,swan.setStorage,1
佛山西窗门窗科技有限公司,sources,swan.getSystemInfoSync,1
佛山西窗门窗科技有限公司,sinks,swan.setStorage,1
佛斯特高端家装管道,sources,swan.getStorageSync,25
佛斯特高端家装管道,sources,swan.getExtConfigSync,50
佛斯特高端家装管道,sinks,swan.request,75
佛滔占卜算卦,sources,swan.getUserInfo,1
佛滔占卜算卦,sources,swan.getStorage,6
佛滔占卜算卦,sinks,swan.request,7
佰君青蛙养殖网,sources,swan.getStorageSync,2
佰君青蛙养殖网,sinks,swan.setStorageSync,2
佰肤语BauEar,sources,swan.getSystemInfoSync,1
佰肤语BauEar,sinks,swan.setStorage,1
供应网,sources,swan.getStorage,7
供应网,sources,swan.getExtConfig,12
供应网,sinks,swan.request,18
供应网,sinks,swan.setStorage,1
俄圈品牌名片,sources,swan.getSystemInfoSync,1
俄圈品牌名片,sinks,swan.setStorage,1
保定神速开锁配钥匙,sources,swan.getStorageSync,2
保定神速开锁配钥匙,sinks,swan.setStorageSync,2
保时达典帆,sources,swan.getLocation,4
保时达典帆,sinks,swan.request,4
保时达适分,sources,swan.getLocation,2
保时达适分,sinks,swan.request,2
傅利叶智能线上商城,sources,swan.getExtConfig,1
傅利叶智能线上商城,sinks,swan.setClipboardData,1
儿歌点点,sources,swan.getStorageSync,2
儿歌点点,sources,swan.getUserInfo,2
儿歌点点,sources,swan.getNetworkType,1
儿歌点点,sinks,swan.setStorage,2
儿歌点点,sinks,swan.setStorageSync,2
儿歌点点,sinks,swan.request,1
党史E路学,sources,swan.getStorageSync,3
党史E路学,sinks,swan.setStorageSync,3
党爽催乳饮,sources,swan.getStorageSync,1
党爽催乳饮,sources,swan.getExtConfig,28
党爽催乳饮,sinks,swan.setStorageSync,1
党爽催乳饮,sinks,swan.request,28
八分之三茶研所,sources,swan.getSystemInfoSync,1
八分之三茶研所,sinks,swan.setStorage,1
八大锤卤蛋厂家,sources,swan.getExtConfig,25
八大锤卤蛋厂家,sources,swan.getStorageSync,1
八大锤卤蛋厂家,sinks,swan.request,26
八大锤鹌鹑蛋厂家,sources,swan.getExtConfig,25
八大锤鹌鹑蛋厂家,sources,swan.getStorageSync,1
八大锤鹌鹑蛋厂家,sinks,swan.request,26
八盾法务,sources,swan.getExtConfig,1
八盾法务,sinks,swan.setClipboardData,1
公文阁,sources,swan.getStorageSync,13
公文阁,sinks,swan.setStorageSync,13
典帆出行,sources,swan.getLocation,4
典帆出行,sinks,swan.request,4
典豪防腐木长廊,sources,swan.getExtConfig,24
典豪防腐木长廊,sinks,swan.request,24
冯天表业,sources,swan.getExtConfig,1
冯天表业,sinks,swan.setClipboardData,1
凡千珠宝,sources,swan.getStorageSync,527
凡千珠宝,sources,swan.getLocation,4
凡千珠宝,sources,swan.input,38
凡千珠宝,sources,swan.getStorage,1
凡千珠宝,sources,swan.chooseImage,5
凡千珠宝,sources,swan.getSystemInfoSync,4
凡千珠宝,sinks,swan.request,557
凡千珠宝,sinks,swan.removeStorageSync,4
凡千珠宝,sinks,swan.setStorageSync,5
凡千珠宝,sinks,swan.uploadFile,11
凡千珠宝,sinks,swan.setStorage,2
凤来仪,sources,swan.getUserInfo,2
凤来仪,sources,swan.getExtConfigSync,103
凤来仪,sources,swan.getStorageSync,7
凤来仪,sources,swan.input,4
凤来仪,sources,swan.chooseAddress,1
凤来仪,sources,swan.getImageInfo,2
凤来仪,sinks,swan.request,115
凤来仪,sinks,swan.saveImageToPhotosAlbum,2
凤来仪,sinks,swan.uploadFile,2
出国留学网,sources,swan.getStorageSync,1
出国留学网,sinks,swan.request,1
出国网,sources,swan.getStorageSync,12
出国网,sources,swan.input,56
出国网,sources,swan.getExtConfig,1
出国网,sinks,swan.setStorageSync,2
出国网,sinks,swan.request,67
刀客源码,sources,swan.getStorageSync,2
刀客源码,sinks,swan.setStorageSync,2
刀锋商行,sources,swan.getStorage,1
刀锋商行,sources,swan.chooseImage,4
刀锋商行,sources,swan.downloadFile,2
刀锋商行,sources,swan.getStorageSync,4
刀锋商行,sinks,swan.setStorage,1
刀锋商行,sinks,swan.uploadFile,4
刀锋商行,sinks,swan.saveImageToPhotosAlbum,2
刀锋商行,sinks,swan.setStorageSync,4
分毫计算器,sources,swan.input,1
分毫计算器,sinks,swan.setClipboardData,1
创为环境,sources,swan.getStorageSync,27
创为环境,sources,swan.getSystemInfoSync,1
创为环境,sources,swan.input,12
创为环境,sources,swan.getStorage,5
创为环境,sources,swan.getLocation,1
创为环境,sources,swan.chooseImage,1
创为环境,sinks,swan.request,42
创为环境,sinks,swan.setStorageSync,4
创为环境,sinks,swan.uploadFile,1
创兴甲醇钠乙醇钠,sources,swan.input,1
创兴甲醇钠乙醇钠,sources,swan.getStorageSync,1
创兴甲醇钠乙醇钠,sources,swan.getExtConfig,1
创兴甲醇钠乙醇钠,sinks,swan.request,3
创印象童装尾货批发,sources,swan.input,3
创印象童装尾货批发,sinks,swan.request,3
创新麦饭石不粘锅,sources,swan.getStorageSync,1
创新麦饭石不粘锅,sources,swan.getExtConfig,11
创新麦饭石不粘锅,sinks,swan.setStorageSync,1
创新麦饭石不粘锅,sinks,swan.request,11
创时尚美缝剂,sources,swan.input,1
创时尚美缝剂,sources,swan.getStorageSync,1
创时尚美缝剂,sources,swan.getExtConfig,1
创时尚美缝剂,sinks,swan.request,3
创极科技,sources,swan.getSystemInfoSync,1
创极科技,sinks,swan.setStorage,1
创络,sources,swan.getSystemInfoSync,1
创络,sinks,swan.setStorage,1
创能防水防腐,sources,swan.getStorageSync,1
创能防水防腐,sources,swan.getExtConfig,20
创能防水防腐,sinks,swan.setStorageSync,1
创能防水防腐,sinks,swan.request,20
创能防腐保温,sources,swan.getStorageSync,1
创能防腐保温,sources,swan.getExtConfig,11
创能防腐保温,sinks,swan.setStorageSync,1
创能防腐保温,sinks,swan.request,11
创能防腐保温工程,sources,swan.getStorageSync,1
创能防腐保温工程,sources,swan.getExtConfig,11
创能防腐保温工程,sinks,swan.setStorageSync,1
创能防腐保温工程,sinks,swan.request,11
初乐相册,sources,swan.getStorageSync,1
初乐相册,sinks,swan.setStorageSync,1
初因子,sources,swan.getStorageSync,2
初因子,sinks,swan.setStorageSync,2
初翼教育哈尔滨ui设计培训,sources,swan.getSystemInfoSync,1
初翼教育哈尔滨ui设计培训,sinks,swan.setStorage,1
初翼教育哈尔滨UI设计培训机构,sources,swan.getExtConfig,1
初翼教育哈尔滨UI设计培训机构,sinks,swan.setClipboardData,1
到喜啦,sources,swan.getSystemInfoSync,1
到喜啦,sinks,swan.setStorage,1
到家客家庭服务,sources,swan.getSystemInfoSync,1
到家客家庭服务,sinks,swan.setStorage,1
刺舍商贸,sources,swan.getStorageSync,2
刺舍商贸,sinks,swan.setStorageSync,2
功道讲堂,sources,swan.getExtConfig,1
功道讲堂,sinks,swan.setClipboardData,1
北京一只船教育科技有限公司,sources,swan.getSystemInfoSync,1
北京一只船教育科技有限公司,sinks,swan.setStorage,1
北京一担粮酒庄有限公司,sources,swan.getSystemInfoSync,1
北京一担粮酒庄有限公司,sinks,swan.setStorage,1
北京东鼎伟业催化燃烧,sources,swan.getStorageSync,2
北京东鼎伟业催化燃烧,sources,swan.getExtConfig,13
北京东鼎伟业催化燃烧,sinks,swan.setStorageSync,1
北京东鼎伟业催化燃烧,sinks,swan.request,14
北京云视兄弟文化传媒有限公司,sources,swan.getSystemInfoSync,1
北京云视兄弟文化传媒有限公司,sinks,swan.setStorage,1
北京分分钟信息技术有限公司,sources,swan.getSystemInfoSync,1
北京分分钟信息技术有限公司,sinks,swan.setStorage,1
北京创意坊科技有限公司,sources,swan.getSystemInfoSync,1
北京创意坊科技有限公司,sinks,swan.setStorage,1
北京初速度科技有限公司,sources,swan.getSystemInfoSync,1
北京初速度科技有限公司,sinks,swan.setStorage,1
北京复阅科技有限公司,sources,swan.getSystemInfoSync,1
北京复阅科技有限公司,sinks,swan.setStorage,1
北京大易文化传媒有限公司,sources,swan.getSystemInfoSync,1
北京大易文化传媒有限公司,sinks,swan.setStorage,1
北京宏途赶考教育科技有限公司,sources,swan.getSystemInfoSync,1
北京宏途赶考教育科技有限公司,sinks,swan.setStorage,1
北京定荣家科技有限公司,sources,swan.getSystemInfoSync,1
北京定荣家科技有限公司,sinks,swan.setStorage,1
北京寝夜思床上用品,sources,swan.getStorageSync,1
北京寝夜思床上用品,sinks,swan.setStorageSync,1
北京崇雨网络技术有限公司,sources,swan.getSystemInfoSync,1
北京崇雨网络技术有限公司,sinks,swan.setStorage,1
北京市圣大律师事务所,sources,swan.getSystemInfoSync,1
北京市圣大律师事务所,sinks,swan.setStorage,1
北京广而告之网讯传媒有限公司,sources,swan.getSystemInfoSync,1
北京广而告之网讯传媒有限公司,sinks,swan.setStorage,1
北京弗罗美教育科技有限公司,sources,swan.getSystemInfoSync,1
北京弗罗美教育科技有限公司,sinks,swan.setStorage,1
北京弛信安网络科技有限公司,sources,swan.getSystemInfoSync,1
北京弛信安网络科技有限公司,sinks,swan.setStorage,1
北京捷足先登教育科技有限公司,sources,swan.getSystemInfoSync,1
北京捷足先登教育科技有限公司,sinks,swan.setStorage,1
北京方盒子图灵优视科技有限公司,sources,swan.getSystemInfoSync,1
北京方盒子图灵优视科技有限公司,sinks,swan.setStorage,1
北京昊艺轩,sources,swan.getStorageSync,1
北京昊艺轩,sources,swan.getExtConfig,1
北京昊艺轩,sinks,swan.request,2
北京易丛文化传播有限公司,sources,swan.getSystemInfoSync,1
北京易丛文化传播有限公司,sinks,swan.setStorage,1
北京易村客农业科技有限公司,sources,swan.getSystemInfoSync,1
北京易村客农业科技有限公司,sinks,swan.setStorage,1
北京朗仕特安全监察设备,sources,swan.getExtConfig,23
北京朗仕特安全监察设备,sinks,swan.request,23
北京梦美,sources,swan.getSystemInfoSync,1
北京梦美,sinks,swan.setStorage,1
北京欧仕顿电器有限公司,sources,swan.getSystemInfoSync,1
北京欧仕顿电器有限公司,sinks,swan.setStorage,1
北京每日一淘共享科技有限公司,sources,swan.getSystemInfoSync,1
北京每日一淘共享科技有限公司,sinks,swan.setStorage,1
北京王匙燃气灶维修,sources,swan.input,1
北京王匙燃气灶维修,sources,swan.getStorageSync,1
北京王匙燃气灶维修,sources,swan.getExtConfig,1
北京王匙燃气灶维修,sinks,swan.request,3
北京网动网络科技股份有限公司,sources,swan.getSystemInfoSync,1
北京网动网络科技股份有限公司,sinks,swan.setStorage,1
北京轻松筹网络科技有限公司,sources,swan.getSystemInfoSync,1
北京轻松筹网络科技有限公司,sinks,swan.setStorage,1
北工翅片换热器,sources,swan.getExtConfig,24
北工翅片换热器,sources,swan.getStorageSync,1
北工翅片换热器,sinks,swan.request,25
北极信息港,sources,swan.getStorageSync,14
北极信息港,sources,swan.input,6
北极信息港,sinks,swan.request,18
北极信息港,sinks,swan.uploadFile,2
华人影视孵化器有限公司,sources,swan.getSystemInfoSync,1
华人影视孵化器有限公司,sinks,swan.setStorage,1
华动智能云,sources,swan.getLocation,6
华动智能云,sources,swan.chooseImage,6
华动智能云,sources,swan.chooseAddress,4
华动智能云,sources,swan.input,18
华动智能云,sources,swan.getStorage,1
华动智能云,sinks,swan.setStorage,4
华动智能云,sinks,swan.uploadFile,2
华动智能云,sinks,swan.request,29
华动网站建设,sources,swan.getLocation,6
华动网站建设,sources,swan.chooseImage,6
华动网站建设,sources,swan.chooseAddress,4
华动网站建设,sources,swan.input,18
华动网站建设,sources,swan.getStorage,1
华动网站建设,sinks,swan.setStorage,4
华动网站建设,sinks,swan.uploadFile,2
华动网站建设,sinks,swan.request,29
华域康源室内除甲醛,sources,swan.getStorage,1
华域康源室内除甲醛,sources,swan.chooseImage,4
华域康源室内除甲醛,sources,swan.downloadFile,2
华域康源室内除甲醛,sources,swan.getStorageSync,4
华域康源室内除甲醛,sinks,swan.setStorage,1
华域康源室内除甲醛,sinks,swan.uploadFile,4
华域康源室内除甲醛,sinks,swan.saveImageToPhotosAlbum,2
华域康源室内除甲醛,sinks,swan.setStorageSync,4
华尔华蒂臻享,sources,swan.getExtConfig,1
华尔华蒂臻享,sinks,swan.setClipboardData,1
华海钢管调直机,sources,swan.getUserInfo,2
华海钢管调直机,sources,swan.getLocation,3
华海钢管调直机,sources,swan.chooseImage,2
华海钢管调直机,sources,swan.chooseAddress,3
华海钢管调直机,sources,swan.input,10
华海钢管调直机,sources,swan.getSystemInfoSync,1
华海钢管调直机,sources,swan.getStorageSync,6
华海钢管调直机,sinks,swan.request,22
华海钢管调直机,sinks,swan.uploadFile,2
华海钢管调直机,sinks,swan.setStorageSync,3
华环化工醋酸钠厂家,sources,swan.input,3
华环化工醋酸钠厂家,sinks,swan.request,3
华盛铭大型对辊破碎机,sources,swan.getStorageSync,1
华盛铭大型对辊破碎机,sources,swan.getExtConfig,10
华盛铭大型对辊破碎机,sinks,swan.setStorageSync,1
华盛铭大型对辊破碎机,sinks,swan.request,10
华盛铭对辊破碎机,sources,swan.getStorageSync,1
华盛铭对辊破碎机,sources,swan.getExtConfig,11
华盛铭对辊破碎机,sinks,swan.setStorageSync,1
华盛铭对辊破碎机,sinks,swan.request,11
华鑫峰,sources,swan.getSystemInfoSync,1
华鑫峰,sinks,swan.setStorage,1
华风气象传媒集团有限责任公司,sources,swan.getSystemInfoSync,1
华风气象传媒集团有限责任公司,sinks,swan.setStorage,1
博洛尼橱柜,sources,swan.getStorageSync,4
博洛尼橱柜,sources,swan.getSystemInfo,1
博洛尼橱柜,sinks,swan.request,5
博航电子商品防盗,sources,swan.getStorage,1
博航电子商品防盗,sources,swan.input,2
博航电子商品防盗,sources,swan.downloadFile,3
博航电子商品防盗,sources,swan.chooseImage,6
博航电子商品防盗,sources,swan.getStorageSync,4
博航电子商品防盗,sinks,swan.setStorage,1
博航电子商品防盗,sinks,swan.request,4
博航电子商品防盗,sinks,swan.saveImageToPhotosAlbum,3
博航电子商品防盗,sinks,swan.uploadFile,4
博航电子商品防盗,sinks,swan.setStorageSync,4
发稿猫,sources,swan.getExtConfig,1
发稿猫,sinks,swan.setClipboardData,1
叠禄马上海仓储有限公司,sources,swan.getSystemInfoSync,1
叠禄马上海仓储有限公司,sinks,swan.setStorage,1
叮了咣当,sources,swan.getExtConfig,1
叮了咣当,sinks,swan.setClipboardData,1
叮咚上门,sources,swan.getStorageSync,2
叮咚上门,sinks,swan.setStorageSync,2
叮咚附近上门电脑维修,sources,swan.getLocation,1
叮咚附近上门电脑维修,sinks,swan.request,1
叮当到家,sources,swan.input,11
叮当到家,sources,swan.getStorageSync,33
叮当到家,sources,swan.downloadFile,1
叮当到家,sinks,swan.request,44
叮当到家,sinks,swan.saveFile,1
叮当牛旗舰店,sources,swan.getExtConfig,1
叮当牛旗舰店,sinks,swan.setClipboardData,1
合肥三次元智能家居有限责任公司,sources,swan.getSystemInfoSync,1
合肥三次元智能家居有限责任公司,sinks,swan.setStorage,1
合肥市第二人民医院,sources,swan.input,1
合肥市第二人民医院,sources,swan.getStorageSync,27
合肥市第二人民医院,sources,swan.getSystemInfoSync,1
合肥市第二人民医院,sinks,swan.request,28
合肥市第二人民医院,sinks,swan.setStorageSync,1
合肥爱上宠物行业平台,sources,swan.getStorageSync,529
合肥爱上宠物行业平台,sources,swan.getLocation,5
合肥爱上宠物行业平台,sources,swan.input,38
合肥爱上宠物行业平台,sources,swan.getStorage,1
合肥爱上宠物行业平台,sources,swan.chooseImage,5
合肥爱上宠物行业平台,sources,swan.getSystemInfoSync,4
合肥爱上宠物行业平台,sinks,swan.request,560
合肥爱上宠物行业平台,sinks,swan.removeStorageSync,4
合肥爱上宠物行业平台,sinks,swan.setStorageSync,5
合肥爱上宠物行业平台,sinks,swan.uploadFile,11
合肥爱上宠物行业平台,sinks,swan.setStorage,2
合肥芳林信息技术有限公司,sources,swan.getSystemInfoSync,1
合肥芳林信息技术有限公司,sinks,swan.setStorage,1
合肥风聘网络科技有限公司,sources,swan.getSystemInfoSync,1
合肥风聘网络科技有限公司,sinks,swan.setStorage,1
呆头鹅恋爱聊天话术宝典,sources,swan.getStorageSync,2
呆头鹅恋爱聊天话术宝典,sinks,swan.setStorageSync,2
呼和浩特市金锤子装饰装潢,sources,swan.getSystemInfoSync,1
呼和浩特市金锤子装饰装潢,sinks,swan.setStorage,1
和鼎美食创业资讯,sources,swan.input,4
和鼎美食创业资讯,sinks,swan.request,4
咕咕驴,sources,swan.getStorageSync,1
咕咕驴,sinks,swan.setStorageSync,1
咕噜小匠,sources,swan.getExtConfig,1
咕噜小匠,sinks,swan.setClipboardData,1
咕噜联盟,sources,swan.getStorageSync,2
咕噜联盟,sinks,swan.setStorageSync,2
哆拉密发,sources,swan.getExtConfig,1
哆拉密发,sinks,swan.setClipboardData,1
哈尔滨众诚玻璃钢防腐,sources,swan.getStorageSync,2
哈尔滨众诚玻璃钢防腐,sinks,swan.setStorageSync,2
哈尔滨华其皮草染色改款专家,sources,swan.getStorageSync,2
哈尔滨华其皮草染色改款专家,sinks,swan.setStorageSync,2
哈尔滨启明塑钢门窗断桥铝门窗,sources,swan.getStorageSync,2
哈尔滨启明塑钢门窗断桥铝门窗,sinks,swan.setStorageSync,2
哈尔滨壹久婚庆用品,sources,swan.input,1
哈尔滨壹久婚庆用品,sources,swan.getStorageSync,1
哈尔滨壹久婚庆用品,sources,swan.getExtConfig,1
哈尔滨壹久婚庆用品,sinks,swan.request,3
哈尔滨新视野牌匾制作党建宣传栏,sources,swan.getStorageSync,2
哈尔滨新视野牌匾制作党建宣传栏,sinks,swan.setStorageSync,2
哈尔滨构镜铝艺大门围栏扶手厂家,sources,swan.getStorageSync,2
哈尔滨构镜铝艺大门围栏扶手厂家,sinks,swan.setStorageSync,2
哈尔滨艳辉鹅雏孵化场,sources,swan.getStorageSync,2
哈尔滨艳辉鹅雏孵化场,sinks,swan.setStorageSync,2
哈尔滨路达PC仿石砖厂,sources,swan.getStorageSync,2
哈尔滨路达PC仿石砖厂,sinks,swan.setStorageSync,2
哈尔滨钰豪居铝塑铝铝包木断桥铝,sources,swan.getStorageSync,2
哈尔滨钰豪居铝塑铝铝包木断桥铝,sinks,swan.setStorageSync,2
哥瓦弟玉陶瓷鉴定,sources,swan.getStorageSync,2
哥瓦弟玉陶瓷鉴定,sinks,swan.setStorageSync,2
嗨走乡村,sources,swan.getStorageSync,215
嗨走乡村,sources,swan.chooseImage,3
嗨走乡村,sinks,swan.request,182
嗨走乡村,sinks,swan.setStorageSync,2
嗨走乡村,sinks,swan.uploadFile,33
嗨走乡村,sinks,swan.setStorage,1
国亨双组份聚硫密封胶,sources,swan.input,1
国亨双组份聚硫密封胶,sources,swan.getStorageSync,1
国亨双组份聚硫密封胶,sources,swan.getExtConfig,1
国亨双组份聚硫密封胶,sinks,swan.request,3
国务院客户端,sources,swan.downloadFile,1
国务院客户端,sources,swan.getUserInfo,2
国务院客户端,sources,swan.getStorage,1
国务院客户端,sources,swan.getStorageSync,7
国务院客户端,sources,swan.getSystemInfoSync,2
国务院客户端,sources,swan.getSystemInfo,1
国务院客户端,sinks,swan.saveImageToPhotosAlbum,1
国务院客户端,sinks,swan.setStorageSync,5
国务院客户端,sinks,swan.setStorage,5
国务院客户端,sinks,swan.request,3
国哥味道,sources,swan.getExtConfig,1
国哥味道,sinks,swan.setClipboardData,1
国家政务服务平台,sources,swan.getStorage,1
国家政务服务平台,sources,swan.getSystemInfoSync,2
国家政务服务平台,sources,swan.getStorageSync,3
国家政务服务平台,sources,swan.getSystemInfo,1
国家政务服务平台,sources,swan.getUserInfo,1
国家政务服务平台,sinks,swan.setStorage,6
国家政务服务平台,sinks,swan.request,1
国家政务服务平台,sinks,swan.setStorageSync,1
国方天线,sources,swan.getStorageSync,2
国方天线,sinks,swan.setStorageSync,2
地亿建设,sources,swan.getUserInfo,1
地亿建设,sources,swan.getStorageSync,21
地亿建设,sinks,swan.request,21
地亿建设,sinks,swan.setStorageSync,1
地板师傅专业木地板翻新养护,sources,swan.getExtConfig,9
地板师傅专业木地板翻新养护,sinks,swan.request,9
地板师傅铝合金脚线厂家,sources,swan.getExtConfig,9
地板师傅铝合金脚线厂家,sinks,swan.request,9
地苑驾校,sources,swan.getStorageSync,2
地苑驾校,sinks,swan.setStorageSync,2
地龙哥蚯蚓养殖,sources,swan.getExtConfig,29
地龙哥蚯蚓养殖,sources,swan.input,1
地龙哥蚯蚓养殖,sources,swan.getStorageSync,1
地龙哥蚯蚓养殖,sinks,swan.request,31
城阳马上到搬家公司,sources,swan.getStorageSync,2
城阳马上到搬家公司,sinks,swan.setStorageSync,2
堵金防水补漏,sources,swan.getUserInfo,1
堵金防水补漏,sources,swan.getStorageSync,2
堵金防水补漏,sinks,swan.request,3
复怀盈裕,sources,swan.getStorageSync,2
复怀盈裕,sinks,swan.setStorageSync,2
多当家,sources,swan.getExtConfig,1
多当家,sinks,swan.setClipboardData,1
多执笔造句,sources,swan.getStorageSync,1
多执笔造句,sources,swan.input,1
多执笔造句,sinks,swan.setStorageSync,1
多执笔造句,sinks,swan.request,1
多端多餐厅演示版,sources,swan.getUserInfo,2
多端多餐厅演示版,sources,swan.getExtConfigSync,376
多端多餐厅演示版,sources,swan.getStorageSync,23
多端多餐厅演示版,sources,swan.getLocation,3
多端多餐厅演示版,sources,swan.chooseImage,6
多端多餐厅演示版,sources,swan.chooseAddress,1
多端多餐厅演示版,sources,swan.getImageInfo,2
多端多餐厅演示版,sinks,swan.request,389
多端多餐厅演示版,sinks,swan.setStorageSync,11
多端多餐厅演示版,sinks,swan.uploadFile,11
多端多餐厅演示版,sinks,swan.saveImageToPhotosAlbum,2
多端智慧政务演示版,sources,swan.getUserInfo,2
多端智慧政务演示版,sources,swan.getExtConfigSync,332
多端智慧政务演示版,sources,swan.getStorageSync,6
多端智慧政务演示版,sources,swan.chooseAddress,1
多端智慧政务演示版,sources,swan.getImageInfo,2
多端智慧政务演示版,sinks,swan.request,335
多端智慧政务演示版,sinks,swan.saveImageToPhotosAlbum,2
多端智慧政务演示版,sinks,swan.uploadFile,6
多端零售电商演示版,sources,swan.getUserInfo,2
多端零售电商演示版,sources,swan.getExtConfigSync,397
多端零售电商演示版,sources,swan.getStorageSync,7
多端零售电商演示版,sources,swan.getLocation,6
多端零售电商演示版,sources,swan.chooseAddress,1
多端零售电商演示版,sources,swan.getImageInfo,2
多端零售电商演示版,sinks,swan.request,405
多端零售电商演示版,sinks,swan.uploadFile,8
多端零售电商演示版,sinks,swan.saveImageToPhotosAlbum,2
多饭星球,sources,swan.getStorageSync,16
多饭星球,sources,swan.getLocation,19
多饭星球,sources,swan.input,4
多饭星球,sinks,swan.request,37
多饭星球,sinks,swan.setStorageSync,2
大刘信息,sources,swan.getUserInfo,1
大刘信息,sources,swan.getStorageSync,2
大刘信息,sinks,swan.request,3
大同市触点网络科技有限公司,sources,swan.getSystemInfoSync,1
大同市触点网络科技有限公司,sinks,swan.setStorage,1
大客搞笑轻松一刻,sources,swan.getStorageSync,1
大客搞笑轻松一刻,sinks,swan.setStorageSync,1
大客百科知识大全,sources,swan.getStorageSync,1
大客百科知识大全,sinks,swan.setStorageSync,1
大导电气上海有限公司,sources,swan.getSystemInfoSync,1
大导电气上海有限公司,sinks,swan.setStorage,1
大掌柜科技,sources,swan.getStorageSync,2
大掌柜科技,sinks,swan.setStorageSync,2
大斌家串串火锅,sources,swan.getSystemInfoSync,1
大斌家串串火锅,sources,swan.getStorageSync,7
大斌家串串火锅,sources,swan.getLocation,2
大斌家串串火锅,sources,swan.chooseImage,3
大斌家串串火锅,sources,swan.input,1
大斌家串串火锅,sources,swan.getImageInfo,1
大斌家串串火锅,sinks,swan.setStorageSync,5
大斌家串串火锅,sinks,swan.request,4
大斌家串串火锅,sinks,swan.uploadFile,3
大斌家串串火锅,sinks,swan.setStorage,2
大斌家串串火锅,sinks,swan.saveImageToPhotosAlbum,1
大楚资讯,sources,swan.getStorageSync,14
大楚资讯,sinks,swan.setStorageSync,14
大楚长歌,sources,swan.getSystemInfoSync,1
大楚长歌,sinks,swan.setStorage,1
大象非酸花梨木,sources,swan.getStorageSync,1
大象非酸花梨木,sources,swan.getExtConfig,10
大象非酸花梨木,sinks,swan.setStorageSync,1
大象非酸花梨木,sinks,swan.request,10
大连溦风科技有限公司,sources,swan.getSystemInfoSync,1
大连溦风科技有限公司,sinks,swan.setStorage,1
奉君短视频,sources,swan.getStorageSync,2
奉君短视频,sinks,swan.setStorageSync,2
奉君短视频学习,sources,swan.getStorageSync,2
奉君短视频学习,sinks,swan.setStorageSync,2
奋斗哥三农产品,sources,swan.getStorageSync,3
奋斗哥三农产品,sinks,swan.setStorageSync,2
奋斗哥三农产品,sinks,swan.request,1
奋金吸塑,sources,swan.getExtConfig,10
奋金吸塑,sinks,swan.request,10
奋金洁福雨刮器,sources,swan.getExtConfig,9
奋金洁福雨刮器,sinks,swan.request,9
奥宝龙悬浮式拼装地板,sources,swan.getStorageSync,17
奥宝龙悬浮式拼装地板,sources,swan.getExtConfigSync,31
奥宝龙悬浮式拼装地板,sources,swan.getUserInfo,2
奥宝龙悬浮式拼装地板,sources,swan.getSystemInfo,1
奥宝龙悬浮式拼装地板,sources,swan.input,1
奥宝龙悬浮式拼装地板,sources,swan.chooseImage,2
奥宝龙悬浮式拼装地板,sinks,swan.request,47
奥宝龙悬浮式拼装地板,sinks,swan.setStorageSync,4
奥宝龙悬浮式拼装地板,sinks,swan.setStorage,1
奥宝龙悬浮式拼装地板,sinks,swan.uploadFile,2
奥科科技干混砂浆系列产品,sources,swan.getExtConfig,19
奥科科技干混砂浆系列产品,sinks,swan.request,19
奥芙休闲沙滩椅,sources,swan.getStorageSync,1
奥芙休闲沙滩椅,sources,swan.getExtConfig,10
奥芙休闲沙滩椅,sinks,swan.setStorageSync,1
奥芙休闲沙滩椅,sinks,swan.request,10
奥芙便携沙滩椅,sources,swan.getStorageSync,1
奥芙便携沙滩椅,sources,swan.getExtConfig,10
奥芙便携沙滩椅,sinks,swan.setStorageSync,1
奥芙便携沙滩椅,sinks,swan.request,10
奥芙折叠沙滩椅,sources,swan.getStorageSync,1
奥芙折叠沙滩椅,sources,swan.getExtConfig,10
奥芙折叠沙滩椅,sinks,swan.setStorageSync,1
奥芙折叠沙滩椅,sinks,swan.request,10
奥芙沙滩椅厂家,sources,swan.getStorageSync,1
奥芙沙滩椅厂家,sources,swan.getExtConfig,10
奥芙沙滩椅厂家,sinks,swan.setStorageSync,1
奥芙沙滩椅厂家,sinks,swan.request,10
好厨美食,sources,swan.getStorageSync,4
好厨美食,sinks,swan.setStorage,4
好玩哟游戏攻略大全,sources,swan.getStorageSync,1
好玩哟游戏攻略大全,sinks,swan.setStorageSync,1
娥姐清货平台,sources,swan.getStorageSync,2
娥姐清货平台,sinks,swan.setStorageSync,2
存珍优品,sources,swan.getExtConfig,1
存珍优品,sinks,swan.setClipboardData,1
存知己行李寄存,sources,swan.getLocation,1
存知己行李寄存,sinks,swan.setStorage,1
安力公司丹东开锁公司配汽车钥匙,sources,swan.getStorageSync,2
安力公司丹东开锁公司配汽车钥匙,sinks,swan.setStorageSync,2
安康宇邦教育平台,sources,swan.getStorageSync,529
安康宇邦教育平台,sources,swan.getLocation,5
安康宇邦教育平台,sources,swan.input,38
安康宇邦教育平台,sources,swan.getStorage,1
安康宇邦教育平台,sources,swan.chooseImage,5
安康宇邦教育平台,sources,swan.getSystemInfoSync,4
安康宇邦教育平台,sinks,swan.request,560
安康宇邦教育平台,sinks,swan.removeStorageSync,4
安康宇邦教育平台,sinks,swan.setStorageSync,5
安康宇邦教育平台,sinks,swan.uploadFile,11
安康宇邦教育平台,sinks,swan.setStorage,2
安徽刀客网络科技有限公司,sources,swan.getSystemInfoSync,1
安徽刀客网络科技有限公司,sinks,swan.setStorage,1
安徽微付网络科技有限公司,sources,swan.getSystemInfoSync,1
安徽微付网络科技有限公司,sinks,swan.setStorage,1
安徽玖东科技有限公司,sources,swan.getStorageSync,3
安徽玖东科技有限公司,sinks,swan.setStorageSync,2
安徽玖东科技有限公司,sinks,swan.request,1
安徽省馨和宫种植科技产业园,sources,swan.getSystemInfoSync,1
安徽省馨和宫种植科技产业园,sinks,swan.setStorage,1
安徽窜街信息技术有限公司,sources,swan.getSystemInfoSync,1
安徽窜街信息技术有限公司,sinks,swan.setStorage,1
安徽肤之源医学科技有限公司,sources,swan.getSystemInfoSync,1
安徽肤之源医学科技有限公司,sinks,swan.setStorage,1
安徽艺砼仿石栏杆,sources,swan.getExtConfig,22
安徽艺砼仿石栏杆,sinks,swan.request,22
安徽阜雪制冷设备工程有限公司,sources,swan.getSystemInfoSync,1
安徽阜雪制冷设备工程有限公司,sinks,swan.setStorage,1
安百颜美肤馆,sources,swan.getExtConfig,1
安百颜美肤馆,sinks,swan.setClipboardData,1
安阳点滴广告有限责任公司,sources,swan.getSystemInfoSync,1
安阳点滴广告有限责任公司,sinks,swan.setStorage,1
宏固二手钢构,sources,swan.getStorageSync,1
宏固二手钢构,sources,swan.getExtConfig,15
宏固二手钢构,sinks,swan.setStorageSync,1
宏固二手钢构,sinks,swan.request,15
宝付网络科技上海有限公司,sources,swan.getSystemInfoSync,1
宝付网络科技上海有限公司,sinks,swan.setStorage,1
宝宝巴士儿歌,sources,swan.getStorageSync,4
宝宝巴士儿歌,sinks,swan.setStorage,3
宝宝巴士儿歌,sinks,swan.setStorageSync,1
宝应邵大开锁,sources,swan.getUserInfo,1
宝应邵大开锁,sources,swan.getStorageSync,14
宝应邵大开锁,sinks,swan.request,13
宝应邵大开锁,sinks,swan.setStorageSync,2
宝盖复合井盖,sources,swan.getStorageSync,1
宝盖复合井盖,sources,swan.getExtConfig,10
宝盖复合井盖,sinks,swan.setStorageSync,1
宝盖复合井盖,sinks,swan.request,10
宝盖复合电缆沟盖板,sources,swan.getExtConfig,22
宝盖复合电缆沟盖板,sinks,swan.request,22
宝盖无机电缆沟盖板,sources,swan.getExtConfig,22
宝盖无机电缆沟盖板,sinks,swan.request,22
宝盖树脂井盖,sources,swan.getStorageSync,1
宝盖树脂井盖,sources,swan.getExtConfig,20
宝盖树脂井盖,sinks,swan.setStorageSync,1
宝盖树脂井盖,sinks,swan.request,20
宝盖水沟盖板,sources,swan.getStorageSync,1
宝盖水沟盖板,sources,swan.getExtConfig,11
宝盖水沟盖板,sinks,swan.setStorageSync,1
宝盖水沟盖板,sinks,swan.request,11
宝盖玻璃钢盖板,sources,swan.getExtConfig,25
宝盖玻璃钢盖板,sinks,swan.request,25
宝盖盖板,sources,swan.getStorageSync,1
宝盖盖板,sources,swan.getExtConfig,12
宝盖盖板,sinks,swan.setStorageSync,1
宝盖盖板,sinks,swan.request,12
宝盖铸铁井盖,sources,swan.getExtConfig,24
宝盖铸铁井盖,sources,swan.getStorageSync,1
宝盖铸铁井盖,sinks,swan.request,25
宝盖隧道沟盖板,sources,swan.getStorageSync,1
宝盖隧道沟盖板,sources,swan.getExtConfig,12
宝盖隧道沟盖板,sinks,swan.setStorageSync,1
宝盖隧道沟盖板,sinks,swan.request,12
宝胜应供丝马特网纱彩皇帝国代理,sources,swan.getStorageSync,1
宝胜应供丝马特网纱彩皇帝国代理,sinks,swan.setStorageSync,1
宝贝聚合支付,sources,swan.getStorageSync,2
宝贝聚合支付,sinks,swan.setStorageSync,2
宝迪金尚太阳能杀虫灯,sources,swan.getStorageSync,2
宝迪金尚太阳能杀虫灯,sources,swan.getExtConfig,13
宝迪金尚太阳能杀虫灯,sinks,swan.setStorageSync,1
宝迪金尚太阳能杀虫灯,sinks,swan.request,14
宠夫子领养中心,sources,swan.getSystemInfoSync,1
宠夫子领养中心,sinks,swan.setStorage,1
宠知识,sources,swan.getUserInfo,1
宠知识,sinks,swan.request,1
宠邦宠物托运,sources,swan.input,1
宠邦宠物托运,sources,swan.getExtConfig,5
宠邦宠物托运,sinks,swan.request,6
宫夫人高级月嫂,sources,swan.getStorageSync,3
宫夫人高级月嫂,sinks,swan.setStorageSync,2
宫夫人高级月嫂,sinks,swan.request,1
富士川硅藻泥,sources,swan.getSystemInfoSync,1
富士川硅藻泥,sinks,swan.setStorage,1
富平县胡墩子粮油批零中心,sources,swan.getStorageSync,527
富平县胡墩子粮油批零中心,sources,swan.getLocation,4
富平县胡墩子粮油批零中心,sources,swan.input,38
富平县胡墩子粮油批零中心,sources,swan.getStorage,1
富平县胡墩子粮油批零中心,sources,swan.chooseImage,5
富平县胡墩子粮油批零中心,sources,swan.getSystemInfoSync,4
富平县胡墩子粮油批零中心,sinks,swan.request,557
富平县胡墩子粮油批零中心,sinks,swan.removeStorageSync,4
富平县胡墩子粮油批零中心,sinks,swan.setStorageSync,5
富平县胡墩子粮油批零中心,sinks,swan.uploadFile,11
富平县胡墩子粮油批零中心,sinks,swan.setStorage,2
富瑶深圳包包回收估价,sources,swan.getStorageSync,2
富瑶深圳包包回收估价,sinks,swan.setStorageSync,2
富瑶深圳翡翠回收估价,sources,swan.getStorageSync,2
富瑶深圳翡翠回收估价,sinks,swan.setStorageSync,2
富耐通制氮机,sources,swan.getStorageSync,1
富耐通制氮机,sources,swan.getExtConfig,1
富耐通制氮机,sinks,swan.request,2
对路品牌,sources,swan.getSystemInfoSync,1
对路品牌,sinks,swan.setStorage,1
封律师滨州刑事律师,sources,swan.getStorage,1
封律师滨州刑事律师,sources,swan.getStorageSync,8
封律师滨州刑事律师,sources,swan.getLocation,4
封律师滨州刑事律师,sinks,swan.setStorage,1
封律师滨州刑事律师,sinks,swan.setStorageSync,5
封律师滨州刑事律师,sinks,swan.request,7
封阳台法罗莱门窗,sources,swan.input,1
封阳台法罗莱门窗,sources,swan.getStorageSync,1
封阳台法罗莱门窗,sources,swan.getExtConfig,1
封阳台法罗莱门窗,sinks,swan.request,3
岗峰柑橘苗批发,sources,swan.getStorageSync,1
岗峰柑橘苗批发,sources,swan.getExtConfig,10
岗峰柑橘苗批发,sinks,swan.setStorageSync,1
岗峰柑橘苗批发,sinks,swan.request,10
岗峰甘平柑橘苗,sources,swan.getStorageSync,1
岗峰甘平柑橘苗,sources,swan.getExtConfig,10
岗峰甘平柑橘苗,sinks,swan.setStorageSync,1
岗峰甘平柑橘苗,sinks,swan.request,10
岗春激光科技江苏有限公司,sources,swan.getSystemInfoSync,1
岗春激光科技江苏有限公司,sinks,swan.setStorage,1
峰峦共板法兰风管,sources,swan.getSystemInfo,2
峰峦共板法兰风管,sources,swan.getUserInfo,2
峰峦共板法兰风管,sources,swan.getStorageSync,2
峰峦共板法兰风管,sinks,swan.request,5
峰峦共板法兰风管,sinks,swan.setStorageSync,1
崇州市建绿生物有机肥有限公司,sources,swan.getSystemInfoSync,1
崇州市建绿生物有机肥有限公司,sinks,swan.setStorage,1
川姐刺槐小苗,sources,swan.getStorageSync,1
川姐刺槐小苗,sources,swan.getExtConfig,28
川姐刺槐小苗,sinks,swan.setStorageSync,1
川姐刺槐小苗,sinks,swan.request,28
川川川川,sources,swan.getStorageSync,1
川川川川,sources,swan.getExtConfig,14
川川川川,sinks,swan.setStorageSync,1
川川川川,sinks,swan.request,14
川川川川夏邑串串,sources,swan.getStorageSync,1
川川川川夏邑串串,sources,swan.getExtConfig,14
川川川川夏邑串串,sinks,swan.setStorageSync,1
川川川川夏邑串串,sinks,swan.request,14
川源中国机械有限公司,sources,swan.getSystemInfoSync,1
川源中国机械有限公司,sinks,swan.setStorage,1
工之宝,sources,swan.getSystemInfoSync,1
工之宝,sinks,swan.setStorage,1
工活9188平台,sources,swan.getStorageSync,14
工活9188平台,sinks,swan.setStorageSync,11
工活9188平台,sinks,swan.request,3
巩记酒销售中心,sources,swan.getStorageSync,2
巩记酒销售中心,sinks,swan.setStorageSync,2
巴奴毛肚火锅有限公司,sources,swan.getSystemInfoSync,1
巴奴毛肚火锅有限公司,sinks,swan.setStorage,1
巴西比戈成登,sources,swan.getStorageSync,1
巴西比戈成登,sources,swan.getExtConfig,1
巴西比戈成登,sinks,swan.request,2
布达拉宫一键智能游,sources,swan.getSystemInfoSync,8
布达拉宫一键智能游,sinks,swan.request,8
帝而微波炉,sources,swan.getExtConfig,1
帝而微波炉,sinks,swan.setClipboardData,1
常熟韩家开锁换锁服务部,sources,swan.getStorageSync,2
常熟韩家开锁换锁服务部,sinks,swan.setStorageSync,2
干霸干燥剂深圳有限公司,sources,swan.getSystemInfoSync,1
干霸干燥剂深圳有限公司,sinks,swan.setStorage,1
广东佛岭景观工程有限公司,sources,swan.getSystemInfoSync,1
广东佛岭景观工程有限公司,sinks,swan.setStorage,1
广东天地达科技发展有限公司,sources,swan.getSystemInfoSync,1
广东天地达科技发展有限公司,sinks,swan.setStorage,1
广东江风集团有限公司,sources,swan.getSystemInfoSync,1
广东江风集团有限公司,sinks,swan.setStorage,1
广东泛洲文化传播有限公司,sources,swan.getSystemInfoSync,1
广东泛洲文化传播有限公司,sinks,swan.setStorage,1
广东盛放律师事务所,sources,swan.getSystemInfoSync,1
广东盛放律师事务所,sinks,swan.setStorage,1
广东翠控珠宝专业回收翡翠玉器,sources,swan.getStorageSync,2
广东翠控珠宝专业回收翡翠玉器,sinks,swan.setStorageSync,2
广东镖臣防盗设备有限公司,sources,swan.getSystemInfoSync,1
广东镖臣防盗设备有限公司,sinks,swan.setStorage,1
广东静音声学科技,sources,swan.getStorageSync,2
广东静音声学科技,sinks,swan.setStorageSync,2
广东顺德百淳节能设备有限公司,sources,swan.getSystemInfoSync,1
广东顺德百淳节能设备有限公司,sinks,swan.setStorage,1
广东飞客网络科技有限公司,sources,swan.getSystemInfoSync,1
广东飞客网络科技有限公司,sinks,swan.setStorage,1
广州丽春阁网络科技有限公司,sources,swan.getSystemInfoSync,1
广州丽春阁网络科技有限公司,sinks,swan.setStorage,1
广州亿乐声公共广播,sources,swan.getExtConfig,23
广州亿乐声公共广播,sinks,swan.request,23
广州兄弟总部搬家公司,sources,swan.getStorageSync,2
广州兄弟总部搬家公司,sinks,swan.setStorageSync,2
广州小云朵互联网有限公司,sources,swan.getExtConfig,1
广州小云朵互联网有限公司,sinks,swan.setClipboardData,1
广州巨蛋日化有限公司,sources,swan.getSystemInfoSync,1
广州巨蛋日化有限公司,sinks,swan.setStorage,1
广州市丁世皮具制品有限公司,sources,swan.getSystemInfoSync,1
广州市丁世皮具制品有限公司,sinks,swan.setStorage,1
广州市三地信息技术有限公司,sources,swan.getSystemInfoSync,1
广州市三地信息技术有限公司,sinks,swan.setStorage,1
广州市力净洗涤机械有限公司,sources,swan.getSystemInfoSync,1
广州市力净洗涤机械有限公司,sinks,swan.setStorage,1
广州市楚工家具有限公司,sources,swan.getSystemInfoSync,1
广州市楚工家具有限公司,sinks,swan.setStorage,1
广州市海珠华银小额贷款,sources,swan.getSystemInfoSync,1
广州市海珠华银小额贷款,sinks,swan.setStorage,1
广州戴龙企业管理有限公司,sources,swan.getSystemInfoSync,1
广州戴龙企业管理有限公司,sinks,swan.setStorage,1
广州星迪智能光电科技有限公司,sources,swan.getSystemInfoSync,1
广州星迪智能光电科技有限公司,sinks,swan.setStorage,1
广州樊文花化妆品有限公司,sources,swan.getSystemInfoSync,1
广州樊文花化妆品有限公司,sinks,swan.setStorage,1
广州橙氏公共关系咨询有限公司,sources,swan.getSystemInfoSync,1
广州橙氏公共关系咨询有限公司,sinks,swan.setStorage,1
广州甘来信息科技有限公司,sources,swan.getSystemInfoSync,1
广州甘来信息科技有限公司,sinks,swan.setStorage,1
广州纯简网络科技有限公司,sources,swan.getSystemInfoSync,1
广州纯简网络科技有限公司,sinks,swan.setStorage,1
广州雅座会展家具租赁,sources,swan.getStorageSync,1
广州雅座会展家具租赁,sources,swan.getExtConfig,1
广州雅座会展家具租赁,sinks,swan.request,2
广缘e购,sources,swan.getExtConfig,1
广缘e购,sinks,swan.setClipboardData,1
广西千淳建筑防水材料有限公司,sources,swan.getSystemInfoSync,1
广西千淳建筑防水材料有限公司,sinks,swan.setStorage,1
广西湘范儿餐饮管理有限公司,sources,swan.getSystemInfoSync,1
广西湘范儿餐饮管理有限公司,sinks,swan.setStorage,1
广顺福茶业精选,sources,swan.getExtConfig,1
广顺福茶业精选,sinks,swan.setClipboardData,1
店掌柜,sources,swan.getStorageSync,2
店掌柜,sinks,swan.setStorageSync,2
庚生流量卡上网卡商城,sources,swan.getExtConfig,1
庚生流量卡上网卡商城,sinks,swan.setClipboardData,1
度优惠加油,sources,swan.getStorageSync,2
度优惠加油,sinks,swan.request,2
度小境,sources,swan.input,41
度小境,sources,swan.getStorage,12
度小境,sinks,swan.request,28
度小境,sinks,swan.setStorage,25
度成就,sources,swan.getStorageSync,1
度成就,sinks,swan.request,1
弘帝重庆整体家居,sources,swan.getSystemInfoSync,1
弘帝重庆整体家居,sources,swan.getStorageSync,7
弘帝重庆整体家居,sources,swan.getLocation,2
弘帝重庆整体家居,sources,swan.chooseImage,3
弘帝重庆整体家居,sources,swan.input,1
弘帝重庆整体家居,sources,swan.getImageInfo,1
弘帝重庆整体家居,sinks,swan.setStorageSync,5
弘帝重庆整体家居,sinks,swan.request,4
弘帝重庆整体家居,sinks,swan.uploadFile,3
弘帝重庆整体家居,sinks,swan.setStorage,2
弘帝重庆整体家居,sinks,swan.saveImageToPhotosAlbum,1
当桔,sources,swan.getExtConfig,1
当桔,sinks,swan.setClipboardData,1
当禾,sources,swan.getSystemInfoSync,1
当禾,sinks,swan.setStorage,1
待萨箱包,sources,swan.getStorageSync,2
待萨箱包,sinks,swan.setStorageSync,2
得物商城,sources,swan.getExtConfig,1
得物商城,sinks,swan.setClipboardData,1
得间小说,sources,swan.getStorage,6
得间小说,sources,swan.getStorageSync,13
得间小说,sinks,swan.request,7
得间小说,sinks,swan.setStorage,12
德圣建筑烟囱新建,sources,swan.input,3
德圣建筑烟囱新建,sinks,swan.request,3
德州元盛复合材料有限公司,sources,swan.getSystemInfoSync,1
德州元盛复合材料有限公司,sinks,swan.setStorage,1
德州市科裕孵化设备有限公司,sources,swan.getSystemInfoSync,1
德州市科裕孵化设备有限公司,sinks,swan.setStorage,1
恒丰机械拉断阀,sources,swan.getStorageSync,1
恒丰机械拉断阀,sources,swan.getExtConfig,12
恒丰机械拉断阀,sinks,swan.setStorageSync,1
恒丰机械拉断阀,sinks,swan.request,12
恒好激光切割机,sources,swan.input,1
恒好激光切割机,sources,swan.getStorageSync,1
恒好激光切割机,sources,swan.getExtConfig,1
恒好激光切割机,sinks,swan.request,3
恩亲公墓大全,sources,swan.input,1
恩亲公墓大全,sinks,swan.request,1
恩全百货,sources,swan.getStorageSync,2
恩全百货,sinks,swan.setStorageSync,2
恩珂轩家具,sources,swan.getStorageSync,525
恩珂轩家具,sources,swan.getLocation,4
恩珂轩家具,sources,swan.input,38
恩珂轩家具,sources,swan.getStorage,1
恩珂轩家具,sources,swan.chooseImage,5
恩珂轩家具,sources,swan.getSystemInfoSync,4
恩珂轩家具,sinks,swan.request,555
恩珂轩家具,sinks,swan.removeStorageSync,4
恩珂轩家具,sinks,swan.setStorageSync,5
恩珂轩家具,sinks,swan.uploadFile,11
恩珂轩家具,sinks,swan.setStorage,2
恭王府一键智能游,sources,swan.getSystemInfoSync,8
恭王府一键智能游,sinks,swan.request,8
慈孝堂,sources,swan.getSystemInfoSync,1
慈孝堂,sinks,swan.setStorage,1
懂得网,sources,swan.getSystemInfo,1
懂得网,sources,swan.getStorageSync,21
懂得网,sources,swan.chooseImage,1
懂得网,sinks,swan.setStorageSync,3
懂得网,sinks,swan.request,19
懂得网,sinks,swan.uploadFile,1
成都三寸科技有限公司,sources,swan.getSystemInfoSync,1
成都三寸科技有限公司,sinks,swan.setStorage,1
成都二当家餐饮管理有限公司,sources,swan.getSystemInfoSync,1
成都二当家餐饮管理有限公司,sinks,swan.setStorage,1
成都共同管业集团股份有限公司,sources,swan.getSystemInfoSync,1
成都共同管业集团股份有限公司,sinks,swan.setStorage,1
成都初约健康咨询有限公司,sources,swan.getSystemInfoSync,1
成都初约健康咨询有限公司,sinks,swan.setStorage,1
成都千铭儿网络科技有限公司,sources,swan.getSystemInfoSync,1
成都千铭儿网络科技有限公司,sinks,swan.setStorage,1
成都大树底下餐饮管理有限公司,sources,swan.getSystemInfoSync,1
成都大树底下餐饮管理有限公司,sinks,swan.setStorage,1
成都天府新区邓氏骨科医院,sources,swan.getSystemInfoSync,1
成都天府新区邓氏骨科医院,sinks,swan.setStorage,1
成都市呱串串餐饮管理有限公司,sources,swan.getSystemInfoSync,1
成都市呱串串餐饮管理有限公司,sinks,swan.setStorage,1
成都市胡记串串香有限公司,sources,swan.getSystemInfoSync,1
成都市胡记串串香有限公司,sinks,swan.setStorage,1
成都帝言家居有限公司,sources,swan.getSystemInfoSync,1
成都帝言家居有限公司,sinks,swan.setStorage,1
成都思萌宠物火化,sources,swan.getStorageSync,3
成都思萌宠物火化,sinks,swan.setStorageSync,2
成都思萌宠物火化,sinks,swan.request,1
成都感智索蓝科技有限公司,sources,swan.getSystemInfoSync,1
成都感智索蓝科技有限公司,sinks,swan.setStorage,1
成都新房除甲醛迪凌,sources,swan.getStorageSync,2
成都新房除甲醛迪凌,sinks,swan.setStorageSync,2
成都服灵饰秀,sources,swan.getUserInfo,1
成都服灵饰秀,sources,swan.getStorageSync,2
成都服灵饰秀,sinks,swan.request,3
成都机地科技有限公司,sources,swan.getSystemInfoSync,1
成都机地科技有限公司,sinks,swan.setStorage,1
成都独门驿餐饮管理有限公司,sources,swan.getSystemInfoSync,1
成都独门驿餐饮管理有限公司,sinks,swan.setStorage,1
成都百年炊烟餐饮管理有限公司,sources,swan.getSystemInfoSync,1
成都百年炊烟餐饮管理有限公司,sinks,swan.setStorage,1
成都百都科技,sources,swan.getExtConfigSync,7
成都百都科技,sources,swan.getUserInfo,15
成都百都科技,sources,swan.getStorageSync,191
成都百都科技,sources,swan.getStorage,23
成都百都科技,sources,swan.getSystemInfo,1
成都百都科技,sources,swan.chooseImage,8
成都百都科技,sources,swan.chooseAddress,3
成都百都科技,sources,swan.getLocation,4
成都百都科技,sources,swan.input,6
成都百都科技,sinks,swan.request,244
成都百都科技,sinks,swan.setStorageSync,6
成都百都科技,sinks,swan.uploadFile,7
成都百都科技,sinks,swan.removeStorageSync,1
成都艾珀耐特复合材料有限公司,sources,swan.getSystemInfoSync,1
成都艾珀耐特复合材料有限公司,sinks,swan.setStorage,1
成都贰麻餐饮娱乐有限公司,sources,swan.getSystemInfoSync,1
成都贰麻餐饮娱乐有限公司,sinks,swan.setStorage,1
成都赶紧拍科技有限公司,sources,swan.getSystemInfoSync,1
成都赶紧拍科技有限公司,sinks,swan.setStorage,1
成都顶冠农业有限公司,sources,swan.getSystemInfoSync,1
成都顶冠农业有限公司,sinks,swan.setStorage,1
戴西勒缓冲清扫系列,sources,swan.getStorageSync,1
戴西勒缓冲清扫系列,sources,swan.getExtConfig,10
戴西勒缓冲清扫系列,sinks,swan.setStorageSync,1
戴西勒缓冲清扫系列,sinks,swan.request,10
承德天大钒业有限责任公司,sources,swan.getSystemInfoSync,1
承德天大钒业有限责任公司,sinks,swan.setStorage,1
承德水滴网络科技有限公司,sources,swan.getSystemInfoSync,1
承德水滴网络科技有限公司,sinks,swan.setStorage,1
抖几句短视频剧本平台,sources,swan.getSystemInfoSync,1
抖几句短视频剧本平台,sinks,swan.setStorage,1
抖趣,sources,swan.getSystemInfoSync,1
抖趣,sinks,swan.setStorage,1
抖趣视频,sources,swan.getStorageSync,1
抖趣视频,sinks,swan.setStorageSync,1
搭消百货,sources,swan.getStorageSync,2
搭消百货,sinks,swan.setStorageSync,2
改色之家车身贴膜,sources,swan.getStorageSync,1
改色之家车身贴膜,sinks,swan.setStorageSync,1
斗斗七,sources,swan.getSystemInfoSync,1
斗斗七,sinks,swan.setStorage,1
斗米兼职全职工作,sources,swan.getLocation,3
斗米兼职全职工作,sources,swan.getStorageSync,20
斗米兼职全职工作,sources,swan.input,10
斗米兼职全职工作,sources,swan.getStorage,6
斗米兼职全职工作,sources,swan.downloadFile,1
斗米兼职全职工作,sinks,swan.request,37
斗米兼职全职工作,sinks,swan.setStorageSync,1
斗米兼职全职工作,sinks,swan.saveImageToPhotosAlbum,1
斗米兼职全职工作,sinks,swan.setStorage,1
方寸雅居,sources,swan.getSystemInfoSync,1
方寸雅居,sources,swan.getStorageSync,7
方寸雅居,sources,swan.chooseImage,3
方寸雅居,sources,swan.getLocation,1
方寸雅居,sources,swan.input,1
方寸雅居,sources,swan.getImageInfo,1
方寸雅居,sinks,swan.setStorageSync,5
方寸雅居,sinks,swan.uploadFile,3
方寸雅居,sinks,swan.request,3
方寸雅居,sinks,swan.setStorage,2
方寸雅居,sinks,swan.saveImageToPhotosAlbum,1
昊然内膜袋厂家,sources,swan.getExtConfig,33
昊然内膜袋厂家,sources,swan.getStorageSync,1
昊然内膜袋厂家,sinks,swan.request,34
昌益二次构造柱泵,sources,swan.getExtConfig,25
昌益二次构造柱泵,sources,swan.getStorageSync,1
昌益二次构造柱泵,sinks,swan.request,26
春久换热器,sources,swan.input,1
春久换热器,sources,swan.getStorageSync,1
春久换热器,sources,swan.getExtConfig,1
春久换热器,sinks,swan.request,3
春强化工用搅拌釜反应釜,sources,swan.getExtConfig,22
春强化工用搅拌釜反应釜,sinks,swan.request,22
春甜催乳师培训,sources,swan.getExtConfig,3
春甜催乳师培训,sources,swan.chooseImage,1
春甜催乳师培训,sources,swan.getStorageSync,5
春甜催乳师培训,sources,swan.getUserInfo,1
春甜催乳师培训,sinks,swan.removeStorageSync,2
春甜催乳师培训,sinks,swan.setStorageSync,5
春甜催乳师培训,sinks,swan.request,2
春甜催乳师培训,sinks,swan.uploadFile,1
春蜂,sources,swan.getSystemInfoSync,1
春蜂,sinks,swan.setStorage,1
春鲜生态农业,sources,swan.getStorage,1
春鲜生态农业,sources,swan.chooseImage,1
春鲜生态农业,sources,swan.getStorageSync,3
春鲜生态农业,sinks,swan.setStorage,1
春鲜生态农业,sinks,swan.uploadFile,2
春鲜生态农业,sinks,swan.request,1
春鲜生态农业,sinks,swan.setStorageSync,1
杜拉西,sources,swan.getExtConfig,1
杜拉西,sinks,swan.setClipboardData,1
杭州万事利丝绸文化股份有限公司,sources,swan.getSystemInfoSync,1
杭州万事利丝绸文化股份有限公司,sinks,swan.setStorage,1
杭州东导数据技术有限公司,sources,swan.getSystemInfoSync,1
杭州东导数据技术有限公司,sinks,swan.setStorage,1
杭州利纯环保科技有限公司,sources,swan.getSystemInfoSync,1
杭州利纯环保科技有限公司,sinks,swan.setStorage,1
杭州可当科技有限公司,sources,swan.getSystemInfoSync,1
杭州可当科技有限公司,sinks,swan.setStorage,1
杭州复恒科技有限公司,sources,swan.getSystemInfoSync,1
杭州复恒科技有限公司,sinks,swan.setStorage,1
杭州多方信息科技有限公司,sources,swan.getSystemInfoSync,1
杭州多方信息科技有限公司,sinks,swan.setStorage,1
杭州大索科技有限公司,sources,swan.getSystemInfoSync,1
杭州大索科技有限公司,sinks,swan.setStorage,1
杭州天迪电子技术有限公司,sources,swan.getSystemInfoSync,1
杭州天迪电子技术有限公司,sinks,swan.setStorage,1
杭州存信数据科技有限公司,sources,swan.getSystemInfoSync,1
杭州存信数据科技有限公司,sinks,swan.setStorage,1
杭州巩筑机电有限公司,sources,swan.getSystemInfoSync,1
杭州巩筑机电有限公司,sinks,swan.setStorage,1
杭州慈孝堂,sources,swan.getSystemInfoSync,1
杭州慈孝堂,sinks,swan.setStorage,1
杭州旦悦科技有限公司,sources,swan.getSystemInfoSync,1
杭州旦悦科技有限公司,sinks,swan.setStorage,1
杭州碟滤膜技术有限公司,sources,swan.getSystemInfoSync,1
杭州碟滤膜技术有限公司,sinks,swan.setStorage,1
杭州而墨物联网科技有限公司,sources,swan.getSystemInfoSync,1
杭州而墨物联网科技有限公司,sinks,swan.setStorage,1
杭州而然科技有限公司,sources,swan.getSystemInfoSync,1
杭州而然科技有限公司,sinks,swan.setStorage,1
杭州聪普智能科技有限公司,sources,swan.getSystemInfoSync,1
杭州聪普智能科技有限公司,sinks,swan.setStorage,1
杭州董小宛生物科技有限公司,sources,swan.getSystemInfoSync,1
杭州董小宛生物科技有限公司,sinks,swan.setStorage,1
杭州雷德夫科技有限公司,sources,swan.getSystemInfoSync,1
杭州雷德夫科技有限公司,sinks,swan.setStorage,1
果冻宝盒运营中心,sources,swan.getSystemInfoSync,1
果冻宝盒运营中心,sinks,swan.setStorage,1
果友柑桔苗,sources,swan.getStorageSync,1
果友柑桔苗,sources,swan.getExtConfig,10
果友柑桔苗,sinks,swan.setStorageSync,1
果友柑桔苗,sinks,swan.request,10
柏林电加热反应釜,sources,swan.getStorageSync,1
柏林电加热反应釜,sources,swan.getExtConfig,11
柏林电加热反应釜,sinks,swan.setStorageSync,1
柏林电加热反应釜,sinks,swan.request,11
查典库,sources,swan.getStorageSync,2
查典库,sources,swan.input,1
查典库,sources,swan.getUserInfo,1
查典库,sinks,swan.request,4
查无NotFound美容护肤,sources,swan.getExtConfig,1
查无NotFound美容护肤,sinks,swan.setClipboardData,1
栋另商贸,sources,swan.getStorageSync,2
栋另商贸,sinks,swan.setStorageSync,2
格乐利雅,sources,swan.input,3
格乐利雅,sinks,swan.request,3
格瑞特全自动穿条机厂,sources,swan.getStorageSync,1
格瑞特全自动穿条机厂,sources,swan.getExtConfig,12
格瑞特全自动穿条机厂,sinks,swan.setStorageSync,1
格瑞特全自动穿条机厂,sinks,swan.request,12
格瑞特开齿机复合机厂,sources,swan.getStorageSync,1
格瑞特开齿机复合机厂,sources,swan.getExtConfig,10
格瑞特开齿机复合机厂,sinks,swan.setStorageSync,1
格瑞特开齿机复合机厂,sinks,swan.request,10
格瑞特数控穿条机厂家,sources,swan.getStorageSync,1
格瑞特数控穿条机厂家,sources,swan.getExtConfig,12
格瑞特数控穿条机厂家,sinks,swan.setStorageSync,1
格瑞特数控穿条机厂家,sinks,swan.request,12
格瑞特穿条机械厂家,sources,swan.getStorageSync,1
格瑞特穿条机械厂家,sources,swan.getExtConfig,11
格瑞特穿条机械厂家,sinks,swan.setStorageSync,1
格瑞特穿条机械厂家,sinks,swan.request,11
格鲁夫机械,sources,swan.getSystemInfoSync,1
格鲁夫机械,sinks,swan.setStorage,1
椿风养生茶,sources,swan.getSystemInfoSync,1
椿风养生茶,sources,swan.getStorageSync,7
椿风养生茶,sources,swan.getLocation,2
椿风养生茶,sources,swan.chooseImage,3
椿风养生茶,sources,swan.input,1
椿风养生茶,sources,swan.getImageInfo,1
椿风养生茶,sinks,swan.setStorageSync,5
椿风养生茶,sinks,swan.request,4
椿风养生茶,sinks,swan.uploadFile,3
椿风养生茶,sinks,swan.setStorage,2
椿风养生茶,sinks,swan.saveImageToPhotosAlbum,1
楚品鲜三国优品,sources,swan.getExtConfig,1
楚品鲜三国优品,sinks,swan.setClipboardData,1
橱柜网,sources,swan.getStorageSync,1
橱柜网,sinks,swan.request,1
歌梵图,sources,swan.getExtConfig,1
歌梵图,sinks,swan.setClipboardData,1
歌蓝新风系统,sources,swan.getStorageSync,1
歌蓝新风系统,sources,swan.getExtConfig,28
歌蓝新风系统,sinks,swan.setStorageSync,1
歌蓝新风系统,sinks,swan.request,28
段记服饰,sources,swan.getLocation,4
段记服饰,sources,swan.chooseImage,5
段记服饰,sources,swan.chooseAddress,3
段记服饰,sources,swan.getStorage,2
段记服饰,sources,swan.input,7
段记服饰,sinks,swan.setStorage,4
段记服饰,sinks,swan.uploadFile,2
段记服饰,sinks,swan.request,15
毒勿潮库,sources,swan.getExtConfig,1
毒勿潮库,sinks,swan.setClipboardData,1
比斯特冷冻组合岛柜,sources,swan.getStorageSync,1
比斯特冷冻组合岛柜,sources,swan.getExtConfig,15
比斯特冷冻组合岛柜,sinks,swan.setStorageSync,1
比斯特冷冻组合岛柜,sinks,swan.request,15
汉中构店云,sources,swan.getStorageSync,11
汉中构店云,sources,swan.getSystemInfoSync,1
汉中构店云,sources,swan.input,6
汉中构店云,sources,swan.chooseImage,4
汉中构店云,sinks,swan.request,16
汉中构店云,sinks,swan.setStorage,2
汉中构店云,sinks,swan.uploadFile,4
汉中高海英调味品平台,sources,swan.getStorageSync,529
汉中高海英调味品平台,sources,swan.getLocation,5
汉中高海英调味品平台,sources,swan.input,38
汉中高海英调味品平台,sources,swan.getStorage,1
汉中高海英调味品平台,sources,swan.chooseImage,5
汉中高海英调味品平台,sources,swan.getSystemInfoSync,4
汉中高海英调味品平台,sinks,swan.request,560
汉中高海英调味品平台,sinks,swan.removeStorageSync,4
汉中高海英调味品平台,sinks,swan.setStorageSync,5
汉中高海英调味品平台,sinks,swan.uploadFile,11
汉中高海英调味品平台,sinks,swan.setStorage,2
汉斯顿反渗透净水器,sources,swan.getStorageSync,1
汉斯顿反渗透净水器,sinks,swan.setStorageSync,1
汉鼎垂钓商城,sources,swan.getExtConfig,1
汉鼎垂钓商城,sinks,swan.setClipboardData,1
汾州香食品,sources,swan.getExtConfig,1
汾州香食品,sinks,swan.setClipboardData,1
沧州栋强管道制造有限公司,sources,swan.getSystemInfoSync,1
沧州栋强管道制造有限公司,sinks,swan.setStorage,1
沪尚茗居整体家装,sources,swan.getStorageSync,3
沪尚茗居整体家装,sinks,swan.setStorageSync,2
沪尚茗居整体家装,sinks,swan.request,1
河北互感器制造厂,sources,swan.getSystemInfoSync,1
河北互感器制造厂,sinks,swan.setStorage,1
河北宇雕起重装备科技有限公司,sources,swan.getSystemInfoSync,1
河北宇雕起重装备科技有限公司,sinks,swan.setStorage,1
河北崇雨网络技术有限公司,sources,swan.getSystemInfoSync,1
河北崇雨网络技术有限公司,sinks,swan.setStorage,1
河北格宾五金丝网,sources,swan.getStorageSync,2
河北格宾五金丝网,sinks,swan.setStorageSync,2
河北皋端建材科技有限公司,sources,swan.getSystemInfoSync,1
河北皋端建材科技有限公司,sinks,swan.setStorage,1
河北裂变客科技成果孵化器,sources,swan.getSystemInfoSync,1
河北裂变客科技成果孵化器,sinks,swan.setStorage,1
河北轩诺粮储机械设备制造,sources,swan.getSystemInfoSync,1
河北轩诺粮储机械设备制造,sinks,swan.setStorage,1
河北迅鸽外呼系统,sources,swan.getSystemInfo,2
河北迅鸽外呼系统,sources,swan.getUserInfo,2
河北迅鸽外呼系统,sources,swan.getStorageSync,2
河北迅鸽外呼系统,sinks,swan.request,5
河北迅鸽外呼系统,sinks,swan.setStorageSync,1
河北郸图,sources,swan.getExtConfig,1
河北郸图,sinks,swan.setClipboardData,1
河北鑫麒钢管调直机,sources,swan.getSystemInfoSync,1
河北鑫麒钢管调直机,sinks,swan.setStorage,1
河北鹏尚金属丝网,sources,swan.getStorageSync,2
河北鹏尚金属丝网,sinks,swan.setStorageSync,2
河北龙泉剑钉业集团有限公司,sources,swan.getSystemInfoSync,1
河北龙泉剑钉业集团有限公司,sinks,swan.setStorage,1
河南和而福食品贸易有限公司,sources,swan.getSystemInfoSync,1
河南和而福食品贸易有限公司,sinks,swan.setStorage,1
河南家师到教育科技有限公司,sources,swan.getSystemInfoSync,1
河南家师到教育科技有限公司,sinks,swan.setStorage,1
河南工防消防公司,sources,swan.getStorageSync,1
河南工防消防公司,sinks,swan.request,1
河南帝通科技有限公司,sources,swan.getSystemInfoSync,1
河南帝通科技有限公司,sinks,swan.setStorage,1
河南房大锤网络技术有限公司,sources,swan.getSystemInfoSync,1
河南房大锤网络技术有限公司,sinks,swan.setStorage,1
河南抖火网络科技有限公司,sources,swan.getSystemInfoSync,1
河南抖火网络科技有限公司,sinks,swan.setStorage,1
河南斯派特蜘蛛吊,sources,swan.getStorageSync,3
河南斯派特蜘蛛吊,sinks,swan.setStorageSync,2
河南斯派特蜘蛛吊,sinks,swan.request,1
河南新鸽摩托车有限公司,sources,swan.getSystemInfoSync,1
河南新鸽摩托车有限公司,sinks,swan.setStorage,1
河南爱阅抖商蓝V企业认证服务,sources,swan.getUserInfo,2
河南爱阅抖商蓝V企业认证服务,sources,swan.getExtConfigSync,117
河南爱阅抖商蓝V企业认证服务,sources,swan.getStorageSync,6
河南爱阅抖商蓝V企业认证服务,sources,swan.input,4
河南爱阅抖商蓝V企业认证服务,sources,swan.chooseAddress,1
河南爱阅抖商蓝V企业认证服务,sources,swan.getImageInfo,2
河南爱阅抖商蓝V企业认证服务,sinks,swan.request,128
河南爱阅抖商蓝V企业认证服务,sinks,swan.saveImageToPhotosAlbum,2
河南爱阅抖商蓝V企业认证服务,sinks,swan.uploadFile,2
河南省四海防腐集团有限公司,sources,swan.getSystemInfoSync,1
河南省四海防腐集团有限公司,sinks,swan.setStorage,1
河南省纳川基础工程有限公司,sources,swan.getSystemInfoSync,1
河南省纳川基础工程有限公司,sinks,swan.setStorage,1
河南省豫封多肉植物种植有限公司,sources,swan.getSystemInfoSync,1
河南省豫封多肉植物种植有限公司,sinks,swan.setStorage,1
河南赵府黑米醋酿造有限公司,sources,swan.getSystemInfoSync,1
河南赵府黑米醋酿造有限公司,sinks,swan.setStorage,1
河南金箍制动器股份有限公司,sources,swan.getSystemInfoSync,1
河南金箍制动器股份有限公司,sinks,swan.setStorage,1
河南金色圣火叶面肥冲施肥水溶肥,sources,swan.getExtConfigSync,10
河南金色圣火叶面肥冲施肥水溶肥,sources,swan.getStorageSync,2
河南金色圣火叶面肥冲施肥水溶肥,sinks,swan.request,12
河南非零网络科技有限公司,sources,swan.getSystemInfoSync,1
河南非零网络科技有限公司,sinks,swan.setStorage,1
河南龙宇滴灌带微喷带,sources,swan.getStorageSync,1
河南龙宇滴灌带微喷带,sinks,swan.request,1
河圣卧床式翻板闸门,sources,swan.getStorageSync,1
河圣卧床式翻板闸门,sources,swan.getExtConfig,11
河圣卧床式翻板闸门,sinks,swan.setStorageSync,1
河圣卧床式翻板闸门,sinks,swan.request,11
法妞问答律师咨询,sources,swan.chooseImage,2
法妞问答律师咨询,sinks,swan.uploadFile,2
法桥律师咨询,sources,swan.getLocation,8
法桥律师咨询,sources,swan.getStorageSync,12
法桥律师咨询,sources,swan.input,6
法桥律师咨询,sources,swan.getUserInfo,1
法桥律师咨询,sinks,swan.setStorageSync,6
法桥律师咨询,sinks,swan.request,21
法磁附近律师咨询,sources,swan.getStorageSync,15
法磁附近律师咨询,sinks,swan.setStorageSync,1
法磁附近律师咨询,sinks,swan.request,14
法莎莉工作服定制,sources,swan.getStorageSync,1
法莎莉工作服定制,sinks,swan.setStorageSync,1
法讯网,sources,swan.getStorageSync,20
法讯网,sinks,swan.request,18
法讯网,sinks,swan.setStorageSync,2
泛亚彩色路面,sources,swan.getStorageSync,2
泛亚彩色路面,sinks,swan.setStorageSync,2
泛亚快干水泥,sources,swan.getStorageSync,2
泛亚快干水泥,sinks,swan.setStorageSync,2
洞酩酒业,sources,swan.getExtConfig,1
洞酩酒业,sinks,swan.setClipboardData,1
洪星浮船挖掘机出租,sources,swan.input,1
洪星浮船挖掘机出租,sources,swan.getStorageSync,1
洪星浮船挖掘机出租,sources,swan.getExtConfig,1
洪星浮船挖掘机出租,sinks,swan.request,3
浩天供应异麦芽酮糖醇,sources,swan.getStorageSync,1
浩天供应异麦芽酮糖醇,sinks,swan.setStorage,1
浩德隆矿用带式给煤机厂家,sources,swan.getExtConfig,19
浩德隆矿用带式给煤机厂家,sinks,swan.request,19
浮岛水生,sources,swan.getStorageSync,2
浮岛水生,sinks,swan.request,2
海南枋革行商贸有限公司,sources,swan.getSystemInfoSync,1
海南枋革行商贸有限公司,sinks,swan.setStorage,1
海南高灯科技有限公司,sources,swan.getSystemInfoSync,1
海南高灯科技有限公司,sinks,swan.setStorage,1
海口非访科技,sources,swan.getStorageSync,2
海口非访科技,sinks,swan.setStorageSync,2
海底捞调味料旗舰店,sources,swan.getExtConfig,1
海底捞调味料旗舰店,sinks,swan.setClipboardData,1
海洁抽沙船,sources,swan.getStorageSync,1
海洁抽沙船,sources,swan.getExtConfig,18
海洁抽沙船,sinks,swan.setStorageSync,1
海洁抽沙船,sinks,swan.request,18
海淀府,sources,swan.getStorageSync,99
海淀府,sources,swan.getExtConfig,4
海淀府,sources,swan.input,11
海淀府,sources,swan.chooseImage,1
海淀府,sinks,swan.request,111
海淀府,sinks,swan.setStorage,2
海淀府,sinks,swan.uploadFile,2
海狸兄弟防水,sources,swan.getSystemInfoSync,1
海狸兄弟防水,sinks,swan.setStorage,1
涪州汇,sources,swan.getStorageSync,2
涪州汇,sinks,swan.request,2
淳仕资产管理上海有限公司,sources,swan.getSystemInfoSync,1
淳仕资产管理上海有限公司,sinks,swan.setStorage,1
港邦物流,sources,swan.getSystemInfoSync,1
港邦物流,sinks,swan.setStorage,1
湖北公信会计师事务有限公司,sources,swan.getSystemInfoSync,1
湖北公信会计师事务有限公司,sinks,swan.setStorage,1
湖北康慈投资有限责任公司,sources,swan.getSystemInfoSync,1
湖北康慈投资有限责任公司,sinks,swan.setStorage,1
湖北楚罐楚蒸餐饮管理有限公司,sources,swan.getSystemInfoSync,1
湖北楚罐楚蒸餐饮管理有限公司,sinks,swan.setStorage,1
湖北武当道和旅游开发有限公司,sources,swan.getSystemInfoSync,1
湖北武当道和旅游开发有限公司,sinks,swan.setStorage,1
湖北科教导刊杂志社,sources,swan.getSystemInfoSync,1
湖北科教导刊杂志社,sinks,swan.setStorage,1
湖北鼎顺石化,sources,swan.getStorage,1
湖北鼎顺石化,sources,swan.input,2
湖北鼎顺石化,sources,swan.downloadFile,3
湖北鼎顺石化,sources,swan.chooseImage,6
湖北鼎顺石化,sources,swan.getStorageSync,4
湖北鼎顺石化,sources,swan.getLocation,1
湖北鼎顺石化,sinks,swan.setStorage,2
湖北鼎顺石化,sinks,swan.request,4
湖北鼎顺石化,sinks,swan.saveImageToPhotosAlbum,3
湖北鼎顺石化,sinks,swan.uploadFile,4
湖北鼎顺石化,sinks,swan.setStorageSync,4
湖北龙马除雪车,sources,swan.getStorageSync,1
湖北龙马除雪车,sinks,swan.setStorageSync,1
湖南中医药大学第二附属医院,sources,swan.getStorageSync,33
湖南中医药大学第二附属医院,sources,swan.input,1
湖南中医药大学第二附属医院,sinks,swan.request,34
湖南健耳听力助听器有限公司,sources,swan.getSystemInfoSync,1
湖南健耳听力助听器有限公司,sinks,swan.setStorage,1
湖南省戴永红商业连锁有限公司,sources,swan.getSystemInfoSync,1
湖南省戴永红商业连锁有限公司,sinks,swan.setStorage,1
湖南省蒂红科技有限公司,sources,swan.getSystemInfoSync,1
湖南省蒂红科技有限公司,sinks,swan.setStorage,1
湖州韵峰丝绸有限公司,sources,swan.getSystemInfoSync,1
湖州韵峰丝绸有限公司,sinks,swan.setStorage,1
滇香阁,sources,swan.getExtConfig,1
滇香阁,sinks,swan.setClipboardData,1
潮州丛香汇茶厂,sources,swan.getStorageSync,2
潮州丛香汇茶厂,sinks,swan.setStorageSync,2
澄城县缘份喜庆文化传媒有限公司,sources,swan.getStorageSync,525
澄城县缘份喜庆文化传媒有限公司,sources,swan.getLocation,4
澄城县缘份喜庆文化传媒有限公司,sources,swan.input,38
澄城县缘份喜庆文化传媒有限公司,sources,swan.getStorage,1
澄城县缘份喜庆文化传媒有限公司,sources,swan.chooseImage,5
澄城县缘份喜庆文化传媒有限公司,sources,swan.getSystemInfoSync,4
澄城县缘份喜庆文化传媒有限公司,sinks,swan.request,555
澄城县缘份喜庆文化传媒有限公司,sinks,swan.removeStorageSync,4
澄城县缘份喜庆文化传媒有限公司,sinks,swan.setStorageSync,5
澄城县缘份喜庆文化传媒有限公司,sinks,swan.uploadFile,11
澄城县缘份喜庆文化传媒有限公司,sinks,swan.setStorage,2
瀚泓温调地源热泵,sources,swan.getStorageSync,1
瀚泓温调地源热泵,sources,swan.getExtConfig,18
瀚泓温调地源热泵,sinks,swan.setStorageSync,1
瀚泓温调地源热泵,sinks,swan.request,18
瀚泓节能温调水源热泵,sources,swan.getExtConfig,25
瀚泓节能温调水源热泵,sinks,swan.request,25
瀚泓节能温调空气源热泵,sources,swan.getExtConfig,19
瀚泓节能温调空气源热泵,sinks,swan.request,19
炊烟时代,sources,swan.getSystemInfoSync,1
炊烟时代,sinks,swan.setStorage,1
点点恶搞电话,sources,swan.getStorageSync,1
点点恶搞电话,sinks,swan.request,1
点睛起名,sources,swan.getStorageSync,3
点睛起名,sinks,swan.request,3
爱典爱押,sources,swan.getUserInfo,2
爱典爱押,sinks,swan.request,1
爱典爱押,sinks,swan.setStorageSync,1
爱厨爱家美食,sources,swan.input,5
爱厨爱家美食,sinks,swan.request,5
爱尚呆呆狐文具,sources,swan.getStorageSync,2
爱尚呆呆狐文具,sinks,swan.setStorageSync,2
爱彩沙滩珍珠宝贝壳,sources,swan.getStorageSync,1
爱彩沙滩珍珠宝贝壳,sinks,swan.setStorageSync,1
爱押,sources,swan.getStorageSync,1
爱押,sinks,swan.request,1
爱法社,sources,swan.getStorageSync,14
爱法社,sinks,swan.setStorageSync,14
爱问共享资料,sources,swan.getStorageSync,3
爱问共享资料,sources,swan.getSystemInfoSync,7
爱问共享资料,sinks,swan.request,4
爱问共享资料,sinks,swan.setStorageSync,6
瓷妍氏,sources,swan.getStorageSync,1
瓷妍氏,sources,swan.getExtConfig,1
瓷妍氏,sinks,swan.request,2
电手,sources,swan.getExtConfig,1
电手,sinks,swan.setClipboardData,1
电百科电线电缆知识大全,sources,swan.getStorageSync,14
电百科电线电缆知识大全,sinks,swan.request,12
电百科电线电缆知识大全,sinks,swan.setStorageSync,2
番禺打印机,sources,swan.getStorageSync,2
番禺打印机,sinks,swan.setStorageSync,2
疯狂龙博士托育加盟,sources,swan.getStorageSync,1
疯狂龙博士托育加盟,sinks,swan.setStorageSync,1
登丰电力,sources,swan.getStorageSync,2
登丰电力,sinks,swan.setStorageSync,2
登报通,sources,swan.getStorageSync,36
登报通,sources,swan.input,3
登报通,sinks,swan.setStorageSync,16
登报通,sinks,swan.request,23
登报通学生证件挂失登报,sources,swan.getStorageSync,46
登报通学生证件挂失登报,sources,swan.input,3
登报通学生证件挂失登报,sinks,swan.setStorageSync,20
登报通学生证件挂失登报,sinks,swan.request,29
登报通收据登报挂失,sources,swan.getStorageSync,46
登报通收据登报挂失,sources,swan.input,3
登报通收据登报挂失,sinks,swan.setStorageSync,20
登报通收据登报挂失,sinks,swan.request,29
登报通身份证挂失,sources,swan.getStorageSync,46
登报通身份证挂失,sources,swan.input,3
登报通身份证挂失,sinks,swan.setStorageSync,20
登报通身份证挂失,sinks,swan.request,29
白沟华府国际,sources,swan.getStorageSync,12
白沟华府国际,sources,swan.input,56
白沟华府国际,sources,swan.getExtConfig,1
白沟华府国际,sinks,swan.setStorageSync,2
白沟华府国际,sinks,swan.request,67
白鸽惠递,sources,swan.input,6
白鸽惠递,sources,swan.chooseImage,3
白鸽惠递,sources,swan.getLocation,1
白鸽惠递,sources,swan.getStorageSync,1
白鸽惠递,sinks,swan.request,8
白鸽惠递,sinks,swan.uploadFile,2
白鸽惠递,sinks,swan.setStorage,1
百信房贷计算器,sources,swan.input,3
百信房贷计算器,sources,swan.getStorageSync,2
百信房贷计算器,sinks,swan.setStorageSync,3
百信房贷计算器,sinks,swan.request,2
百信手机充值,sources,swan.getStorageSync,8
百信手机充值,sinks,swan.request,7
百信手机充值,sinks,swan.uploadFile,1
百修圈,sources,swan.chooseImage,1
百修圈,sources,swan.getStorageSync,7
百修圈,sources,swan.input,5
百修圈,sources,swan.getLocation,12
百修圈,sinks,swan.uploadFile,2
百修圈,sinks,swan.request,23
百年德园,sources,swan.getSystemInfoSync,1
百年德园,sinks,swan.setStorage,1
百度保障商家端,sources,swan.chooseImage,1
百度保障商家端,sinks,swan.uploadFile,1
百度公益,sources,swan.getStorageSync,1
百度公益,sinks,swan.request,1
百度口算批改,sources,swan.chooseImage,1
百度口算批改,sinks,swan.uploadFile,1
百度宠物,sources,swan.getSystemInfoSync,1
百度宠物,sinks,swan.setStorage,1
百度文库,sources,swan.getNetworkType,17
百度文库,sources,swan.getStorageSync,4
百度文库,sources,swan.getSystemInfoSync,1
百度文库,sources,swan.downloadFile,1
百度文库,sinks,swan.request,20
百度文库,sinks,swan.setStorageSync,2
百度文库,sinks,swan.saveImageToPhotosAlbum,1
百度爱番番,sources,swan.getExtConfig,1
百度爱番番,sinks,swan.setClipboardData,1
百度轻松学,sources,swan.downloadFile,2
百度轻松学,sinks,swan.saveImageToPhotosAlbum,2
百想膏,sources,swan.getStorageSync,2
百想膏,sinks,swan.setStorageSync,2
百捷集团全网代托管运营,sources,swan.getSystemInfoSync,1
百捷集团全网代托管运营,sinks,swan.setStorage,1
百斗街景,sources,swan.getStorageSync,1
百斗街景,sinks,swan.setStorageSync,1
百澜菲LED智能镜,sources,swan.getExtConfig,1
百澜菲LED智能镜,sinks,swan.setClipboardData,1
皓宇液体氯化钙,sources,swan.input,1
皓宇液体氯化钙,sources,swan.getExtConfig,5
皓宇液体氯化钙,sinks,swan.request,6
盖土网,sources,swan.getStorageSync,2
盖土网,sinks,swan.setStorageSync,2
短文学,sources,swan.input,6
短文学,sources,swan.getStorageSync,2
短文学,sinks,swan.request,7
短文学,sinks,swan.setStorageSync,1
硅酸钙板尚合建材,sources,swan.getExtConfig,25
硅酸钙板尚合建材,sources,swan.getStorageSync,1
硅酸钙板尚合建材,sinks,swan.request,26
碧浪菲尔儿童游泳池报价,sources,swan.getStorageSync,2
碧浪菲尔儿童游泳池报价,sources,swan.getExtConfig,13
碧浪菲尔儿童游泳池报价,sinks,swan.setStorageSync,1
碧浪菲尔儿童游泳池报价,sinks,swan.request,14
碧浪菲尔游泳池,sources,swan.getStorageSync,2
碧浪菲尔游泳池,sources,swan.getExtConfig,13
碧浪菲尔游泳池,sinks,swan.setStorageSync,1
碧浪菲尔游泳池,sinks,swan.request,14
碧蒂曼诗BeautyMyth,sources,swan.getSystemInfoSync,1
碧蒂曼诗BeautyMyth,sinks,swan.setStorage,1
福中集团有限公司,sources,swan.getSystemInfoSync,1
福中集团有限公司,sinks,swan.setStorage,1
福天诚酒业,sources,swan.getSystemInfoSync,1
福天诚酒业,sinks,swan.setStorage,1
福州宠物特惠店,sources,swan.getSystemInfoSync,1
福州宠物特惠店,sinks,swan.setStorage,1
福州市妇幼保健院,sources,swan.getStorageSync,33
福州市妇幼保健院,sources,swan.input,1
福州市妇幼保健院,sinks,swan.request,34
福州市精华供水设备有限公司,sources,swan.getStorageSync,2
福州市精华供水设备有限公司,sinks,swan.setStorageSync,2
福州雨顺灌溉设备有限公司,sources,swan.getSystemInfoSync,1
福州雨顺灌溉设备有限公司,sinks,swan.setStorage,1
福建初奇装饰材料有限公司,sources,swan.getSystemInfoSync,1
福建初奇装饰材料有限公司,sinks,swan.setStorage,1
福建力创移动电站,sources,swan.getExtConfig,10
福建力创移动电站,sinks,swan.request,10
福建医科大学附属第二医院,sources,swan.getStorageSync,33
福建医科大学附属第二医院,sources,swan.getSystemInfoSync,20
福建医科大学附属第二医院,sources,swan.getStorage,1
福建医科大学附属第二医院,sources,swan.input,32
福建医科大学附属第二医院,sinks,swan.request,82
福建医科大学附属第二医院,sinks,swan.setStorageSync,4
福建南烽防火科技有限公司,sources,swan.getSystemInfoSync,1
福建南烽防火科技有限公司,sinks,swan.setStorage,1
福建杰艺水泥仿木护栏,sources,swan.getExtConfig,11
福建杰艺水泥仿木护栏,sinks,swan.request,11
福建省人民医院,sources,swan.getSystemInfoSync,15
福建省人民医院,sources,swan.getStorageSync,159
福建省人民医院,sources,swan.input,33
福建省人民医院,sinks,swan.setStorageSync,3
福建省人民医院,sinks,swan.request,204
福建省妇幼保健院,sources,swan.getStorageSync,175
福建省妇幼保健院,sources,swan.input,28
福建省妇幼保健院,sinks,swan.request,203
福建票付通信息科技有限公司,sources,swan.getSystemInfoSync,1
福建票付通信息科技有限公司,sinks,swan.setStorage,1
福正集团股份有限公司,sources,swan.getSystemInfoSync,1
福正集团股份有限公司,sinks,swan.setStorage,1
福茂祥,sources,swan.getExtConfig,1
福茂祥,sinks,swan.setClipboardData,1
福萊卡浙江智能科技有限公司,sources,swan.getSystemInfoSync,1
福萊卡浙江智能科技有限公司,sinks,swan.setStorage,1
稻典东北五常大米直营,sources,swan.getExtConfig,29
稻典东北五常大米直营,sources,swan.input,1
稻典东北五常大米直营,sources,swan.getStorageSync,1
稻典东北五常大米直营,sinks,swan.request,31
等风与你资讯百科,sources,swan.getStorage,1
等风与你资讯百科,sinks,swan.setStorage,1
红猫咖啡机投放,sources,swan.getSystemInfoSync,1
红猫咖啡机投放,sinks,swan.setStorage,1
纯牌润滑油,sources,swan.getStorageSync,1
纯牌润滑油,sources,swan.getExtConfig,11
纯牌润滑油,sinks,swan.setStorageSync,1
纯牌润滑油,sinks,swan.request,11
给夫特,sources,swan.getExtConfig,1
给夫特,sinks,swan.setClipboardData,1
翠琅堂珠宝店,sources,swan.getStorageSync,3
翠琅堂珠宝店,sinks,swan.setStorageSync,2
翠琅堂珠宝店,sinks,swan.request,1
翡翠云庐,sources,swan.getStorageSync,99
翡翠云庐,sources,swan.getExtConfig,4
翡翠云庐,sources,swan.input,11
翡翠云庐,sources,swan.chooseImage,1
翡翠云庐,sinks,swan.request,111
翡翠云庐,sinks,swan.setStorage,2
翡翠云庐,sinks,swan.uploadFile,2
翡翠滨江,sources,swan.getStorageSync,99
翡翠滨江,sources,swan.getExtConfig,1
翡翠滨江,sources,swan.input,11
翡翠滨江,sources,swan.chooseImage,1
翡翠滨江,sinks,swan.request,109
翡翠滨江,sinks,swan.setStorage,1
翡翠滨江,sinks,swan.uploadFile,2
翡翠王朝手镯源头直播,sources,swan.getStorageSync,3
翡翠王朝手镯源头直播,sources,swan.input,4
翡翠王朝手镯源头直播,sinks,swan.setClipboardData,1
翡翠王朝手镯源头直播,sinks,swan.request,6
翰池文化传媒上海有限公司,sources,swan.getSystemInfoSync,1
翰池文化传媒上海有限公司,sinks,swan.setStorage,1
耳语小栈,sources,swan.getSystemInfoSync,1
耳语小栈,sinks,swan.setStorage,1
肤美达护肤品南京有限公司,sources,swan.getSystemInfoSync,1
肤美达护肤品南京有限公司,sinks,swan.setStorage,1
肥肥家柯基,sources,swan.getStorageSync,1
肥肥家柯基,sinks,swan.setStorageSync,1
船之齐船舶,sources,swan.getStorageSync,2
船之齐船舶,sinks,swan.setStorageSync,2
船木村,sources,swan.getSystemInfoSync,1
船木村,sinks,swan.setStorage,1
艾宁檬蛋糕店,sources,swan.getExtConfig,1
艾宁檬蛋糕店,sinks,swan.setClipboardData,1
艾莉爱小狗,sources,swan.getStorageSync,1
艾莉爱小狗,sinks,swan.setStorageSync,1
芬华翡翠回收,sources,swan.getStorageSync,1
芬华翡翠回收,sources,swan.getExtConfig,10
芬华翡翠回收,sinks,swan.setStorageSync,1
芬华翡翠回收,sinks,swan.request,10
花付宝软件北京有限公司,sources,swan.getSystemInfoSync,1
花付宝软件北京有限公司,sinks,swan.setStorage,1
花礼网蛋糕,sources,swan.chooseImage,1
花礼网蛋糕,sources,swan.getStorageSync,2
花礼网蛋糕,sources,swan.getUserInfo,1
花礼网蛋糕,sinks,swan.uploadFile,1
花礼网蛋糕,sinks,swan.setStorageSync,1
花礼网蛋糕,sinks,swan.request,2
花花订,sources,swan.getExtConfig,1
花花订,sinks,swan.setClipboardData,1
范范采耳养生,sources,swan.chooseImage,1
范范采耳养生,sinks,swan.uploadFile,1
菇星食用菌机械,sources,swan.getStorageSync,1
菇星食用菌机械,sources,swan.getExtConfig,10
菇星食用菌机械,sinks,swan.setStorageSync,1
菇星食用菌机械,sinks,swan.request,10
菇星食用菌烘干机,sources,swan.getStorageSync,1
菇星食用菌烘干机,sources,swan.getExtConfig,10
菇星食用菌烘干机,sinks,swan.setStorageSync,1
菇星食用菌烘干机,sinks,swan.request,10
菇星食用菌自动扎口机,sources,swan.getStorageSync,1
菇星食用菌自动扎口机,sources,swan.getExtConfig,10
菇星食用菌自动扎口机,sinks,swan.setStorageSync,1
菇星食用菌自动扎口机,sinks,swan.request,10
菇星食用菌装袋机,sources,swan.getStorageSync,1
菇星食用菌装袋机,sources,swan.getExtConfig,10
菇星食用菌装袋机,sinks,swan.setStorageSync,1
菇星食用菌装袋机,sinks,swan.request,10
菇星食用菌装袋机械,sources,swan.getStorageSync,1
菇星食用菌装袋机械,sources,swan.getExtConfig,10
菇星食用菌装袋机械,sinks,swan.setStorageSync,1
菇星食用菌装袋机械,sinks,swan.request,10
菲林格,sources,swan.getUserInfo,1
菲林格,sources,swan.getStorageSync,22
菲林格,sinks,swan.request,21
菲林格,sinks,swan.setStorageSync,2
菲林格品牌名片,sources,swan.getSystemInfoSync,1
菲林格品牌名片,sinks,swan.setStorage,1
菲比克包装,sources,swan.getStorageSync,28
菲比克包装,sources,swan.getUserInfo,1
菲比克包装,sources,swan.input,2
菲比克包装,sources,swan.chooseImage,1
菲比克包装,sinks,swan.request,28
菲比克包装,sinks,swan.setStorageSync,1
菲比克包装,sinks,swan.uploadFile,3
董博士,sources,swan.getSystemInfoSync,1
董博士,sinks,swan.setStorage,1
董小姐一人一份酸菜鱼,sources,swan.downloadFile,1
董小姐一人一份酸菜鱼,sinks,swan.saveImageToPhotosAlbum,1
董小姐酸菜鱼,sources,swan.getSystemInfoSync,1
董小姐酸菜鱼,sinks,swan.setStorage,1
董恰恰美食优选,sources,swan.getStorageSync,3
董恰恰美食优选,sinks,swan.setStorageSync,2
董恰恰美食优选,sinks,swan.request,1
董恰恰食品小店,sources,swan.getStorageSync,3
董恰恰食品小店,sinks,swan.setStorageSync,2
董恰恰食品小店,sinks,swan.request,1
董技叔软件开发,sources,swan.getStorageSync,31
董技叔软件开发,sources,swan.getSystemInfoSync,1
董技叔软件开发,sources,swan.input,16
董技叔软件开发,sources,swan.getStorage,5
董技叔软件开发,sources,swan.getLocation,1
董技叔软件开发,sources,swan.chooseImage,1
董技叔软件开发,sinks,swan.request,50
董技叔软件开发,sinks,swan.setStorageSync,4
董技叔软件开发,sinks,swan.uploadFile,1
蚌埠旭皓水果商城,sources,swan.getStorageSync,525
蚌埠旭皓水果商城,sources,swan.getLocation,5
蚌埠旭皓水果商城,sources,swan.input,39
蚌埠旭皓水果商城,sources,swan.getStorage,1
蚌埠旭皓水果商城,sources,swan.chooseImage,4
蚌埠旭皓水果商城,sources,swan.getSystemInfoSync,4
蚌埠旭皓水果商城,sinks,swan.request,559
蚌埠旭皓水果商城,sinks,swan.removeStorageSync,4
蚌埠旭皓水果商城,sinks,swan.setStorageSync,5
蚌埠旭皓水果商城,sinks,swan.uploadFile,8
蚌埠旭皓水果商城,sinks,swan.setStorage,2
蛋壳公寓租房品牌名片,sources,swan.getSystemInfoSync,1
蛋壳公寓租房品牌名片,sinks,swan.setStorage,1
蛋蛋宝典,sources,swan.getStorageSync,2
蛋蛋宝典,sinks,swan.request,2
蝈佳上门除甲醛,sources,swan.getStorageSync,106
蝈佳上门除甲醛,sources,swan.getLocation,1
蝈佳上门除甲醛,sources,swan.chooseImage,8
蝈佳上门除甲醛,sources,swan.getUserInfo,1
蝈佳上门除甲醛,sources,swan.downloadFile,1
蝈佳上门除甲醛,sinks,swan.setStorageSync,6
蝈佳上门除甲醛,sinks,swan.request,104
蝈佳上门除甲醛,sinks,swan.uploadFile,6
蝈佳上门除甲醛,sinks,swan.saveImageToPhotosAlbum,1
被动边坡防护网,sources,swan.getStorageSync,2
被动边坡防护网,sinks,swan.setStorageSync,2
观法律师,sources,swan.input,1
观法律师,sources,swan.getStorageSync,1
观法律师,sources,swan.getExtConfig,1
观法律师,sinks,swan.request,3
词第一,sources,swan.getStorageSync,2
词第一,sinks,swan.setStorageSync,2
诚泰搪瓷反应釜,sources,swan.getStorageSync,2
诚泰搪瓷反应釜,sinks,swan.setStorageSync,2
诚达蛋饺机,sources,swan.getLocation,6
诚达蛋饺机,sources,swan.chooseImage,6
诚达蛋饺机,sources,swan.chooseAddress,2
诚达蛋饺机,sources,swan.input,10
诚达蛋饺机,sources,swan.getStorage,1
诚达蛋饺机,sinks,swan.setStorage,4
诚达蛋饺机,sinks,swan.uploadFile,2
诚达蛋饺机,sinks,swan.request,19
读睡诗社,sources,swan.getStorageSync,2
读睡诗社,sinks,swan.setStorageSync,1
读睡诗社,sinks,swan.uploadFile,1
谷楚建站,sources,swan.getStorageSync,1
谷楚建站,sources,swan.getExtConfig,1
谷楚建站,sinks,swan.request,2
豆谷通信,sources,swan.getExtConfig,1
豆谷通信,sinks,swan.setClipboardData,1
豆锋分公司虫草资讯,sources,swan.getStorageSync,3
豆锋分公司虫草资讯,sinks,swan.setStorageSync,2
豆锋分公司虫草资讯,sinks,swan.request,1
豪鑫亿扫把杆,sources,swan.getExtConfig,24
豪鑫亿扫把杆,sinks,swan.request,24
贝夫芝士,sources,swan.getStorageSync,1
贝夫芝士,sources,swan.getExtConfig,1
贝夫芝士,sinks,swan.request,2
财金企服,sources,swan.getStorageSync,2
财金企服,sinks,swan.setStorageSync,2
贰壹叁壹伍北京征信管理集团,sources,swan.getSystemInfoSync,1
贰壹叁壹伍北京征信管理集团,sinks,swan.setStorage,1
贵存机制通风道,sources,swan.getStorageSync,1
贵存机制通风道,sources,swan.getExtConfig,11
贵存机制通风道,sinks,swan.setStorageSync,1
贵存机制通风道,sinks,swan.request,11
贵存水泥通风道,sources,swan.getStorageSync,1
贵存水泥通风道,sources,swan.getExtConfig,10
贵存水泥通风道,sinks,swan.setStorageSync,1
贵存水泥通风道,sinks,swan.request,10
贵存耐火通风排气道,sources,swan.getStorageSync,1
贵存耐火通风排气道,sources,swan.getExtConfig,11
贵存耐火通风排气道,sinks,swan.setStorageSync,1
贵存耐火通风排气道,sinks,swan.request,11
贵州茅贡米业有限公司,sources,swan.getSystemInfoSync,1
贵州茅贡米业有限公司,sinks,swan.setStorage,1
贵州龙箫玉笛农旅发展有限公司,sources,swan.getSystemInfoSync,1
贵州龙箫玉笛农旅发展有限公司,sinks,swan.setStorage,1
贷款猫金融管家,sources,swan.getSystemInfoSync,1
贷款猫金融管家,sinks,swan.setStorage,1
赋美极轻奢,sources,swan.getStorageSync,2
赋美极轻奢,sinks,swan.setStorageSync,2
赣和实业上海有限公司,sources,swan.getSystemInfoSync,1
赣和实业上海有限公司,sinks,swan.setStorage,1
赣达桥架,sources,swan.getStorageSync,2
赣达桥架,sinks,swan.setStorageSync,2
赤峰小樊网络科技有限公司,sources,swan.getSystemInfoSync,1
赤峰小樊网络科技有限公司,sinks,swan.setStorage,1
赤蛟验房,sources,swan.getExtConfig,1
赤蛟验房,sinks,swan.setClipboardData,1
跅驰覆膜机,sources,swan.getStorageSync,1
跅驰覆膜机,sources,swan.getExtConfig,11
跅驰覆膜机,sinks,swan.setStorageSync,1
跅驰覆膜机,sinks,swan.request,11
车车网违章查询,sources,swan.compressImage,3
车车网违章查询,sources,swan.chooseImage,2
车车网违章查询,sinks,swan.uploadFile,5
车道道违章代缴,sources,swan.input,2
车道道违章代缴,sources,swan.chooseImage,1
车道道违章代缴,sinks,swan.request,2
车道道违章代缴,sinks,swan.uploadFile,1
迪仕霍尔,sources,swan.getUserInfo,1
迪仕霍尔,sources,swan.getStorageSync,7
迪仕霍尔,sinks,swan.request,7
迪仕霍尔,sinks,swan.setStorageSync,1
迪凌专业除甲醛公司,sources,swan.getStorageSync,2
迪凌专业除甲醛公司,sinks,swan.setStorageSync,2
迪宠宠物平台,sources,swan.getStorage,1
迪宠宠物平台,sources,swan.input,2
迪宠宠物平台,sources,swan.downloadFile,3
迪宠宠物平台,sources,swan.chooseImage,6
迪宠宠物平台,sources,swan.getStorageSync,4
迪宠宠物平台,sources,swan.getLocation,1
迪宠宠物平台,sinks,swan.setStorage,2
迪宠宠物平台,sinks,swan.request,4
迪宠宠物平台,sinks,swan.saveImageToPhotosAlbum,3
迪宠宠物平台,sinks,swan.uploadFile,4
迪宠宠物平台,sinks,swan.setStorageSync,4
迪拓废旧金属废旧物资废铁回收,sources,swan.getStorageSync,2
迪拓废旧金属废旧物资废铁回收,sinks,swan.setStorageSync,2
迪莱飘移窗,sources,swan.getUserInfo,2
迪莱飘移窗,sources,swan.getExtConfigSync,86
迪莱飘移窗,sources,swan.getStorageSync,6
迪莱飘移窗,sources,swan.chooseAddress,1
迪莱飘移窗,sources,swan.getImageInfo,2
迪莱飘移窗,sinks,swan.request,93
迪莱飘移窗,sinks,swan.saveImageToPhotosAlbum,2
迪莱飘移窗,sinks,swan.uploadFile,2
道一云,sources,swan.input,1
道一云,sources,swan.getStorageSync,1
道一云,sources,swan.getExtConfig,1
道一云,sinks,swan.request,3
道有道北京科技股份有限公司,sources,swan.getSystemInfoSync,1
道有道北京科技股份有限公司,sinks,swan.setStorage,1
邯郸市白鲨吨袋包装,sources,swan.getStorageSync,3
邯郸市白鲨吨袋包装,sinks,swan.setStorageSync,2
邯郸市白鲨吨袋包装,sinks,swan.request,1
郴州裕芳板材,sources,swan.getExtConfig,3
郴州裕芳板材,sources,swan.chooseImage,1
郴州裕芳板材,sources,swan.getStorageSync,5
郴州裕芳板材,sources,swan.getUserInfo,1
郴州裕芳板材,sinks,swan.removeStorageSync,2
郴州裕芳板材,sinks,swan.setStorageSync,5
郴州裕芳板材,sinks,swan.request,2
郴州裕芳板材,sinks,swan.uploadFile,1
都市好房都是好房,sources,swan.chooseImage,3
都市好房都是好房,sources,swan.input,2
都市好房都是好房,sources,swan.downloadFile,2
都市好房都是好房,sinks,swan.uploadFile,3
都市好房都是好房,sinks,swan.request,2
都市好房都是好房,sinks,swan.saveImageToPhotosAlbum,2
都斓注电,sources,swan.getStorageSync,3
都斓注电,sinks,swan.setStorageSync,2
都斓注电,sinks,swan.request,1
都美科导热材料,sources,swan.getStorageSync,1
都美科导热材料,sources,swan.getExtConfig,11
都美科导热材料,sinks,swan.setStorageSync,1
都美科导热材料,sinks,swan.request,11
醇味坊私房菜谱,sources,swan.getStorageSync,1
醇味坊私房菜谱,sources,swan.input,1
醇味坊私房菜谱,sinks,swan.setStorageSync,1
醇味坊私房菜谱,sinks,swan.request,1
醇选生活馆,sources,swan.getExtConfig,1
醇选生活馆,sinks,swan.setClipboardData,1
钓猎人,sources,swan.getStorageSync,1
钓猎人,sources,swan.getExtConfig,2
钓猎人,sinks,swan.request,3
闯词英语学习机,sources,swan.getExtConfig,1
闯词英语学习机,sinks,swan.setClipboardData,1
防一生房修护卫,sources,swan.getSystemInfoSync,1
防一生房修护卫,sinks,swan.setStorage,1
防抛网,sources,swan.getStorageSync,2
防抛网,sinks,swan.setStorageSync,2
防虫网,sources,swan.getStorageSync,2
防虫网,sinks,swan.setStorageSync,2
阿拉丁三亚旅游,sources,swan.getStorage,1
阿拉丁三亚旅游,sources,swan.getStorageSync,6
阿拉丁三亚旅游,sources,swan.chooseImage,4
阿拉丁三亚旅游,sources,swan.downloadFile,2
阿拉丁三亚旅游,sources,swan.getLocation,1
阿拉丁三亚旅游,sinks,swan.setStorage,2
阿拉丁三亚旅游,sinks,swan.request,2
阿拉丁三亚旅游,sinks,swan.uploadFile,4
阿拉丁三亚旅游,sinks,swan.saveImageToPhotosAlbum,2
阿拉丁三亚旅游,sinks,swan.setStorageSync,4
阿拉丁旅行日记,sources,swan.getStorage,1
阿拉丁旅行日记,sources,swan.getStorageSync,6
阿拉丁旅行日记,sources,swan.chooseImage,4
阿拉丁旅行日记,sources,swan.downloadFile,2
阿拉丁旅行日记,sources,swan.getLocation,1
阿拉丁旅行日记,sinks,swan.setStorage,2
阿拉丁旅行日记,sinks,swan.request,2
阿拉丁旅行日记,sinks,swan.uploadFile,4
阿拉丁旅行日记,sinks,swan.saveImageToPhotosAlbum,2
阿拉丁旅行日记,sinks,swan.setStorageSync,4
隔立雅办公室隔断装修设计,sources,swan.getStorageSync,1
隔立雅办公室隔断装修设计,sources,swan.getExtConfig,11
隔立雅办公室隔断装修设计,sinks,swan.setStorageSync,1
隔立雅办公室隔断装修设计,sinks,swan.request,11
隔立雅双层玻璃带百叶隔断,sources,swan.getExtConfig,25
隔立雅双层玻璃带百叶隔断,sinks,swan.request,25
非宅旅行,sources,swan.getExtConfig,1
非宅旅行,sinks,swan.setClipboardData,1
非选裱花蛋糕培训,sources,swan.getExtConfig,9
非选裱花蛋糕培训,sinks,swan.request,9
非选面线糊培训,sources,swan.getExtConfig,11
非选面线糊培训,sinks,swan.request,11
韩国惠人株式会社北京代表处,sources,swan.getSystemInfoSync,1
韩国惠人株式会社北京代表处,sinks,swan.setStorage,1
韩师傅集成家居有限公司,sources,swan.getSystemInfoSync,1
韩师傅集成家居有限公司,sinks,swan.setStorage,1
韩文军水钻打洞拆除,sources,swan.getStorage,1
韩文军水钻打洞拆除,sources,swan.input,2
韩文军水钻打洞拆除,sources,swan.downloadFile,3
韩文军水钻打洞拆除,sources,swan.chooseImage,6
韩文军水钻打洞拆除,sources,swan.getStorageSync,4
韩文军水钻打洞拆除,sinks,swan.setStorage,1
韩文军水钻打洞拆除,sinks,swan.request,4
韩文军水钻打洞拆除,sinks,swan.saveImageToPhotosAlbum,3
韩文军水钻打洞拆除,sinks,swan.uploadFile,4
韩文军水钻打洞拆除,sinks,swan.setStorageSync,4
顿开律说,sources,swan.getStorageSync,2
顿开律说,sinks,swan.request,2
风上散热风扇,sources,swan.getSystemInfoSync,1
风上散热风扇,sinks,swan.setStorage,1
风上电子,sources,swan.getSystemInfoSync,1
风上电子,sinks,swan.setStorage,1
风友机械上海有限公司,sources,swan.getSystemInfoSync,1
风友机械上海有限公司,sinks,swan.setStorage,1
风吹花落博客,sources,swan.getStorageSync,14
风吹花落博客,sinks,swan.setStorageSync,14
风电之家,sources,swan.getStorageSync,44
风电之家,sinks,swan.setStorageSync,26
风电之家,sinks,swan.request,18
风脉能源武汉股份有限公司,sources,swan.getSystemInfoSync,1
风脉能源武汉股份有限公司,sinks,swan.setStorage,1
飞图教育,sources,swan.getStorageSync,2
飞图教育,sinks,swan.setStorageSync,2
飞数,sources,swan.getSystemInfoSync,1
飞数,sinks,swan.setStorage,1
飞瀛特价机票,sources,swan.getStorageSync,1
飞瀛特价机票,sinks,swan.setStorageSync,1
飞猴房贷计算器,sources,swan.getStorageSync,2
飞猴房贷计算器,sinks,swan.setStorageSync,2
饭不着旗舰店,sources,swan.getExtConfig,1
饭不着旗舰店,sinks,swan.setClipboardData,1
饭小妞,sources,swan.getStorageSync,1
饭小妞,sinks,swan.setStorageSync,1
饭糕育智文化发展北京有限公司,sources,swan.getSystemInfoSync,1
饭糕育智文化发展北京有限公司,sinks,swan.setStorage,1
驰瑞不锈钢楼梯扶手,sources,swan.getExtConfig,33
驰瑞不锈钢楼梯扶手,sinks,swan.request,33
高三网,sources,swan.getStorageSync,2
高三网,sinks,swan.request,1
高三网,sinks,swan.setStorage,1
高邮市秦邮蛋品有限公司,sources,swan.getSystemInfoSync,1
高邮市秦邮蛋品有限公司,sinks,swan.setStorage,1
鸿德节水灌溉设备行业平台,sources,swan.getUserInfo,4
鸿德节水灌溉设备行业平台,sources,swan.getLocation,1
鸿德节水灌溉设备行业平台,sources,swan.chooseImage,3
鸿德节水灌溉设备行业平台,sources,swan.getStorageSync,50
鸿德节水灌溉设备行业平台,sinks,swan.request,55
鸿德节水灌溉设备行业平台,sinks,swan.uploadFile,3
鸿晨网带,sources,swan.getStorageSync,1
鸿晨网带,sources,swan.getExtConfig,10
鸿晨网带,sinks,swan.setStorageSync,1
鸿晨网带,sinks,swan.request,10
鸿通润达小吊车汽车吊车厂家,sources,swan.getExtConfig,16
鸿通润达小吊车汽车吊车厂家,sources,swan.getStorageSync,1
鸿通润达小吊车汽车吊车厂家,sinks,swan.request,17
鹅毛肆商城,sources,swan.getExtConfig,1
鹅毛肆商城,sinks,swan.setClipboardData,1
黑池蛋糕,sources,swan.getExtConfig,1
黑池蛋糕,sinks,swan.setClipboardData,1
黑洞IP,sources,swan.input,25
黑洞IP,sources,swan.getStorageSync,7
黑洞IP,sinks,swan.request,27
黑洞IP,sinks,swan.setStorageSync,5
黑龙江省富裕老窖酒业有限公司,sources,swan.getSystemInfoSync,1
黑龙江省富裕老窖酒业有限公司,sinks,swan.setStorage,1
黑龙江麦跃分分投孵化器有限公司,sources,swan.getSystemInfoSync,1
黑龙江麦跃分分投孵化器有限公司,sinks,swan.setStorage,1
鼎欧蛋蛋宝典,sources,swan.getStorageSync,2
鼎欧蛋蛋宝典,sinks,swan.request,2
鼎裕鑫铣刀丝攻钻咀,sources,swan.getStorageSync,1
鼎裕鑫铣刀丝攻钻咀,sinks,swan.setStorageSync,1
鼎鸿光唇鱼,sources,swan.getStorageSync,1
鼎鸿光唇鱼,sources,swan.getExtConfig,10
鼎鸿光唇鱼,sinks,swan.setStorageSync,1
鼎鸿光唇鱼,sinks,swan.request,10
鼎鸿淡水鱼苗,sources,swan.getStorageSync,1
鼎鸿淡水鱼苗,sources,swan.getExtConfig,10
鼎鸿淡水鱼苗,sinks,swan.setStorageSync,1
鼎鸿淡水鱼苗,sinks,swan.request,10
七板斧,sources,swan.getStorageSync,12
七板斧,sources,swan.input,56
七板斧,sources,swan.getExtConfig,1
七板斧,sinks,swan.setStorageSync,2
七板斧,sinks,swan.request,67
七舍洗涤服务,sources,swan.getStorageSync,533
七舍洗涤服务,sources,swan.getLocation,4
七舍洗涤服务,sources,swan.input,38
七舍洗涤服务,sources,swan.getStorage,1
七舍洗涤服务,sources,swan.chooseImage,5
七舍洗涤服务,sources,swan.getSystemInfoSync,4
七舍洗涤服务,sinks,swan.request,563
七舍洗涤服务,sinks,swan.removeStorageSync,4
七舍洗涤服务,sinks,swan.setStorageSync,5
七舍洗涤服务,sinks,swan.uploadFile,11
七舍洗涤服务,sinks,swan.setStorage,2
三亿农业有机肥加工设备,sources,swan.getExtConfig,23
三亿农业有机肥加工设备,sinks,swan.request,23
三亿农业有机肥生产线,sources,swan.getExtConfig,33
三亿农业有机肥生产线,sources,swan.getStorageSync,1
三亿农业有机肥生产线,sinks,swan.request,34
三亿农业有机肥设备,sources,swan.getExtConfig,34
三亿农业有机肥设备,sources,swan.getStorageSync,1
三亿农业有机肥设备,sinks,swan.request,35
三台在线人才网,sources,swan.getStorageSync,2
三台在线人才网,sinks,swan.request,2
三恒旗舰店,sources,swan.getStorageSync,3
三恒旗舰店,sinks,swan.setStorageSync,2
三恒旗舰店,sinks,swan.request,1
三板斧科技,sources,swan.getSystemInfoSync,1
三板斧科技,sinks,swan.setStorage,1
三钻泥浆泵缸套,sources,swan.getStorageSync,11
三钻泥浆泵缸套,sources,swan.getSystemInfoSync,1
三钻泥浆泵缸套,sources,swan.input,6
三钻泥浆泵缸套,sources,swan.chooseImage,4
三钻泥浆泵缸套,sinks,swan.request,16
三钻泥浆泵缸套,sinks,swan.setStorage,2
三钻泥浆泵缸套,sinks,swan.uploadFile,4
三龙机械水泥管模具,sources,swan.getStorageSync,1
三龙机械水泥管模具,sources,swan.getExtConfig,10
三龙机械水泥管模具,sinks,swan.setStorageSync,1
三龙机械水泥管模具,sinks,swan.request,10
上杭县永荣农副产品购销站,sources,swan.getExtConfig,10
上杭县永荣农副产品购销站,sinks,swan.request,10
上格筑家,sources,swan.input,2
上格筑家,sinks,swan.request,2
上格网,sources,swan.getSystemInfoSync,1
上格网,sinks,swan.setStorage,1
上海东方汇直复营销有限公司,sources,swan.getSystemInfoSync,1
上海东方汇直复营销有限公司,sinks,swan.setStorage,1
上海云颠计算机科技有限公司,sources,swan.getSystemInfoSync,1
上海云颠计算机科技有限公司,sinks,swan.setStorage,1
上海佑富自动化,sources,swan.input,2
上海佑富自动化,sinks,swan.request,2
上海全景医学影像诊断中心,sources,swan.getSystemInfoSync,1
上海全景医学影像诊断中心,sinks,swan.setStorage,1
上海全风实业有限公司,sources,swan.getSystemInfoSync,1
上海全风实业有限公司,sinks,swan.setStorage,1
上海可付信息技术有限公司,sources,swan.getSystemInfoSync,1
上海可付信息技术有限公司,sinks,swan.setStorage,1
上海奉净环保设备有限公司,sources,swan.getSystemInfoSync,1
上海奉净环保设备有限公司,sinks,swan.setStorage,1
上海娱公信息科技有限公司,sources,swan.getSystemInfoSync,1
上海娱公信息科技有限公司,sinks,swan.setStorage,1
上海娱公竞宇网络有限公司,sources,swan.getSystemInfoSync,1
上海娱公竞宇网络有限公司,sinks,swan.setStorage,1
上海定卓WIII,sources,swan.getStorageSync,18
上海定卓WIII,sources,swan.input,7
上海定卓WIII,sources,swan.getImageInfo,2
上海定卓WIII,sources,swan.getUserInfo,1
上海定卓WIII,sinks,swan.request,23
上海定卓WIII,sinks,swan.setStorageSync,3
上海定卓WIII,sinks,swan.saveImageToPhotosAlbum,2
上海小初初品牌管理有限公司,sources,swan.getSystemInfoSync,1
上海小初初品牌管理有限公司,sinks,swan.setStorage,1
上海希格玛高技术有限公司,sources,swan.getSystemInfoSync,1
上海希格玛高技术有限公司,sinks,swan.setStorage,1
上海帕弗洛文化用品有限公司,sources,swan.getSystemInfoSync,1
上海帕弗洛文化用品有限公司,sinks,swan.setStorage,1
上海开地电子有限公司,sources,swan.getSystemInfoSync,1
上海开地电子有限公司,sinks,swan.setStorage,1
上海弘鸽信息科技有限公司,sources,swan.getSystemInfoSync,1
上海弘鸽信息科技有限公司,sinks,swan.setStorage,1
上海微庚信息科技有限公司,sources,swan.getSystemInfoSync,1
上海微庚信息科技有限公司,sinks,swan.setStorage,1
上海思方耐火材料,sources,swan.getStorageSync,2
上海思方耐火材料,sinks,swan.setStorageSync,2
上海新居卫士除甲醛公司,sources,swan.getStorageSync,2
上海新居卫士除甲醛公司,sinks,swan.setStorageSync,2
上海新概念保险经纪有限公司,sources,swan.getSystemInfoSync,1
上海新概念保险经纪有限公司,sinks,swan.setStorage,1
上海有分科技发展有限公司,sources,swan.getSystemInfoSync,1
上海有分科技发展有限公司,sinks,swan.setStorage,1
上海汇付数据服务有限公司,sources,swan.getSystemInfoSync,1
上海汇付数据服务有限公司,sinks,swan.setStorage,1
上海泰优汇典当有限公司,sources,swan.getSystemInfoSync,1
上海泰优汇典当有限公司,sinks,swan.setStorage,1
上海源存机械制造有限公司,sources,swan.getSystemInfoSync,1
上海源存机械制造有限公司,sinks,swan.setStorage,1
上海睿旦教育信息咨询有限公司,sources,swan.getSystemInfoSync,1
上海睿旦教育信息咨询有限公司,sinks,swan.setStorage,1
上海础实工业装备有限公司,sources,swan.getSystemInfoSync,1
上海础实工业装备有限公司,sinks,swan.setStorage,1
上海第翼信息科技有限公司,sources,swan.getSystemInfoSync,1
上海第翼信息科技有限公司,sinks,swan.setStorage,1
上海精端网络科技有限公司,sources,swan.getSystemInfoSync,1
上海精端网络科技有限公司,sinks,swan.setStorage,1
上海红唇餐饮管理有限公司,sources,swan.getSystemInfoSync,1
上海红唇餐饮管理有限公司,sinks,swan.setStorage,1
上海红英寸建筑科技有限公司,sources,swan.getSystemInfoSync,1
上海红英寸建筑科技有限公司,sinks,swan.setStorage,1
上海聚筹信息科技有限公司,sources,swan.getSystemInfoSync,1
上海聚筹信息科技有限公司,sinks,swan.setStorage,1
上海肤原化妆品有限公司,sources,swan.getSystemInfoSync,1
上海肤原化妆品有限公司,sinks,swan.setStorage,1
上海蒂盾电子科技有限公司,sources,swan.getSystemInfoSync,1
上海蒂盾电子科技有限公司,sinks,swan.setStorage,1
上海蒂秀生物科技有限公司,sources,swan.getSystemInfoSync,1
上海蒂秀生物科技有限公司,sinks,swan.setStorage,1
上海逗趣网络科技有限公司,sources,swan.getSystemInfoSync,1
上海逗趣网络科技有限公司,sinks,swan.setStorage,1
上海钢擎气调包装机,sources,swan.getLocation,6
上海钢擎气调包装机,sources,swan.chooseImage,6
上海钢擎气调包装机,sources,swan.chooseAddress,2
上海钢擎气调包装机,sources,swan.input,10
上海钢擎气调包装机,sources,swan.getStorage,1
上海钢擎气调包装机,sinks,swan.setStorage,4
上海钢擎气调包装机,sinks,swan.uploadFile,2
上海钢擎气调包装机,sinks,swan.request,19
上海食根餐饮管理有限公司,sources,swan.getSystemInfoSync,1
上海食根餐饮管理有限公司,sinks,swan.setStorage,1
上海饭雅餐饮管理有限公司,sources,swan.getSystemInfoSync,1
上海饭雅餐饮管理有限公司,sinks,swan.setStorage,1
上海首窗科技有限公司,sources,swan.getSystemInfoSync,1
上海首窗科技有限公司,sinks,swan.setStorage,1
丽嘉防盗门,sources,swan.getStorageSync,1
丽嘉防盗门,sources,swan.getExtConfig,10
丽嘉防盗门,sinks,swan.setStorageSync,1
丽嘉防盗门,sinks,swan.request,10
久悦文化,sources,swan.getSystemInfoSync,1
久悦文化,sinks,swan.setStorage,1
久达大象登车桥,sources,swan.getSystemInfoSync,1
久达大象登车桥,sinks,swan.setStorage,1
乐冠悬浮地板,sources,swan.getStorageSync,3
乐冠悬浮地板,sinks,swan.setStorageSync,2
乐冠悬浮地板,sinks,swan.request,1
乐邦济南开锁换锁汽车钥匙指纹锁,sources,swan.getStorageSync,2
乐邦济南开锁换锁汽车钥匙指纹锁,sinks,swan.setStorageSync,2
乔尔丝丹,sources,swan.getStorageSync,39
乔尔丝丹,sources,swan.getExtConfigSync,42
乔尔丝丹,sources,swan.getUserInfo,2
乔尔丝丹,sources,swan.getSystemInfo,1
乔尔丝丹,sources,swan.input,1
乔尔丝丹,sources,swan.chooseImage,2
乔尔丝丹,sinks,swan.request,80
乔尔丝丹,sinks,swan.setStorageSync,4
乔尔丝丹,sinks,swan.setStorage,1
乔尔丝丹,sinks,swan.uploadFile,2
九戈音响,sources,swan.getSystemInfoSync,1
九戈音响,sinks,swan.setStorage,1
九阳阜亳淮旗舰店,sources,swan.getStorage,1
九阳阜亳淮旗舰店,sinks,swan.setStorage,1
书呆呆自习室,sources,swan.getLocation,13
书呆呆自习室,sources,swan.input,4
书呆呆自习室,sources,swan.getSystemInfoSync,4
书呆呆自习室,sources,swan.chooseImage,3
书呆呆自习室,sinks,swan.setStorage,23
书呆呆自习室,sinks,swan.uploadFile,1
买菜篮,sources,swan.getExtConfig,1
买菜篮,sinks,swan.setClipboardData,1
乾元风上海国际贸易有限公司,sources,swan.getSystemInfoSync,1
乾元风上海国际贸易有限公司,sinks,swan.setStorage,1
井冈山艰苦奋斗干部教育培训中心,sources,swan.getSystemInfoSync,1
井冈山艰苦奋斗干部教育培训中心,sinks,swan.setStorage,1
京东到家,sources,swan.getStorageSync,15
京东到家,sources,swan.getSystemInfo,1
京东到家,sources,swan.getUserInfo,3
京东到家,sources,swan.getSystemInfoSync,2
京东到家,sinks,swan.setStorageSync,14
京东到家,sinks,swan.setClipboardData,1
京东到家,sinks,swan.request,6
什么值得买,sources,swan.getStorage,18
什么值得买,sources,swan.getUserInfo,3
什么值得买,sources,swan.getStorageSync,26
什么值得买,sinks,swan.setStorageSync,8
什么值得买,sinks,swan.request,29
什么值得买,sinks,swan.setStorage,10
任丘市至顺禽蛋制品有限公司,sources,swan.getSystemInfoSync,1
任丘市至顺禽蛋制品有限公司,sinks,swan.setStorage,1
企二哥公司核名系统,sources,swan.getStorageSync,3
企二哥公司核名系统,sources,swan.input,2
企二哥公司核名系统,sinks,swan.request,4
企二哥公司核名系统,sinks,swan.setStorageSync,1
企服上海网络信息技术有限公司,sources,swan.getSystemInfoSync,1
企服上海网络信息技术有限公司,sinks,swan.setStorage,1
企服谷网络,sources,swan.getSystemInfoSync,1
企服谷网络,sinks,swan.setStorage,1
企服谷网络科技,sources,swan.getSystemInfoSync,1
企服谷网络科技,sinks,swan.setStorage,1
企法地注册公司注册代理记账服务,sources,swan.getStorageSync,2
企法地注册公司注册代理记账服务,sinks,swan.setStorageSync,2
企源翻抛机,sources,swan.chooseImage,1
企源翻抛机,sinks,swan.uploadFile,1
你懂我吗大考验,sources,swan.getSystemInfo,1
你懂我吗大考验,sources,swan.getStorageSync,60
你懂我吗大考验,sources,swan.getUserInfo,8
你懂我吗大考验,sources,swan.downloadFile,2
你懂我吗大考验,sinks,swan.setStorageSync,5
你懂我吗大考验,sinks,swan.request,64
你懂我吗大考验,sinks,swan.saveImageToPhotosAlbum,2
佳润灰钙氢氧化钙厂家,sources,swan.getExtConfig,25
佳润灰钙氢氧化钙厂家,sources,swan.getStorageSync,1
佳润灰钙氢氧化钙厂家,sinks,swan.request,26
佳通付,sources,swan.getStorageSync,2
佳通付,sinks,swan.setStorageSync,2
俊客健身房专用无人值守蛋白粉机,sources,swan.getExtConfig,14
俊客健身房专用无人值守蛋白粉机,sinks,swan.request,14
俊客商用现磨咖啡机蛋白粉机,sources,swan.getStorageSync,1
俊客商用现磨咖啡机蛋白粉机,sources,swan.getExtConfig,20
俊客商用现磨咖啡机蛋白粉机,sinks,swan.setStorageSync,1
俊客商用现磨咖啡机蛋白粉机,sinks,swan.request,20
俊客智能共享无人咖啡机厂家,sources,swan.getExtConfig,8
俊客智能共享无人咖啡机厂家,sinks,swan.request,8
儒工二次构造柱泵,sources,swan.getExtConfig,19
儒工二次构造柱泵,sinks,swan.request,19
全心全意登报,sources,swan.getSystemInfo,1
全心全意登报,sources,swan.chooseImage,1
全心全意登报,sources,swan.getUserInfo,4
全心全意登报,sources,swan.downloadFile,1
全心全意登报,sinks,swan.setStorageSync,5
全心全意登报,sinks,swan.uploadFile,1
全心全意登报,sinks,swan.saveImageToPhotosAlbum,1
全球共德,sources,swan.getSystemInfoSync,1
全球共德,sinks,swan.setStorage,1
全鲜达,sources,swan.getSystemInfoSync,1
全鲜达,sources,swan.getStorageSync,4
全鲜达,sources,swan.getLocation,2
全鲜达,sources,swan.chooseImage,3
全鲜达,sources,swan.input,1
全鲜达,sources,swan.getImageInfo,1
全鲜达,sinks,swan.setStorageSync,2
全鲜达,sinks,swan.request,4
全鲜达,sinks,swan.uploadFile,3
全鲜达,sinks,swan.setStorage,2
全鲜达,sinks,swan.saveImageToPhotosAlbum,1
六十度宴会,sources,swan.getStorage,1
六十度宴会,sources,swan.input,2
六十度宴会,sources,swan.downloadFile,3
六十度宴会,sources,swan.chooseImage,6
六十度宴会,sources,swan.getStorageSync,4
六十度宴会,sources,swan.getLocation,1
六十度宴会,sinks,swan.setStorage,2
六十度宴会,sinks,swan.request,4
六十度宴会,sinks,swan.saveImageToPhotosAlbum,3
六十度宴会,sinks,swan.uploadFile,4
六十度宴会,sinks,swan.setStorageSync,4
六路企服税务筹划平台,sources,swan.input,1
六路企服税务筹划平台,sources,swan.getStorageSync,1
六路企服税务筹划平台,sources,swan.getExtConfig,1
六路企服税务筹划平台,sinks,swan.request,3
内蒙古敕勒歌酒业有限责任公司,sources,swan.getSystemInfoSync,1
内蒙古敕勒歌酒业有限责任公司,sinks,swan.setStorage,1
农夫山泉送水到府,sources,swan.getExtConfig,1
农夫山泉送水到府,sinks,swan.setClipboardData,1
决对美,sources,swan.getStorageSync,2
决对美,sinks,swan.setStorageSync,2
凌云玻纤嵌缝带接缝带,sources,swan.getStorageSync,1
凌云玻纤嵌缝带接缝带,sources,swan.getExtConfig,11
凌云玻纤嵌缝带接缝带,sinks,swan.setStorageSync,1
凌云玻纤嵌缝带接缝带,sinks,swan.request,11
几度cms建站平台,sources,swan.getSystemInfoSync,1
几度cms建站平台,sinks,swan.setStorage,1
凯丽隆海外外贸营销推广,sources,swan.getSystemInfo,2
凯丽隆海外外贸营销推广,sources,swan.getUserInfo,2
凯丽隆海外外贸营销推广,sources,swan.getStorageSync,2
凯丽隆海外外贸营销推广,sinks,swan.request,5
凯丽隆海外外贸营销推广,sinks,swan.setStorageSync,1
凯悦防盗门厂家,sources,swan.getStorageSync,1
凯悦防盗门厂家,sources,swan.getExtConfig,10
凯悦防盗门厂家,sinks,swan.setStorageSync,1
凯悦防盗门厂家,sinks,swan.request,10
凯洁地板,sources,swan.getStorageSync,1
凯洁地板,sinks,swan.setStorageSync,1
力源户外丧事灵棚,sources,swan.getExtConfig,23
力源户外丧事灵棚,sources,swan.getStorageSync,1
力源户外丧事灵棚,sinks,swan.request,24
力源户外白事拱门,sources,swan.getExtConfig,23
力源户外白事拱门,sources,swan.getStorageSync,1
力源户外白事拱门,sinks,swan.request,24
力源户外白事灵棚,sources,swan.getExtConfig,23
力源户外白事灵棚,sources,swan.getStorageSync,1
力源户外白事灵棚,sinks,swan.request,24
力胜标志杆厂,sources,swan.getStorageSync,1
力胜标志杆厂,sources,swan.getExtConfig,10
力胜标志杆厂,sinks,swan.setStorageSync,1
力胜标志杆厂,sinks,swan.request,10
力胜标志杆厂家,sources,swan.getStorageSync,1
力胜标志杆厂家,sources,swan.getExtConfig,10
力胜标志杆厂家,sinks,swan.setStorageSync,1
力胜标志杆厂家,sinks,swan.request,10
力迈水刀,sources,swan.getStorageSync,1
力迈水刀,sources,swan.getExtConfig,15
力迈水刀,sinks,swan.setStorageSync,1
力迈水刀,sinks,swan.request,15
加惠出国移民,sources,swan.getUserInfo,1
加惠出国移民,sources,swan.getStorageSync,1
加惠出国移民,sinks,swan.request,2
励帆云,sources,swan.getStorageSync,12
励帆云,sources,swan.input,56
励帆云,sources,swan.getExtConfig,1
励帆云,sinks,swan.setStorageSync,2
励帆云,sinks,swan.request,67
勉县香吧佬卤肉馆,sources,swan.getStorageSync,525
勉县香吧佬卤肉馆,sources,swan.getLocation,4
勉县香吧佬卤肉馆,sources,swan.input,38
勉县香吧佬卤肉馆,sources,swan.getStorage,1
勉县香吧佬卤肉馆,sources,swan.chooseImage,5
勉县香吧佬卤肉馆,sources,swan.getSystemInfoSync,4
勉县香吧佬卤肉馆,sinks,swan.request,555
勉县香吧佬卤肉馆,sinks,swan.removeStorageSync,4
勉县香吧佬卤肉馆,sinks,swan.setStorageSync,5
勉县香吧佬卤肉馆,sinks,swan.uploadFile,11
勉县香吧佬卤肉馆,sinks,swan.setStorage,2
千游携号转网查询,sources,swan.input,3
千游携号转网查询,sinks,swan.request,3
千红蜂业,sources,swan.getExtConfig,1
千红蜂业,sinks,swan.setClipboardData,1
千线集团千里挑一,sources,swan.getSystemInfoSync,1
千线集团千里挑一,sinks,swan.setStorage,1
千鲜汇品牌名片,sources,swan.getSystemInfoSync,1
千鲜汇品牌名片,sinks,swan.setStorage,1
南京东顶化工有限公司,sources,swan.getSystemInfoSync,1
南京东顶化工有限公司,sinks,swan.setStorage,1
南京天佑开锁换锁配钥匙指纹锁,sources,swan.getStorageSync,2
南京天佑开锁换锁配钥匙指纹锁,sinks,swan.setStorageSync,2
南京寸雪文化传播有限公司,sources,swan.getSystemInfoSync,1
南京寸雪文化传播有限公司,sinks,swan.setStorage,1
南京市第一医院,sources,swan.getStorageSync,33
南京市第一医院,sources,swan.input,1
南京市第一医院,sinks,swan.request,34
南京帆软软件有限公司,sources,swan.getSystemInfoSync,1
南京帆软软件有限公司,sinks,swan.setStorage,1
南京微构医药科技有限公司,sources,swan.getSystemInfoSync,1
南京微构医药科技有限公司,sinks,swan.setStorage,1
南京易村客电子商务有限公司,sources,swan.getSystemInfoSync,1
南京易村客电子商务有限公司,sinks,swan.setStorage,1
南京誉鸽信息科技有限公司,sources,swan.getSystemInfoSync,1
南京誉鸽信息科技有限公司,sinks,swan.setStorage,1
南宁鼓发清洗鱼缸鱼缸订做护理,sources,swan.getStorageSync,2
南宁鼓发清洗鱼缸鱼缸订做护理,sinks,swan.setStorageSync,2
南安大众杀虫公司,sources,swan.getExtConfig,11
南安大众杀虫公司,sinks,swan.request,11
南昌大学附属眼科医院,sources,swan.input,1
南昌大学附属眼科医院,sources,swan.getStorageSync,27
南昌大学附属眼科医院,sources,swan.getSystemInfoSync,1
南昌大学附属眼科医院,sinks,swan.request,28
南昌大学附属眼科医院,sinks,swan.setStorageSync,1
南昌家缝靓瓷砖美缝,sources,swan.getStorageSync,2
南昌家缝靓瓷砖美缝,sinks,swan.setStorageSync,2
南昌市滕王阁管理处,sources,swan.getSystemInfoSync,1
南昌市滕王阁管理处,sinks,swan.setStorage,1
南昌当代青云文化艺术学校,sources,swan.getStorageSync,12
南昌当代青云文化艺术学校,sources,swan.input,56
南昌当代青云文化艺术学校,sources,swan.getExtConfig,1
南昌当代青云文化艺术学校,sinks,swan.setStorageSync,2
南昌当代青云文化艺术学校,sinks,swan.request,67
南昌水木源画室,sources,swan.getSystemInfoSync,1
南昌水木源画室,sinks,swan.setStorage,1
南通烽喜装饰材料有限公司,sources,swan.getSystemInfoSync,1
南通烽喜装饰材料有限公司,sinks,swan.setStorage,1
南阳美好愿景装饰设计公司,sources,swan.getSystemInfoSync,1
南阳美好愿景装饰设计公司,sinks,swan.setStorage,1
南靖戴亿果农业,sources,swan.getStorageSync,525
南靖戴亿果农业,sources,swan.getLocation,4
南靖戴亿果农业,sources,swan.input,38
南靖戴亿果农业,sources,swan.getStorage,1
南靖戴亿果农业,sources,swan.chooseImage,5
南靖戴亿果农业,sources,swan.getSystemInfoSync,4
南靖戴亿果农业,sinks,swan.request,555
南靖戴亿果农业,sinks,swan.removeStorageSync,4
南靖戴亿果农业,sinks,swan.setStorageSync,5
南靖戴亿果农业,sinks,swan.uploadFile,11
南靖戴亿果农业,sinks,swan.setStorage,2
卡到充值中心,sources,swan.getExtConfig,1
卡到充值中心,sinks,swan.setClipboardData,1
卡姆派蒂,sources,swan.getSystemInfoSync,1
卡姆派蒂,sinks,swan.setStorage,1
厦门三滴生物科技有限公司,sources,swan.getSystemInfoSync,1
厦门三滴生物科技有限公司,sinks,swan.setStorage,1
厦门井钿低噪音性空压机,sources,swan.getExtConfig,9
厦门井钿低噪音性空压机,sinks,swan.request,9
厦门傅氏开锁,sources,swan.getStorageSync,2
厦门傅氏开锁,sinks,swan.setStorageSync,2
厦门华最灌溉设备科技有限公司,sources,swan.getSystemInfoSync,1
厦门华最灌溉设备科技有限公司,sinks,swan.setStorage,1
厦门天聪智能软件有限公司,sources,swan.getSystemInfoSync,1
厦门天聪智能软件有限公司,sinks,swan.setStorage,1
厦门宜歌登报遗失公告,sources,swan.getExtConfig,10
厦门宜歌登报遗失公告,sinks,swan.request,10
厦门改灯店,sources,swan.getExtConfig,9
厦门改灯店,sinks,swan.request,9
厦门易法通法务信息管理,sources,swan.getSystemInfoSync,1
厦门易法通法务信息管理,sinks,swan.setStorage,1
厦门概率吧科技有限公司,sources,swan.getSystemInfoSync,1
厦门概率吧科技有限公司,sinks,swan.setStorage,1
厦门沸腾网络科技有限公司,sources,swan.getSystemInfoSync,1
厦门沸腾网络科技有限公司,sinks,swan.setStorage,1
厦门赣通铁路货运,sources,swan.getExtConfig,11
厦门赣通铁路货运,sinks,swan.request,11
厦门阜欣光电显示屏,sources,swan.getExtConfig,9
厦门阜欣光电显示屏,sinks,swan.request,9
厦门阜欣光电智慧LED大屏,sources,swan.getExtConfig,12
厦门阜欣光电智慧LED大屏,sinks,swan.request,12
厦门风鱼动漫有限公司,sources,swan.getSystemInfoSync,1
厦门风鱼动漫有限公司,sinks,swan.setStorage,1
双印粗粮,sources,swan.getExtConfig,1
双印粗粮,sinks,swan.setClipboardData,1
双艺黄花风铃木价格,sources,swan.getExtConfig,9
双艺黄花风铃木价格,sinks,swan.request,9
可可天下桂林米粉螺蛳粉,sources,swan.getExtConfig,9
可可天下桂林米粉螺蛳粉,sinks,swan.request,9
吉林吉大孵化器有限公司,sources,swan.getSystemInfoSync,1
吉林吉大孵化器有限公司,sinks,swan.setStorage,1
吉林大川落煤管防堵科技有限公司,sources,swan.getSystemInfoSync,1
吉林大川落煤管防堵科技有限公司,sinks,swan.setStorage,1
吉林市包黑公餐饮管理有限公司,sources,swan.getSystemInfoSync,1
吉林市包黑公餐饮管理有限公司,sinks,swan.setStorage,1
吉林百翠餐饮有限公司,sources,swan.getSystemInfoSync,1
吉林百翠餐饮有限公司,sinks,swan.setStorage,1
吉林省每顿餐饮管理有限公司,sources,swan.getSystemInfoSync,1
吉林省每顿餐饮管理有限公司,sinks,swan.setStorage,1
吉林省蛋无止境生物科技有限公司,sources,swan.getSystemInfoSync,1
吉林省蛋无止境生物科技有限公司,sinks,swan.setStorage,1
吉林省装信装饰装修创业孵化基地,sources,swan.getSystemInfoSync,1
吉林省装信装饰装修创业孵化基地,sinks,swan.setStorage,1
名和沪中建筑木方厂家,sources,swan.input,1
名和沪中建筑木方厂家,sources,swan.getStorageSync,1
名和沪中建筑木方厂家,sources,swan.getExtConfig,1
名和沪中建筑木方厂家,sinks,swan.request,3
吕梁天蕊蜂产品商城,sources,swan.getStorageSync,520
吕梁天蕊蜂产品商城,sources,swan.getLocation,5
吕梁天蕊蜂产品商城,sources,swan.getStorage,1
吕梁天蕊蜂产品商城,sources,swan.chooseImage,3
吕梁天蕊蜂产品商城,sources,swan.getSystemInfoSync,6
吕梁天蕊蜂产品商城,sinks,swan.request,526
吕梁天蕊蜂产品商城,sinks,swan.uploadFile,7
吕梁天蕊蜂产品商城,sinks,swan.setStorage,2
君科重工齿辊破碎机,sources,swan.chooseImage,1
君科重工齿辊破碎机,sinks,swan.uploadFile,1
咔叮卡丁,sources,swan.getSystemInfoSync,1
咔叮卡丁,sinks,swan.setStorage,1
咔啡雾化,sources,swan.getUserInfo,2
咔啡雾化,sources,swan.getExtConfigSync,110
咔啡雾化,sources,swan.getStorageSync,7
咔啡雾化,sources,swan.input,4
咔啡雾化,sources,swan.chooseAddress,1
咔啡雾化,sources,swan.getImageInfo,2
咔啡雾化,sinks,swan.request,122
咔啡雾化,sinks,swan.saveImageToPhotosAlbum,2
咔啡雾化,sinks,swan.uploadFile,2
咪咕阅读,sources,swan.getSystemInfoSync,4
咪咕阅读,sources,swan.getStorageSync,7
咪咕阅读,sources,swan.getStorage,4
咪咕阅读,sources,swan.downloadFile,3
咪咕阅读,sources,swan.getUserInfo,1
咪咕阅读,sources,swan.input,1
咪咕阅读,sinks,swan.request,13
咪咕阅读,sinks,swan.setStorage,3
咪咕阅读,sinks,swan.saveImageToPhotosAlbum,3
咪咕阅读,sinks,swan.setStorageSync,1
品传,sources,swan.getStorageSync,2
品传,sinks,swan.setStorageSync,2
品祺智能教学触控会议平板一体机,sources,swan.input,1
品祺智能教学触控会议平板一体机,sources,swan.getStorageSync,1
品祺智能教学触控会议平板一体机,sources,swan.getExtConfig,1
品祺智能教学触控会议平板一体机,sinks,swan.request,3
品融电商,sources,swan.getStorageSync,2
品融电商,sinks,swan.setStorageSync,2
嘉谷亦禾办公室地毯,sources,swan.getStorageSync,2
嘉谷亦禾办公室地毯,sinks,swan.setStorageSync,2
嘉辞信息网,sources,swan.downloadFile,1
嘉辞信息网,sources,swan.getStorage,3
嘉辞信息网,sources,swan.getLocation,1
嘉辞信息网,sinks,swan.saveImageToPhotosAlbum,1
嘉辞信息网,sinks,swan.setStorage,4
四川中防振兴防火玻璃,sources,swan.getStorageSync,2
四川中防振兴防火玻璃,sinks,swan.setStorageSync,2
四川九倒拐餐饮管理有限公司,sources,swan.getSystemInfoSync,1
四川九倒拐餐饮管理有限公司,sinks,swan.setStorage,1
四川人人帮创业孵化器有限公司,sources,swan.getSystemInfoSync,1
四川人人帮创业孵化器有限公司,sinks,swan.setStorage,1
四川公共安全产业有限公司,sources,swan.getSystemInfoSync,1
四川公共安全产业有限公司,sinks,swan.setStorage,1
四川岷山饭店有限公司,sources,swan.getSystemInfoSync,1
四川岷山饭店有限公司,sinks,swan.setStorage,1
四川忧遁网络科技有限公司,sources,swan.getSystemInfoSync,1
四川忧遁网络科技有限公司,sinks,swan.setStorage,1
四川旦旦旦餐饮管理有限公司,sources,swan.getSystemInfoSync,1
四川旦旦旦餐饮管理有限公司,sinks,swan.setStorage,1
四川泛梦科技有限公司,sources,swan.getSystemInfoSync,1
四川泛梦科技有限公司,sinks,swan.setStorage,1
四川玉林串串香投资管理有限公司,sources,swan.getSystemInfoSync,1
四川玉林串串香投资管理有限公司,sinks,swan.setStorage,1
四川省壹贰叁餐饮管理有限公司,sources,swan.getSystemInfoSync,1
四川省壹贰叁餐饮管理有限公司,sinks,swan.setStorage,1
四川碟滋味餐饮有限公司,sources,swan.getSystemInfoSync,1
四川碟滋味餐饮有限公司,sinks,swan.setStorage,1
四川美登家具有限公司,sources,swan.getSystemInfoSync,1
四川美登家具有限公司,sinks,swan.setStorage,1
四川蓝川管道有限公司,sources,swan.getStorageSync,12
四川蓝川管道有限公司,sinks,swan.request,12
四川蓝筹建材有限公司,sources,swan.getSystemInfoSync,1
四川蓝筹建材有限公司,sinks,swan.setStorage,1
四川蜀当家餐饮管理有限公司,sources,swan.getSystemInfoSync,1
四川蜀当家餐饮管理有限公司,sinks,swan.setStorage,1
四川赶酒会文化传媒有限责任公司,sources,swan.getSystemInfoSync,1
四川赶酒会文化传媒有限责任公司,sinks,swan.setStorage,1
四川阆中卓尚丝绸工业有限公司,sources,swan.getSystemInfoSync,1
四川阆中卓尚丝绸工业有限公司,sinks,swan.setStorage,1
圣力基础桩基工程,sources,swan.getStorageSync,1
圣力基础桩基工程,sinks,swan.setStorageSync,1
圣宠宠物美容师培训学校,sources,swan.input,1
圣宠宠物美容师培训学校,sources,swan.getStorageSync,1
圣宠宠物美容师培训学校,sources,swan.getExtConfig,1
圣宠宠物美容师培训学校,sinks,swan.request,3
坤宇玻璃钢污水处理池,sources,swan.getExtConfig,26
坤宇玻璃钢污水处理池,sources,swan.getStorageSync,1
坤宇玻璃钢污水处理池,sinks,swan.request,27
坤宇玻璃钢烟囱,sources,swan.getStorageSync,1
坤宇玻璃钢烟囱,sources,swan.getExtConfig,10
坤宇玻璃钢烟囱,sinks,swan.setStorageSync,1
坤宇玻璃钢烟囱,sinks,swan.request,10
墨色江南别墅围栏扶手,sources,swan.getStorageSync,1
墨色江南别墅围栏扶手,sources,swan.getExtConfig,10
墨色江南别墅围栏扶手,sinks,swan.setStorageSync,1
墨色江南别墅围栏扶手,sinks,swan.request,10
士达,sources,swan.getSystemInfoSync,1
士达,sinks,swan.setStorage,1
奇妙豆豆书屋,sources,swan.getExtConfig,1
奇妙豆豆书屋,sinks,swan.setClipboardData,1
如顺勾花网,sources,swan.getStorageSync,2
如顺勾花网,sinks,swan.setStorageSync,2
娄底辰州催化剂销售有限公司,sources,swan.getSystemInfoSync,1
娄底辰州催化剂销售有限公司,sinks,swan.setStorage,1
娜姐帮帮购,sources,swan.getUserInfo,3
娜姐帮帮购,sources,swan.getStorageSync,17
娜姐帮帮购,sources,swan.input,4
娜姐帮帮购,sinks,swan.request,23
娜姐帮帮购,sinks,swan.setStorageSync,1
媒介匣亲戚关系助手,sources,swan.getStorageSync,1
媒介匣亲戚关系助手,sources,swan.getUserInfo,8
媒介匣亲戚关系助手,sinks,swan.setStorageSync,1
媒介匣亲戚关系助手,sinks,swan.request,8
宁强富强农副产品平台,sources,swan.getStorageSync,529
宁强富强农副产品平台,sources,swan.getLocation,5
宁强富强农副产品平台,sources,swan.input,38
宁强富强农副产品平台,sources,swan.getStorage,1
宁强富强农副产品平台,sources,swan.chooseImage,5
宁强富强农副产品平台,sources,swan.getSystemInfoSync,4
宁强富强农副产品平台,sinks,swan.request,560
宁强富强农副产品平台,sinks,swan.removeStorageSync,4
宁强富强农副产品平台,sinks,swan.setStorageSync,5
宁强富强农副产品平台,sinks,swan.uploadFile,11
宁强富强农副产品平台,sinks,swan.setStorage,2
宁波市格烽善气动有限公司,sources,swan.getSystemInfoSync,1
宁波市格烽善气动有限公司,sinks,swan.setStorage,1
宁波市铁壳虫管业有限公司,sources,swan.getSystemInfoSync,1
宁波市铁壳虫管业有限公司,sinks,swan.setStorage,1
宁波痘鱼网络有限公司,sources,swan.getSystemInfoSync,1
宁波痘鱼网络有限公司,sinks,swan.setStorage,1
守兴昌茶业昆明店,sources,swan.getExtConfig,1
守兴昌茶业昆明店,sinks,swan.setClipboardData,1
家丰母婴,sources,swan.getStorageSync,3
家丰母婴,sinks,swan.setStorageSync,2
家丰母婴,sinks,swan.request,1
寝夜思宾馆床上用品,sources,swan.getStorageSync,1
寝夜思宾馆床上用品,sinks,swan.setStorageSync,1
寝夜思礼品床上用品,sources,swan.getStorageSync,1
寝夜思礼品床上用品,sinks,swan.setStorageSync,1
少春中学,sources,swan.getSystemInfoSync,1
少春中学,sinks,swan.setStorage,1
就发物流网,sources,swan.getStorageSync,2
就发物流网,sinks,swan.request,2
居高家居,sources,swan.getExtConfig,1
居高家居,sinks,swan.setClipboardData,1
山东一村空调有限公司,sources,swan.getSystemInfoSync,1
山东一村空调有限公司,sinks,swan.setStorage,1
山东公信安全科技有限公司,sources,swan.getSystemInfoSync,1
山东公信安全科技有限公司,sinks,swan.setStorage,1
山东博风风机有限公司,sources,swan.getSystemInfoSync,1
山东博风风机有限公司,sinks,swan.setStorage,1
山东头等文化产业股份有限公司,sources,swan.getSystemInfoSync,1
山东头等文化产业股份有限公司,sinks,swan.setStorage,1
山东得象电器科技有限公司,sources,swan.getSystemInfoSync,1
山东得象电器科技有限公司,sinks,swan.setStorage,1
山东德建集团有限公司,sources,swan.getSystemInfoSync,1
山东德建集团有限公司,sinks,swan.setStorage,1
山东戈威士电子科技有限公司,sources,swan.getSystemInfoSync,1
山东戈威士电子科技有限公司,sinks,swan.setStorage,1
山东搜到网络科技有限公司,sources,swan.getSystemInfoSync,1
山东搜到网络科技有限公司,sinks,swan.setStorage,1
山东易服信息技术有限公司,sources,swan.getSystemInfoSync,1
山东易服信息技术有限公司,sinks,swan.setStorage,1
山东景阳冈酒厂,sources,swan.getSystemInfoSync,1
山东景阳冈酒厂,sinks,swan.setStorage,1
山东格瑞特穿条设备厂,sources,swan.getStorageSync,1
山东格瑞特穿条设备厂,sources,swan.getExtConfig,12
山东格瑞特穿条设备厂,sinks,swan.setStorageSync,1
山东格瑞特穿条设备厂,sinks,swan.request,12
山东浩海清淤船,sources,swan.getExtConfig,33
山东浩海清淤船,sources,swan.getStorageSync,1
山东浩海清淤船,sinks,swan.request,34
山东润德复合材料有限公司,sources,swan.getSystemInfoSync,1
山东润德复合材料有限公司,sinks,swan.setStorage,1
山东清秀村环境科技有限公司,sources,swan.getSystemInfoSync,1
山东清秀村环境科技有限公司,sinks,swan.setStorage,1
山东环俄出国留学中介服务,sources,swan.getSystemInfoSync,1
山东环俄出国留学中介服务,sinks,swan.setStorage,1
山东申兴钙业科技有限责任公司,sources,swan.getSystemInfoSync,1
山东申兴钙业科技有限责任公司,sinks,swan.setStorage,1
山东省妇幼保健院,sources,swan.chooseImage,1
山东省妇幼保健院,sinks,swan.uploadFile,1
山东省王子宫殿影视文化发展,sources,swan.getSystemInfoSync,1
山东省王子宫殿影视文化发展,sinks,swan.setStorage,1
山东阳谷金岗钎具有限公司,sources,swan.getSystemInfoSync,1
山东阳谷金岗钎具有限公司,sinks,swan.setStorage,1
山河醋业有限公司,sources,swan.getSystemInfoSync,1
山河醋业有限公司,sinks,swan.setStorage,1
山西塘韵农副食品,sources,swan.getStorageSync,525
山西塘韵农副食品,sources,swan.getLocation,4
山西塘韵农副食品,sources,swan.input,38
山西塘韵农副食品,sources,swan.getStorage,1
山西塘韵农副食品,sources,swan.chooseImage,5
山西塘韵农副食品,sources,swan.getSystemInfoSync,4
山西塘韵农副食品,sinks,swan.request,555
山西塘韵农副食品,sinks,swan.removeStorageSync,4
山西塘韵农副食品,sinks,swan.setStorageSync,5
山西塘韵农副食品,sinks,swan.uploadFile,11
山西塘韵农副食品,sinks,swan.setStorage,2
山西强力矿用防爆,sources,swan.getUserInfo,1
山西强力矿用防爆,sources,swan.getStorageSync,14
山西强力矿用防爆,sinks,swan.request,13
山西强力矿用防爆,sinks,swan.setStorageSync,2
山西百春居教育,sources,swan.getStorageSync,529
山西百春居教育,sources,swan.getLocation,5
山西百春居教育,sources,swan.input,38
山西百春居教育,sources,swan.getStorage,1
山西百春居教育,sources,swan.chooseImage,5
山西百春居教育,sources,swan.getSystemInfoSync,4
山西百春居教育,sinks,swan.request,560
山西百春居教育,sinks,swan.removeStorageSync,4
山西百春居教育,sinks,swan.setStorageSync,5
山西百春居教育,sinks,swan.uploadFile,11
山西百春居教育,sinks,swan.setStorage,2
山风学生床厂家批发,sources,swan.getStorageSync,1
山风学生床厂家批发,sources,swan.getExtConfig,11
山风学生床厂家批发,sinks,swan.setStorageSync,1
山风学生床厂家批发,sinks,swan.request,11
嵊州市火夫电器有限公司,sources,swan.getSystemInfoSync,1
嵊州市火夫电器有限公司,sinks,swan.setStorage,1
巨高精机,sources,swan.getExtConfig,23
巨高精机,sources,swan.getStorageSync,1
巨高精机,sinks,swan.request,24
平湖市霞杜葡萄酒有限公司,sources,swan.getSystemInfoSync,1
平湖市霞杜葡萄酒有限公司,sinks,swan.setStorage,1
庆繁电动天棚帘厂家,sources,swan.getSystemInfo,2
庆繁电动天棚帘厂家,sources,swan.getUserInfo,2
庆繁电动天棚帘厂家,sources,swan.getStorageSync,2
庆繁电动天棚帘厂家,sinks,swan.request,5
庆繁电动天棚帘厂家,sinks,swan.setStorageSync,1
建国电加热反应釜,sources,swan.getStorageSync,1
建国电加热反应釜,sources,swan.getExtConfig,11
建国电加热反应釜,sinks,swan.setStorageSync,1
建国电加热反应釜,sinks,swan.request,11
强峰移动登车桥装卸货平台厂家,sources,swan.getStorageSync,1
强峰移动登车桥装卸货平台厂家,sources,swan.getExtConfig,10
强峰移动登车桥装卸货平台厂家,sinks,swan.setStorageSync,1
强峰移动登车桥装卸货平台厂家,sinks,swan.request,10
强辉飞科FLYCO剃须刀,sources,swan.getUserInfo,2
强辉飞科FLYCO剃须刀,sources,swan.getExtConfigSync,397
强辉飞科FLYCO剃须刀,sources,swan.getStorageSync,7
强辉飞科FLYCO剃须刀,sources,swan.getLocation,6
强辉飞科FLYCO剃须刀,sources,swan.chooseAddress,1
强辉飞科FLYCO剃须刀,sources,swan.getImageInfo,2
强辉飞科FLYCO剃须刀,sinks,swan.request,405
强辉飞科FLYCO剃须刀,sinks,swan.uploadFile,8
强辉飞科FLYCO剃须刀,sinks,swan.saveImageToPhotosAlbum,2
彭大顺豆制品设备,sources,swan.getExtConfig,33
彭大顺豆制品设备,sinks,swan.request,33
律说律答,sources,swan.getLocation,1
律说律答,sources,swan.downloadFile,2
律说律答,sources,swan.getStorageSync,3
律说律答,sinks,swan.setStorage,1
律说律答,sinks,swan.saveImageToPhotosAlbum,2
律说律答,sinks,swan.request,1
律说律答,sinks,swan.setStorageSync,2
快印达,sources,swan.getStorage,1
快印达,sources,swan.input,2
快印达,sources,swan.downloadFile,3
快印达,sources,swan.chooseImage,6
快印达,sources,swan.getStorageSync,4
快印达,sources,swan.getLocation,1
快印达,sinks,swan.setStorage,2
快印达,sinks,swan.request,4
快印达,sinks,swan.saveImageToPhotosAlbum,3
快印达,sinks,swan.uploadFile,4
快印达,sinks,swan.setStorageSync,4
快发开锁配汽车钥匙,sources,swan.getStorageSync,3
快发开锁配汽车钥匙,sinks,swan.setStorageSync,2
快发开锁配汽车钥匙,sinks,swan.request,1
快发济南开锁换锁修锁,sources,swan.getStorageSync,3
快发济南开锁换锁修锁,sinks,swan.setStorageSync,2
快发济南开锁换锁修锁,sinks,swan.request,1
快对,sources,swan.getStorageSync,1
快对,sinks,swan.setStorageSync,1
快当点单智慧餐厅管理系统,sources,swan.getSystemInfoSync,1
快当点单智慧餐厅管理系统,sinks,swan.setStorage,1
快抖平台,sources,swan.getStorageSync,2
快抖平台,sinks,swan.setStorageSync,2
思购趣拼,sources,swan.getExtConfigSync,2
思购趣拼,sources,swan.getStorageSync,3
思购趣拼,sources,swan.getSystemInfo,1
思购趣拼,sinks,swan.request,2
思购趣拼,sinks,swan.uploadFile,1
思购趣拼,sinks,swan.setStorageSync,3
急切网繁体字转换器,sources,swan.downloadFile,1
急切网繁体字转换器,sinks,swan.saveImageToPhotosAlbum,1
恢复大师,sources,swan.getStorage,3
恢复大师,sources,swan.getLocation,4
恢复大师,sources,swan.getStorageSync,1
恢复大师,sources,swan.input,2
恢复大师,sinks,swan.request,5
恢复大师,sinks,swan.setStorageSync,5
惠安大众杀虫公司,sources,swan.getExtConfig,9
惠安大众杀虫公司,sinks,swan.request,9
惠州博莱特低压螺杆空压机,sources,swan.getExtConfig,11
惠州博莱特低压螺杆空压机,sinks,swan.request,11
惠州市英泓蛋品有限公司,sources,swan.getSystemInfoSync,1
惠州市英泓蛋品有限公司,sinks,swan.setStorage,1
惠州锦尚置业龙光城独家,sources,swan.getExtConfig,9
惠州锦尚置业龙光城独家,sinks,swan.request,9
惠民鹅苗批发厂家,sources,swan.getExtConfig,16
惠民鹅苗批发厂家,sinks,swan.request,16
慢城蛋糕,sources,swan.getExtConfig,1
慢城蛋糕,sinks,swan.setClipboardData,1
慧得利气浮机设备,sources,swan.getExtConfig,25
慧得利气浮机设备,sinks,swan.request,25
换屏哥,sources,swan.getStorage,3
换屏哥,sources,swan.getLocation,24
换屏哥,sources,swan.getStorageSync,2
换屏哥,sources,swan.input,4
换屏哥,sinks,swan.request,7
换屏哥,sinks,swan.setStorageSync,26
捷帆帆布,sources,swan.getStorageSync,1
捷帆帆布,sources,swan.getExtConfig,12
捷帆帆布,sinks,swan.setStorageSync,1
捷帆帆布,sinks,swan.request,12
捷帆防雨布,sources,swan.getStorageSync,1
捷帆防雨布,sources,swan.getExtConfig,11
捷帆防雨布,sinks,swan.setStorageSync,1
捷帆防雨布,sinks,swan.request,11
撸宠宠物商城,sources,swan.getExtConfig,1
撸宠宠物商城,sinks,swan.setClipboardData,1
攀之登机械设备租赁,sources,swan.getStorageSync,9
攀之登机械设备租赁,sources,swan.getLocation,1
攀之登机械设备租赁,sources,swan.getExtConfigSync,1
攀之登机械设备租赁,sinks,swan.setStorageSync,7
攀之登机械设备租赁,sinks,swan.setStorage,1
攀之登机械设备租赁,sinks,swan.request,2
攀之登机械设备租赁,sinks,swan.uploadFile,1
斯特丽橱柜,sources,swan.getStorageSync,3
斯特丽橱柜,sources,swan.getUserInfo,1
斯特丽橱柜,sinks,swan.setStorageSync,3
斯特丽橱柜,sinks,swan.request,1
斯飞科技,sources,swan.getUserInfo,1
斯飞科技,sources,swan.getStorageSync,14
斯飞科技,sinks,swan.request,13
斯飞科技,sinks,swan.setStorageSync,2
旗娱派兑,sources,swan.input,12
旗娱派兑,sources,swan.getStorageSync,8
旗娱派兑,sinks,swan.request,13
旗娱派兑,sinks,swan.setStorageSync,7
旗杆磐达旗杆,sources,swan.getStorageSync,2
旗杆磐达旗杆,sinks,swan.setStorageSync,2
日历网,sources,swan.getStorageSync,1
日历网,sinks,swan.setStorageSync,1
日宝德国喷胶阀刮胶阀,sources,swan.getStorageSync,1
日宝德国喷胶阀刮胶阀,sources,swan.getExtConfig,14
日宝德国喷胶阀刮胶阀,sinks,swan.setStorageSync,1
日宝德国喷胶阀刮胶阀,sinks,swan.request,14
日成压电喷射阀螺杆阀点胶机,sources,swan.getStorageSync,1
日成压电喷射阀螺杆阀点胶机,sources,swan.getExtConfig,11
日成压电喷射阀螺杆阀点胶机,sinks,swan.setStorageSync,1
日成压电喷射阀螺杆阀点胶机,sinks,swan.request,11
日照港集团有限公司,sources,swan.getSystemInfoSync,1
日照港集团有限公司,sinks,swan.setStorage,1
昆明固特瑞塑业,sources,swan.getStorageSync,525
昆明固特瑞塑业,sources,swan.getLocation,4
昆明固特瑞塑业,sources,swan.input,38
昆明固特瑞塑业,sources,swan.getStorage,1
昆明固特瑞塑业,sources,swan.chooseImage,5
昆明固特瑞塑业,sources,swan.getSystemInfoSync,4
昆明固特瑞塑业,sinks,swan.request,555
昆明固特瑞塑业,sinks,swan.removeStorageSync,4
昆明固特瑞塑业,sinks,swan.setStorageSync,5
昆明固特瑞塑业,sinks,swan.uploadFile,11
昆明固特瑞塑业,sinks,swan.setStorage,2
昆明市第一人民医院,sources,swan.getSystemInfoSync,21
昆明市第一人民医院,sources,swan.getStorageSync,156
昆明市第一人民医院,sources,swan.input,43
昆明市第一人民医院,sources,swan.getStorage,1
昆明市第一人民医院,sinks,swan.request,217
昆明市第一人民医院,sinks,swan.setStorageSync,4
昆明酷番网络科技有限公司,sources,swan.getSystemInfoSync,1
昆明酷番网络科技有限公司,sinks,swan.setStorage,1
明媚网带烘干机烘干设备,sources,swan.getExtConfig,16
明媚网带烘干机烘干设备,sinks,swan.request,16
晋江优尔康丽床上用品,sources,swan.getStorageSync,525
晋江优尔康丽床上用品,sources,swan.getLocation,4
晋江优尔康丽床上用品,sources,swan.input,38
晋江优尔康丽床上用品,sources,swan.getStorage,1
晋江优尔康丽床上用品,sources,swan.chooseImage,5
晋江优尔康丽床上用品,sources,swan.getSystemInfoSync,4
晋江优尔康丽床上用品,sinks,swan.request,555
晋江优尔康丽床上用品,sinks,swan.removeStorageSync,4
晋江优尔康丽床上用品,sinks,swan.setStorageSync,5
晋江优尔康丽床上用品,sinks,swan.uploadFile,11
晋江优尔康丽床上用品,sinks,swan.setStorage,2
普道云,sources,swan.getStorageSync,1
普道云,sinks,swan.setStorageSync,1
景仹厦门奶茶咖啡设备高价回收,sources,swan.getExtConfig,9
景仹厦门奶茶咖啡设备高价回收,sinks,swan.request,9
晴村生活馆,sources,swan.getExtConfig,1
晴村生活馆,sinks,swan.setClipboardData,1
朗哥办公家具,sources,swan.input,3
朗哥办公家具,sinks,swan.request,3
朦登幸运飞艇星座运势,sources,swan.getStorageSync,4
朦登幸运飞艇星座运势,sinks,swan.setStorageSync,1
朦登幸运飞艇星座运势,sinks,swan.request,3
朦登楚汉德州,sources,swan.getStorageSync,3
朦登楚汉德州,sinks,swan.request,3
朦登老虎机平台,sources,swan.getStorageSync,6
朦登老虎机平台,sinks,swan.setStorageSync,1
朦登老虎机平台,sinks,swan.request,5
木丁喜,sources,swan.getStorage,1
木丁喜,sinks,swan.setStorage,1
木功文化,sources,swan.getExtConfig,1
木功文化,sinks,swan.setClipboardData,1
机械工业第六设计研究院有限公司,sources,swan.getSystemInfoSync,1
机械工业第六设计研究院有限公司,sinks,swan.setStorage,1
来答题吧,sources,swan.getSystemInfo,1
来答题吧,sinks,swan.request,1
来驰商标转让平台,sources,swan.input,6
来驰商标转让平台,sinks,swan.request,6
极睿咖啡北京有限公司,sources,swan.getSystemInfoSync,1
极睿咖啡北京有限公司,sinks,swan.setStorage,1
柳州市妇幼保健院,sources,swan.getStorageInfoSync,1
柳州市妇幼保健院,sinks,swan.removeStorageSync,1
柳州毛师傅开锁,sources,swan.getStorageSync,2
柳州毛师傅开锁,sinks,swan.setStorageSync,2
栾川汪氏开锁换锁配汽车钥匙,sources,swan.getStorageSync,2
栾川汪氏开锁换锁配汽车钥匙,sinks,swan.setStorageSync,2
梦初严选,sources,swan.getExtConfig,1
梦初严选,sinks,swan.setClipboardData,1
梦语鲜花店同城送花订花预订速递,sources,swan.getExtConfig,1
梦语鲜花店同城送花订花预订速递,sinks,swan.setClipboardData,1
森鹰空调窗,sources,swan.getStorageSync,3
森鹰空调窗,sinks,swan.setStorageSync,2
森鹰空调窗,sinks,swan.request,1
森鹰铝包木门窗,sources,swan.getStorageSync,3
森鹰铝包木门窗,sinks,swan.setStorageSync,2
森鹰铝包木门窗,sinks,swan.request,1
欧心高隔,sources,swan.getStorageSync,2
欧心高隔,sinks,swan.setStorageSync,2
欧派衣柜,sources,swan.getStorageSync,5
欧派衣柜,sources,swan.input,4
欧派衣柜,sources,swan.getStorage,1
欧派衣柜,sources,swan.getLocation,1
欧派衣柜,sinks,swan.request,10
欧派衣柜,sinks,swan.setStorage,1
每房精选,sources,swan.getStorageSync,277
每房精选,sources,swan.getLocation,18
每房精选,sources,swan.input,32
每房精选,sources,swan.chooseImage,16
每房精选,sinks,swan.request,312
每房精选,sinks,swan.uploadFile,31
民强水利机械租赁有限公司,sources,swan.getStorageSync,1
民强水利机械租赁有限公司,sources,swan.getExtConfig,11
民强水利机械租赁有限公司,sinks,swan.setStorageSync,1
民强水利机械租赁有限公司,sinks,swan.request,11
民强水陆勾机出租,sources,swan.getStorageSync,1
民强水陆勾机出租,sources,swan.getExtConfig,20
民强水陆勾机出租,sinks,swan.setStorageSync,1
民强水陆勾机出租,sinks,swan.request,20
民政通,sources,swan.getStorageSync,31
民政通,sources,swan.getLocation,1
民政通,sources,swan.input,1
民政通,sources,swan.getSystemInfo,1
民政通,sinks,swan.request,29
民政通,sinks,swan.setStorageSync,4
民政通,sinks,swan.setStorage,1
民鑫墙体改梁,sources,swan.getExtConfig,22
民鑫墙体改梁,sinks,swan.request,22
水感肌,sources,swan.getExtConfig,1
水感肌,sinks,swan.setClipboardData,1
水滴字典,sources,swan.getStorageSync,6
水滴字典,sources,swan.getSystemInfo,1
水滴字典,sinks,swan.request,5
水滴字典,sinks,swan.setStorage,2
水滴智慧科技深圳有限公司,sources,swan.getSystemInfoSync,1
水滴智慧科技深圳有限公司,sinks,swan.setStorage,1
汇内购,sources,swan.getStorageSync,2
汇内购,sinks,swan.setStorageSync,2
汇富有机肥撒粪车,sources,swan.input,3
汇富有机肥撒粪车,sinks,swan.request,3
汇耕,sources,swan.getExtConfig,1
汇耕,sinks,swan.setClipboardData,1
汇鑫淘金船淘金设备,sources,swan.getStorageSync,1
汇鑫淘金船淘金设备,sinks,swan.request,1
汕头市烽明光电科技有限公司,sources,swan.getSystemInfoSync,1
汕头市烽明光电科技有限公司,sinks,swan.setStorage,1
江水平装修队,sources,swan.getSystemInfoSync,1
江水平装修队,sinks,swan.setStorage,1
江汇翻板闸门,sources,swan.getStorageSync,1
江汇翻板闸门,sources,swan.getExtConfig,10
江汇翻板闸门,sinks,swan.setStorageSync,1
江汇翻板闸门,sinks,swan.request,10
江汇自控翻板闸门,sources,swan.getStorageSync,1
江汇自控翻板闸门,sources,swan.getExtConfig,10
江汇自控翻板闸门,sinks,swan.setStorageSync,1
江汇自控翻板闸门,sinks,swan.request,10
江苏三里港高空建筑防腐有限公司,sources,swan.getSystemInfoSync,1
江苏三里港高空建筑防腐有限公司,sinks,swan.setStorage,1
江苏全风环保科技有限公司,sources,swan.getSystemInfoSync,1
江苏全风环保科技有限公司,sinks,swan.setStorage,1
江苏冬庆数控机床有限公司,sources,swan.getSystemInfoSync,1
江苏冬庆数控机床有限公司,sinks,swan.setStorage,1
江苏华一船舶有限公司,sources,swan.getSystemInfoSync,1
江苏华一船舶有限公司,sinks,swan.setStorage,1
江苏吾贰网络科技有限公司,sources,swan.getSystemInfoSync,1
江苏吾贰网络科技有限公司,sinks,swan.setStorage,1
江苏如意菜饭餐饮管理有限公司,sources,swan.getSystemInfoSync,1
江苏如意菜饭餐饮管理有限公司,sinks,swan.setStorage,1
江苏常盛无纺设备有限公司,sources,swan.getSystemInfoSync,1
江苏常盛无纺设备有限公司,sinks,swan.setStorage,1
江苏恒顺醋业股份有限公司,sources,swan.getSystemInfoSync,1
江苏恒顺醋业股份有限公司,sinks,swan.setStorage,1
江苏新大防水堵漏,sources,swan.input,3
江苏新大防水堵漏,sinks,swan.request,3
江苏新澎复合材料有限公司,sources,swan.getSystemInfoSync,1
江苏新澎复合材料有限公司,sinks,swan.setStorage,1
江苏济通复合材料有限公司,sources,swan.getSystemInfoSync,1
江苏济通复合材料有限公司,sinks,swan.setStorage,1
江苏省中西医结合医院,sources,swan.getStorageSync,6
江苏省中西医结合医院,sinks,swan.setStorageSync,6
江苏舜烽冶金机械制造有限公司,sources,swan.getSystemInfoSync,1
江苏舜烽冶金机械制造有限公司,sinks,swan.setStorage,1
江苏苏纯环保科技有限公司,sources,swan.getSystemInfoSync,1
江苏苏纯环保科技有限公司,sinks,swan.setStorage,1
江西省鸽鸽食品有限公司,sources,swan.getSystemInfoSync,1
江西省鸽鸽食品有限公司,sinks,swan.setStorage,1
江西艾瑞斯咖啡奶茶饮品培训学校,sources,swan.input,1
江西艾瑞斯咖啡奶茶饮品培训学校,sources,swan.getStorageSync,1
江西艾瑞斯咖啡奶茶饮品培训学校,sources,swan.getExtConfig,1
江西艾瑞斯咖啡奶茶饮品培训学校,sinks,swan.request,3
江西越动体育文化发展有限公司,sources,swan.getSystemInfoSync,1
江西越动体育文化发展有限公司,sinks,swan.setStorage,1
江阴市华酉纺机配件有限公司,sources,swan.getSystemInfoSync,1
江阴市华酉纺机配件有限公司,sinks,swan.setStorage,1
江阴市宇光金属光整辅料有限公司,sources,swan.getSystemInfoSync,1
江阴市宇光金属光整辅料有限公司,sinks,swan.setStorage,1
沁源县沁河镇醋妮土特产店,sources,swan.getStorageSync,3
沁源县沁河镇醋妮土特产店,sinks,swan.setStorageSync,2
沁源县沁河镇醋妮土特产店,sinks,swan.request,1
沈阳冯家老胡同餐饮管理有限公司,sources,swan.getSystemInfoSync,1
沈阳冯家老胡同餐饮管理有限公司,sinks,swan.setStorage,1
沈阳初心哆咪食品有限公司,sources,swan.getSystemInfoSync,1
沈阳初心哆咪食品有限公司,sinks,swan.setStorage,1
沈阳华兴润达变形缝伸缩缝,sources,swan.input,3
沈阳华兴润达变形缝伸缩缝,sinks,swan.request,3
沈阳周老爹食品有限公司,sources,swan.getSystemInfoSync,1
沈阳周老爹食品有限公司,sinks,swan.setStorage,1
沈阳霏顿网络科技有限公司,sources,swan.getSystemInfoSync,1
沈阳霏顿网络科技有限公司,sinks,swan.setStorage,1
沭阳网,sources,swan.getStorageSync,6
沭阳网,sources,swan.getUserInfo,1
沭阳网,sinks,swan.request,6
沭阳网,sinks,swan.setStorageSync,1
泉州市妇幼保健院,sources,swan.input,1
泉州市妇幼保健院,sources,swan.getStorageSync,27
泉州市妇幼保健院,sources,swan.getSystemInfoSync,1
泉州市妇幼保健院,sinks,swan.request,28
泉州市妇幼保健院,sinks,swan.setStorageSync,1
泉州市正骨医院,sources,swan.getSystemInfoSync,15
泉州市正骨医院,sources,swan.getStorageSync,141
泉州市正骨医院,sources,swan.input,21
泉州市正骨医院,sinks,swan.setStorageSync,3
泉州市正骨医院,sinks,swan.request,174
泉州格上科技有限公司,sources,swan.getSystemInfoSync,1
泉州格上科技有限公司,sinks,swan.setStorage,1
泉州非选饮品奶茶培训,sources,swan.getExtConfig,10
泉州非选饮品奶茶培训,sinks,swan.request,10
泸州古存酒业有限公司,sources,swan.getSystemInfoSync,1
泸州古存酒业有限公司,sinks,swan.setStorage,1
泸州曾师傅管道疏通管道维修,sources,swan.getStorageSync,2
泸州曾师傅管道疏通管道维修,sinks,swan.setStorageSync,2
洁福五段式雨刮器,sources,swan.getExtConfig,10
洁福五段式雨刮器,sinks,swan.request,10
派美香氛,sources,swan.getStorageSync,12
派美香氛,sources,swan.input,56
派美香氛,sources,swan.getExtConfig,1
派美香氛,sinks,swan.setStorageSync,2
派美香氛,sinks,swan.request,67
济南丁豪家政服务有限公司,sources,swan.getSystemInfoSync,1
济南丁豪家政服务有限公司,sinks,swan.setStorage,1
济南博公信息咨询有限公司,sources,swan.getSystemInfoSync,1
济南博公信息咨询有限公司,sinks,swan.setStorage,1
济南宏旺辐射防护工程有限公司,sources,swan.getSystemInfoSync,1
济南宏旺辐射防护工程有限公司,sinks,swan.setStorage,1
济南崇高建筑材料有限公司,sources,swan.getSystemInfoSync,1
济南崇高建筑材料有限公司,sinks,swan.setStorage,1
济南快发开锁汽车钥匙,sources,swan.getStorageSync,3
济南快发开锁汽车钥匙,sinks,swan.setStorageSync,2
济南快发开锁汽车钥匙,sinks,swan.request,1
济南舜立达辐射防护器材有限公司,sources,swan.getSystemInfoSync,1
济南舜立达辐射防护器材有限公司,sinks,swan.setStorage,1
济南范师傅汽车服务有限公司,sources,swan.getSystemInfoSync,1
济南范师傅汽车服务有限公司,sinks,swan.setStorage,1
济南贝特甄选共享科技有限公司,sources,swan.getSystemInfoSync,1
济南贝特甄选共享科技有限公司,sinks,swan.setStorage,1
济南辰东辐射防护材料有限公司,sources,swan.getSystemInfoSync,1
济南辰东辐射防护材料有限公司,sinks,swan.setStorage,1
济南迪讯信息技术有限公司,sources,swan.getSystemInfoSync,1
济南迪讯信息技术有限公司,sinks,swan.setStorage,1
济南金开辐射防护技术有限公司,sources,swan.getSystemInfoSync,1
济南金开辐射防护技术有限公司,sinks,swan.setStorage,1
济南锐天防辐射器材有限公司,sources,swan.getSystemInfoSync,1
济南锐天防辐射器材有限公司,sinks,swan.setStorage,1
济铭企服,sources,swan.input,1
济铭企服,sources,swan.getStorageSync,1
济铭企服,sources,swan.getExtConfig,1
济铭企服,sinks,swan.request,3
润旭监控杆,sources,swan.input,1
润旭监控杆,sources,swan.getStorageSync,1
润旭监控杆,sources,swan.getExtConfig,1
润旭监控杆,sinks,swan.request,3
润旭高杆灯,sources,swan.input,1
润旭高杆灯,sources,swan.getStorageSync,1
润旭高杆灯,sources,swan.getExtConfig,1
润旭高杆灯,sinks,swan.request,3
润田兄弟,sources,swan.getSystemInfoSync,1
润田兄弟,sinks,swan.setStorage,1
润田兄弟节水设备,sources,swan.getStorageSync,19
润田兄弟节水设备,sinks,swan.request,19
润看,sources,swan.getSystemInfoSync,1
润看,sinks,swan.setStorage,1
润锦,sources,swan.getStorageSync,3
润锦,sinks,swan.setStorageSync,2
润锦,sinks,swan.request,1
淮安市中访文化传播有限公司,sources,swan.getSystemInfoSync,1
淮安市中访文化传播有限公司,sinks,swan.setStorage,1
深圳凤城电脑维修,sources,swan.getLocation,1
深圳凤城电脑维修,sinks,swan.request,1
深圳市一电电池技术有限公司,sources,swan.getSystemInfoSync,1
深圳市一电电池技术有限公司,sinks,swan.setStorage,1
深圳市一道网络有限公司,sources,swan.getSystemInfoSync,1
深圳市一道网络有限公司,sinks,swan.setStorage,1
深圳市云传物联技术有限公司,sources,swan.getSystemInfoSync,1
深圳市云传物联技术有限公司,sinks,swan.setStorage,1
深圳市候鸟文化传媒有限公司,sources,swan.getStorageSync,28
深圳市候鸟文化传媒有限公司,sources,swan.input,12
深圳市候鸟文化传媒有限公司,sources,swan.chooseImage,1
深圳市候鸟文化传媒有限公司,sinks,swan.setStorageSync,38
深圳市候鸟文化传媒有限公司,sinks,swan.connectSocket,2
深圳市候鸟文化传媒有限公司,sinks,swan.uploadFile,1
深圳市岗宏集团有限公司,sources,swan.getSystemInfoSync,1
深圳市岗宏集团有限公司,sinks,swan.setStorage,1
深圳市御纯文化发展有限公司,sources,swan.getSystemInfoSync,1
深圳市御纯文化发展有限公司,sinks,swan.setStorage,1
深圳市椿藤电气有限公司,sources,swan.getSystemInfoSync,1
深圳市椿藤电气有限公司,sinks,swan.setStorage,1
深圳市爱上饭餐饮连锁管理,sources,swan.getSystemInfoSync,1
深圳市爱上饭餐饮连锁管理,sinks,swan.setStorage,1
深圳市爱宠儿科技有限公司,sources,swan.getSystemInfoSync,1
深圳市爱宠儿科技有限公司,sinks,swan.setStorage,1
深圳市缔美妍化妆品有限公司,sources,swan.getSystemInfoSync,1
深圳市缔美妍化妆品有限公司,sinks,swan.setStorage,1
深圳市豪地华拓生物科技有限公司,sources,swan.getSystemInfoSync,1
深圳市豪地华拓生物科技有限公司,sinks,swan.setStorage,1
深圳市迪威迅股份有限公司,sources,swan.getSystemInfoSync,1
深圳市迪威迅股份有限公司,sinks,swan.setStorage,1
深圳市饭点餐饮管理有限公司,sources,swan.getSystemInfoSync,1
深圳市饭点餐饮管理有限公司,sinks,swan.setStorage,1
深圳恩次方网络科技有限公司,sources,swan.getSystemInfoSync,1
深圳恩次方网络科技有限公司,sinks,swan.setStorage,1
深圳登明包包,sources,swan.getStorageSync,2
深圳登明包包,sinks,swan.setStorageSync,2
深圳联想懂的通信有限公司,sources,swan.getSystemInfoSync,1
深圳联想懂的通信有限公司,sinks,swan.setStorage,1
深圳蚂蚁兄弟搬家服务公司,sources,swan.getStorageSync,2
深圳蚂蚁兄弟搬家服务公司,sinks,swan.setStorageSync,2
深圳非色家具有限公司,sources,swan.getSystemInfoSync,1
深圳非色家具有限公司,sinks,swan.setStorage,1
深圳鸿辅科技有限公司,sources,swan.getSystemInfoSync,1
深圳鸿辅科技有限公司,sinks,swan.setStorage,1
牧源机械秸秆回收机,sources,swan.getExtConfig,25
牧源机械秸秆回收机,sinks,swan.request,25
狮乐辅,sources,swan.getExtConfig,1
狮乐辅,sinks,swan.setClipboardData,1
狸番漫画,sources,swan.input,2
狸番漫画,sinks,swan.request,2
猫行狗市宠物交易市场,sources,swan.getLocation,10
猫行狗市宠物交易市场,sources,swan.getStorageSync,130
猫行狗市宠物交易市场,sources,swan.input,27
猫行狗市宠物交易市场,sources,swan.chooseImage,5
猫行狗市宠物交易市场,sources,swan.getStorage,2
猫行狗市宠物交易市场,sinks,swan.setStorageSync,17
猫行狗市宠物交易市场,sinks,swan.request,147
猫行狗市宠物交易市场,sinks,swan.uploadFile,5
猫行狗市宠物交易市场,sinks,swan.setStorage,5
玛蒂耐特贝壳粉加盟,sources,swan.getExtConfig,18
玛蒂耐特贝壳粉加盟,sinks,swan.request,18
环球出国,sources,swan.getUserInfo,1
环球出国,sources,swan.getStorageSync,123
环球出国,sources,swan.input,60
环球出国,sources,swan.getStorage,49
环球出国,sinks,swan.setStorageSync,17
环球出国,sinks,swan.request,180
环球出国,sinks,swan.setStorage,36
珂润海外,sources,swan.getSystemInfoSync,1
珂润海外,sinks,swan.setStorage,1
珊杜拉专业护肤,sources,swan.getStorageSync,2
珊杜拉专业护肤,sinks,swan.setStorageSync,2
瑞丽市玉访谈翡翠文化传播,sources,swan.getSystemInfoSync,1
瑞丽市玉访谈翡翠文化传播,sinks,swan.setStorage,1
瑞典达氏,sources,swan.getSystemInfoSync,1
瑞典达氏,sinks,swan.setStorage,1
瑞冬蘑菇机,sources,swan.getStorageSync,1
瑞冬蘑菇机,sources,swan.getExtConfig,11
瑞冬蘑菇机,sinks,swan.setStorageSync,1
瑞冬蘑菇机,sinks,swan.request,11
瑞宇地轨线,sources,swan.getStorageSync,1
瑞宇地轨线,sources,swan.getExtConfig,10
瑞宇地轨线,sinks,swan.setStorageSync,1
瑞宇地轨线,sinks,swan.request,10
瑞德胜二水氯化钙厂,sources,swan.getExtConfig,16
瑞德胜二水氯化钙厂,sinks,swan.request,16
瑞德胜除湿袋用氯化钙,sources,swan.getExtConfig,25
瑞德胜除湿袋用氯化钙,sources,swan.getStorageSync,1
瑞德胜除湿袋用氯化钙,sinks,swan.request,26
瑞泰防盗门厂家,sources,swan.getStorageSync,1
瑞泰防盗门厂家,sources,swan.getExtConfig,10
瑞泰防盗门厂家,sinks,swan.setStorageSync,1
瑞泰防盗门厂家,sinks,swan.request,10
瑞美地PVC地板工程,sources,swan.input,1
瑞美地PVC地板工程,sources,swan.getStorageSync,1
瑞美地PVC地板工程,sources,swan.getExtConfig,1
瑞美地PVC地板工程,sinks,swan.request,3
生态美雕,sources,swan.getStorageSync,2
生态美雕,sinks,swan.setStorageSync,2
生活云缴费,sources,swan.input,5
生活云缴费,sources,swan.getStorageSync,6
生活云缴费,sinks,swan.setStorageSync,5
生活云缴费,sinks,swan.request,6
生门大集,sources,swan.getSystemInfoSync,1
生门大集,sinks,swan.setStorage,1
甲虫课堂,sources,swan.getStorageSync,1
甲虫课堂,sinks,swan.request,1
申曼动平衡机,sources,swan.getSystemInfoSync,1
申曼动平衡机,sinks,swan.setStorage,1
申通快递,sources,swan.getClipboardData,16
申通快递,sources,swan.input,36
申通快递,sources,swan.getStorageSync,49
申通快递,sources,swan.chooseAddress,1
申通快递,sources,swan.getLocation,3
申通快递,sources,swan.chooseImage,2
申通快递,sinks,swan.setStorageSync,99
申通快递,sinks,swan.removeStorageSync,2
申通快递,sinks,swan.setClipboardData,2
申通快递,sinks,swan.uploadFile,4
盘门景区一键智能游,sources,swan.getSystemInfoSync,8
盘门景区一键智能游,sinks,swan.request,8
盛景园艺秋枫垂叶榕直销批发基地,sources,swan.getExtConfig,9
盛景园艺秋枫垂叶榕直销批发基地,sinks,swan.request,9
眉山市范盆堰餐饮有限公司,sources,swan.getSystemInfoSync,1
眉山市范盆堰餐饮有限公司,sinks,swan.setStorage,1
看准网,sources,swan.getStorageSync,8
看准网,sinks,swan.request,8
看准网品牌名片,sources,swan.getSystemInfoSync,1
看准网品牌名片,sinks,swan.setStorage,1
看川,sources,swan.getStorageSync,14
看川,sinks,swan.setStorageSync,14
祛痘博士,sources,swan.input,4
祛痘博士,sinks,swan.request,4
神州明达反窃听偷拍设备,sources,swan.input,1
神州明达反窃听偷拍设备,sources,swan.getStorageSync,1
神州明达反窃听偷拍设备,sources,swan.getExtConfig,1
神州明达反窃听偷拍设备,sinks,swan.request,3
秋实教育学科辅导,sources,swan.getExtConfig,18
秋实教育学科辅导,sinks,swan.request,18
科展垃圾焚烧异味烟气处理,sources,swan.getSystemInfo,2
科展垃圾焚烧异味烟气处理,sources,swan.getUserInfo,2
科展垃圾焚烧异味烟气处理,sources,swan.getStorageSync,2
科展垃圾焚烧异味烟气处理,sinks,swan.request,5
科展垃圾焚烧异味烟气处理,sinks,swan.setStorageSync,1
秒懂少儿,sources,swan.input,5
秒懂少儿,sources,swan.getStorageSync,2
秒懂少儿,sources,swan.downloadFile,1
秒懂少儿,sinks,swan.request,3
秒懂少儿,sinks,swan.setStorageSync,4
秒懂少儿,sinks,swan.saveFile,1
秒懂知识,sources,swan.getStorageSync,13
秒懂知识,sinks,swan.setStorageSync,13
税筹星,sources,swan.getSystemInfoSync,1
税筹星,sinks,swan.setStorage,1
穷游网,sources,swan.downloadFile,2
穷游网,sources,swan.getStorageSync,3
穷游网,sources,swan.getLocation,13
穷游网,sinks,swan.saveImageToPhotosAlbum,2
穷游网,sinks,swan.uploadFile,1
穷游网,sinks,swan.request,14
穷游网,sinks,swan.setStorage,1
空调窗,sources,swan.getStorageSync,3
空调窗,sinks,swan.setStorageSync,2
空调窗,sinks,swan.request,1
立得问答闯关,sources,swan.input,2
立得问答闯关,sources,swan.getStorageSync,1
立得问答闯关,sinks,swan.setStorageSync,3
立方美超市防盗设备,sources,swan.input,3
立方美超市防盗设备,sinks,swan.request,3
立海废旧金属回收,sources,swan.getExtConfig,13
立海废旧金属回收,sinks,swan.request,13
简伴智能垃圾分类箱,sources,swan.getStorageSync,1
简伴智能垃圾分类箱,sources,swan.getExtConfig,1
简伴智能垃圾分类箱,sinks,swan.request,2
简调生活,sources,swan.getLocation,2
简调生活,sources,swan.getStorageSync,4
简调生活,sinks,swan.setStorageSync,2
简调生活,sinks,swan.uploadFile,2
简调生活,sinks,swan.request,2
箐源草本臭水,sources,swan.getStorageSync,2
箐源草本臭水,sinks,swan.setStorageSync,2
米伦除垢环保设备,sources,swan.input,1
米伦除垢环保设备,sources,swan.getStorageSync,1
米伦除垢环保设备,sources,swan.getExtConfig,1
米伦除垢环保设备,sinks,swan.request,3
精华粉体超微粉碎机,sources,swan.getStorageSync,3
精华粉体超微粉碎机,sinks,swan.setStorageSync,2
精华粉体超微粉碎机,sinks,swan.request,1
精斗云品牌,sources,swan.getSystemInfoSync,1
精斗云品牌,sinks,swan.setStorage,1
精英考试网,sources,swan.input,3
精英考试网,sinks,swan.request,3
纽瑞优乳铁蛋白粉,sources,swan.input,1
纽瑞优乳铁蛋白粉,sinks,swan.request,1
经典陶坊,sources,swan.getExtConfig,1
经典陶坊,sinks,swan.setClipboardData,1
绵阳刚哥哥信息技术有限公司,sources,swan.getSystemInfoSync,1
绵阳刚哥哥信息技术有限公司,sinks,swan.setStorage,1
绿叶伺服切断机,sources,swan.getStorageSync,1
绿叶伺服切断机,sources,swan.getExtConfig,10
绿叶伺服切断机,sinks,swan.setStorageSync,1
绿叶伺服切断机,sinks,swan.request,10
绿叶伺服切断机厂家,sources,swan.getStorageSync,1
绿叶伺服切断机厂家,sources,swan.getExtConfig,10
绿叶伺服切断机厂家,sinks,swan.setStorageSync,1
绿叶伺服切断机厂家,sinks,swan.request,10
绿叶翅片成型机,sources,swan.getStorageSync,1
绿叶翅片成型机,sources,swan.getExtConfig,11
绿叶翅片成型机,sinks,swan.setStorageSync,1
绿叶翅片成型机,sinks,swan.request,11
绿叶翅片成型机设计,sources,swan.getStorageSync,1
绿叶翅片成型机设计,sources,swan.getExtConfig,11
绿叶翅片成型机设计,sinks,swan.setStorageSync,1
绿叶翅片成型机设计,sinks,swan.request,11
绿叶自动放料机,sources,swan.getStorageSync,1
绿叶自动放料机,sources,swan.getExtConfig,11
绿叶自动放料机,sinks,swan.setStorageSync,1
绿叶自动放料机,sinks,swan.request,11
缅甸冰恒翡翠原石,sources,swan.getStorageSync,2
缅甸冰恒翡翠原石,sinks,swan.setStorageSync,2
罗戈深圳供应链管理有限公司,sources,swan.getSystemInfoSync,1
罗戈深圳供应链管理有限公司,sinks,swan.setStorage,1
罗浮山景区一键智能游,sources,swan.getSystemInfoSync,8
罗浮山景区一键智能游,sinks,swan.request,8
美名典起名取名字大全,sources,swan.getStorageSync,5
美名典起名取名字大全,sinks,swan.request,5
美君永康到成都货运部,sources,swan.getStorageSync,1
美君永康到成都货运部,sources,swan.getExtConfig,11
美君永康到成都货运部,sinks,swan.setStorageSync,1
美君永康到成都货运部,sinks,swan.request,11
美君永康到西安物流,sources,swan.getStorageSync,1
美君永康到西安物流,sources,swan.getExtConfig,11
美君永康到西安物流,sinks,swan.setStorageSync,1
美君永康到西安物流,sinks,swan.request,11
美国国际认证协会北京代表处,sources,swan.getSystemInfoSync,1
美国国际认证协会北京代表处,sinks,swan.setStorage,1
美姿迪,sources,swan.getStorageSync,2
美姿迪,sinks,swan.setStorageSync,2
美姿迪护肤,sources,swan.getStorageSync,2
美姿迪护肤,sinks,swan.setStorageSync,2
美素佳儿成长试用好礼,sources,swan.input,17
美素佳儿成长试用好礼,sources,swan.getStorageSync,2
美素佳儿成长试用好礼,sinks,swan.request,17
美素佳儿成长试用好礼,sinks,swan.setStorageSync,2
美肌波特,sources,swan.getExtConfig,1
美肌波特,sinks,swan.setClipboardData,1
美贸川,sources,swan.getExtConfig,1
美贸川,sinks,swan.setClipboardData,1
老林大观园黄金回收抵押奢侈品,sources,swan.getStorageSync,2
老林大观园黄金回收抵押奢侈品,sinks,swan.setStorageSync,2
老林赶野农产品店,sources,swan.getStorageSync,3
老林赶野农产品店,sinks,swan.setStorageSync,2
老林赶野农产品店,sinks,swan.request,1
老爹果园,sources,swan.getStorage,1
老爹果园,sinks,swan.setStorage,1
老罗谈七夕,sources,swan.getStorageSync,1
老罗谈七夕,sinks,swan.setStorageSync,1
考而思在线,sources,swan.getStorageSync,13
考而思在线,sinks,swan.setStorageSync,13
聊城恒基金属制品有限公司,sources,swan.getStorageSync,2
聊城恒基金属制品有限公司,sinks,swan.setStorageSync,2
聊城金旭辐射防护材料有限公司,sources,swan.getSystemInfoSync,1
聊城金旭辐射防护材料有限公司,sinks,swan.setStorage,1
聚林好货内购,sources,swan.getStorageSync,2
聚林好货内购,sinks,swan.setStorageSync,2
胖墩厦门信息技术有限公司,sources,swan.getSystemInfoSync,1
胖墩厦门信息技术有限公司,sinks,swan.setStorage,1
胜英农副产品中心,sources,swan.getStorageSync,27
胜英农副产品中心,sources,swan.getSystemInfoSync,1
胜英农副产品中心,sources,swan.input,12
胜英农副产品中心,sources,swan.getStorage,5
胜英农副产品中心,sources,swan.getLocation,1
胜英农副产品中心,sources,swan.chooseImage,1
胜英农副产品中心,sinks,swan.request,42
胜英农副产品中心,sinks,swan.setStorageSync,4
胜英农副产品中心,sinks,swan.uploadFile,1
能川科技,sources,swan.getStorageSync,2
能川科技,sinks,swan.setStorageSync,2
膳道杠子油条,sources,swan.getExtConfig,30
膳道杠子油条,sinks,swan.request,30
舜恩家居,sources,swan.getStorageSync,1
舜恩家居,sinks,swan.setStorageSync,1
舜欣公告栏制作,sources,swan.getStorageSync,1
舜欣公告栏制作,sources,swan.getExtConfig,10
舜欣公告栏制作,sinks,swan.setStorageSync,1
舜欣公告栏制作,sinks,swan.request,10
舜甫中药提取设备,sources,swan.getStorageSync,1
舜甫中药提取设备,sources,swan.getExtConfig,11
舜甫中药提取设备,sinks,swan.setStorageSync,1
舜甫中药提取设备,sinks,swan.request,11
舜甫反应釜,sources,swan.getStorageSync,1
舜甫反应釜,sources,swan.getExtConfig,11
舜甫反应釜,sinks,swan.setStorageSync,1
舜甫反应釜,sinks,swan.request,11
舜甫植物提取设备,sources,swan.getStorageSync,1
舜甫植物提取设备,sources,swan.getExtConfig,11
舜甫植物提取设备,sinks,swan.setStorageSync,1
舜甫植物提取设备,sinks,swan.request,11
良义附近开锁换锁指纹锁配车钥匙,sources,swan.getUserInfo,2
良义附近开锁换锁指纹锁配车钥匙,sources,swan.getExtConfigSync,401
良义附近开锁换锁指纹锁配车钥匙,sources,swan.getStorageSync,7
良义附近开锁换锁指纹锁配车钥匙,sources,swan.getLocation,8
良义附近开锁换锁指纹锁配车钥匙,sources,swan.chooseAddress,1
良义附近开锁换锁指纹锁配车钥匙,sources,swan.getImageInfo,2
良义附近开锁换锁指纹锁配车钥匙,sinks,swan.request,411
良义附近开锁换锁指纹锁配车钥匙,sinks,swan.uploadFile,8
良义附近开锁换锁指纹锁配车钥匙,sinks,swan.saveImageToPhotosAlbum,2
良木道,sources,swan.getSystemInfoSync,1
良木道,sinks,swan.setStorage,1
莫愁村寿星臊子面GO附近早餐中餐,sources,swan.getUserInfo,2
莫愁村寿星臊子面GO附近早餐中餐,sources,swan.getExtConfigSync,383
莫愁村寿星臊子面GO附近早餐中餐,sources,swan.getStorageSync,7
莫愁村寿星臊子面GO附近早餐中餐,sources,swan.getLocation,6
莫愁村寿星臊子面GO附近早餐中餐,sources,swan.chooseAddress,1
莫愁村寿星臊子面GO附近早餐中餐,sources,swan.getImageInfo,2
莫愁村寿星臊子面GO附近早餐中餐,sinks,swan.request,392
莫愁村寿星臊子面GO附近早餐中餐,sinks,swan.uploadFile,7
莫愁村寿星臊子面GO附近早餐中餐,sinks,swan.saveImageToPhotosAlbum,2
莱普特微孔板振荡器,sources,swan.getStorageSync,1
莱普特微孔板振荡器,sources,swan.getExtConfig,11
莱普特微孔板振荡器,sinks,swan.setStorageSync,1
莱普特微孔板振荡器,sinks,swan.request,11
莱普特恒温混匀仪,sources,swan.getStorageSync,1
莱普特恒温混匀仪,sources,swan.getExtConfig,11
莱普特恒温混匀仪,sinks,swan.setStorageSync,1
莱普特恒温混匀仪,sinks,swan.request,11
莱驰弹力耳挂,sources,swan.getStorageSync,1
莱驰弹力耳挂,sources,swan.getExtConfig,10
莱驰弹力耳挂,sinks,swan.setStorageSync,1
莱驰弹力耳挂,sinks,swan.request,10
菌菇人网,sources,swan.getStorageSync,1
菌菇人网,sinks,swan.setStorageSync,1
蓝品盾家居养老商城,sources,swan.getExtConfig,1
蓝品盾家居养老商城,sinks,swan.setClipboardData,1
蓬莱阁景区一键智能游,sources,swan.getSystemInfoSync,8
蓬莱阁景区一键智能游,sinks,swan.request,8
蔻心草护肤,sources,swan.getSystemInfoSync,1
蔻心草护肤,sinks,swan.setStorage,1
融融共享管理平台,sources,swan.getStorageSync,12
融融共享管理平台,sources,swan.input,56
融融共享管理平台,sources,swan.getExtConfig,1
融融共享管理平台,sinks,swan.setStorageSync,2
融融共享管理平台,sinks,swan.request,67
衢州协大对辊制砂机,sources,swan.getStorageSync,1
衢州协大对辊制砂机,sources,swan.getExtConfig,10
衢州协大对辊制砂机,sinks,swan.setStorageSync,1
衢州协大对辊制砂机,sinks,swan.request,10
衢州协大对辊机定制,sources,swan.getStorageSync,1
衢州协大对辊机定制,sources,swan.getExtConfig,10
衢州协大对辊机定制,sinks,swan.setStorageSync,1
衢州协大对辊机定制,sinks,swan.request,10
衫纺班服商城,sources,swan.getStorageSync,12
衫纺班服商城,sources,swan.input,56
衫纺班服商城,sources,swan.getExtConfig,1
衫纺班服商城,sinks,swan.setStorageSync,2
衫纺班服商城,sinks,swan.request,67
讷当箱包,sources,swan.getStorageSync,2
讷当箱包,sinks,swan.setStorageSync,2
说呢婚姻情感咨询,sources,swan.getUserInfo,1
说呢婚姻情感咨询,sources,swan.getStorageSync,26
说呢婚姻情感咨询,sinks,swan.request,25
说呢婚姻情感咨询,sinks,swan.setStorageSync,2
诺丽果,sources,swan.getStorageSync,2
诺丽果,sinks,swan.setStorageSync,2
诺康盾,sources,swan.chooseImage,1
诺康盾,sinks,swan.uploadFile,1
谦礼老赖查询,sources,swan.input,1
谦礼老赖查询,sources,swan.getStorageSync,1
谦礼老赖查询,sources,swan.getLocation,1
谦礼老赖查询,sinks,swan.request,2
谦礼老赖查询,sinks,swan.setStorage,1
起点读书,sources,swan.getStorageSync,2
起点读书,sinks,swan.request,2
路德吊索具北京有限公司,sources,swan.getSystemInfoSync,1
路德吊索具北京有限公司,sinks,swan.setStorage,1
轻氧肤科技美肤,sources,swan.getStorageSync,2
轻氧肤科技美肤,sinks,swan.request,2
辽宁东峰日用品有限公司,sources,swan.getExtConfig,1
辽宁东峰日用品有限公司,sinks,swan.setClipboardData,1
辽宁东戴河新区友邦信息咨询,sources,swan.getSystemInfoSync,1
辽宁东戴河新区友邦信息咨询,sinks,swan.setStorage,1
辽宁乐于共享互联网有限公司,sources,swan.getSystemInfoSync,1
辽宁乐于共享互联网有限公司,sinks,swan.setStorage,1
适分出行,sources,swan.getLocation,2
适分出行,sinks,swan.request,2
酒尚酒,sources,swan.getExtConfig,1
酒尚酒,sinks,swan.setClipboardData,1
酷帝深圳短视频制作,sources,swan.getStorageSync,1
酷帝深圳短视频制作,sinks,swan.request,1
酷蜗智能营销群控宝,sources,swan.getExtConfig,9
酷蜗智能营销群控宝,sinks,swan.request,9
金企服北京网络科技有限公司,sources,swan.getSystemInfoSync,1
金企服北京网络科技有限公司,sinks,swan.setStorage,1
金力移动登车桥固定登车桥厂家,sources,swan.getStorageSync,1
金力移动登车桥固定登车桥厂家,sources,swan.getExtConfig,10
金力移动登车桥固定登车桥厂家,sinks,swan.setStorageSync,1
金力移动登车桥固定登车桥厂家,sinks,swan.request,10
金华正海吹膜机,sources,swan.getStorageSync,1
金华正海吹膜机,sources,swan.getExtConfig,11
金华正海吹膜机,sinks,swan.setStorageSync,1
金华正海吹膜机,sinks,swan.request,11
金华永誉公寓床,sources,swan.getStorageSync,1
金华永誉公寓床,sources,swan.getExtConfig,11
金华永誉公寓床,sinks,swan.setStorageSync,1
金华永誉公寓床,sinks,swan.request,11
金商港,sources,swan.getStorageSync,14
金商港,sources,swan.input,6
金商港,sinks,swan.request,18
金商港,sinks,swan.uploadFile,2
金宇二次包络减速机,sources,swan.getExtConfig,25
金宇二次包络减速机,sources,swan.getStorageSync,1
金宇二次包络减速机,sinks,swan.request,26
金宇伺服电动缸,sources,swan.getExtConfig,25
金宇伺服电动缸,sinks,swan.request,25
金宇精密双导程蜗轮蜗杆副,sources,swan.getExtConfig,26
金宇精密双导程蜗轮蜗杆副,sources,swan.getStorageSync,1
金宇精密双导程蜗轮蜗杆副,sinks,swan.request,27
金材挡烟垂壁,sources,swan.getStorageSync,1
金材挡烟垂壁,sources,swan.getExtConfig,11
金材挡烟垂壁,sinks,swan.setStorageSync,1
金材挡烟垂壁,sinks,swan.request,11
金永农副土特产平台,sources,swan.getStorageSync,520
金永农副土特产平台,sources,swan.getLocation,5
金永农副土特产平台,sources,swan.input,38
金永农副土特产平台,sources,swan.getStorage,1
金永农副土特产平台,sources,swan.chooseImage,4
金永农副土特产平台,sources,swan.getSystemInfoSync,6
金永农副土特产平台,sinks,swan.request,557
金永农副土特产平台,sinks,swan.removeStorageSync,4
金永农副土特产平台,sinks,swan.setStorageSync,3
金永农副土特产平台,sinks,swan.uploadFile,8
金永农副土特产平台,sinks,swan.setStorage,2
金燕耳,sources,swan.getExtConfig,1
金燕耳,sinks,swan.setClipboardData,1
金牛镀锌管,sources,swan.getStorageSync,2
金牛镀锌管,sinks,swan.setStorageSync,2
金翔不锈钢鸽笼,sources,swan.getExtConfig,33
金翔不锈钢鸽笼,sources,swan.getStorageSync,1
金翔不锈钢鸽笼,sinks,swan.request,34
金茂国际社区,sources,swan.getStorageSync,99
金茂国际社区,sources,swan.getExtConfig,4
金茂国际社区,sources,swan.input,11
金茂国际社区,sources,swan.chooseImage,1
金茂国际社区,sinks,swan.request,111
金茂国际社区,sinks,swan.setStorage,2
金茂国际社区,sinks,swan.uploadFile,2
金鑫链条提升机链钩型号,sources,swan.getStorageSync,2
金鑫链条提升机链钩型号,sinks,swan.setStorageSync,2
金鑫链条船用有档锚链条,sources,swan.getStorageSync,2
金鑫链条船用有档锚链条,sinks,swan.setStorageSync,2
金鳞府,sources,swan.getStorageSync,99
金鳞府,sources,swan.getExtConfig,4
金鳞府,sources,swan.input,11
金鳞府,sources,swan.chooseImage,1
金鳞府,sinks,swan.request,111
金鳞府,sinks,swan.setStorage,2
金鳞府,sinks,swan.uploadFile,2
铭亨双组份聚氨酯密封胶,sources,swan.input,1
铭亨双组份聚氨酯密封胶,sources,swan.getStorageSync,1
铭亨双组份聚氨酯密封胶,sources,swan.getExtConfig,1
铭亨双组份聚氨酯密封胶,sinks,swan.request,3
铭德无双快抖霸屏,sources,swan.getExtConfigSync,1
铭德无双快抖霸屏,sources,swan.chooseImage,1
铭德无双快抖霸屏,sources,swan.getStorageSync,2
铭德无双快抖霸屏,sinks,swan.request,3
铭德无双快抖霸屏,sinks,swan.uploadFile,1
铭达,sources,swan.getSystemInfoSync,1
铭达,sinks,swan.setStorage,1
锐诚电容式触摸感应接近开关薄膜,sources,swan.getStorageSync,2
锐诚电容式触摸感应接近开关薄膜,sinks,swan.setStorageSync,2
锦园阁,sources,swan.getSystemInfoSync,1
锦园阁,sinks,swan.setStorage,1
闪电蜂,sources,swan.getExtConfig,1
闪电蜂,sinks,swan.setClipboardData,1
阆中市百信串串香火锅店,sources,swan.getSystemInfoSync,1
阆中市百信串串香火锅店,sinks,swan.setStorage,1
际华三五一五皮革皮鞋有限公司,sources,swan.getSystemInfoSync,1
际华三五一五皮革皮鞋有限公司,sinks,swan.setStorage,1
陕西东方优学教育平台,sources,swan.getStorageSync,525
陕西东方优学教育平台,sources,swan.getLocation,5
陕西东方优学教育平台,sources,swan.input,39
陕西东方优学教育平台,sources,swan.getStorage,1
陕西东方优学教育平台,sources,swan.chooseImage,4
陕西东方优学教育平台,sources,swan.getSystemInfoSync,4
陕西东方优学教育平台,sinks,swan.request,559
陕西东方优学教育平台,sinks,swan.removeStorageSync,4
陕西东方优学教育平台,sinks,swan.setStorageSync,5
陕西东方优学教育平台,sinks,swan.uploadFile,8
陕西东方优学教育平台,sinks,swan.setStorage,2
陕西光汇建筑平台,sources,swan.getStorageSync,525
陕西光汇建筑平台,sources,swan.getLocation,5
陕西光汇建筑平台,sources,swan.input,39
陕西光汇建筑平台,sources,swan.getStorage,1
陕西光汇建筑平台,sources,swan.chooseImage,4
陕西光汇建筑平台,sources,swan.getSystemInfoSync,4
陕西光汇建筑平台,sinks,swan.request,559
陕西光汇建筑平台,sinks,swan.removeStorageSync,4
陕西光汇建筑平台,sinks,swan.setStorageSync,5
陕西光汇建筑平台,sinks,swan.uploadFile,8
陕西光汇建筑平台,sinks,swan.setStorage,2
陕西华清宫文化旅游有限公司,sources,swan.getSystemInfoSync,1
陕西华清宫文化旅游有限公司,sinks,swan.setStorage,1
陕西博恒防腐设备,sources,swan.getStorageSync,27
陕西博恒防腐设备,sources,swan.getSystemInfoSync,1
陕西博恒防腐设备,sources,swan.input,12
陕西博恒防腐设备,sources,swan.getStorage,5
陕西博恒防腐设备,sources,swan.getLocation,1
陕西博恒防腐设备,sources,swan.chooseImage,1
陕西博恒防腐设备,sinks,swan.request,42
陕西博恒防腐设备,sinks,swan.setStorageSync,4
陕西博恒防腐设备,sinks,swan.uploadFile,1
陕西田源生态农业发展有限公司,sources,swan.getStorageSync,525
陕西田源生态农业发展有限公司,sources,swan.getLocation,4
陕西田源生态农业发展有限公司,sources,swan.input,38
陕西田源生态农业发展有限公司,sources,swan.getStorage,1
陕西田源生态农业发展有限公司,sources,swan.chooseImage,5
陕西田源生态农业发展有限公司,sources,swan.getSystemInfoSync,4
陕西田源生态农业发展有限公司,sinks,swan.request,555
陕西田源生态农业发展有限公司,sinks,swan.removeStorageSync,4
陕西田源生态农业发展有限公司,sinks,swan.setStorageSync,5
陕西田源生态农业发展有限公司,sinks,swan.uploadFile,11
陕西田源生态农业发展有限公司,sinks,swan.setStorage,2
零久附近门店,sources,swan.input,3
零久附近门店,sources,swan.getStorage,30
零久附近门店,sources,swan.getLocation,32
零久附近门店,sinks,swan.request,62
零久附近门店,sinks,swan.uploadFile,3
霈泽滴灌管,sources,swan.getStorageSync,19
霈泽滴灌管,sources,swan.getExtConfigSync,38
霈泽滴灌管,sinks,swan.request,57
青叶子除甲醛,sources,swan.getStorageSync,533
青叶子除甲醛,sources,swan.getLocation,4
青叶子除甲醛,sources,swan.input,38
青叶子除甲醛,sources,swan.getStorage,1
青叶子除甲醛,sources,swan.chooseImage,5
青叶子除甲醛,sources,swan.getSystemInfoSync,4
青叶子除甲醛,sinks,swan.request,563
青叶子除甲醛,sinks,swan.removeStorageSync,4
青叶子除甲醛,sinks,swan.setStorageSync,5
青叶子除甲醛,sinks,swan.uploadFile,11
青叶子除甲醛,sinks,swan.setStorage,2
青岛亿纺化工有限公司,sources,swan.getSystemInfoSync,1
青岛亿纺化工有限公司,sinks,swan.setStorage,1
青岛可健可康负离子技术有限公司,sources,swan.getSystemInfoSync,1
青岛可健可康负离子技术有限公司,sinks,swan.setStorage,1
青岛红枫枫红园林有限公司,sources,swan.getSystemInfoSync,1
青岛红枫枫红园林有限公司,sinks,swan.setStorage,1
青岛蜜玥宫母婴服务有限公司,sources,swan.getSystemInfoSync,1
青岛蜜玥宫母婴服务有限公司,sinks,swan.setStorage,1
青州三江机械运输船,sources,swan.getExtConfig,33
青州三江机械运输船,sources,swan.getStorageSync,1
青州三江机械运输船,sinks,swan.request,34
青州振业锤式鄂式破碎机,sources,swan.getStorageSync,1
青州振业锤式鄂式破碎机,sources,swan.getExtConfig,18
青州振业锤式鄂式破碎机,sinks,swan.setStorageSync,1
青州振业锤式鄂式破碎机,sinks,swan.request,18
青州正大环境刮粪机清粪机,sources,swan.getExtConfig,33
青州正大环境刮粪机清粪机,sources,swan.getStorageSync,1
青州正大环境刮粪机清粪机,sinks,swan.request,34
青州正大环境负压风机,sources,swan.getExtConfig,19
青州正大环境负压风机,sinks,swan.request,19
青芒,sources,swan.input,15
青芒,sources,swan.getStorageSync,15
青芒,sources,swan.getLocation,22
青芒,sources,swan.chooseImage,9
青芒,sinks,swan.request,43
青芒,sinks,swan.uploadFile,18
静好房,sources,swan.input,1
静好房,sinks,swan.request,1
顺东方问答,sources,swan.getUserInfo,3
顺东方问答,sources,swan.getStorageSync,8
顺东方问答,sources,swan.getSystemInfo,6
顺东方问答,sources,swan.chooseImage,1
顺东方问答,sinks,swan.request,13
顺东方问答,sinks,swan.setStorageSync,3
顺东方问答,sinks,swan.uploadFile,2
顺丰速运,sources,swan.getStorageSync,63
顺丰速运,sources,swan.downloadFile,1
顺丰速运,sources,swan.getSetting,1
顺丰速运,sources,swan.getClipboardData,8
顺丰速运,sources,swan.getStorage,1
顺丰速运,sinks,swan.uploadFile,1
顺丰速运,sinks,swan.setStorageSync,50
顺丰速运,sinks,swan.request,19
顺丰速运,sinks,swan.setStorage,2
顺丰速运,sinks,swan.saveFile,1
顺丰速运,sinks,swan.saveVideoToPhotosAlbum,1
顺泉吹塑加工厂,sources,swan.getStorageSync,1
顺泉吹塑加工厂,sources,swan.getExtConfig,10
顺泉吹塑加工厂,sinks,swan.setStorageSync,1
顺泉吹塑加工厂,sinks,swan.request,10
顺泉塑料吹塑玩具加工,sources,swan.getStorageSync,1
顺泉塑料吹塑玩具加工,sources,swan.getExtConfig,10
顺泉塑料吹塑玩具加工,sinks,swan.setStorageSync,1
顺泉塑料吹塑玩具加工,sinks,swan.request,10
顺鑫不锈钢网带,sources,swan.getExtConfig,25
顺鑫不锈钢网带,sources,swan.getStorageSync,1
顺鑫不锈钢网带,sinks,swan.request,26
领咖咖啡Linkacoffee,sources,swan.getExtConfig,1
领咖咖啡Linkacoffee,sinks,swan.setClipboardData,1
领诚淬火设备,sources,swan.getStorageSync,1
领诚淬火设备,sources,swan.getExtConfig,11
领诚淬火设备,sinks,swan.setStorageSync,1
领诚淬火设备,sinks,swan.request,11
领邦全自动数控磨齿机,sources,swan.getStorageSync,1
领邦全自动数控磨齿机,sources,swan.getExtConfig,11
领邦全自动数控磨齿机,sinks,swan.setStorageSync,1
领邦全自动数控磨齿机,sinks,swan.request,11
领邦全自动磨齿机厂家,sources,swan.getExtConfig,25
领邦全自动磨齿机厂家,sources,swan.getStorageSync,1
领邦全自动磨齿机厂家,sinks,swan.request,26
领邦冷锯片磨齿机,sources,swan.getStorageSync,2
领邦冷锯片磨齿机,sources,swan.getExtConfig,13
领邦冷锯片磨齿机,sinks,swan.setStorageSync,1
领邦冷锯片磨齿机,sinks,swan.request,14
领邦合金圆锯片磨齿机,sources,swan.getStorageSync,1
领邦合金圆锯片磨齿机,sources,swan.getExtConfig,10
领邦合金圆锯片磨齿机,sinks,swan.setStorageSync,1
领邦合金圆锯片磨齿机,sinks,swan.request,10
领邦锯片磨齿机,sources,swan.getStorageSync,1
领邦锯片磨齿机,sources,swan.getExtConfig,14
领邦锯片磨齿机,sinks,swan.setStorageSync,1
领邦锯片磨齿机,sinks,swan.request,14
马蜂窝旅游攻略,sources,swan.getStorageSync,2
马蜂窝旅游攻略,sources,swan.getLocation,4
马蜂窝旅游攻略,sources,swan.getNetworkType,1
马蜂窝旅游攻略,sources,swan.getSystemInfoSync,5
马蜂窝旅游攻略,sources,swan.getSystemInfo,3
马蜂窝旅游攻略,sinks,swan.setStorageSync,15
驴充充电动自行车充电桩,sources,swan.getExtConfig,33
驴充充电动自行车充电桩,sources,swan.getStorageSync,1
驴充充电动自行车充电桩,sinks,swan.request,34
魔壳科技装修除甲醛,sources,swan.input,1
魔壳科技装修除甲醛,sources,swan.getStorageSync,1
魔壳科技装修除甲醛,sources,swan.getExtConfig,2
魔壳科技装修除甲醛,sinks,swan.setStorageSync,1
魔壳科技装修除甲醛,sinks,swan.request,3
鲁同五角枫红枫美国红枫元宝枫,sources,swan.getStorageSync,1
鲁同五角枫红枫美国红枫元宝枫,sources,swan.getExtConfig,1
鲁同五角枫红枫美国红枫元宝枫,sinks,swan.request,2
鹏达量子低频共振仪,sources,swan.getStorageSync,4
鹏达量子低频共振仪,sinks,swan.request,2
鹏达量子低频共振仪,sinks,swan.setStorageSync,2
麦根护肤品,sources,swan.getSystemInfoSync,1
麦根护肤品,sinks,swan.setStorage,1
黄山耕香园茶业有限公司,sources,swan.getSystemInfoSync,1
黄山耕香园茶业有限公司,sinks,swan.setStorage,1
黄石蓝天重铬酸钠,sources,swan.getStorage,1
黄石蓝天重铬酸钠,sources,swan.input,2
黄石蓝天重铬酸钠,sources,swan.downloadFile,3
黄石蓝天重铬酸钠,sources,swan.chooseImage,6
黄石蓝天重铬酸钠,sources,swan.getStorageSync,4
黄石蓝天重铬酸钠,sinks,swan.setStorage,1
黄石蓝天重铬酸钠,sinks,swan.request,4
黄石蓝天重铬酸钠,sinks,swan.saveImageToPhotosAlbum,3
黄石蓝天重铬酸钠,sinks,swan.uploadFile,4
黄石蓝天重铬酸钠,sinks,swan.setStorageSync,4
齐车大圣违章高发地,sources,swan.getLocation,2
齐车大圣违章高发地,sinks,swan.request,1
齐车大圣违章高发地,sinks,swan.setStorage,1
齐锻锥体,sources,swan.getStorageSync,1
齐锻锥体,sources,swan.getExtConfig,11
齐锻锥体,sinks,swan.setStorageSync,1
齐锻锥体,sinks,swan.request,11
龙博刺槐,sources,swan.getExtConfig,30
龙博刺槐,sinks,swan.request,30
龙岩妇儿综合门诊部有限公司,sources,swan.getSystemInfoSync,1
龙岩妇儿综合门诊部有限公司,sinks,swan.setStorage,1
1905电影网,sources,swan.getStorage,2
1905电影网,sinks,swan.setStorage,1
1905电影网,sinks,swan.request,1
CONBOX瞳盒,sources,swan.getExtConfig,1
CONBOX瞳盒,sinks,swan.setClipboardData,1
一和科技,sources,swan.input,1
一和科技,sinks,swan.request,1
一多软件,sources,swan.input,1
一多软件,sources,swan.getStorageSync,1
一多软件,sources,swan.getExtConfig,1
一多软件,sinks,swan.request,3
一心一木塑料罐塑料瓶堆码桶,sources,swan.getExtConfig,22
一心一木塑料罐塑料瓶堆码桶,sinks,swan.request,22
一窗门窗,sources,swan.getSystemInfoSync,1
一窗门窗,sinks,swan.setStorage,1
一维挡烟垂壁,sources,swan.getStorageSync,1
一维挡烟垂壁,sources,swan.getExtConfig,10
一维挡烟垂壁,sinks,swan.setStorageSync,1
一维挡烟垂壁,sinks,swan.request,10
一维防火窗耐火窗,sources,swan.getStorageSync,1
一维防火窗耐火窗,sources,swan.getExtConfig,16
一维防火窗耐火窗,sinks,swan.setStorageSync,1
一维防火窗耐火窗,sinks,swan.request,16
一说阁,sources,swan.getStorageSync,1
一说阁,sinks,swan.request,1
一诺容器,sources,swan.getUserInfo,1
一诺容器,sinks,swan.request,1
一起画电影,sources,swan.downloadFile,1
一起画电影,sinks,swan.saveVideoToPhotosAlbum,1
一起装修网装修报价,sources,swan.getStorageSync,4
一起装修网装修报价,sinks,swan.request,4
一马平川登车桥厂家,sources,swan.getSystemInfoSync,1
一马平川登车桥厂家,sinks,swan.setStorage,1
七彩梦,sources,swan.input,1
七彩梦,sources,swan.getStorageSync,1
七彩梦,sources,swan.getExtConfig,1
七彩梦,sinks,swan.request,3
万仪负离子传感器生产厂家,sources,swan.getStorageSync,1
万仪负离子传感器生产厂家,sources,swan.getExtConfig,15
万仪负离子传感器生产厂家,sinks,swan.setStorageSync,1
万仪负离子传感器生产厂家,sinks,swan.request,15
万度百科,sources,swan.getStorageSync,2
万度百科,sinks,swan.setStorageSync,2
万放问答,sources,swan.getUserInfo,3
万放问答,sources,swan.getStorageSync,18
万放问答,sources,swan.getSystemInfo,6
万放问答,sources,swan.chooseImage,1
万放问答,sinks,swan.request,13
万放问答,sinks,swan.setStorageSync,13
万放问答,sinks,swan.uploadFile,2
上海之合网络科技有限公司,sources,swan.getSystemInfoSync,1
上海之合网络科技有限公司,sinks,swan.setStorage,1
上海华中城市规划设计有限公司,sources,swan.getSystemInfoSync,1
上海华中城市规划设计有限公司,sinks,swan.setStorage,1
上海合合信息科技发展有限公司,sources,swan.getSystemInfoSync,1
上海合合信息科技发展有限公司,sinks,swan.setStorage,1
上海品广网络科技有限公司,sources,swan.getSystemInfoSync,1
上海品广网络科技有限公司,sinks,swan.setStorage,1
上海国经网络科技有限公司,sources,swan.getSystemInfoSync,1
上海国经网络科技有限公司,sinks,swan.setStorage,1
上海核晟阀门制造有限公司,sources,swan.getSystemInfoSync,1
上海核晟阀门制造有限公司,sinks,swan.setStorage,1
上海水石建筑规划设计,sources,swan.getSystemInfoSync,1
上海水石建筑规划设计,sinks,swan.setStorage,1
上海洲涵实业有限公司,sources,swan.getSystemInfoSync,1
上海洲涵实业有限公司,sinks,swan.setStorage,1
上海虹匠网络科技有限公司,sources,swan.getSystemInfoSync,1
上海虹匠网络科技有限公司,sinks,swan.setStorage,1
上海西点好习惯军事夏令营,sources,swan.getSystemInfoSync,1
上海西点好习惯军事夏令营,sinks,swan.setStorage,1
上海韩熊贸易有限公司,sources,swan.getSystemInfoSync,1
上海韩熊贸易有限公司,sinks,swan.setStorage,1
上海韩通教育信息咨询有限公司,sources,swan.getSystemInfoSync,1
上海韩通教育信息咨询有限公司,sinks,swan.setStorage,1
与非网硬件电路计算器,sources,swan.getStorageSync,2
与非网硬件电路计算器,sinks,swan.request,2
东谷锯业,sources,swan.getStorageSync,3
东谷锯业,sinks,swan.setStorageSync,2
东谷锯业,sinks,swan.request,1
中公教育,sources,swan.input,1
中公教育,sinks,swan.request,1
中博奥档案数字化,sources,swan.getExtConfig,22
中博奥档案数字化,sinks,swan.request,22
中合商标查询注册,sources,swan.getStorageSync,5
中合商标查询注册,sources,swan.chooseImage,1
中合商标查询注册,sources,swan.input,1
中合商标查询注册,sinks,swan.setStorageSync,5
中合商标查询注册,sinks,swan.request,2
中国吊装网,sources,swan.getStorageSync,5
中国吊装网,sinks,swan.setStorageSync,3
中国吊装网,sinks,swan.request,2
中国爱享轰趴馆品牌,sources,swan.getUserInfo,2
中国爱享轰趴馆品牌,sources,swan.getExtConfigSync,117
中国爱享轰趴馆品牌,sources,swan.getStorageSync,6
中国爱享轰趴馆品牌,sources,swan.input,4
中国爱享轰趴馆品牌,sources,swan.chooseAddress,1
中国爱享轰趴馆品牌,sources,swan.getImageInfo,2
中国爱享轰趴馆品牌,sinks,swan.request,128
中国爱享轰趴馆品牌,sinks,swan.saveImageToPhotosAlbum,2
中国爱享轰趴馆品牌,sinks,swan.uploadFile,2
中国电信营业厅,sources,swan.getStorageSync,14
中国电信营业厅,sinks,swan.setStorageSync,5
中国电信营业厅,sinks,swan.request,8
中国电信营业厅,sinks,swan.uploadFile,1
中地民安实业有限公司,sources,swan.getSystemInfoSync,1
中地民安实业有限公司,sinks,swan.setStorage,1
中地装重庆地质仪器有限公司,sources,swan.getSystemInfoSync,1
中地装重庆地质仪器有限公司,sinks,swan.setStorage,1
中拓锤式破碎机,sources,swan.getExtConfig,19
中拓锤式破碎机,sinks,swan.request,19
中教当代北京教育科学研究院,sources,swan.getSystemInfoSync,1
中教当代北京教育科学研究院,sinks,swan.setStorage,1
中江县刘氏充气拱门租赁部,sources,swan.getSystemInfoSync,1
中江县刘氏充气拱门租赁部,sinks,swan.setStorage,1
中浩集装箱,sources,swan.getStorageSync,3
中浩集装箱,sinks,swan.setStorageSync,2
中浩集装箱,sinks,swan.request,1
中煤第一建设有限公司第十工程处,sources,swan.getSystemInfoSync,1
中煤第一建设有限公司第十工程处,sinks,swan.setStorage,1
中爱催乳师培训,sources,swan.getExtConfig,34
中爱催乳师培训,sources,swan.getStorageSync,1
中爱催乳师培训,sinks,swan.request,35
中物智福股份有限公司,sources,swan.getSystemInfoSync,1
中物智福股份有限公司,sinks,swan.setStorage,1
中百福建设有限公司,sources,swan.getStorageSync,31
中百福建设有限公司,sources,swan.getExtConfigSync,62
中百福建设有限公司,sinks,swan.request,93
中科浩电,sources,swan.getSystemInfoSync,1
中科浩电,sinks,swan.setStorage,1
中科科辅北京科技有限公司,sources,swan.getSystemInfoSync,1
中科科辅北京科技有限公司,sinks,swan.setStorage,1
中通服创立信息科技有限责任公司,sources,swan.getSystemInfoSync,1
中通服创立信息科技有限责任公司,sinks,swan.setStorage,1
中邑禾府,sources,swan.getStorageSync,99
中邑禾府,sources,swan.getExtConfig,1
中邑禾府,sources,swan.input,11
中邑禾府,sources,swan.chooseImage,1
中邑禾府,sinks,swan.request,109
中邑禾府,sinks,swan.setStorage,1
中邑禾府,sinks,swan.uploadFile,2
中铁十九局集团第一工程有限公司,sources,swan.getSystemInfoSync,1
中铁十九局集团第一工程有限公司,sinks,swan.setStorage,1
中闽在线福利馆,sources,swan.getExtConfig,1
中闽在线福利馆,sinks,swan.setClipboardData,1
为农防虫网,sources,swan.getStorageSync,2
为农防虫网,sinks,swan.setStorageSync,2
为友违章罚款代缴查询,sources,swan.chooseImage,1
为友违章罚款代缴查询,sinks,swan.uploadFile,1
主动防护网,sources,swan.getStorageSync,2
主动防护网,sinks,swan.setStorageSync,2
义乌剑斌物流公司,sources,swan.getStorageSync,1
义乌剑斌物流公司,sources,swan.getExtConfig,10
义乌剑斌物流公司,sinks,swan.setStorageSync,1
义乌剑斌物流公司,sinks,swan.request,10
义乌百特皮革批发,sources,swan.getStorageSync,1
义乌百特皮革批发,sources,swan.getExtConfig,10
义乌百特皮革批发,sinks,swan.setStorageSync,1
义乌百特皮革批发,sinks,swan.request,10
义乌顶美水泥罐,sources,swan.getStorageSync,1
义乌顶美水泥罐,sources,swan.getExtConfig,11
义乌顶美水泥罐,sinks,swan.setStorageSync,1
义乌顶美水泥罐,sinks,swan.request,11
义乌顶美铁罐,sources,swan.getStorageSync,1
义乌顶美铁罐,sources,swan.getExtConfig,11
义乌顶美铁罐,sinks,swan.setStorageSync,1
义乌顶美铁罐,sinks,swan.request,11
乌鲁木齐除甲醛除异味,sources,swan.getStorage,1
乌鲁木齐除甲醛除异味,sources,swan.input,2
乌鲁木齐除甲醛除异味,sources,swan.downloadFile,3
乌鲁木齐除甲醛除异味,sources,swan.chooseImage,6
乌鲁木齐除甲醛除异味,sources,swan.getStorageSync,4
乌鲁木齐除甲醛除异味,sinks,swan.setStorage,1
乌鲁木齐除甲醛除异味,sinks,swan.request,4
乌鲁木齐除甲醛除异味,sinks,swan.saveImageToPhotosAlbum,3
乌鲁木齐除甲醛除异味,sinks,swan.uploadFile,4
乌鲁木齐除甲醛除异味,sinks,swan.setStorageSync,4
乐冠体育,sources,swan.getStorageSync,3
乐冠体育,sinks,swan.setStorageSync,2
乐冠体育,sinks,swan.request,1
乐哈科普食物热量表,sources,swan.getStorageSync,2
乐哈科普食物热量表,sources,swan.getUserInfo,1
乐哈科普食物热量表,sinks,swan.request,3
乐航女装,sources,swan.getStorageSync,2
乐航女装,sinks,swan.setStorageSync,2
也迪律师,sources,swan.getSystemInfoSync,1
也迪律师,sinks,swan.setStorage,1
乡村炊烟手工煎饼,sources,swan.getExtConfig,1
乡村炊烟手工煎饼,sinks,swan.setClipboardData,1
云之创,sources,swan.getStorageSync,2
云之创,sinks,swan.setStorageSync,2
云众穿搭,sources,swan.getStorageSync,14
云众穿搭,sinks,swan.setStorageSync,14
云创空间,sources,swan.getLocation,6
云创空间,sources,swan.chooseImage,5
云创空间,sources,swan.chooseAddress,5
云创空间,sources,swan.input,15
云创空间,sources,swan.getStorage,1
云创空间,sinks,swan.setStorage,4
云创空间,sinks,swan.uploadFile,2
云创空间,sinks,swan.request,26
云南八宝贡米业有限责任公司,sources,swan.getSystemInfoSync,1
云南八宝贡米业有限责任公司,sinks,swan.setStorage,1
云南气壮山河环境规划设计,sources,swan.getSystemInfoSync,1
云南气壮山河环境规划设计,sinks,swan.setStorage,1
云南氟业环保科技股份有限公司,sources,swan.getSystemInfoSync,1
云南氟业环保科技股份有限公司,sinks,swan.setStorage,1
云南滇海商贸有限公司,sources,swan.getSystemInfoSync,1
云南滇海商贸有限公司,sinks,swan.setStorage,1
云南滇缆实业有限责任公司,sources,swan.getSystemInfoSync,1
云南滇缆实业有限责任公司,sinks,swan.setStorage,1
云南滇贵实业有限公司,sources,swan.getSystemInfoSync,1
云南滇贵实业有限公司,sinks,swan.setStorage,1
云南电网大理城区供电局洱海宾馆,sources,swan.getSystemInfoSync,1
云南电网大理城区供电局洱海宾馆,sinks,swan.setStorage,1
云归教育,sources,swan.getStorageSync,1
云归教育,sinks,swan.request,1
云服教育盟,sources,swan.getStorageSync,19
云服教育盟,sinks,swan.request,12
云服教育盟,sinks,swan.setStorageSync,7
云朵大作战,sources,swan.getStorageSync,1
云朵大作战,sinks,swan.request,1
云构家居家装建材综合服务,sources,swan.getSystemInfoSync,1
云构家居家装建材综合服务,sinks,swan.setStorage,1
云监理装修案例库,sources,swan.input,6
云监理装修案例库,sources,swan.getStorageSync,18
云监理装修案例库,sinks,swan.request,21
云监理装修案例库,sinks,swan.setStorageSync,3
云赐智能全自动缝纫机,sources,swan.getExtConfig,16
云赐智能全自动缝纫机,sinks,swan.request,16
云阅卷考试服务,sources,swan.getStorageSync,1
云阅卷考试服务,sources,swan.getExtConfig,1
云阅卷考试服务,sinks,swan.request,2
五福正代餐粉,sources,swan.getStorageSync,1
五福正代餐粉,sources,swan.getExtConfig,28
五福正代餐粉,sinks,swan.setStorageSync,1
五福正代餐粉,sinks,swan.request,28
亚姿宣护肤管理中心,sources,swan.getExtConfig,1
亚姿宣护肤管理中心,sinks,swan.setClipboardData,1
京东好物街,sources,swan.getStorage,1
京东好物街,sinks,swan.request,1
亿东煤机,sources,swan.getSystemInfoSync,1
亿东煤机,sinks,swan.setStorage,1
亿川科技,sources,swan.getStorageSync,177
亿川科技,sources,swan.input,47
亿川科技,sources,swan.downloadFile,58
亿川科技,sources,swan.getLocation,5
亿川科技,sources,swan.getImageInfo,2
亿川科技,sources,swan.chooseImage,6
亿川科技,sinks,swan.request,216
亿川科技,sinks,swan.removeStorageSync,5
亿川科技,sinks,swan.saveImageToPhotosAlbum,60
亿川科技,sinks,swan.uploadFile,12
亿川科技,sinks,swan.setStorageSync,2
他电,sources,swan.getStorageSync,3
他电,sinks,swan.setStorageSync,2
他电,sinks,swan.request,1
仙明殡仪,sources,swan.getStorageSync,3
仙明殡仪,sinks,swan.setStorageSync,2
仙明殡仪,sinks,swan.request,1
以轩生活常识,sources,swan.getStorageSync,3
以轩生活常识,sources,swan.chooseImage,1
以轩生活常识,sources,swan.input,2
以轩生活常识,sinks,swan.request,4
以轩生活常识,sinks,swan.setStorageSync,1
以轩生活常识,sinks,swan.uploadFile,1
企二哥公司核名,sources,swan.getStorageSync,4
企二哥公司核名,sources,swan.input,4
企二哥公司核名,sinks,swan.request,8
企二哥公司起名核名,sources,swan.getStorageSync,8
企二哥公司起名核名,sources,swan.input,6
企二哥公司起名核名,sinks,swan.request,13
企二哥公司起名核名,sinks,swan.setStorageSync,1
企亨,sources,swan.getSystemInfoSync,1
企亨,sinks,swan.setStorage,1
伊人皮肤管理,sources,swan.getStorageSync,1
伊人皮肤管理,sources,swan.getExtConfig,10
伊人皮肤管理,sinks,swan.setStorageSync,1
伊人皮肤管理,sinks,swan.request,10
众鹏二次构造柱泵,sources,swan.input,3
众鹏二次构造柱泵,sinks,swan.request,3
优客多,sources,swan.getSystemInfoSync,2
优客多,sources,swan.getStorageSync,294
优客多,sources,swan.getExtConfig,1
优客多,sources,swan.getLocation,12
优客多,sources,swan.input,36
优客多,sources,swan.downloadFile,3
优客多,sources,swan.chooseAddress,5
优客多,sources,swan.getUserInfo,12
优客多,sources,swan.chooseImage,5
优客多,sinks,swan.request,331
优客多,sinks,swan.setStorageSync,31
优客多,sinks,swan.saveImageToPhotosAlbum,3
优客多,sinks,swan.uploadFile,5
优栢盾,sources,swan.getSystemInfoSync,1
优栢盾,sinks,swan.setStorage,1
优鸿,sources,swan.getSystemInfoSync,1
优鸿,sinks,swan.setStorage,1
伟达负压风机厂家,sources,swan.getStorageSync,1
伟达负压风机厂家,sources,swan.getExtConfig,11
伟达负压风机厂家,sinks,swan.setStorageSync,1
伟达负压风机厂家,sinks,swan.request,11
佑飞洗缸器,sources,swan.getStorageSync,2
佑飞洗缸器,sinks,swan.setStorageSync,2
佛山市固宇建朗建筑五金有限公司,sources,swan.getSystemInfoSync,1
佛山市固宇建朗建筑五金有限公司,sinks,swan.setStorage,1
佛山市鼓坊音乐文化有限公司,sources,swan.getSystemInfoSync,1
佛山市鼓坊音乐文化有限公司,sinks,swan.setStorage,1
佰诚焊接球,sources,swan.getExtConfig,30
佰诚焊接球,sinks,swan.request,30
信德pe穿线管,sources,swan.getStorageSync,1
信德pe穿线管,sources,swan.getExtConfig,11
信德pe穿线管,sinks,swan.setStorageSync,1
信德pe穿线管,sinks,swan.request,11
信德pe给水管厂家,sources,swan.getExtConfig,18
信德pe给水管厂家,sinks,swan.request,18
信用中国栏目,sources,swan.getSystemInfoSync,2
信用中国栏目,sources,swan.getStorageSync,294
信用中国栏目,sources,swan.getExtConfig,1
信用中国栏目,sources,swan.getLocation,12
信用中国栏目,sources,swan.input,36
信用中国栏目,sources,swan.downloadFile,3
信用中国栏目,sources,swan.chooseAddress,5
信用中国栏目,sources,swan.getUserInfo,12
信用中国栏目,sources,swan.chooseImage,5
信用中国栏目,sinks,swan.request,331
信用中国栏目,sinks,swan.setStorageSync,31
信用中国栏目,sinks,swan.saveImageToPhotosAlbum,3
信用中国栏目,sinks,swan.uploadFile,5
信电电器集团有限公司,sources,swan.getSystemInfoSync,1
信电电器集团有限公司,sinks,swan.setStorage,1
修诚青储饲料,sources,swan.getExtConfig,24
修诚青储饲料,sinks,swan.request,24
值哆少奢侈品鉴定,sources,swan.input,3
值哆少奢侈品鉴定,sinks,swan.request,3
元启塑料包装袋,sources,swan.getStorageSync,1
元启塑料包装袋,sources,swan.getExtConfig,10
元启塑料包装袋,sinks,swan.setStorageSync,1
元启塑料包装袋,sinks,swan.request,10
兄弟电子商务吉林有限公司,sources,swan.getSystemInfoSync,1
兄弟电子商务吉林有限公司,sinks,swan.setStorage,1
先之锋商贸,sources,swan.getSystemInfoSync,1
先之锋商贸,sinks,swan.setStorage,1
光亚照明,sources,swan.getSystemInfoSync,1
光亚照明,sinks,swan.setStorage,1
兔兔教防脱发,sources,swan.getStorageSync,1
兔兔教防脱发,sinks,swan.setStorageSync,1
兔兔美女泳装私服,sources,swan.getStorageSync,1
兔兔美女泳装私服,sinks,swan.setStorageSync,1
兔小贝儿歌,sources,swan.getSystemInfoSync,1
兔小贝儿歌,sources,swan.getUserInfo,1
兔小贝儿歌,sources,swan.getStorageSync,20
兔小贝儿歌,sources,swan.input,2
兔小贝儿歌,sinks,swan.request,24
兔行哥酒店用品,sources,swan.getExtConfig,1
兔行哥酒店用品,sinks,swan.setClipboardData,1
养了个毛孩宠物食品,sources,swan.getExtConfig,1
养了个毛孩宠物食品,sinks,swan.setClipboardData,1
冠同法律咨询,sources,swan.getStorageSync,2
冠同法律咨询,sinks,swan.setStorageSync,2
冠好精选,sources,swan.getExtConfig,1
冠好精选,sinks,swan.setClipboardData,1
凯麒斯灌装机,sources,swan.getStorageSync,1
凯麒斯灌装机,sources,swan.getExtConfig,15
凯麒斯灌装机,sinks,swan.setStorageSync,1
凯麒斯灌装机,sinks,swan.request,15
分毫报价品牌名片,sources,swan.getSystemInfoSync,1
分毫报价品牌名片,sinks,swan.setStorage,1
创胜灌浆机,sources,swan.input,1
创胜灌浆机,sources,swan.getStorageSync,1
创胜灌浆机,sources,swan.getExtConfig,1
创胜灌浆机,sinks,swan.request,3
初源漾祛黑粉嫩,sources,swan.getExtConfigSync,11
初源漾祛黑粉嫩,sources,swan.getStorageSync,1
初源漾祛黑粉嫩,sinks,swan.request,12
别致家生活馆,sources,swan.getExtConfig,1
别致家生活馆,sinks,swan.setClipboardData,1
力能网带烘干机,sources,swan.getStorageSync,2
力能网带烘干机,sources,swan.getExtConfig,13
力能网带烘干机,sinks,swan.setStorageSync,1
力能网带烘干机,sinks,swan.request,14
助你寻亲,sources,swan.chooseImage,2
助你寻亲,sources,swan.input,1
助你寻亲,sinks,swan.uploadFile,2
助你寻亲,sinks,swan.request,1
助拓上海社保代缴公积金代交代办,sources,swan.getStorageSync,1
助拓上海社保代缴公积金代交代办,sinks,swan.setStorageSync,1
北京中航航特润滑科技有限公司,sources,swan.getSystemInfoSync,1
北京中航航特润滑科技有限公司,sinks,swan.setStorage,1
北京冠领律师事务所,sources,swan.getSystemInfoSync,1
北京冠领律师事务所,sinks,swan.setStorage,1
北京国富如荷网络科技有限公司,sources,swan.getSystemInfoSync,1
北京国富如荷网络科技有限公司,sinks,swan.setStorage,1
北京国铁科林科技股份有限公司,sources,swan.getSystemInfoSync,1
北京国铁科林科技股份有限公司,sinks,swan.setStorage,1
北京撼动科技有限公司,sources,swan.getSystemInfoSync,1
北京撼动科技有限公司,sinks,swan.setStorage,1
北京欣含宇通科技股份有限公司,sources,swan.getSystemInfoSync,1
北京欣含宇通科技股份有限公司,sinks,swan.setStorage,1
北京科仪创新氦检漏设备厂家,sources,swan.getStorageSync,1
北京科仪创新氦检漏设备厂家,sources,swan.getExtConfig,16
北京科仪创新氦检漏设备厂家,sinks,swan.setStorageSync,1
北京科仪创新氦检漏设备厂家,sinks,swan.request,16
千游手机号码空号查询,sources,swan.input,3
千游手机号码空号查询,sinks,swan.request,3
卓创模具仿玉石技术,sources,swan.getStorageSync,3
卓创模具仿玉石技术,sinks,swan.setStorageSync,2
卓创模具仿玉石技术,sinks,swan.request,1
卓辅教育在线,sources,swan.getSystemInfoSync,1
卓辅教育在线,sinks,swan.setStorage,1
南瓜电影视频,sources,swan.getSystemInfo,1
南瓜电影视频,sinks,swan.setStorageSync,1
卡帕奇人工喊泉为我梦想加油喝彩,sources,swan.getStorageSync,1
卡帕奇人工喊泉为我梦想加油喝彩,sources,swan.getExtConfig,18
卡帕奇人工喊泉为我梦想加油喝彩,sinks,swan.setStorageSync,1
卡帕奇人工喊泉为我梦想加油喝彩,sinks,swan.request,18
印尼大湖HULU渔场联盟,sources,swan.getStorageSync,1
印尼大湖HULU渔场联盟,sinks,swan.request,1
厦门市十一派对别墅,sources,swan.getStorageSync,108
厦门市十一派对别墅,sources,swan.getLocation,1
厦门市十一派对别墅,sources,swan.chooseImage,7
厦门市十一派对别墅,sources,swan.input,11
厦门市十一派对别墅,sources,swan.getUserInfo,1
厦门市十一派对别墅,sources,swan.downloadFile,1
厦门市十一派对别墅,sinks,swan.setStorageSync,6
厦门市十一派对别墅,sinks,swan.request,116
厦门市十一派对别墅,sinks,swan.uploadFile,6
厦门市十一派对别墅,sinks,swan.saveImageToPhotosAlbum,1
厦门市闽固建材有限公司,sources,swan.getSystemInfoSync,1
厦门市闽固建材有限公司,sinks,swan.setStorage,1
厦门洁福后雨刷,sources,swan.getExtConfig,9
厦门洁福后雨刷,sinks,swan.request,9
厦门洁福汽车后雨刷,sources,swan.getExtConfig,9
厦门洁福汽车后雨刷,sinks,swan.request,9
厦门洁福雨,sources,swan.getExtConfig,9
厦门洁福雨,sinks,swan.request,9
厦门洁福雨刮器批发,sources,swan.getExtConfig,9
厦门洁福雨刮器批发,sinks,swan.request,9
厦门洁福雨刷厂家,sources,swan.getExtConfig,11
厦门洁福雨刷厂家,sinks,swan.request,11
古净净化科技上海有限公司,sources,swan.getSystemInfoSync,1
古净净化科技上海有限公司,sinks,swan.setStorage,1
古果街,sources,swan.getExtConfig,1
古果街,sinks,swan.setClipboardData,1
古玩帮,sources,swan.input,1
古玩帮,sinks,swan.request,1
古香楼,sources,swan.getExtConfig,1
古香楼,sinks,swan.setClipboardData,1
可宁可灵健康生活,sources,swan.getExtConfig,1
可宁可灵健康生活,sinks,swan.setClipboardData,1
合和圆缘,sources,swan.getExtConfig,1
合和圆缘,sinks,swan.setClipboardData,1
合派热能,sources,swan.getStorageSync,1
合派热能,sinks,swan.setStorageSync,1
合肥哈工机器人有限公司,sources,swan.getSystemInfoSync,1
合肥哈工机器人有限公司,sinks,swan.setStorage,1
合肥汉政信息技术有限公司,sources,swan.getSystemInfoSync,1
合肥汉政信息技术有限公司,sinks,swan.setStorage,1
同宏钩编机,sources,swan.getStorageSync,1
同宏钩编机,sources,swan.getExtConfig,10
同宏钩编机,sinks,swan.setStorageSync,1
同宏钩编机,sinks,swan.request,10
同舟包装无纺布袋编织袋镀铝袋,sources,swan.getStorageSync,1
同舟包装无纺布袋编织袋镀铝袋,sources,swan.getExtConfig,15
同舟包装无纺布袋编织袋镀铝袋,sinks,swan.setStorageSync,1
同舟包装无纺布袋编织袋镀铝袋,sinks,swan.request,15
同舟包装肥料袋方便袋牛皮纸袋,sources,swan.getStorageSync,1
同舟包装肥料袋方便袋牛皮纸袋,sources,swan.getExtConfig,15
同舟包装肥料袋方便袋牛皮纸袋,sinks,swan.setStorageSync,1
同舟包装肥料袋方便袋牛皮纸袋,sinks,swan.request,15
同舟包装袋拉链袋手提袋,sources,swan.getStorageSync,1
同舟包装袋拉链袋手提袋,sources,swan.getExtConfig,15
同舟包装袋拉链袋手提袋,sinks,swan.setStorageSync,1
同舟包装袋拉链袋手提袋,sinks,swan.request,15
同运水带厂家,sources,swan.getStorageSync,2
同运水带厂家,sources,swan.getExtConfig,17
同运水带厂家,sinks,swan.setStorageSync,1
同运水带厂家,sinks,swan.request,18
向导新房,sources,swan.downloadFile,1
向导新房,sources,swan.getFileInfo,1
向导新房,sinks,swan.saveFile,1
向导新房,sinks,swan.setStorage,1
君科重工对辊破碎机,sources,swan.chooseImage,1
君科重工对辊破碎机,sinks,swan.uploadFile,1
吾爱斗图,sources,swan.downloadFile,4
吾爱斗图,sources,swan.getStorageSync,1
吾爱斗图,sources,swan.chooseImage,1
吾爱斗图,sinks,swan.saveImageToPhotosAlbum,4
吾爱斗图,sinks,swan.setStorageSync,1
吾爱斗图,sinks,swan.uploadFile,1
周口鹏讯装修师傅信息,sources,swan.input,1
周口鹏讯装修师傅信息,sources,swan.getStorageSync,1
周口鹏讯装修师傅信息,sources,swan.getExtConfig,1
周口鹏讯装修师傅信息,sinks,swan.request,3
周而小店,sources,swan.getStorageSync,1
周而小店,sinks,swan.setStorageSync,1
咏春商丘仿木护栏,sources,swan.getExtConfig,33
咏春商丘仿木护栏,sinks,swan.request,33
咸明坤防腐瓦厂,sources,swan.input,1
咸明坤防腐瓦厂,sources,swan.getStorageSync,1
咸明坤防腐瓦厂,sources,swan.getExtConfig,1
咸明坤防腐瓦厂,sinks,swan.request,3
咸阳天赐贝儿月子中心,sources,swan.getStorageSync,3
咸阳天赐贝儿月子中心,sinks,swan.setStorageSync,2
咸阳天赐贝儿月子中心,sinks,swan.request,1
哇哇哇队LightReading,sources,swan.getStorageSync,8
哇哇哇队LightReading,sinks,swan.setStorageSync,8
哈尔滨九洲水处理设备稳压罐厂,sources,swan.getStorageSync,2
哈尔滨九洲水处理设备稳压罐厂,sinks,swan.setStorageSync,2
哈尔滨市哈宾斯商贸有限公司,sources,swan.getSystemInfoSync,1
哈尔滨市哈宾斯商贸有限公司,sinks,swan.setStorage,1
哈尔滨广原塑料托盒厂家批发,sources,swan.getStorageSync,2
哈尔滨广原塑料托盒厂家批发,sinks,swan.setStorageSync,2
哈尔滨忠韩跆拳道馆,sources,swan.getStorageSync,2
哈尔滨忠韩跆拳道馆,sinks,swan.setStorageSync,2
哈尔滨金昇广告材料广告耗材厂家,sources,swan.getStorageSync,2
哈尔滨金昇广告材料广告耗材厂家,sinks,swan.setStorageSync,2
哈曼丁新媒体广告运营,sources,swan.getStorageSync,2
哈曼丁新媒体广告运营,sinks,swan.setStorageSync,2
哈曼丁集团,sources,swan.getStorageSync,2
哈曼丁集团,sinks,swan.setStorageSync,2
唐卡收藏,sources,swan.input,1
唐卡收藏,sources,swan.getStorageSync,1
唐卡收藏,sources,swan.getExtConfig,1
唐卡收藏,sinks,swan.request,3
喜悦爱谷,sources,swan.getStorageSync,1
喜悦爱谷,sinks,swan.setStorageSync,1
喜马拉雅,sources,swan.getStorageSync,4
喜马拉雅,sinks,swan.request,2
喜马拉雅,sinks,swan.setStorageSync,2
喝彩科技,sources,swan.getStorageSync,2
喝彩科技,sinks,swan.setStorageSync,2
喝彩象棋棋谱,sources,swan.getStorageSync,2
喝彩象棋棋谱,sinks,swan.setStorageSync,2
四姑娘山,sources,swan.getExtConfig,1
四姑娘山,sinks,swan.setClipboardData,1
四姑娘山野樱桃酒,sources,swan.getSystemInfoSync,1
四姑娘山野樱桃酒,sinks,swan.setStorage,1
四川省剑门关发展投资有限公司,sources,swan.getSystemInfoSync,1
四川省剑门关发展投资有限公司,sinks,swan.setStorage,1
四海钓鱼渔具城,sources,swan.getSystemInfoSync,1
四海钓鱼渔具城,sinks,swan.setStorage,1
团会网会议场地预订,sources,swan.input,4
团会网会议场地预订,sinks,swan.request,4
团子出行汽车票查询网上预订,sources,swan.getStorageSync,48
团子出行汽车票查询网上预订,sources,swan.getLocation,1
团子出行汽车票查询网上预订,sources,swan.getUserInfo,1
团子出行汽车票查询网上预订,sources,swan.getStorage,5
团子出行汽车票查询网上预订,sinks,swan.request,43
团子出行汽车票查询网上预订,sinks,swan.setStorageSync,7
团子出行汽车票查询网上预订,sinks,swan.setStorage,5
团词网,sources,swan.getStorageSync,1
团词网,sinks,swan.setStorageSync,1
固森紧固件,sources,swan.getStorageSync,3
固森紧固件,sinks,swan.setStorageSync,2
固森紧固件,sinks,swan.request,1
固艾特,sources,swan.getSystemInfoSync,1
固艾特,sinks,swan.setStorage,1
国之白茶,sources,swan.getExtConfig,1
国之白茶,sinks,swan.setClipboardData,1
国妆化妆品有限公司,sources,swan.getSystemInfoSync,1
国妆化妆品有限公司,sinks,swan.setStorage,1
圈子喝酒聚会游戏,sources,swan.getStorageSync,1
圈子喝酒聚会游戏,sources,swan.downloadFile,2
圈子喝酒聚会游戏,sinks,swan.setStorageSync,1
圈子喝酒聚会游戏,sinks,swan.saveImageToPhotosAlbum,2
土流网,sources,swan.getStorage,3
土流网,sinks,swan.request,3
墨水宝盒,sources,swan.getSystemInfoSync,1
墨水宝盒,sinks,swan.setStorage,1
壹楚文化,sources,swan.getStorageSync,1
壹楚文化,sources,swan.getExtConfig,1
壹楚文化,sinks,swan.request,2
大眼视频傻瓜式视频模版库,sources,swan.getImageInfo,4
大眼视频傻瓜式视频模版库,sources,swan.getStorageSync,1
大眼视频傻瓜式视频模版库,sources,swan.getUserInfo,1
大眼视频傻瓜式视频模版库,sources,swan.input,1
大眼视频傻瓜式视频模版库,sources,swan.compressImage,1
大眼视频傻瓜式视频模版库,sources,swan.downloadFile,3
大眼视频傻瓜式视频模版库,sinks,swan.saveImageToPhotosAlbum,4
大眼视频傻瓜式视频模版库,sinks,swan.setStorageSync,1
大眼视频傻瓜式视频模版库,sinks,swan.request,2
大眼视频傻瓜式视频模版库,sinks,swan.uploadFile,1
大眼视频傻瓜式视频模版库,sinks,swan.saveVideoToPhotosAlbum,3
大鱼精选好物,sources,swan.getExtConfig,1
大鱼精选好物,sinks,swan.setClipboardData,1
天元军融辽宁化研所新材料孵化器,sources,swan.getSystemInfoSync,1
天元军融辽宁化研所新材料孵化器,sinks,swan.setStorage,1
天励义乌加工纸盒,sources,swan.getStorageSync,1
天励义乌加工纸盒,sources,swan.getExtConfig,10
天励义乌加工纸盒,sinks,swan.setStorageSync,1
天励义乌加工纸盒,sinks,swan.request,10
天励义乌纸盒加工厂,sources,swan.getStorageSync,1
天励义乌纸盒加工厂,sources,swan.getExtConfig,10
天励义乌纸盒加工厂,sinks,swan.setStorageSync,1
天励义乌纸盒加工厂,sinks,swan.request,10
天气丹,sources,swan.getStorageSync,2
天气丹,sinks,swan.setStorageSync,2
天水二一三电器有限公司,sources,swan.getSystemInfoSync,1
天水二一三电器有限公司,sinks,swan.setStorage,1
天水长开互感器制造有限公司,sources,swan.getSystemInfoSync,1
天水长开互感器制造有限公司,sinks,swan.setStorage,1
天津亿付时代网络科技有限公司,sources,swan.getSystemInfoSync,1
天津亿付时代网络科技有限公司,sinks,swan.setStorage,1
天津小谷顿餐饮管理服务有限公司,sources,swan.getSystemInfoSync,1
天津小谷顿餐饮管理服务有限公司,sinks,swan.setStorage,1
天津水晶宫饭店有限公司,sources,swan.getSystemInfoSync,1
天津水晶宫饭店有限公司,sinks,swan.setStorage,1
天津赫中资产管理有限公司,sources,swan.getSystemInfoSync,1
天津赫中资产管理有限公司,sinks,swan.setStorage,1
天禄2吨电动叉车,sources,swan.input,1
天禄2吨电动叉车,sources,swan.getStorageSync,1
天禄2吨电动叉车,sources,swan.getExtConfig,1
天禄2吨电动叉车,sinks,swan.request,3
天纯养生,sources,swan.getStorage,15
天纯养生,sinks,swan.request,15
天纯心愿,sources,swan.getStorageSync,1
天纯心愿,sources,swan.getStorage,30
天纯心愿,sources,swan.getSystemInfoSync,3
天纯心愿,sources,swan.input,1
天纯心愿,sources,swan.chooseImage,1
天纯心愿,sources,swan.getSystemInfo,1
天纯心愿,sinks,swan.setStorageSync,1
天纯心愿,sinks,swan.request,35
天纯心愿,sinks,swan.uploadFile,1
天茹美妆,sources,swan.getSystemInfoSync,1
天茹美妆,sinks,swan.setStorage,1
天赋凯NEW,sources,swan.getUserInfo,2
天赋凯NEW,sources,swan.getStorage,2
天赋凯NEW,sources,swan.chooseImage,1
天赋凯NEW,sources,swan.input,30
天赋凯NEW,sinks,swan.request,34
天赋凯NEW,sinks,swan.uploadFile,1
天赋凯STAE,sources,swan.getUserInfo,2
天赋凯STAE,sources,swan.getStorage,2
天赋凯STAE,sources,swan.chooseImage,1
天赋凯STAE,sources,swan.input,30
天赋凯STAE,sinks,swan.request,34
天赋凯STAE,sinks,swan.uploadFile,1
天赋凯企业数据,sources,swan.getUserInfo,2
天赋凯企业数据,sources,swan.getStorage,2
天赋凯企业数据,sources,swan.chooseImage,1
天赋凯企业数据,sources,swan.input,30
天赋凯企业数据,sinks,swan.request,34
天赋凯企业数据,sinks,swan.uploadFile,1
天赋凯文化旅游,sources,swan.getUserInfo,2
天赋凯文化旅游,sources,swan.getStorage,2
天赋凯文化旅游,sources,swan.chooseImage,1
天赋凯文化旅游,sources,swan.input,30
天赋凯文化旅游,sinks,swan.request,34
天赋凯文化旅游,sinks,swan.uploadFile,1
天赋凯旅游,sources,swan.getUserInfo,2
天赋凯旅游,sources,swan.getStorage,2
天赋凯旅游,sources,swan.chooseImage,1
天赋凯旅游,sources,swan.input,30
天赋凯旅游,sinks,swan.request,34
天赋凯旅游,sinks,swan.uploadFile,1
天赋凯食品,sources,swan.getUserInfo,2
天赋凯食品,sources,swan.getStorage,2
天赋凯食品,sources,swan.chooseImage,1
天赋凯食品,sources,swan.input,30
天赋凯食品,sinks,swan.request,34
天赋凯食品,sinks,swan.uploadFile,1
天鹅到家阿姨服务中心,sources,swan.getStorageSync,3
天鹅到家阿姨服务中心,sinks,swan.setStorageSync,2
天鹅到家阿姨服务中心,sinks,swan.request,1
太仓开锁换锁服务中心,sources,swan.input,1
太仓开锁换锁服务中心,sources,swan.getStorageSync,1
太仓开锁换锁服务中心,sources,swan.getExtConfig,1
太仓开锁换锁服务中心,sinks,swan.request,3
太原快鸽信息技术有限公司,sources,swan.getSystemInfoSync,1
太原快鸽信息技术有限公司,sinks,swan.setStorage,1
太阳岛景区一键智能游,sources,swan.getSystemInfoSync,8
太阳岛景区一键智能游,sinks,swan.request,8
夯神机械,sources,swan.getStorageSync,2
夯神机械,sinks,swan.setStorageSync,2
头鼎,sources,swan.getSystemInfoSync,1
头鼎,sinks,swan.setStorage,1
奥兰熊科技中心,sources,swan.getSystemInfoSync,1
奥兰熊科技中心,sinks,swan.setStorage,1
奥星建材轻钢龙骨烤漆龙骨,sources,swan.getUserInfo,2
奥星建材轻钢龙骨烤漆龙骨,sources,swan.getExtConfigSync,117
奥星建材轻钢龙骨烤漆龙骨,sources,swan.getStorageSync,6
奥星建材轻钢龙骨烤漆龙骨,sources,swan.input,4
奥星建材轻钢龙骨烤漆龙骨,sources,swan.chooseAddress,1
奥星建材轻钢龙骨烤漆龙骨,sources,swan.getImageInfo,2
奥星建材轻钢龙骨烤漆龙骨,sinks,swan.request,128
奥星建材轻钢龙骨烤漆龙骨,sinks,swan.saveImageToPhotosAlbum,2
奥星建材轻钢龙骨烤漆龙骨,sinks,swan.uploadFile,2
好六,sources,swan.getStorageSync,4
好六,sources,swan.getStorage,8
好六,sources,swan.getSystemInfo,2
好六,sources,swan.chooseImage,1
好六,sinks,swan.request,14
好六,sinks,swan.uploadFile,1
好博库,sources,swan.getStorageSync,2
好博库,sinks,swan.setStorageSync,2
好孩子母婴用品商城,sources,swan.getStorage,1
好孩子母婴用品商城,sinks,swan.setStorage,1
好物圈,sources,swan.getStorageSync,2
好物圈,sources,swan.input,1
好物圈,sinks,swan.setStorageSync,1
好物圈,sinks,swan.request,2
好诗连连,sources,swan.downloadFile,7
好诗连连,sinks,swan.saveImageToPhotosAlbum,7
威士盾科技,sources,swan.getSystemInfoSync,1
威士盾科技,sinks,swan.setStorage,1
威林武术院重庆散打培训,sources,swan.getStorageSync,2
威林武术院重庆散打培训,sources,swan.getExtConfig,13
威林武术院重庆散打培训,sinks,swan.setStorageSync,1
威林武术院重庆散打培训,sinks,swan.request,14
威林武术院重庆武术,sources,swan.getExtConfig,24
威林武术院重庆武术,sources,swan.getStorageSync,1
威林武术院重庆武术,sinks,swan.request,25
威林武术院重庆跆拳道培训,sources,swan.getExtConfig,33
威林武术院重庆跆拳道培训,sources,swan.getStorageSync,1
威林武术院重庆跆拳道培训,sinks,swan.request,34
威海柳韩机械有限公司,sources,swan.getSystemInfoSync,1
威海柳韩机械有限公司,sinks,swan.setStorage,1
威海茂源平地机油缸,sources,swan.getStorageSync,1
威海茂源平地机油缸,sources,swan.getExtConfig,18
威海茂源平地机油缸,sinks,swan.setStorageSync,1
威海茂源平地机油缸,sinks,swan.request,18
威海茂源液压缸气缸,sources,swan.getExtConfig,33
威海茂源液压缸气缸,sources,swan.getStorageSync,1
威海茂源液压缸气缸,sinks,swan.request,34
威海金穗朵食品有限公司,sources,swan.getSystemInfoSync,1
威海金穗朵食品有限公司,sinks,swan.setStorage,1
威海钧钓渔具有限公司,sources,swan.getSystemInfoSync,1
威海钧钓渔具有限公司,sinks,swan.setStorage,1
威而得智能,sources,swan.getStorageSync,12
威而得智能,sources,swan.input,56
威而得智能,sources,swan.getExtConfig,1
威而得智能,sinks,swan.setStorageSync,2
威而得智能,sinks,swan.request,67
婧加生日蛋糕盒厂家,sources,swan.getStorageSync,1
婧加生日蛋糕盒厂家,sources,swan.getExtConfig,10
婧加生日蛋糕盒厂家,sinks,swan.setStorageSync,1
婧加生日蛋糕盒厂家,sinks,swan.request,10
婴语日记订货平台,sources,swan.getExtConfig,1
婴语日记订货平台,sinks,swan.setClipboardData,1
宇城海鲜池制冷机,sources,swan.getExtConfig,9
宇城海鲜池制冷机,sinks,swan.request,9
官满燕旗舰店,sources,swan.getExtConfig,1
官满燕旗舰店,sinks,swan.setClipboardData,1
宜昌发中船务有限公司,sources,swan.getSystemInfoSync,1
宜昌发中船务有限公司,sinks,swan.setStorage,1
客家茶姑,sources,swan.downloadFile,7
客家茶姑,sources,swan.getStorageSync,1
客家茶姑,sinks,swan.saveImageToPhotosAlbum,7
客家茶姑,sinks,swan.setStorage,1
家核优居(品牌名片),sources,swan.getSystemInfoSync,1
家核优居(品牌名片),sinks,swan.setStorage,1
家核优居,sources,swan.getSystemInfo,1
家核优居,sinks,swan.setStorage,1
宿州阿拉丁软件开发公司,sources,swan.getSystemInfoSync,1
宿州阿拉丁软件开发公司,sinks,swan.setStorage,1
宿迁丛众装修公司,sources,swan.input,1
宿迁丛众装修公司,sources,swan.getStorageSync,1
宿迁丛众装修公司,sources,swan.getExtConfig,1
宿迁丛众装修公司,sinks,swan.request,3
富瑶奢侈品回收估价,sources,swan.getStorageSync,2
富瑶奢侈品回收估价,sinks,swan.setStorageSync,2
富瑶深圳首饰回收估价,sources,swan.getStorageSync,2
富瑶深圳首饰回收估价,sinks,swan.setStorageSync,2
尊为充话费,sources,swan.getUserInfo,1
尊为充话费,sinks,swan.request,1
尊为充话费充值,sources,swan.getUserInfo,1
尊为充话费充值,sinks,swan.request,1
尊为手机充值话费,sources,swan.getUserInfo,1
尊为手机充值话费,sinks,swan.request,1
尊为手机话费充值,sources,swan.getUserInfo,1
尊为手机话费充值,sinks,swan.request,1
尊为话费充值,sources,swan.getUserInfo,1
尊为话费充值,sinks,swan.request,1
小丑蛋糕,sources,swan.getExtConfig,1
小丑蛋糕,sinks,swan.setClipboardData,1
小何seo教程,sources,swan.input,1
小何seo教程,sources,swan.getStorageSync,1
小何seo教程,sources,swan.getExtConfig,1
小何seo教程,sinks,swan.request,3
小何生活馆,sources,swan.getStorageSync,3
小何生活馆,sinks,swan.setStorageSync,2
小何生活馆,sinks,swan.request,1
小初手游攻略,sources,swan.getStorageSync,14
小初手游攻略,sinks,swan.setStorageSync,14
小古讲房,sources,swan.getStorageSync,9
小古讲房,sources,swan.downloadFile,4
小古讲房,sources,swan.input,2
小古讲房,sources,swan.chooseAddress,2
小古讲房,sources,swan.getLocation,1
小古讲房,sinks,swan.request,9
小古讲房,sinks,swan.saveImageToPhotosAlbum,4
小古讲房,sinks,swan.setStorageSync,1
小古讲房,sinks,swan.uploadFile,4
小地懂你,sources,swan.getExtConfig,1
小地懂你,sinks,swan.setClipboardData,1
小多问答,sources,swan.getStorageSync,26
小多问答,sources,swan.input,1
小多问答,sources,swan.getUserInfo,1
小多问答,sinks,swan.setStorageSync,21
小多问答,sinks,swan.setClipboardData,3
小多问答,sinks,swan.setStorage,2
小多问答,sinks,swan.removeStorageSync,1
小多问答,sinks,swan.request,1
小官强国挑战答题,sources,swan.getStorageSync,14
小官强国挑战答题,sources,swan.getSystemInfoSync,1
小官强国挑战答题,sources,swan.getSystemInfo,1
小官强国挑战答题,sinks,swan.request,15
小官强国挑战答题,sinks,swan.setStorageSync,1
小官挑战答题神器,sources,swan.getStorageSync,31
小官挑战答题神器,sources,swan.getSystemInfoSync,18
小官挑战答题神器,sources,swan.getSystemInfo,1
小官挑战答题神器,sources,swan.input,6
小官挑战答题神器,sinks,swan.request,39
小官挑战答题神器,sinks,swan.setStorageSync,17
小寄到国外,sources,swan.getExtConfig,1
小寄到国外,sinks,swan.setClipboardData,1
小欢斗地主攻略,sources,swan.getSystemInfoSync,15
小欢斗地主攻略,sinks,swan.request,15
小白智慧打印,sources,swan.getStorageSync,2
小白智慧打印,sinks,swan.setStorageSync,2
小程序好物节,sources,swan.getStorageSync,1
小程序好物节,sinks,swan.setStorageSync,1
小胖打书炼妖模拟器,sources,swan.getStorageSync,2
小胖打书炼妖模拟器,sinks,swan.setStorageSync,2
小萌改图宝,sources,swan.chooseImage,2
小萌改图宝,sources,swan.downloadFile,2
小萌改图宝,sources,swan.getImageInfo,1
小萌改图宝,sinks,swan.uploadFile,3
小萌改图宝,sinks,swan.saveImageToPhotosAlbum,2
小萌数独,sources,swan.getStorageSync,4
小萌数独,sinks,swan.request,3
小萌数独,sinks,swan.setStorageSync,1
小董哥美图分享,sources,swan.getStorage,1
小董哥美图分享,sinks,swan.setStorage,1
小董美食严选,sources,swan.getExtConfig,1
小董美食严选,sinks,swan.setClipboardData,1
小西瓜打卡,sources,swan.getStorageSync,9
小西瓜打卡,sinks,swan.setStorageSync,9
小起猜谜语,sources,swan.input,4
小起猜谜语,sinks,swan.request,4
小题分网上阅卷系统,sources,swan.input,1
小题分网上阅卷系统,sources,swan.getStorageSync,1
小题分网上阅卷系统,sources,swan.getExtConfig,1
小题分网上阅卷系统,sinks,swan.request,3
小鸡词典,sources,swan.getStorageSync,2
小鸡词典,sources,swan.getSystemInfo,1
小鸡词典,sinks,swan.setStorage,2
小鸡词典,sinks,swan.request,1
尚祥液体灌装机,sources,swan.getExtConfig,33
尚祥液体灌装机,sources,swan.getStorageSync,1
尚祥液体灌装机,sinks,swan.request,34
山东嘿宝贝母婴用品有限公司,sources,swan.getSystemInfoSync,1
山东嘿宝贝母婴用品有限公司,sinks,swan.setStorage,1
山东固砼加固工程有限公司,sources,swan.getSystemInfoSync,1
山东固砼加固工程有限公司,sinks,swan.setStorage,1
山东祥鹤家具有限公司,sources,swan.getSystemInfoSync,1
山东祥鹤家具有限公司,sinks,swan.setStorage,1
巍珍源冬虫夏草,sources,swan.getUserInfo,2
巍珍源冬虫夏草,sources,swan.getExtConfigSync,395
巍珍源冬虫夏草,sources,swan.getStorageSync,6
巍珍源冬虫夏草,sources,swan.getLocation,6
巍珍源冬虫夏草,sources,swan.chooseAddress,1
巍珍源冬虫夏草,sources,swan.getImageInfo,2
巍珍源冬虫夏草,sinks,swan.request,402
巍珍源冬虫夏草,sinks,swan.uploadFile,8
巍珍源冬虫夏草,sinks,swan.saveImageToPhotosAlbum,2
巴音郭楞人才网,sources,swan.getStorageSync,295
巴音郭楞人才网,sources,swan.chooseImage,4
巴音郭楞人才网,sources,swan.getUserInfo,2
巴音郭楞人才网,sources,swan.input,19
巴音郭楞人才网,sinks,swan.setStorageSync,13
巴音郭楞人才网,sinks,swan.request,292
巴音郭楞人才网,sinks,swan.uploadFile,8
巴音郭楞人才网,sinks,swan.setStorage,7
希赫纳士,sources,swan.getExtConfig,9
希赫纳士,sinks,swan.request,9
帮租号,sources,swan.getStorageSync,2
帮租号,sinks,swan.setStorageSync,2
广东国为贸易有限公司,sources,swan.getSystemInfoSync,1
广东国为贸易有限公司,sinks,swan.setStorage,1
广州前宏包装盒厂家,sources,swan.getStorageSync,1
广州前宏包装盒厂家,sources,swan.getExtConfig,1
广州前宏包装盒厂家,sinks,swan.request,2
广州和道和管理咨询有限公司,sources,swan.getSystemInfoSync,1
广州和道和管理咨询有限公司,sinks,swan.setStorage,1
广州唐姬何德生物科技有限公司,sources,swan.getSystemInfoSync,1
广州唐姬何德生物科技有限公司,sinks,swan.setStorage,1
广州国馆文化传播有限公司,sources,swan.getSystemInfoSync,1
广州国馆文化传播有限公司,sinks,swan.setStorage,1
广州市房亨网络科技有限公司,sources,swan.getSystemInfoSync,1
广州市房亨网络科技有限公司,sinks,swan.setStorage,1
广州市数恒信息技术服务有限公司,sources,swan.getSystemInfoSync,1
广州市数恒信息技术服务有限公司,sinks,swan.setStorage,1
广州市番禺合和贸易有限公司,sources,swan.getSystemInfoSync,1
广州市番禺合和贸易有限公司,sinks,swan.setStorage,1
广州浩可零售,sources,swan.getStorageSync,2
广州浩可零售,sinks,swan.setStorageSync,2
广搜网络推广,sources,swan.downloadFile,1
广搜网络推广,sinks,swan.saveImageToPhotosAlbum,1
广西双贺律师事务所,sources,swan.getExtConfigSync,7
广西双贺律师事务所,sinks,swan.request,4
广西双贺律师事务所,sinks,swan.setStorageSync,3
应急哥手机维修,sources,swan.getUserInfo,2
应急哥手机维修,sources,swan.input,2
应急哥手机维修,sinks,swan.request,4
延安创艺建筑工程,sources,swan.getStorageSync,520
延安创艺建筑工程,sources,swan.getLocation,5
延安创艺建筑工程,sources,swan.input,38
延安创艺建筑工程,sources,swan.getStorage,1
延安创艺建筑工程,sources,swan.chooseImage,3
延安创艺建筑工程,sources,swan.getSystemInfoSync,6
延安创艺建筑工程,sinks,swan.request,557
延安创艺建筑工程,sinks,swan.removeStorageSync,4
延安创艺建筑工程,sinks,swan.setStorageSync,3
延安创艺建筑工程,sinks,swan.uploadFile,7
延安创艺建筑工程,sinks,swan.setStorage,2
建国双辊压片机,sources,swan.getStorageSync,1
建国双辊压片机,sources,swan.getExtConfig,10
建国双辊压片机,sinks,swan.setStorageSync,1
建国双辊压片机,sinks,swan.request,10
异乡好居,sources,swan.getStorageSync,58
异乡好居,sources,swan.getLocation,1
异乡好居,sources,swan.input,41
异乡好居,sources,swan.chooseImage,2
异乡好居,sinks,swan.request,91
异乡好居,sinks,swan.setStorageSync,7
异乡好居,sinks,swan.uploadFile,4
张家港市纯钢机械制造有限公司,sources,swan.getSystemInfoSync,1
张家港市纯钢机械制造有限公司,sinks,swan.setStorage,1
张家港房产网,sources,swan.getStorageSync,4
张家港房产网,sinks,swan.request,2
张家港房产网,sinks,swan.setStorageSync,2
徐州市老堤北餐饮管理有限公司,sources,swan.getSystemInfoSync,1
徐州市老堤北餐饮管理有限公司,sinks,swan.setStorage,1
徐州法布尔昆虫科技开发有限公司,sources,swan.getSystemInfoSync,1
徐州法布尔昆虫科技开发有限公司,sinks,swan.setStorage,1
徐州海浩石油科技有限公司,sources,swan.getSystemInfoSync,1
徐州海浩石油科技有限公司,sinks,swan.setStorage,1
徐州老翟餐饮管理有限公司,sources,swan.getSystemInfoSync,1
徐州老翟餐饮管理有限公司,sinks,swan.setStorage,1
御尚坊美业连锁集团,sources,swan.getStorageSync,2
御尚坊美业连锁集团,sinks,swan.setStorageSync,2
御灵家猫,sources,swan.getStorageSync,1
御灵家猫,sinks,swan.setStorageSync,1
御翠湾,sources,swan.getStorageSync,99
御翠湾,sources,swan.getExtConfig,1
御翠湾,sources,swan.input,11
御翠湾,sources,swan.chooseImage,1
御翠湾,sinks,swan.request,109
御翠湾,sinks,swan.setStorage,1
御翠湾,sinks,swan.uploadFile,2
御见生活,sources,swan.getExtConfig,1
御见生活,sinks,swan.setClipboardData,1
微博,sources,swan.getSystemInfo,1
微博,sinks,swan.setStorage,1
微客到微分销,sources,swan.getStorage,1
微客到微分销,sinks,swan.setStorage,1
微爱优选化妆品,sources,swan.getSystemInfo,2
微爱优选化妆品,sources,swan.getUserInfo,2
微爱优选化妆品,sources,swan.getStorageSync,2
微爱优选化妆品,sinks,swan.request,5
微爱优选化妆品,sinks,swan.setStorageSync,1
微道网络设计平台,sources,swan.getStorageSync,2
微道网络设计平台,sinks,swan.setStorageSync,2
德商务调查恒公司,sources,swan.getSystemInfoSync,1
德商务调查恒公司,sinks,swan.setStorage,1
心生订蛋糕,sources,swan.getLocation,2
心生订蛋糕,sources,swan.getStorageSync,16
心生订蛋糕,sources,swan.input,10
心生订蛋糕,sinks,swan.request,22
心生订蛋糕,sinks,swan.setStorageSync,6
心记录线上打卡,sources,swan.getStorageSync,1
心记录线上打卡,sinks,swan.request,1
忠兴中国冷冻品,sources,swan.getUserInfo,4
忠兴中国冷冻品,sources,swan.getLocation,1
忠兴中国冷冻品,sources,swan.chooseImage,3
忠兴中国冷冻品,sources,swan.getStorageSync,50
忠兴中国冷冻品,sinks,swan.request,55
忠兴中国冷冻品,sinks,swan.uploadFile,3
快乐小孩武汉科技有限公司,sources,swan.getSystemInfoSync,1
快乐小孩武汉科技有限公司,sinks,swan.setStorage,1
怪教授闲置物品置换儿童培训课程,sources,swan.getStorageSync,1
怪教授闲置物品置换儿童培训课程,sources,swan.getExtConfig,1
怪教授闲置物品置换儿童培训课程,sinks,swan.request,2
恒万沣,sources,swan.getStorageSync,1
恒万沣,sources,swan.getExtConfig,1
恒万沣,sinks,swan.request,2
恒团房,sources,swan.getStorageSync,2
恒团房,sinks,swan.setStorageSync,2
恒游,sources,swan.getExtConfig,1
恒游,sinks,swan.setClipboardData,1
恒达冷棺,sources,swan.getStorageSync,1
恒达冷棺,sources,swan.getExtConfig,15
恒达冷棺,sinks,swan.setStorageSync,1
恒达冷棺,sinks,swan.request,15
恒达水晶棺,sources,swan.getStorageSync,1
恒达水晶棺,sources,swan.getExtConfig,14
恒达水晶棺,sinks,swan.setStorageSync,1
恒达水晶棺,sinks,swan.request,14
恒马高新材料,sources,swan.getStorageSync,2
恒马高新材料,sinks,swan.setStorageSync,2
悟石翡翠珠宝,sources,swan.getStorageSync,3
悟石翡翠珠宝,sinks,swan.setStorageSync,2
悟石翡翠珠宝,sinks,swan.request,1
悦动宠物知识乐园,sources,swan.getStorage,2
悦动宠物知识乐园,sinks,swan.setStorage,1
悦动宠物知识乐园,sinks,swan.request,1
悦读,sources,swan.downloadFile,1
悦读,sinks,swan.saveImageToPhotosAlbum,1
情儿怪谈物语,sources,swan.getStorageSync,1
情儿怪谈物语,sinks,swan.setStorageSync,1
惠州市固硕宝建材有限公司,sources,swan.getSystemInfoSync,1
惠州市固硕宝建材有限公司,sinks,swan.setStorage,1
成都市灌州之味餐饮管理有限公司,sources,swan.getSystemInfoSync,1
成都市灌州之味餐饮管理有限公司,sinks,swan.setStorage,1
成都睿韩国际贸易有限公司,sources,swan.getSystemInfoSync,1
成都睿韩国际贸易有限公司,sinks,swan.setStorage,1
成都观自在商贸有限责任公司,sources,swan.getSystemInfoSync,1
成都观自在商贸有限责任公司,sinks,swan.setStorage,1
成都轨道交通集团有限公司,sources,swan.getSystemInfoSync,1
成都轨道交通集团有限公司,sinks,swan.setStorage,1
成都飚锅餐饮管理有限公司,sources,swan.getSystemInfoSync,1
成都飚锅餐饮管理有限公司,sinks,swan.setStorage,1
我的钢材网,sources,swan.getExtConfig,1
我的钢材网,sinks,swan.setClipboardData,1
战雕科技,sources,swan.getExtConfig,1
战雕科技,sinks,swan.setClipboardData,1
战马教育网,sources,swan.input,7
战马教育网,sinks,swan.request,6
战马教育网,sinks,swan.setClipboardData,1
执业医师百通世纪,sources,swan.getUserInfo,1
执业医师百通世纪,sources,swan.getStorageSync,31
执业医师百通世纪,sources,swan.input,2
执业医师百通世纪,sinks,swan.request,30
执业医师百通世纪,sinks,swan.setStorageSync,3
执业医师百通世纪,sinks,swan.setStorage,1
找广,sources,swan.getSystemInfoSync,1
找广,sinks,swan.setStorage,1
抓哇word文档制作生成,sources,swan.getStorageSync,2
抓哇word文档制作生成,sinks,swan.setStorageSync,2
拓新割草船,sources,swan.getExtConfig,33
拓新割草船,sources,swan.getStorageSync,1
拓新割草船,sinks,swan.request,34
招源翡翠,sources,swan.getStorageSync,3
招源翡翠,sinks,swan.setStorageSync,2
招源翡翠,sinks,swan.request,1
振远保安,sources,swan.getStorageSync,1
振远保安,sinks,swan.request,1
捷税官杭州代理记账,sources,swan.getSystemInfo,2
捷税官杭州代理记账,sources,swan.getUserInfo,2
捷税官杭州代理记账,sources,swan.getStorageSync,2
捷税官杭州代理记账,sinks,swan.request,5
捷税官杭州代理记账,sinks,swan.setStorageSync,1
捷税官杭州注册公司,sources,swan.getSystemInfo,2
捷税官杭州注册公司,sources,swan.getUserInfo,2
捷税官杭州注册公司,sources,swan.getStorageSync,2
捷税官杭州注册公司,sinks,swan.request,5
捷税官杭州注册公司,sinks,swan.setStorageSync,1
捷税官杭州验资审计,sources,swan.getSystemInfo,2
捷税官杭州验资审计,sources,swan.getUserInfo,2
捷税官杭州验资审计,sources,swan.getStorageSync,2
捷税官杭州验资审计,sinks,swan.request,5
捷税官杭州验资审计,sinks,swan.setStorageSync,1
掌婴天下辅食,sources,swan.getStorageSync,3
掌婴天下辅食,sinks,swan.request,2
掌婴天下辅食,sinks,swan.setStorageSync,1
掌小馆,sources,swan.getExtConfig,1
掌小馆,sinks,swan.setClipboardData,1
搜企服,sources,swan.getStorageSync,2
搜企服,sinks,swan.setStorageSync,2
搜搜易,sources,swan.getStorageSync,10
搜搜易,sources,swan.input,6
搜搜易,sinks,swan.request,14
搜搜易,sinks,swan.uploadFile,2
搜点网络,sources,swan.getSystemInfoSync,1
搜点网络,sinks,swan.setStorage,1
搜船网,sources,swan.getStorageSync,22
搜船网,sources,swan.chooseImage,2
搜船网,sinks,swan.setStorageSync,3
搜船网,sinks,swan.request,17
搜船网,sinks,swan.uploadFile,4
携程旅行,sources,swan.getStorageSync,9
携程旅行,sources,swan.downloadFile,2
携程旅行,sinks,swan.request,1
携程旅行,sinks,swan.setStorageSync,8
携程旅行,sinks,swan.saveImageToPhotosAlbum,2
故宫博物院文化创意馆,sources,swan.getExtConfig,1
故宫博物院文化创意馆,sinks,swan.setClipboardData,1
新东方营养餐专用卤蛋,sources,swan.getExtConfig,25
新东方营养餐专用卤蛋,sources,swan.getStorageSync,1
新东方营养餐专用卤蛋,sinks,swan.request,26
新中付,sources,swan.getStorageSync,2
新中付,sinks,swan.setStorageSync,2
新乡地隆药业机械有限公司,sources,swan.getSystemInfoSync,1
新乡地隆药业机械有限公司,sinks,swan.setStorage,1
新乡市天宏彩板钢构厂,sources,swan.getSystemInfoSync,1
新乡市天宏彩板钢构厂,sinks,swan.setStorage,1
新乡市彩虹烟囱制造有限公司,sources,swan.getSystemInfoSync,1
新乡市彩虹烟囱制造有限公司,sinks,swan.setStorage,1
新乡市第一鼓风机厂有限公司,sources,swan.getSystemInfoSync,1
新乡市第一鼓风机厂有限公司,sinks,swan.setStorage,1
新嘉美瓷砖美缝,sources,swan.getSystemInfoSync,1
新嘉美瓷砖美缝,sinks,swan.setStorage,1
新大防水堵漏,sources,swan.input,3
新大防水堵漏,sinks,swan.request,3
新时光,sources,swan.getStorageSync,3
新时光,sinks,swan.request,3
新易学高职高考辅导,sources,swan.input,3
新易学高职高考辅导,sinks,swan.request,3
新星拉刀厂家,sources,swan.getExtConfig,25
新星拉刀厂家,sinks,swan.request,25
新星滚刀厂家,sources,swan.getExtConfig,16
新星滚刀厂家,sinks,swan.request,16
新疆医科大学第一附属医院,sources,swan.getSystemInfoSync,15
新疆医科大学第一附属医院,sources,swan.getStorageSync,139
新疆医科大学第一附属医院,sources,swan.input,31
新疆医科大学第一附属医院,sinks,swan.setStorageSync,3
新疆医科大学第一附属医院,sinks,swan.request,182
新疆赛天律师交通事故,sources,swan.getStorage,1
新疆赛天律师交通事故,sources,swan.getStorageSync,6
新疆赛天律师交通事故,sources,swan.getLocation,4
新疆赛天律师交通事故,sources,swan.getUserInfo,2
新疆赛天律师交通事故,sinks,swan.setStorage,1
新疆赛天律师交通事故,sinks,swan.setStorageSync,5
新疆赛天律师交通事故,sinks,swan.request,7
新课堂提分网校,sources,swan.getUserInfo,2
新课堂提分网校,sources,swan.getStorage,2
新课堂提分网校,sinks,swan.request,4
新都区新繁镇荷中居饭店,sources,swan.getSystemInfoSync,1
新都区新繁镇荷中居饭店,sinks,swan.setStorage,1
无锡冠军宝宠物训练公司,sources,swan.getStorageSync,2
无锡冠军宝宠物训练公司,sinks,swan.setStorageSync,2
无锡冬夏机电有限公司,sources,swan.getSystemInfoSync,1
无锡冬夏机电有限公司,sinks,swan.setStorage,1
无锡地多宝装饰材料有限公司,sources,swan.getSystemInfoSync,1
无锡地多宝装饰材料有限公司,sinks,swan.setStorage,1
无锡多分教育科技有限公司,sources,swan.getSystemInfoSync,1
无锡多分教育科技有限公司,sinks,swan.setStorage,1
无锡市中电化工防腐设备厂,sources,swan.getSystemInfoSync,1
无锡市中电化工防腐设备厂,sinks,swan.setStorage,1
无锡斯艾浮传动机械有限公司,sources,swan.getSystemInfoSync,1
无锡斯艾浮传动机械有限公司,sinks,swan.setStorage,1
无锡永如封尾机,sources,swan.getExtConfig,25
无锡永如封尾机,sinks,swan.request,25
无锡永如灌装封尾机,sources,swan.getExtConfig,33
无锡永如灌装封尾机,sources,swan.getStorageSync,1
无锡永如灌装封尾机,sinks,swan.request,34
无锡汉和航空技术有限公司,sources,swan.getSystemInfoSync,1
无锡汉和航空技术有限公司,sinks,swan.setStorage,1
无锡玻尔玻璃修复专家,sources,swan.getSystemInfoSync,1
无锡玻尔玻璃修复专家,sinks,swan.setStorage,1
无锡精恒活塞杆,sources,swan.getExtConfig,33
无锡精恒活塞杆,sources,swan.getStorageSync,1
无锡精恒活塞杆,sinks,swan.request,34
无锡精恒精密导轴,sources,swan.getExtConfig,24
无锡精恒精密导轴,sources,swan.getStorageSync,1
无锡精恒精密导轴,sinks,swan.request,25
无锡精恒精密活塞杆,sources,swan.getExtConfig,22
无锡精恒精密活塞杆,sinks,swan.request,22
无锡迪仕科技,sources,swan.getUserInfo,1
无锡迪仕科技,sources,swan.getStorageSync,7
无锡迪仕科技,sinks,swan.request,7
无锡迪仕科技,sinks,swan.setStorageSync,1
无锡鑫固,sources,swan.getStorageSync,3
无锡鑫固,sinks,swan.setStorageSync,2
无锡鑫固,sinks,swan.request,1
日照河昌石业有限公司,sources,swan.getSystemInfoSync,1
日照河昌石业有限公司,sinks,swan.setStorage,1
早鸽,sources,swan.getStorageSync,13
早鸽,sinks,swan.request,11
早鸽,sinks,swan.uploadFile,2
早鸽专利,sources,swan.getStorageSync,3
早鸽专利,sources,swan.chooseImage,1
早鸽专利,sinks,swan.request,3
早鸽专利,sinks,swan.uploadFile,1
早鸽企业起名,sources,swan.getStorageSync,3
早鸽企业起名,sources,swan.input,6
早鸽企业起名,sinks,swan.request,8
早鸽企业起名,sinks,swan.setStorageSync,1
旭佳教育斗,sources,swan.getStorageSync,5
旭佳教育斗,sources,swan.input,1
旭佳教育斗,sinks,swan.request,6
旺巴蜀小郡肝串串香,sources,swan.getExtConfig,9
旺巴蜀小郡肝串串香,sinks,swan.request,9
易加劳保工作服专家,sources,swan.getStorageSync,3
易加劳保工作服专家,sinks,swan.setStorageSync,2
易加劳保工作服专家,sinks,swan.request,1
易合网,sources,swan.input,2
易合网,sinks,swan.request,2
易合网回收系统开发,sources,swan.input,2
易合网回收系统开发,sinks,swan.request,2
易嘉易食品,sources,swan.getExtConfig,1
易嘉易食品,sinks,swan.setClipboardData,1
易奇八字手机号吉凶测算,sources,swan.getStorageSync,15
易奇八字手机号吉凶测算,sinks,swan.setStorageSync,11
易奇八字手机号吉凶测算,sinks,swan.request,4
易奇八字车牌号吉凶测算,sources,swan.getStorageSync,10
易奇八字车牌号吉凶测算,sinks,swan.setStorageSync,8
易奇八字车牌号吉凶测算,sinks,swan.request,2
易窗网品牌名片,sources,swan.getSystemInfoSync,1
易窗网品牌名片,sinks,swan.setStorage,1
易解析在线去水印,sources,swan.getSystemInfo,1
易解析在线去水印,sources,swan.getStorageSync,38
易解析在线去水印,sources,swan.getUserInfo,13
易解析在线去水印,sources,swan.downloadFile,2
易解析在线去水印,sinks,swan.request,46
易解析在线去水印,sinks,swan.setStorage,5
易解析在线去水印,sinks,swan.saveVideoToPhotosAlbum,1
易解析在线去水印,sinks,swan.saveImageToPhotosAlbum,1
易解析在线去水印,sinks,swan.setClipboardData,1
星动时刻,sources,swan.getExtConfig,1
星动时刻,sinks,swan.setClipboardData,1
星座屋星座配对,sources,swan.getStorageSync,1
星座屋星座配对,sinks,swan.setStorageSync,1
星座屋生肖配对,sources,swan.getStorageSync,1
星座屋生肖配对,sinks,swan.setStorageSync,1
星选咖啡,sources,swan.getStorageSync,28
星选咖啡,sources,swan.input,7
星选咖啡,sources,swan.getLocation,2
星选咖啡,sinks,swan.request,33
星选咖啡,sinks,swan.setStorageSync,4
星驿付,sources,swan.getStorageSync,2
星驿付,sinks,swan.setStorageSync,2
晓说游戏,sources,swan.getStorageSync,1
晓说游戏,sinks,swan.setStorageSync,1
晟路液压夯实机,sources,swan.getStorageSync,2
晟路液压夯实机,sinks,swan.setStorageSync,2
晟路高速液压夯实机,sources,swan.getStorageSync,2
晟路高速液压夯实机,sinks,swan.setStorageSync,2
晨股FG电子,sources,swan.getStorageSync,2
晨股FG电子,sinks,swan.request,2
晨股MG鸿运旗舰版,sources,swan.getStorageSync,2
晨股MG鸿运旗舰版,sinks,swan.request,2
智信足浴床,sources,swan.getExtConfigSync,7
智信足浴床,sources,swan.getUserInfo,20
智信足浴床,sources,swan.getStorageSync,243
智信足浴床,sources,swan.getStorage,64
智信足浴床,sources,swan.getSystemInfo,1
智信足浴床,sources,swan.chooseImage,11
智信足浴床,sources,swan.chooseAddress,3
智信足浴床,sources,swan.getLocation,12
智信足浴床,sources,swan.input,17
智信足浴床,sources,swan.chooseVideo,1
智信足浴床,sinks,swan.request,360
智信足浴床,sinks,swan.setStorageSync,6
智信足浴床,sinks,swan.uploadFile,12
智信足浴床,sinks,swan.removeStorageSync,1
智度免费去水印,sources,swan.getStorageSync,1
智度免费去水印,sources,swan.downloadFile,1
智度免费去水印,sources,swan.getUserInfo,1
智度免费去水印,sinks,swan.setStorageSync,1
智度免费去水印,sinks,swan.saveVideoToPhotosAlbum,1
智度免费去水印,sinks,swan.request,1
智感云,sources,swan.getStorageSync,1
智感云,sources,swan.getExtConfig,1
智感云,sinks,swan.request,2
智慧云鬼故事,sources,swan.getStorageSync,2
智慧云鬼故事,sources,swan.chooseImage,1
智慧云鬼故事,sinks,swan.setStorageSync,2
智慧云鬼故事,sinks,swan.uploadFile,1
智者光伏,sources,swan.getStorageSync,1
智者光伏,sinks,swan.setStorageSync,1
智飞本地律师推荐,sources,swan.getLocation,2
智飞本地律师推荐,sources,swan.getStorageSync,5
智飞本地律师推荐,sinks,swan.setStorageSync,4
智飞本地律师推荐,sinks,swan.request,3
暖家好物精选,sources,swan.getExtConfig,1
暖家好物精选,sinks,swan.setClipboardData,1
有钱花,sources,swan.getSystemInfoSync,2
有钱花,sinks,swan.request,2
未蓝放旅游,sources,swan.getStorageSync,2
未蓝放旅游,sinks,swan.setStorageSync,2
本溪市郝秀云口吃矫正班,sources,swan.getSystemInfoSync,1
本溪市郝秀云口吃矫正班,sinks,swan.setStorage,1
杨老表仿石漆,sources,swan.getStorageSync,3
杨老表仿石漆,sources,swan.getUserInfo,1
杨老表仿石漆,sinks,swan.setStorageSync,3
杨老表仿石漆,sinks,swan.request,1
杭州今贵建筑工程有限公司,sources,swan.getSystemInfoSync,1
杭州今贵建筑工程有限公司,sinks,swan.setStorage,1
杭州嘿马贸易有限责任公司,sources,swan.getSystemInfoSync,1
杭州嘿马贸易有限责任公司,sinks,swan.setStorage,1
杭州星固五金制品有限公司,sources,swan.getSystemInfoSync,1
杭州星固五金制品有限公司,sinks,swan.setStorage,1
杭州贯进餐饮管理有限公司,sources,swan.getSystemInfoSync,1
杭州贯进餐饮管理有限公司,sinks,swan.setStorage,1
杭州雅顾科技有限公司,sources,swan.getSystemInfoSync,1
杭州雅顾科技有限公司,sinks,swan.setStorage,1
杭州鸿石传媒,sources,swan.getStorageSync,2
杭州鸿石传媒,sinks,swan.setStorageSync,2
果友果桑苗,sources,swan.getStorageSync,1
果友果桑苗,sources,swan.getExtConfig,10
果友果桑苗,sinks,swan.setStorageSync,1
果友果桑苗,sinks,swan.request,10
果友梨苗,sources,swan.getStorageSync,1
果友梨苗,sources,swan.getExtConfig,10
果友梨苗,sinks,swan.setStorageSync,1
果友梨苗,sinks,swan.request,10
果狸商城,sources,swan.getExtConfig,1
果狸商城,sinks,swan.setClipboardData,1
果蜜说,sources,swan.getStorageSync,2
果蜜说,sinks,swan.setStorageSync,2
枣庄市聚隆石膏制品有限公司,sources,swan.getSystemInfoSync,1
枣庄市聚隆石膏制品有限公司,sinks,swan.setStorage,1
栩顺1吨电动叉车,sources,swan.input,1
栩顺1吨电动叉车,sources,swan.getStorageSync,1
栩顺1吨电动叉车,sources,swan.getExtConfig,1
栩顺1吨电动叉车,sinks,swan.request,3
株洲悍威磁电科技有限公司,sources,swan.getSystemInfoSync,1
株洲悍威磁电科技有限公司,sinks,swan.setStorage,1
株洲远航工业炉,sources,swan.getStorageSync,2
株洲远航工业炉,sinks,swan.setStorageSync,2
株洲钻石切削刀具股份有限公司,sources,swan.getSystemInfoSync,1
株洲钻石切削刀具股份有限公司,sinks,swan.setStorage,1
核芯互联北京科技有限公司,sources,swan.getSystemInfoSync,1
核芯互联北京科技有限公司,sinks,swan.setStorage,1
桂之邦挖掘机配件,sources,swan.getExtConfig,16
桂之邦挖掘机配件,sources,swan.getStorageSync,1
桂之邦挖掘机配件,sinks,swan.request,17
桃心桃肺,sources,swan.getSystemInfoSync,1
桃心桃肺,sinks,swan.setStorage,1
梓浩防腐木,sources,swan.getExtConfig,5
梓浩防腐木,sinks,swan.request,5
森发木龙骨厂家,sources,swan.getStorageSync,1
森发木龙骨厂家,sources,swan.getExtConfig,18
森发木龙骨厂家,sinks,swan.setStorageSync,1
森发木龙骨厂家,sinks,swan.request,18
横凌箱包,sources,swan.getStorageSync,2
横凌箱包,sinks,swan.setStorageSync,2
横楷箱包,sources,swan.getStorageSync,2
横楷箱包,sinks,swan.setStorageSync,2
樱桃耳音研究社,sources,swan.getStorageSync,5
樱桃耳音研究社,sources,swan.input,9
樱桃耳音研究社,sinks,swan.setClipboardData,1
樱桃耳音研究社,sinks,swan.request,12
樱桃耳音研究社,sinks,swan.setStorageSync,1
欲知植物诊室,sources,swan.getStorageSync,1
欲知植物诊室,sinks,swan.setStorageSync,1
正济无负压供水设备,sources,swan.getExtConfig,25
正济无负压供水设备,sources,swan.getStorageSync,1
正济无负压供水设备,sinks,swan.request,26
正风网络股份有限公司,sources,swan.getSystemInfoSync,1
正风网络股份有限公司,sinks,swan.setStorage,1
武夷山岁月里民宿,sources,swan.downloadFile,1
武夷山岁月里民宿,sources,swan.getStorageSync,3
武夷山岁月里民宿,sinks,swan.saveImageToPhotosAlbum,1
武夷山岁月里民宿,sinks,swan.setStorageSync,3
武当道茶业集团有限公司,sources,swan.getSystemInfoSync,1
武当道茶业集团有限公司,sinks,swan.setStorage,1
武汉东方兄弟展览装饰工程,sources,swan.getSystemInfoSync,1
武汉东方兄弟展览装饰工程,sinks,swan.setStorage,1
武汉中楚盛世,sources,swan.getStorage,1
武汉中楚盛世,sources,swan.input,2
武汉中楚盛世,sources,swan.downloadFile,3
武汉中楚盛世,sources,swan.chooseImage,6
武汉中楚盛世,sources,swan.getStorageSync,4
武汉中楚盛世,sinks,swan.setStorage,1
武汉中楚盛世,sinks,swan.request,4
武汉中楚盛世,sinks,swan.saveImageToPhotosAlbum,3
武汉中楚盛世,sinks,swan.uploadFile,4
武汉中楚盛世,sinks,swan.setStorageSync,4
武汉亿次源信息技术有限公司,sources,swan.getSystemInfoSync,1
武汉亿次源信息技术有限公司,sinks,swan.setStorage,1
武汉兑鹿科技有限公司,sources,swan.getSystemInfoSync,1
武汉兑鹿科技有限公司,sinks,swan.setStorage,1
武汉力格软件有限公司,sources,swan.getSystemInfoSync,1
武汉力格软件有限公司,sinks,swan.setStorage,1
武汉国量仪器有限公司,sources,swan.getSystemInfoSync,1
武汉国量仪器有限公司,sinks,swan.setStorage,1
武汉市源发新材料有限公司,sources,swan.getSystemInfoSync,1
武汉市源发新材料有限公司,sinks,swan.setStorage,1
武汉市黄鹤楼公园管理处,sources,swan.getSystemInfoSync,1
武汉市黄鹤楼公园管理处,sinks,swan.setStorage,1
武汉当代名流文化传播中心,sources,swan.getSystemInfoSync,1
武汉当代名流文化传播中心,sinks,swan.setStorage,1
武汉当代科技产业集团,sources,swan.getSystemInfoSync,1
武汉当代科技产业集团,sinks,swan.setStorage,1
武汉恒枫伟业科技有限公司,sources,swan.getSystemInfoSync,1
武汉恒枫伟业科技有限公司,sinks,swan.setStorage,1
武汉明仕顿科技有限公司,sources,swan.getSystemInfoSync,1
武汉明仕顿科技有限公司,sinks,swan.setStorage,1
武汉欣农科技喷灌滴灌节水公司,sources,swan.getExtConfig,23
武汉欣农科技喷灌滴灌节水公司,sources,swan.getStorageSync,1
武汉欣农科技喷灌滴灌节水公司,sinks,swan.request,24
武汉汇烽网络科技有限公司,sources,swan.getSystemInfoSync,1
武汉汇烽网络科技有限公司,sinks,swan.setStorage,1
武汉汉之风人力服务有限公司,sources,swan.getSystemInfoSync,1
武汉汉之风人力服务有限公司,sinks,swan.setStorage,1
武汉特对信息技术有限公司,sources,swan.getSystemInfoSync,1
武汉特对信息技术有限公司,sinks,swan.setStorage,1
武汉警官职业学院,sources,swan.getSystemInfoSync,3
武汉警官职业学院,sources,swan.getStorageSync,8
武汉警官职业学院,sources,swan.getUserInfo,6
武汉警官职业学院,sources,swan.chooseImage,1
武汉警官职业学院,sources,swan.getStorage,1
武汉警官职业学院,sinks,swan.request,4
武汉警官职业学院,sinks,swan.setStorage,15
武汉高德智感科技有限公司,sources,swan.getSystemInfoSync,1
武汉高德智感科技有限公司,sinks,swan.setStorage,1
水姑娘品茶,sources,swan.getStorageSync,1
水姑娘品茶,sinks,swan.setStorageSync,1
永丰苏翠1号,sources,swan.getExtConfig,24
永丰苏翠1号,sinks,swan.request,24
永定区翼单志百货店,sources,swan.getStorageSync,3
永定区翼单志百货店,sinks,swan.setStorageSync,2
永定区翼单志百货店,sinks,swan.request,1
永定鑫华扬有害生物防治,sources,swan.getExtConfig,12
永定鑫华扬有害生物防治,sinks,swan.request,12
永州桂永水磨石材料,sources,swan.getExtConfig,3
永州桂永水磨石材料,sources,swan.chooseImage,1
永州桂永水磨石材料,sources,swan.getStorageSync,5
永州桂永水磨石材料,sources,swan.getUserInfo,1
永州桂永水磨石材料,sinks,swan.removeStorageSync,2
永州桂永水磨石材料,sinks,swan.setStorageSync,5
永州桂永水磨石材料,sinks,swan.request,2
永州桂永水磨石材料,sinks,swan.uploadFile,1
永康市拉盯科技有限公司,sources,swan.getSystemInfoSync,1
永康市拉盯科技有限公司,sinks,swan.setStorage,1
永康鑫顾健腹器厂家,sources,swan.getStorageSync,1
永康鑫顾健腹器厂家,sources,swan.getExtConfig,10
永康鑫顾健腹器厂家,sinks,swan.setStorageSync,1
永康鑫顾健腹器厂家,sinks,swan.request,10
永盛灯具,sources,swan.getStorageSync,2
永盛灯具,sinks,swan.setStorageSync,2
永荣辐射松建筑木方,sources,swan.getExtConfig,25
永荣辐射松建筑木方,sources,swan.getStorageSync,1
永荣辐射松建筑木方,sinks,swan.request,26
永誉折叠床,sources,swan.getStorageSync,1
永誉折叠床,sources,swan.getExtConfig,11
永誉折叠床,sinks,swan.setStorageSync,1
永誉折叠床,sinks,swan.request,11
永辉陶瓷,sources,swan.getStorageSync,525
永辉陶瓷,sources,swan.getLocation,4
永辉陶瓷,sources,swan.input,39
永辉陶瓷,sources,swan.getStorage,1
永辉陶瓷,sources,swan.chooseImage,5
永辉陶瓷,sources,swan.getSystemInfoSync,4
永辉陶瓷,sinks,swan.request,556
永辉陶瓷,sinks,swan.removeStorageSync,4
永辉陶瓷,sinks,swan.setStorageSync,5
永辉陶瓷,sinks,swan.uploadFile,11
永辉陶瓷,sinks,swan.setStorage,2
求学问校网,sources,swan.input,2
求学问校网,sinks,swan.request,2
汉先生茶业,sources,swan.getExtConfig,1
汉先生茶业,sinks,swan.setClipboardData,1
汉合茶,sources,swan.getExtConfig,1
汉合茶,sinks,swan.setClipboardData,1
江苏固德威电源科技股份有限公司,sources,swan.getSystemInfoSync,1
江苏固德威电源科技股份有限公司,sinks,swan.setStorage,1
江苏国星电器有限公司,sources,swan.getSystemInfoSync,1
江苏国星电器有限公司,sinks,swan.setStorage,1
江苏竣业过程机械设备有限公司,sources,swan.getSystemInfoSync,1
江苏竣业过程机械设备有限公司,sinks,swan.setStorage,1
江苏绿赫环保科技有限公司,sources,swan.getSystemInfoSync,1
江苏绿赫环保科技有限公司,sinks,swan.setStorage,1
江苏雄孩子机器人科技有限公司,sources,swan.getSystemInfoSync,1
江苏雄孩子机器人科技有限公司,sinks,swan.setStorage,1
江西汉同网络科技有限公司,sources,swan.getSystemInfoSync,1
江西汉同网络科技有限公司,sinks,swan.setStorage,1
江阴市交通规划勘察设计院,sources,swan.getSystemInfoSync,1
江阴市交通规划勘察设计院,sinks,swan.setStorage,1
河北亨劲传动机械有限公司,sources,swan.getSystemInfoSync,1
河北亨劲传动机械有限公司,sinks,swan.setStorage,1
河北固元法兰管件有限公司,sources,swan.getSystemInfoSync,1
河北固元法兰管件有限公司,sinks,swan.setStorage,1
河北汉都网络科技有限公司,sources,swan.getSystemInfoSync,1
河北汉都网络科技有限公司,sinks,swan.setStorage,1
河北河青传媒有限责任公司,sources,swan.getSystemInfoSync,1
河北河青传媒有限责任公司,sinks,swan.setStorage,1
河北源航网络科技有限公司,sources,swan.getSystemInfoSync,1
河北源航网络科技有限公司,sinks,swan.setStorage,1
河北贯捷轴承制造有限公司,sources,swan.getExtConfig,2
河北贯捷轴承制造有限公司,sinks,swan.request,2
河南太锅锅炉,sources,swan.getExtConfigSync,10
河南太锅锅炉,sinks,swan.request,10
河南宏昌古建筑维修,sources,swan.getStorageSync,1
河南宏昌古建筑维修,sinks,swan.request,1
河南开源房地产估价有限公司,sources,swan.getSystemInfoSync,1
河南开源房地产估价有限公司,sinks,swan.setStorage,1
河南誉泰企业信用评估有限公司,sources,swan.getSystemInfoSync,1
河南誉泰企业信用评估有限公司,sinks,swan.setStorage,1
河圣翻板闸门,sources,swan.getStorageSync,1
河圣翻板闸门,sources,swan.getExtConfig,10
河圣翻板闸门,sinks,swan.setStorageSync,1
河圣翻板闸门,sinks,swan.request,10
河美螺旋输送机,sources,swan.getStorageSync,2
河美螺旋输送机,sinks,swan.request,2
河钢股份有限公司,sources,swan.getSystemInfoSync,1
河钢股份有限公司,sinks,swan.setStorage,1
河钢集团有限公司,sources,swan.getSystemInfoSync,1
河钢集团有限公司,sinks,swan.setStorage,1
油耗精灵,sources,swan.getStorage,2
油耗精灵,sources,swan.input,24
油耗精灵,sinks,swan.request,20
油耗精灵,sinks,swan.setStorage,6
泰州威尔斯通吊索具有限公司,sources,swan.getSystemInfoSync,1
泰州威尔斯通吊索具有限公司,sinks,swan.setStorage,1
泰州苏鹏蛋业生物科技有限公司,sources,swan.getSystemInfoSync,1
泰州苏鹏蛋业生物科技有限公司,sinks,swan.setStorage,1
洁福雨刷,sources,swan.getExtConfig,9
洁福雨刷,sinks,swan.request,9
洁福雨刷厂,sources,swan.getExtConfig,9
洁福雨刷厂,sinks,swan.request,9
洁福雨刷批,sources,swan.getExtConfig,10
洁福雨刷批,sinks,swan.request,10
津鼓风机天津隧道风机厂家,sources,swan.getStorageSync,2
津鼓风机天津隧道风机厂家,sources,swan.getExtConfig,13
津鼓风机天津隧道风机厂家,sinks,swan.setStorageSync,1
津鼓风机天津隧道风机厂家,sinks,swan.request,14
浙江万帆集团有限公司,sources,swan.getSystemInfoSync,1
浙江万帆集团有限公司,sinks,swan.setStorage,1
浙江上风高科专风实业有限公司,sources,swan.getSystemInfoSync,1
浙江上风高科专风实业有限公司,sinks,swan.setStorage,1
浙江天际互感器有限公司,sources,swan.getSystemInfoSync,1
浙江天际互感器有限公司,sinks,swan.setStorage,1
浙江扶摇文化发展有限责任公司,sources,swan.getSystemInfoSync,1
浙江扶摇文化发展有限责任公司,sinks,swan.setStorage,1
浙江杭机股份有限公司,sources,swan.getSystemInfoSync,1
浙江杭机股份有限公司,sinks,swan.setStorage,1
浙江泰杭律师事务所,sources,swan.getSystemInfoSync,1
浙江泰杭律师事务所,sinks,swan.setStorage,1
浙江荷清柔性电子技术有限公司,sources,swan.getSystemInfoSync,1
浙江荷清柔性电子技术有限公司,sinks,swan.setStorage,1
浙江蘑菇加电子商务有限公司,sources,swan.getSystemInfoSync,1
浙江蘑菇加电子商务有限公司,sinks,swan.setStorage,1
浙江诺电电力科技有限公司,sources,swan.getStorageSync,2
浙江诺电电力科技有限公司,sinks,swan.setStorageSync,2
浙江过塘行网络科技有限公司,sources,swan.getSystemInfoSync,1
浙江过塘行网络科技有限公司,sinks,swan.setStorage,1
浙江黑神生物科技有限公司,sources,swan.getSystemInfoSync,1
浙江黑神生物科技有限公司,sinks,swan.setStorage,1
浙江鼎一电器有限公司,sources,swan.getSystemInfoSync,1
浙江鼎一电器有限公司,sinks,swan.setStorage,1
浙江鼎鸿鱼苗养殖基地,sources,swan.getStorageSync,1
浙江鼎鸿鱼苗养殖基地,sources,swan.getExtConfig,10
浙江鼎鸿鱼苗养殖基地,sinks,swan.setStorageSync,1
浙江鼎鸿鱼苗养殖基地,sinks,swan.request,10
浩盛泰,sources,swan.input,1
浩盛泰,sources,swan.getStorageSync,1
浩盛泰,sources,swan.getExtConfig,1
浩盛泰,sinks,swan.request,3
浩鸿沥青灌缝机,sources,swan.getExtConfig,26
浩鸿沥青灌缝机,sources,swan.getStorageSync,1
浩鸿沥青灌缝机,sinks,swan.request,27
海南荷泰酒店投资管理有限公司,sources,swan.getSystemInfoSync,1
海南荷泰酒店投资管理有限公司,sinks,swan.setStorage,1
海外海集团有限公司,sources,swan.getSystemInfoSync,1
海外海集团有限公司,sinks,swan.setStorage,1
涡轮带壳截图生成器,sources,swan.getImageInfo,1
涡轮带壳截图生成器,sinks,swan.saveFile,1
淄博中力烟囱浇注料厂,sources,swan.getSystemInfoSync,1
淄博中力烟囱浇注料厂,sinks,swan.setStorage,1
淄博丽厨厨具有限公司,sources,swan.getSystemInfoSync,1
淄博丽厨厨具有限公司,sinks,swan.setStorage,1
淄博富邦滚塑防腐设备科技,sources,swan.getSystemInfoSync,1
淄博富邦滚塑防腐设备科技,sinks,swan.setStorage,1
淄博恒锦烟囱防腐材料科技,sources,swan.getSystemInfoSync,1
淄博恒锦烟囱防腐材料科技,sinks,swan.setStorage,1
淄博淄分仪器有限公司,sources,swan.getSystemInfoSync,1
淄博淄分仪器有限公司,sinks,swan.setStorage,1
淘翠,sources,swan.getStorageSync,166
淘翠,sources,swan.input,5
淘翠,sinks,swan.request,171
淘钢网,sources,swan.getStorage,1
淘钢网,sinks,swan.setStorage,1
深圳九河网络科技有限公司,sources,swan.getSystemInfoSync,1
深圳九河网络科技有限公司,sinks,swan.setStorage,1
深圳印美佳耗材有限公司,sources,swan.getExtConfig,1
深圳印美佳耗材有限公司,sinks,swan.setClipboardData,1
深圳市嘿装咻建筑装饰工程,sources,swan.getSystemInfoSync,1
深圳市嘿装咻建筑装饰工程,sinks,swan.setStorage,1
深圳市城市轨道广告有限公司,sources,swan.getSystemInfoSync,1
深圳市城市轨道广告有限公司,sinks,swan.setStorage,1
深圳市扩黑科技有限公司,sources,swan.getSystemInfoSync,1
深圳市扩黑科技有限公司,sinks,swan.setStorage,1
深圳市星亨科技有限公司,sources,swan.getSystemInfoSync,1
深圳市星亨科技有限公司,sinks,swan.setStorage,1
深圳市汉曦科技有限公司,sources,swan.getSystemInfoSync,1
深圳市汉曦科技有限公司,sinks,swan.setStorage,1
深圳市美华安规仪器有限公司,sources,swan.getSystemInfoSync,1
深圳市美华安规仪器有限公司,sinks,swan.setStorage,1
深圳市鑫韩嘉电子有限公司,sources,swan.getSystemInfoSync,1
深圳市鑫韩嘉电子有限公司,sinks,swan.setStorage,1
深圳翰脉环保科技有限公司,sources,swan.getSystemInfoSync,1
深圳翰脉环保科技有限公司,sinks,swan.setStorage,1
深圳黑萤科技有限公司,sources,swan.getSystemInfoSync,1
深圳黑萤科技有限公司,sinks,swan.setStorage,1
渝升五金冲床自动冲床,sources,swan.getStorageSync,1
渝升五金冲床自动冲床,sinks,swan.setStorageSync,1
温州豪韵百万球池厂家,sources,swan.input,3
温州豪韵百万球池厂家,sinks,swan.request,3
渭南玄优家政保洁平台,sources,swan.getStorageSync,525
渭南玄优家政保洁平台,sources,swan.getLocation,5
渭南玄优家政保洁平台,sources,swan.input,39
渭南玄优家政保洁平台,sources,swan.getStorage,1
渭南玄优家政保洁平台,sources,swan.chooseImage,4
渭南玄优家政保洁平台,sources,swan.getSystemInfoSync,4
渭南玄优家政保洁平台,sinks,swan.request,559
渭南玄优家政保洁平台,sinks,swan.removeStorageSync,4
渭南玄优家政保洁平台,sinks,swan.setStorageSync,5
渭南玄优家政保洁平台,sinks,swan.uploadFile,8
渭南玄优家政保洁平台,sinks,swan.setStorage,2
游戏狗,sources,swan.getStorageSync,3
游戏狗,sinks,swan.setStorageSync,3
湖北农谷实业集团有限责任公司,sources,swan.getSystemInfoSync,1
湖北农谷实业集团有限责任公司,sinks,swan.setStorage,1
湖北国昇科技有限公司,sources,swan.getSystemInfoSync,1
湖北国昇科技有限公司,sinks,swan.setStorage,1
湖北小马过河教育咨询有限公司,sources,swan.getSystemInfoSync,1
湖北小马过河教育咨询有限公司,sinks,swan.setStorage,1
湖北龙马除雪滚刷滚扫,sources,swan.getStorageSync,1
湖北龙马除雪滚刷滚扫,sinks,swan.setStorageSync,1
湘窖酒业,sources,swan.getSystemInfoSync,1
湘窖酒业,sinks,swan.setStorage,1
湘窖酒业旗舰店,sources,swan.getExtConfig,1
湘窖酒业旗舰店,sinks,swan.setClipboardData,1
源渡股权投资管理上海有限公司,sources,swan.getSystemInfoSync,1
源渡股权投资管理上海有限公司,sinks,swan.setStorage,1
溪金可研报告,sources,swan.getExtConfigSync,10
溪金可研报告,sinks,swan.request,10
潍坊坊子区根森翔种植专业合作社,sources,swan.getSystemInfoSync,1
潍坊坊子区根森翔种植专业合作社,sinks,swan.setStorage,1
澎容氦气瓶厂家,sources,swan.getStorageSync,1
澎容氦气瓶厂家,sources,swan.getExtConfig,10
澎容氦气瓶厂家,sinks,swan.setStorageSync,1
澎容氦气瓶厂家,sinks,swan.request,10
灵硅假期日历,sources,swan.downloadFile,1
灵硅假期日历,sinks,swan.saveImageToPhotosAlbum,1
烟台中宠食品股份有限公司,sources,swan.getSystemInfoSync,1
烟台中宠食品股份有限公司,sinks,swan.setStorage,1
烟台宸熙破碎锤蓄能器,sources,swan.getStorageSync,1
烟台宸熙破碎锤蓄能器,sources,swan.getExtConfig,1
烟台宸熙破碎锤蓄能器,sinks,swan.request,2
爱股数据品牌名片,sources,swan.getSystemInfoSync,1
爱股数据品牌名片,sinks,swan.setStorage,1
爱迪威滚塑设备,sources,swan.getUserInfo,1
爱迪威滚塑设备,sources,swan.input,2
爱迪威滚塑设备,sources,swan.getStorageSync,7
爱迪威滚塑设备,sources,swan.chooseImage,1
爱迪威滚塑设备,sinks,swan.request,8
爱迪威滚塑设备,sinks,swan.uploadFile,3
牙客多,sources,swan.getSystemInfoSync,1
牙客多,sinks,swan.setStorage,1
特味村,sources,swan.getStorageSync,1
特味村,sinks,swan.request,1
特特皮革批发,sources,swan.getStorageSync,1
特特皮革批发,sources,swan.getExtConfig,10
特特皮革批发,sinks,swan.setStorageSync,1
特特皮革批发,sinks,swan.request,10
王匙北京油烟机维修,sources,swan.input,1
王匙北京油烟机维修,sources,swan.getStorageSync,1
王匙北京油烟机维修,sources,swan.getExtConfig,1
王匙北京油烟机维修,sinks,swan.request,3
王匙换锁修锁常营开锁北京,sources,swan.getUserInfo,2
王匙换锁修锁常营开锁北京,sources,swan.getExtConfigSync,87
王匙换锁修锁常营开锁北京,sources,swan.getStorageSync,7
王匙换锁修锁常营开锁北京,sources,swan.chooseAddress,1
王匙换锁修锁常营开锁北京,sources,swan.getImageInfo,2
王匙换锁修锁常营开锁北京,sinks,swan.request,95
王匙换锁修锁常营开锁北京,sinks,swan.saveImageToPhotosAlbum,2
王匙换锁修锁常营开锁北京,sinks,swan.uploadFile,2
王匙防盗门售后服务,sources,swan.getStorageSync,1
王匙防盗门售后服务,sources,swan.getExtConfig,1
王匙防盗门售后服务,sinks,swan.request,2
王匙附近开锁公司,sources,swan.input,1
王匙附近开锁公司,sources,swan.getStorageSync,1
王匙附近开锁公司,sources,swan.getExtConfig,1
王匙附近开锁公司,sinks,swan.request,3
王者攻略,sources,swan.getStorageSync,1
王者攻略,sinks,swan.setStorageSync,1
玩吧喝酒神器,sources,swan.getStorageSync,1
玩吧喝酒神器,sinks,swan.setStorage,1
玩咖游戏攻略宝典,sources,swan.getStorageSync,3
玩咖游戏攻略宝典,sinks,swan.setStorageSync,3
玩购精选,sources,swan.getExtConfig,1
玩购精选,sinks,swan.setClipboardData,1
珠海中楚投资管理有限公司,sources,swan.getSystemInfoSync,1
珠海中楚投资管理有限公司,sinks,swan.setStorage,1
珠海醋酸纤维有限公司,sources,swan.getSystemInfoSync,1
珠海醋酸纤维有限公司,sinks,swan.setStorage,1
琴阿姨菜饭骨头汤,sources,swan.getStorageSync,1
琴阿姨菜饭骨头汤,sources,swan.getExtConfig,12
琴阿姨菜饭骨头汤,sinks,swan.setStorageSync,1
琴阿姨菜饭骨头汤,sinks,swan.request,12
瑰宝新材料股份有限公司,sources,swan.getSystemInfoSync,1
瑰宝新材料股份有限公司,sinks,swan.setStorage,1
甜瓜家,sources,swan.getExtConfig,1
甜瓜家,sinks,swan.setClipboardData,1
田野牧蜂,sources,swan.getExtConfig,1
田野牧蜂,sinks,swan.setClipboardData,1
甲骨易北京翻译股份有限公司,sources,swan.getSystemInfoSync,1
甲骨易北京翻译股份有限公司,sinks,swan.setStorage,1
电动滚筒,sources,swan.getStorageSync,3
电动滚筒,sinks,swan.setStorageSync,2
电动滚筒,sinks,swan.request,1
百匠诀橄榄核,sources,swan.getUserInfo,1
百匠诀橄榄核,sources,swan.getStorageSync,14
百匠诀橄榄核,sinks,swan.request,13
百匠诀橄榄核,sinks,swan.setStorageSync,2
百特智能无轨电动平板车,sources,swan.input,1
百特智能无轨电动平板车,sources,swan.getStorageSync,1
百特智能无轨电动平板车,sources,swan.getExtConfig,1
百特智能无轨电动平板车,sinks,swan.request,3
百科博物馆计划,sources,swan.getSystemInfoSync,1
百科博物馆计划,sinks,swan.request,1
皖毅跪垫厂家,sources,swan.getStorageSync,1
皖毅跪垫厂家,sources,swan.getExtConfig,10
皖毅跪垫厂家,sinks,swan.setStorageSync,1
皖毅跪垫厂家,sinks,swan.request,10
益众制冷冻库安装,sources,swan.getStorageSync,1
益众制冷冻库安装,sources,swan.getExtConfig,15
益众制冷冻库安装,sinks,swan.setStorageSync,1
益众制冷冻库安装,sinks,swan.request,15
益度,sources,swan.getStorageSync,2
益度,sinks,swan.setStorageSync,2
益度科技,sources,swan.getStorageSync,2
益度科技,sinks,swan.setStorageSync,2
益斯递科技,sources,swan.getStorageSync,1
益斯递科技,sources,swan.getExtConfig,1
益斯递科技,sinks,swan.request,2
益田翠堤悦府,sources,swan.getStorageSync,99
益田翠堤悦府,sources,swan.getExtConfig,1
益田翠堤悦府,sources,swan.input,11
益田翠堤悦府,sources,swan.chooseImage,1
益田翠堤悦府,sinks,swan.request,109
益田翠堤悦府,sinks,swan.setStorage,1
益田翠堤悦府,sinks,swan.uploadFile,2
盒你一起北京科技有限公司,sources,swan.getSystemInfoSync,1
盒你一起北京科技有限公司,sinks,swan.setStorage,1
盒紫游戏,sources,swan.getSystemInfoSync,5
盒紫游戏,sinks,swan.request,5
睿合科技,sources,swan.getSystemInfoSync,1
睿合科技,sinks,swan.setStorage,1
研和,sources,swan.getSystemInfoSync,1
研和,sinks,swan.setStorage,1
礼官窗帘,sources,swan.getSystemInfoSync,1
礼官窗帘,sinks,swan.setStorage,1
社科赛斯考研估分,sources,swan.downloadFile,4
社科赛斯考研估分,sources,swan.getSystemInfoSync,2
社科赛斯考研估分,sources,swan.getUserInfo,1
社科赛斯考研估分,sinks,swan.saveImageToPhotosAlbum,4
社科赛斯考研估分,sinks,swan.request,3
福州成冠信息技术有限公司,sources,swan.getSystemInfoSync,1
福州成冠信息技术有限公司,sinks,swan.setStorage,1
禧荟翠翡翠戒指,sources,swan.getStorageSync,2
禧荟翠翡翠戒指,sinks,swan.setStorageSync,2
禾多科技北京有限公司,sources,swan.getSystemInfoSync,1
禾多科技北京有限公司,sinks,swan.setStorage,1
秀和风水,sources,swan.getStorageSync,1
秀和风水,sinks,swan.setStorageSync,1
科翰硅溶胶,sources,swan.getSystemInfoSync,1
科翰硅溶胶,sinks,swan.setStorage,1
穗福门窗门窗定制,sources,swan.input,1
穗福门窗门窗定制,sources,swan.getStorageSync,1
穗福门窗门窗定制,sources,swan.getExtConfig,1
穗福门窗门窗定制,sinks,swan.request,3
穗雅夯土墙施工厂家,sources,swan.input,3
穗雅夯土墙施工厂家,sinks,swan.request,3
穗雅意大利手刮漆价格,sources,swan.input,3
穗雅意大利手刮漆价格,sinks,swan.request,3
窈窕一点免税商城,sources,swan.getExtConfig,1
窈窕一点免税商城,sinks,swan.setClipboardData,1
窋耕,sources,swan.getSystemInfoSync,1
窋耕,sinks,swan.setStorage,1
站长之家Excel函数查询,sources,swan.input,1
站长之家Excel函数查询,sinks,swan.request,1
章丘兴鼓罗茨风机罗茨鼓风机厂家,sources,swan.getStorageSync,1
章丘兴鼓罗茨风机罗茨鼓风机厂家,sources,swan.getExtConfig,11
章丘兴鼓罗茨风机罗茨鼓风机厂家,sinks,swan.setStorageSync,1
章丘兴鼓罗茨风机罗茨鼓风机厂家,sinks,swan.request,11
章丘诚泽罗茨鼓风机,sources,swan.getStorageSync,1
章丘诚泽罗茨鼓风机,sources,swan.getExtConfig,12
章丘诚泽罗茨鼓风机,sinks,swan.setStorageSync,1
章丘诚泽罗茨鼓风机,sinks,swan.request,12
童年母婴营养服务,sources,swan.getExtConfig,1
童年母婴营养服务,sinks,swan.setClipboardData,1
竹夫扫帚制品厂,sources,swan.getSystemInfoSync,1
竹夫扫帚制品厂,sinks,swan.setStorage,1
笑付通,sources,swan.getStorageSync,2
笑付通,sinks,swan.setStorageSync,2
精特导轨齿条,sources,swan.getExtConfig,9
精特导轨齿条,sinks,swan.request,9
索哥想上分,sources,swan.getStorageSync,1
索哥想上分,sinks,swan.setStorageSync,1
紫帆豪装工厂店,sources,swan.getSystemInfoSync,1
紫帆豪装工厂店,sinks,swan.setStorage,1
紫皓干红洋葱葡萄酒,sources,swan.getStorageSync,1
紫皓干红洋葱葡萄酒,sources,swan.getExtConfig,11
紫皓干红洋葱葡萄酒,sinks,swan.setStorageSync,1
紫皓干红洋葱葡萄酒,sinks,swan.request,11
紫荆学历规划,sources,swan.getStorageSync,28
紫荆学历规划,sources,swan.input,12
紫荆学历规划,sources,swan.chooseImage,1
紫荆学历规划,sinks,swan.setStorageSync,38
紫荆学历规划,sinks,swan.connectSocket,2
紫荆学历规划,sinks,swan.uploadFile,1
紫观茶具,sources,swan.getExtConfig,1
紫观茶具,sinks,swan.setClipboardData,1
纵观文社,sources,swan.getStorageSync,2
纵观文社,sinks,swan.setStorageSync,2
纷享好物商城,sources,swan.getExtConfig,1
纷享好物商城,sinks,swan.setClipboardData,1
维动,sources,swan.getStorageSync,14
维动,sinks,swan.setStorageSync,14
美加净日化商城,sources,swan.getExtConfig,1
美加净日化商城,sinks,swan.setClipboardData,1
翌鸽传媒服务,sources,swan.getSystemInfoSync,1
翌鸽传媒服务,sinks,swan.setStorage,1
翔工小型工程机械商城,sources,swan.getStorageSync,4
翔工小型工程机械商城,sources,swan.downloadFile,1
翔工小型工程机械商城,sinks,swan.setStorageSync,4
翔工小型工程机械商城,sinks,swan.saveImageToPhotosAlbum,1
翔达封罐机,sources,swan.getSystemInfoSync,1
翔达封罐机,sources,swan.getStorageSync,7
翔达封罐机,sources,swan.chooseImage,3
翔达封罐机,sources,swan.getLocation,1
翔达封罐机,sources,swan.input,1
翔达封罐机,sources,swan.getImageInfo,1
翔达封罐机,sinks,swan.setStorageSync,5
翔达封罐机,sinks,swan.uploadFile,3
翔达封罐机,sinks,swan.request,3
翔达封罐机,sinks,swan.setStorage,2
翔达封罐机,sinks,swan.saveImageToPhotosAlbum,1
耀桂香薰石批发,sources,swan.getStorageSync,1
耀桂香薰石批发,sources,swan.getExtConfig,10
耀桂香薰石批发,sinks,swan.setStorageSync,1
耀桂香薰石批发,sinks,swan.request,10
聊城市秦记地瓜食品有限公司,sources,swan.getSystemInfoSync,1
聊城市秦记地瓜食品有限公司,sinks,swan.setStorage,1
股城理财,sources,swan.getStorage,1
股城理财,sinks,swan.request,1
股城金融工具,sources,swan.getStorageSync,3
股城金融工具,sinks,swan.setStorageSync,2
股城金融工具,sinks,swan.setStorage,1
肯泰纳塑料罐,sources,swan.getExtConfig,33
肯泰纳塑料罐,sources,swan.getStorageSync,1
肯泰纳塑料罐,sinks,swan.request,34
腾冲邓有吉大健康云平台,sources,swan.getStorageSync,527
腾冲邓有吉大健康云平台,sources,swan.getLocation,4
腾冲邓有吉大健康云平台,sources,swan.input,38
腾冲邓有吉大健康云平台,sources,swan.getStorage,1
腾冲邓有吉大健康云平台,sources,swan.chooseImage,5
腾冲邓有吉大健康云平台,sources,swan.getSystemInfoSync,4
腾冲邓有吉大健康云平台,sinks,swan.request,557
腾冲邓有吉大健康云平台,sinks,swan.removeStorageSync,4
腾冲邓有吉大健康云平台,sinks,swan.setStorageSync,5
腾冲邓有吉大健康云平台,sinks,swan.uploadFile,11
腾冲邓有吉大健康云平台,sinks,swan.setStorage,2
腾卓旋盖机厂家,sources,swan.getStorageSync,1
腾卓旋盖机厂家,sources,swan.getExtConfig,12
腾卓旋盖机厂家,sinks,swan.setStorageSync,1
腾卓旋盖机厂家,sinks,swan.request,12
腾达挡粮门,sources,swan.getExtConfig,34
腾达挡粮门,sources,swan.getStorageSync,1
腾达挡粮门,sinks,swan.request,35
自控反应釜,sources,swan.getStorageSync,2
自控反应釜,sources,swan.input,1
自控反应釜,sinks,swan.setStorageSync,1
自控反应釜,sinks,swan.request,2
自然奇迹有机肥,sources,swan.getUserInfo,2
自然奇迹有机肥,sources,swan.getExtConfigSync,115
自然奇迹有机肥,sources,swan.getStorageSync,6
自然奇迹有机肥,sources,swan.input,4
自然奇迹有机肥,sources,swan.chooseAddress,1
自然奇迹有机肥,sources,swan.getImageInfo,2
自然奇迹有机肥,sinks,swan.request,126
自然奇迹有机肥,sinks,swan.saveImageToPhotosAlbum,2
自然奇迹有机肥,sinks,swan.uploadFile,2
自由美标识导示系统,sources,swan.getSystemInfoSync,1
自由美标识导示系统,sinks,swan.setStorage,1
臻给力惠心购,sources,swan.getStorageSync,2
臻给力惠心购,sinks,swan.setStorageSync,2
航力铝龙骨,sources,swan.getStorageSync,2
航力铝龙骨,sinks,swan.setStorageSync,2
航旅纵横,sources,swan.getSystemInfo,4
航旅纵横,sources,swan.getStorageSync,17
航旅纵横,sources,swan.getLocation,1
航旅纵横,sinks,swan.setStorageSync,9
航旅纵横,sinks,swan.request,13
航遇视觉,sources,swan.input,1
航遇视觉,sources,swan.getStorageSync,15
航遇视觉,sinks,swan.request,16
艺动商城,sources,swan.getExtConfig,1
艺动商城,sinks,swan.setClipboardData,1
艺高科技,sources,swan.getSystemInfoSync,1
艺高科技,sinks,swan.setStorage,1
芗奈,sources,swan.getExtConfig,1
芗奈,sinks,swan.setClipboardData,1
芜湖叠纸网络科技有限公司,sources,swan.getSystemInfoSync,1
芜湖叠纸网络科技有限公司,sinks,swan.setStorage,1
花花爱蜜语,sources,swan.getStorageSync,1
花花爱蜜语,sinks,swan.setStorageSync,1
苏州东方大易培训中心,sources,swan.chooseImage,1
苏州东方大易培训中心,sources,swan.getUserInfo,4
苏州东方大易培训中心,sinks,swan.uploadFile,1
苏州东方大易培训中心,sinks,swan.setStorageSync,4
苏州乾泰祥丝绸有限公司,sources,swan.getSystemInfoSync,1
苏州乾泰祥丝绸有限公司,sinks,swan.setStorage,1
苏州合众合文化传媒有限公司,sources,swan.getSystemInfoSync,1
苏州合众合文化传媒有限公司,sinks,swan.setStorage,1
苏州巨含洗地机,sources,swan.input,3
苏州巨含洗地机,sinks,swan.request,3
苏州开心盒子软件有限公司,sources,swan.getSystemInfoSync,1
苏州开心盒子软件有限公司,sinks,swan.setStorage,1
苏州思杰马克丁软件有限公司,sources,swan.getSystemInfoSync,1
苏州思杰马克丁软件有限公司,sinks,swan.setStorage,1
苏州斯普兰蒂电子有限公司,sources,swan.getSystemInfoSync,1
苏州斯普兰蒂电子有限公司,sinks,swan.setStorage,1
苏州杜尔气体化工装备有限公司,sources,swan.getSystemInfoSync,1
苏州杜尔气体化工装备有限公司,sinks,swan.setStorage,1
苏州樊香园艺有限公司,sources,swan.getSystemInfoSync,1
苏州樊香园艺有限公司,sinks,swan.setStorage,1
苏州江水平装修队,sources,swan.getStorageSync,2
苏州江水平装修队,sinks,swan.setStorageSync,2
苏州汽优改汽车服务有限公司,sources,swan.getSystemInfoSync,1
苏州汽优改汽车服务有限公司,sinks,swan.setStorage,1
苏州滴答软件科技有限公司,sources,swan.getSystemInfoSync,1
苏州滴答软件科技有限公司,sinks,swan.setStorage,1
苏州甫一电子科技有限公司,sources,swan.getSystemInfoSync,1
苏州甫一电子科技有限公司,sinks,swan.setStorage,1
苏州苏之航感压纸,sources,swan.getStorageSync,1
苏州苏之航感压纸,sources,swan.getExtConfig,11
苏州苏之航感压纸,sinks,swan.setStorageSync,1
苏州苏之航感压纸,sinks,swan.request,11
苏州蜜思肤化妆品股份有限公司,sources,swan.getSystemInfoSync,1
苏州蜜思肤化妆品股份有限公司,sinks,swan.setStorage,1
苏州金南瓜国际贸易有限公司,sources,swan.getSystemInfoSync,1
苏州金南瓜国际贸易有限公司,sinks,swan.setStorage,1
英红九号,sources,swan.getExtConfig,1
英红九号,sinks,swan.setClipboardData,1
菌旺烘干机,sources,swan.getStorageSync,3
菌旺烘干机,sinks,swan.setStorageSync,2
菌旺烘干机,sinks,swan.request,1
营房水煎包锅,sources,swan.getStorageSync,1
营房水煎包锅,sources,swan.getExtConfig,14
营房水煎包锅,sinks,swan.setStorageSync,1
营房水煎包锅,sinks,swan.request,14
藤岛发电机,sources,swan.input,2
藤岛发电机,sinks,swan.request,2
虎观视频,sources,swan.getStorageSync,6
虎观视频,sources,swan.input,2
虎观视频,sources,swan.getExtConfigSync,14
虎观视频,sinks,swan.request,20
虎观视频,sinks,swan.uploadFile,2
虔净纯水软化水处理设备,sources,swan.getUserInfo,1
虔净纯水软化水处理设备,sources,swan.getStorageSync,12
虔净纯水软化水处理设备,sinks,swan.request,11
虔净纯水软化水处理设备,sinks,swan.setStorageSync,2
蟹束阁品牌名片,sources,swan.getSystemInfoSync,1
蟹束阁品牌名片,sinks,swan.setStorage,1
行远包装快餐盒封口机,sources,swan.input,1
行远包装快餐盒封口机,sources,swan.getStorageSync,1
行远包装快餐盒封口机,sources,swan.getExtConfig,2
行远包装快餐盒封口机,sinks,swan.setStorageSync,1
行远包装快餐盒封口机,sinks,swan.request,3
装小蜜家装监理,sources,swan.getStorageSync,24
装小蜜家装监理,sources,swan.input,5
装小蜜家装监理,sources,swan.chooseImage,1
装小蜜家装监理,sinks,swan.request,29
装小蜜家装监理,sinks,swan.uploadFile,1
裕德源通江银耳润耳面膜,sources,swan.getSystemInfoSync,1
裕德源通江银耳润耳面膜,sinks,swan.setStorage,1
西南医科大学附属中医医院,sources,swan.getStorageInfoSync,1
西南医科大学附属中医医院,sinks,swan.removeStorageSync,1
西安中盛旅游景点平台,sources,swan.getStorageSync,529
西安中盛旅游景点平台,sources,swan.getLocation,5
西安中盛旅游景点平台,sources,swan.input,38
西安中盛旅游景点平台,sources,swan.getStorage,1
西安中盛旅游景点平台,sources,swan.chooseImage,4
西安中盛旅游景点平台,sources,swan.getSystemInfoSync,4
西安中盛旅游景点平台,sinks,swan.request,560
西安中盛旅游景点平台,sinks,swan.removeStorageSync,4
西安中盛旅游景点平台,sinks,swan.setStorageSync,5
西安中盛旅游景点平台,sinks,swan.uploadFile,10
西安中盛旅游景点平台,sinks,swan.setStorage,2
西安佳玮开锁换锁公司配汽车钥匙,sources,swan.getStorageSync,2
西安佳玮开锁换锁公司配汽车钥匙,sinks,swan.setStorageSync,2
西安健坤七彩坡,sources,swan.getExtConfig,18
西安健坤七彩坡,sinks,swan.request,18
西安健坤七彩滑道,sources,swan.getExtConfig,19
西安健坤七彩滑道,sinks,swan.request,19
西安健坤旱地滑雪,sources,swan.getExtConfig,25
西安健坤旱地滑雪,sources,swan.getStorageSync,1
西安健坤旱地滑雪,sinks,swan.request,26
西安健坤滑道飞人,sources,swan.getExtConfig,18
西安健坤滑道飞人,sinks,swan.request,18
西安健坤网红滑道,sources,swan.getExtConfig,18
西安健坤网红滑道,sinks,swan.request,18
西安小钉网络科技有限公司,sources,swan.getSystemInfoSync,1
西安小钉网络科技有限公司,sinks,swan.setStorage,1
西安崇黛伸缩缝,sources,swan.getStorageSync,2
西安崇黛伸缩缝,sinks,swan.setStorageSync,2
西安文菲科技,sources,swan.getSystemInfo,1
西安文菲科技,sinks,swan.setStorage,1
西安梦豪保安服定做,sources,swan.getStorageSync,2
西安梦豪保安服定做,sinks,swan.setStorageSync,2
西安梦豪西装定制,sources,swan.getStorageSync,2
西安梦豪西装定制,sinks,swan.setStorageSync,2
西安谷狗网络科技有限公司,sources,swan.getSystemInfoSync,1
西安谷狗网络科技有限公司,sinks,swan.setStorage,1
西安鼎麒建筑工程平台,sources,swan.getStorageSync,529
西安鼎麒建筑工程平台,sources,swan.getLocation,5
西安鼎麒建筑工程平台,sources,swan.input,38
西安鼎麒建筑工程平台,sources,swan.getStorage,1
西安鼎麒建筑工程平台,sources,swan.chooseImage,5
西安鼎麒建筑工程平台,sources,swan.getSystemInfoSync,4
西安鼎麒建筑工程平台,sinks,swan.request,560
西安鼎麒建筑工程平台,sinks,swan.removeStorageSync,4
西安鼎麒建筑工程平台,sinks,swan.setStorageSync,5
西安鼎麒建筑工程平台,sinks,swan.uploadFile,11
西安鼎麒建筑工程平台,sinks,swan.setStorage,2
西彦番鸭苗,sources,swan.getStorageSync,1
西彦番鸭苗,sources,swan.getExtConfig,10
西彦番鸭苗,sinks,swan.setStorageSync,1
西彦番鸭苗,sinks,swan.request,10
西派府,sources,swan.getStorageSync,99
西派府,sources,swan.getExtConfig,1
西派府,sources,swan.input,11
西派府,sources,swan.chooseImage,1
西派府,sinks,swan.request,109
西派府,sinks,swan.setStorage,1
西派府,sinks,swan.uploadFile,2
西点青少年拓展夏令营,sources,swan.getSystemInfo,2
西点青少年拓展夏令营,sources,swan.getUserInfo,2
西点青少年拓展夏令营,sources,swan.getStorageSync,2
西点青少年拓展夏令营,sinks,swan.request,5
西点青少年拓展夏令营,sinks,swan.setStorageSync,1
西电集团医院,sources,swan.getStorageSync,33
西电集团医院,sources,swan.input,1
西电集团医院,sinks,swan.request,34
西窗烛美学馆,sources,swan.getExtConfig,1
西窗烛美学馆,sinks,swan.setClipboardData,1
西藏饭店成都,sources,swan.getSystemInfoSync,1
西藏饭店成都,sinks,swan.setStorage,1
西象府,sources,swan.getStorageSync,99
西象府,sources,swan.getExtConfig,1
西象府,sources,swan.input,11
西象府,sources,swan.chooseImage,1
西象府,sinks,swan.request,109
西象府,sinks,swan.setStorage,1
西象府,sinks,swan.uploadFile,2
观智网络,sources,swan.input,2
观智网络,sinks,swan.request,2
言翡翠原石,sources,swan.getSystemInfoSync,1
言翡翠原石,sinks,swan.setStorage,1
许留福,sources,swan.getSystemInfoSync,1
许留福,sinks,swan.setStorage,1
诺亚号自媒体,sources,swan.getUserInfo,1
诺亚号自媒体,sources,swan.getStorageSync,1
诺亚号自媒体,sinks,swan.request,2
谷创企业信息平台,sources,swan.getLocation,10
谷创企业信息平台,sources,swan.getStorageSync,13
谷创企业信息平台,sinks,swan.setStorageSync,10
谷创企业信息平台,sinks,swan.request,13
豪城门窗,sources,swan.getSystemInfoSync,1
豪城门窗,sinks,swan.setStorage,1
贵州哈电阀门有限公司,sources,swan.getSystemInfoSync,1
贵州哈电阀门有限公司,sinks,swan.setStorage,1
贵州美酒河,sources,swan.getExtConfig,1
贵州美酒河,sinks,swan.setClipboardData,1
轩妈食品,sources,swan.getExtConfig,1
轩妈食品,sinks,swan.setClipboardData,1
轩尼斯门窗,sources,swan.getStorageSync,38
轩尼斯门窗,sources,swan.input,4
轩尼斯门窗,sources,swan.chooseImage,2
轩尼斯门窗,sinks,swan.request,36
轩尼斯门窗,sinks,swan.setStorageSync,6
轩尼斯门窗,sinks,swan.uploadFile,2
轩然旅行,sources,swan.getStorageSync,2
轩然旅行,sinks,swan.setStorageSync,2
迅当,sources,swan.getStorageSync,1
迅当,sinks,swan.setStorageSync,1
迅登网电商货源,sources,swan.getStorageSync,303
迅登网电商货源,sources,swan.getExtConfigSync,633
迅登网电商货源,sources,swan.getLocation,4
迅登网电商货源,sources,swan.chooseAddress,1
迅登网电商货源,sinks,swan.request,859
迅登网电商货源,sinks,swan.setClipboardData,23
迅登网电商货源,sinks,swan.setStorageSync,54
迅登网电商货源,sinks,swan.uploadFile,5
运帮工搬运队,sources,swan.getStorageSync,2
运帮工搬运队,sinks,swan.setStorageSync,2
途简单寄存,sources,swan.getStorageSync,1
途简单寄存,sinks,swan.request,1
通易付,sources,swan.getStorageSync,2
通易付,sinks,swan.setStorageSync,2
通达水煎包锅,sources,swan.getExtConfig,33
通达水煎包锅,sinks,swan.request,33
邮证EMS快递,sources,swan.getSystemInfoSync,1
邮证EMS快递,sources,swan.chooseAddress,1
邮证EMS快递,sources,swan.getStorageSync,4
邮证EMS快递,sources,swan.input,1
邮证EMS快递,sinks,swan.setStorageSync,7
郑州叮叮智能科技有限公司,sources,swan.getSystemInfoSync,1
郑州叮叮智能科技有限公司,sinks,swan.setStorage,1
郑州喝彩云小智能程序开发公司,sources,swan.getStorageSync,2
郑州喝彩云小智能程序开发公司,sinks,swan.setStorageSync,2
郑州喝彩家电空调维修,sources,swan.getStorageSync,2
郑州喝彩家电空调维修,sinks,swan.setStorageSync,2
郑州复兴纸业有限公司,sources,swan.getSystemInfoSync,1
郑州复兴纸业有限公司,sinks,swan.setStorage,1
郑州市豆逗婆餐饮管理有限公司,sources,swan.getSystemInfoSync,1
郑州市豆逗婆餐饮管理有限公司,sinks,swan.setStorage,1
郑州悦风形象设计,sources,swan.getStorageSync,12
郑州悦风形象设计,sources,swan.getUserInfo,2
郑州悦风形象设计,sinks,swan.setStorageSync,6
郑州悦风形象设计,sinks,swan.request,8
郑州杉木杆批发市场,sources,swan.getUserInfo,2
郑州杉木杆批发市场,sources,swan.getExtConfigSync,99
郑州杉木杆批发市场,sources,swan.getStorageSync,7
郑州杉木杆批发市场,sources,swan.input,3
郑州杉木杆批发市场,sources,swan.chooseAddress,1
郑州杉木杆批发市场,sources,swan.getImageInfo,2
郑州杉木杆批发市场,sinks,swan.request,110
郑州杉木杆批发市场,sinks,swan.saveImageToPhotosAlbum,2
郑州杉木杆批发市场,sinks,swan.uploadFile,2
郑州栾师傅餐饮管理有限公司,sources,swan.getSystemInfoSync,1
郑州栾师傅餐饮管理有限公司,sinks,swan.setStorage,1
郑州董得品牌策划有限公司,sources,swan.getSystemInfoSync,1
郑州董得品牌策划有限公司,sinks,swan.setStorage,1
郑州西瓜映象文化传播有限公司,sources,swan.getSystemInfoSync,1
郑州西瓜映象文化传播有限公司,sinks,swan.setStorage,1
郑州赋安防火门有限公司,sources,swan.getSystemInfoSync,1
郑州赋安防火门有限公司,sinks,swan.setStorage,1
郑州辐照线缆有限公司,sources,swan.getSystemInfoSync,1
郑州辐照线缆有限公司,sinks,swan.setStorage,1
郑州锅圈食汇网络科技有限公司,sources,swan.getSystemInfoSync,1
郑州锅圈食汇网络科技有限公司,sinks,swan.setStorage,1
郑州顶图云网络科技有限公司,sources,swan.getSystemInfoSync,1
郑州顶图云网络科技有限公司,sinks,swan.setStorage,1
郑纺机桨纱机配件,sources,swan.input,1
郑纺机桨纱机配件,sources,swan.getStorageSync,1
郑纺机桨纱机配件,sources,swan.getExtConfig,1
郑纺机桨纱机配件,sinks,swan.request,3
郝姐出国说,sources,swan.getStorageSync,2
郝姐出国说,sinks,swan.setStorageSync,2
重庆东港滚装港埠有限公司,sources,swan.getSystemInfoSync,1
重庆东港滚装港埠有限公司,sinks,swan.setStorage,1
重庆丹鸣网络科技有限公司,sources,swan.getSystemInfoSync,1
重庆丹鸣网络科技有限公司,sinks,swan.setStorage,1
重庆云朵广告有限公司,sources,swan.getSystemInfoSync,1
重庆云朵广告有限公司,sinks,swan.setStorage,1
重庆何王氏餐饮管理有限公司,sources,swan.getSystemInfoSync,1
重庆何王氏餐饮管理有限公司,sinks,swan.setStorage,1
重庆兄弟装饰工程有限公司,sources,swan.getSystemInfoSync,1
重庆兄弟装饰工程有限公司,sinks,swan.setStorage,1
重庆典名科技有限公司,sources,swan.getSystemInfoSync,1
重庆典名科技有限公司,sinks,swan.setStorage,1
重庆名风家俱有限公司,sources,swan.getSystemInfoSync,1
重庆名风家俱有限公司,sinks,swan.setStorage,1
重庆咖啡交易中心有限公司,sources,swan.getSystemInfoSync,1
重庆咖啡交易中心有限公司,sinks,swan.setStorage,1
重庆唐糕祖食品有限公司,sources,swan.getSystemInfoSync,1
重庆唐糕祖食品有限公司,sinks,swan.setStorage,1
重庆嘿小面餐饮管理有限公司,sources,swan.getSystemInfoSync,1
重庆嘿小面餐饮管理有限公司,sinks,swan.setStorage,1
重庆地瓜老餐饮管理有限公司,sources,swan.getSystemInfoSync,1
重庆地瓜老餐饮管理有限公司,sinks,swan.setStorage,1
重庆市康厨厨房设备有限公司,sources,swan.getSystemInfoSync,1
重庆市康厨厨房设备有限公司,sinks,swan.setStorage,1
重庆市江北区段记服饰有限公司,sources,swan.getSystemInfoSync,1
重庆市江北区段记服饰有限公司,sinks,swan.setStorage,1
重庆欣鑫废品回收废铜铁铝回收,sources,swan.getStorageSync,2
重庆欣鑫废品回收废铜铁铝回收,sinks,swan.setStorageSync,2
重庆武当家餐饮管理有限公司,sources,swan.getSystemInfoSync,1
重庆武当家餐饮管理有限公司,sinks,swan.setStorage,1
重庆段记西服定制,sources,swan.getLocation,4
重庆段记西服定制,sources,swan.chooseImage,5
重庆段记西服定制,sources,swan.chooseAddress,3
重庆段记西服定制,sources,swan.getStorage,2
重庆段记西服定制,sources,swan.input,7
重庆段记西服定制,sinks,swan.setStorage,4
重庆段记西服定制,sinks,swan.uploadFile,2
重庆段记西服定制,sinks,swan.request,15
重庆燕子妈催乳回奶中心,sources,swan.getStorageSync,14
重庆燕子妈催乳回奶中心,sinks,swan.setStorageSync,14
重庆百足虫网络科技有限公司,sources,swan.getSystemInfoSync,1
重庆百足虫网络科技有限公司,sinks,swan.setStorage,1
重庆短牛科技有限公司,sources,swan.getSystemInfoSync,1
重庆短牛科技有限公司,sinks,swan.setStorage,1
重庆虎普甲醛检测公司,sources,swan.input,1
重庆虎普甲醛检测公司,sources,swan.getStorageSync,1
重庆虎普甲醛检测公司,sources,swan.getExtConfig,2
重庆虎普甲醛检测公司,sinks,swan.setStorageSync,1
重庆虎普甲醛检测公司,sinks,swan.request,3
重庆虎普除甲醛公司,sources,swan.input,1
重庆虎普除甲醛公司,sources,swan.getStorageSync,1
重庆虎普除甲醛公司,sources,swan.getExtConfig,2
重庆虎普除甲醛公司,sinks,swan.setStorageSync,1
重庆虎普除甲醛公司,sinks,swan.request,3
重庆邓氏厨具制造有限公司,sources,swan.getSystemInfoSync,1
重庆邓氏厨具制造有限公司,sinks,swan.setStorage,1
重庆邦鼎信息技术有限公司,sources,swan.getSystemInfoSync,1
重庆邦鼎信息技术有限公司,sinks,swan.setStorage,1
重庆锋和印刷有限公司,sources,swan.getSystemInfoSync,1
重庆锋和印刷有限公司,sinks,swan.setStorage,1
重庆顾熹门业有限公司,sources,swan.getSystemInfoSync,1
重庆顾熹门业有限公司,sinks,swan.setStorage,1
重庆鼎釜餐饮娱乐文化有限公司,sources,swan.getSystemInfoSync,1
重庆鼎釜餐饮娱乐文化有限公司,sinks,swan.setStorage,1
金征远加拿大雇主移民,sources,swan.getStorageSync,3
金征远加拿大雇主移民,sinks,swan.setStorageSync,2
金征远加拿大雇主移民,sinks,swan.request,1
金鑫链条刮板输送机链条链轮,sources,swan.getStorageSync,2
金鑫链条刮板输送机链条链轮,sinks,swan.setStorageSync,2
鑫三芙音乐教学互动平台,sources,swan.getExtConfig,33
鑫三芙音乐教学互动平台,sources,swan.getStorageSync,1
鑫三芙音乐教学互动平台,sinks,swan.request,34
鑫信恒正新疆plc编程,sources,swan.getStorageSync,2
鑫信恒正新疆plc编程,sinks,swan.setStorageSync,2
鑫嘉抽粪,sources,swan.getStorageSync,2
鑫嘉抽粪,sinks,swan.setStorageSync,2
鑫振宇挖泥船清淤船,sources,swan.getStorageSync,1
鑫振宇挖泥船清淤船,sources,swan.getExtConfig,10
鑫振宇挖泥船清淤船,sinks,swan.setStorageSync,1
鑫振宇挖泥船清淤船,sinks,swan.request,10
鑫添爱宠俱乐部,sources,swan.getExtConfig,1
鑫添爱宠俱乐部,sinks,swan.setClipboardData,1
鑫源风选粉碎机,sources,swan.getStorageSync,1
鑫源风选粉碎机,sources,swan.getExtConfig,11
鑫源风选粉碎机,sinks,swan.setStorageSync,1
鑫源风选粉碎机,sinks,swan.request,11
鑫程祥翅片管散热器,sources,swan.input,3
鑫程祥翅片管散热器,sinks,swan.request,3
鑫顾健身器材厂家,sources,swan.getStorageSync,1
鑫顾健身器材厂家,sources,swan.getExtConfig,10
鑫顾健身器材厂家,sinks,swan.setStorageSync,1
鑫顾健身器材厂家,sinks,swan.request,10
鑫顾折叠倒立凳,sources,swan.getStorageSync,1
鑫顾折叠倒立凳,sources,swan.getExtConfig,10
鑫顾折叠倒立凳,sinks,swan.setStorageSync,1
鑫顾折叠倒立凳,sinks,swan.request,10
鑫顾速度球支架,sources,swan.getStorageSync,1
鑫顾速度球支架,sources,swan.getExtConfig,10
鑫顾速度球支架,sinks,swan.setStorageSync,1
鑫顾速度球支架,sinks,swan.request,10
钰航三角形计算器,sources,swan.getStorageSync,1
钰航三角形计算器,sinks,swan.setStorageSync,1
钰航历史,sources,swan.getStorageSync,1
钰航历史,sinks,swan.request,1
钻瓜专利文献查询,sources,swan.getStorageSync,1
钻瓜专利文献查询,sources,swan.input,1
钻瓜专利文献查询,sinks,swan.setStorageSync,1
钻瓜专利文献查询,sinks,swan.request,1
锅小圈,sources,swan.getLocation,13
锅小圈,sources,swan.input,4
锅小圈,sources,swan.getSystemInfoSync,4
锅小圈,sources,swan.chooseImage,3
锅小圈,sinks,swan.setStorage,23
锅小圈,sinks,swan.uploadFile,1
锐观智能广告机,sources,swan.getExtConfig,3
锐观智能广告机,sources,swan.chooseImage,1
锐观智能广告机,sources,swan.getStorageSync,5
锐观智能广告机,sources,swan.getUserInfo,1
锐观智能广告机,sinks,swan.removeStorageSync,2
锐观智能广告机,sinks,swan.setStorageSync,5
锐观智能广告机,sinks,swan.request,2
锐观智能广告机,sinks,swan.uploadFile,1
长春一番外语培训学校有限公司,sources,swan.getSystemInfoSync,1
长春一番外语培训学校有限公司,sinks,swan.setStorage,1
长春力登维科技产业有限公司,sources,swan.getSystemInfoSync,1
长春力登维科技产业有限公司,sinks,swan.setStorage,1
长春售德防水堵漏公司,sources,swan.getStorageSync,2
长春售德防水堵漏公司,sinks,swan.setStorageSync,2
长春安鑫开锁,sources,swan.getLocation,13
长春安鑫开锁,sources,swan.input,4
长春安鑫开锁,sources,swan.getSystemInfoSync,4
长春安鑫开锁,sources,swan.chooseImage,3
长春安鑫开锁,sinks,swan.setStorage,23
长春安鑫开锁,sinks,swan.uploadFile,1
长春市稻盛客餐饮管理有限公司,sources,swan.getSystemInfoSync,1
长春市稻盛客餐饮管理有限公司,sinks,swan.setStorage,1
长春维用反渗透设备公司,sources,swan.input,1
长春维用反渗透设备公司,sources,swan.getStorageSync,1
长春维用反渗透设备公司,sources,swan.getExtConfig,1
长春维用反渗透设备公司,sinks,swan.request,3
长汀福养老院,sources,swan.getExtConfig,11
长汀福养老院,sinks,swan.request,11
长沙代客网络科技有限公司,sources,swan.getSystemInfoSync,1
长沙代客网络科技有限公司,sinks,swan.setStorage,1
长沙董董董扔瓶子,sources,swan.getLocation,1
长沙董董董扔瓶子,sinks,swan.setStorageSync,1
长沙豆子信息技术有限公司,sources,swan.getSystemInfoSync,1
长沙豆子信息技术有限公司,sinks,swan.setStorage,1
长沙郎迪斯海鲜池,sources,swan.input,3
长沙郎迪斯海鲜池,sinks,swan.request,3
长沙银剑典当汽车抵押,sources,swan.input,9
长沙银剑典当汽车抵押,sinks,swan.request,9
长赢刺槐,sources,swan.getStorageSync,1
长赢刺槐,sources,swan.getExtConfig,14
长赢刺槐,sinks,swan.setStorageSync,1
长赢刺槐,sinks,swan.request,14
问答库,sources,swan.getStorageSync,5
问答库,sources,swan.input,1
问答库,sinks,swan.request,6
阳光华远混凝土输送地泵,sources,swan.input,1
阳光华远混凝土输送地泵,sources,swan.getStorageSync,1
阳光华远混凝土输送地泵,sources,swan.getExtConfig,1
阳光华远混凝土输送地泵,sinks,swan.request,3
阳光华远滚丝机,sources,swan.input,1
阳光华远滚丝机,sources,swan.getStorageSync,1
阳光华远滚丝机,sources,swan.getExtConfig,1
阳光华远滚丝机,sinks,swan.request,3
阿贺海淘,sources,swan.getExtConfig,1
阿贺海淘,sinks,swan.setClipboardData,1
陶瓷信息网,sources,swan.getStorageSync,2
陶瓷信息网,sinks,swan.request,2
随你带商贸网,sources,swan.input,14
随你带商贸网,sources,swan.getStorageSync,11
随你带商贸网,sinks,swan.request,17
随你带商贸网,sinks,swan.addPhoneContact,5
随你带商贸网,sinks,swan.setStorageSync,3
雅方家庭教育,sources,swan.getUserInfo,2
雅方家庭教育,sources,swan.getStorageSync,1
雅方家庭教育,sinks,swan.request,2
雅方家庭教育,sinks,swan.setStorageSync,1
雅曼工作服定制,sources,swan.getExtConfig,25
雅曼工作服定制,sinks,swan.request,25
雉水麒麟阁,sources,swan.getStorageSync,477
雉水麒麟阁,sources,swan.getLocation,10
雉水麒麟阁,sources,swan.getExtConfigSync,2
雉水麒麟阁,sources,swan.chooseImage,9
雉水麒麟阁,sources,swan.getSystemInfoSync,3
雉水麒麟阁,sources,swan.input,9
雉水麒麟阁,sources,swan.downloadFile,1
雉水麒麟阁,sources,swan.getUserInfo,1
雉水麒麟阁,sinks,swan.request,299
雉水麒麟阁,sinks,swan.setStorageSync,198
雉水麒麟阁,sinks,swan.uploadFile,13
雉水麒麟阁,sinks,swan.saveImageToPhotosAlbum,1
雉水麒麟阁,sinks,swan.setStorage,1
雨兰嵌缝膏,sources,swan.getStorageSync,1
雨兰嵌缝膏,sources,swan.getExtConfig,10
雨兰嵌缝膏,sinks,swan.setStorageSync,1
雨兰嵌缝膏,sinks,swan.request,10
雨奈何富硒小店,sources,swan.getStorageSync,3
雨奈何富硒小店,sinks,swan.setStorageSync,2
雨奈何富硒小店,sinks,swan.request,1
青霜古藤茶,sources,swan.getStorageSync,131
青霜古藤茶,sources,swan.getExtConfigSync,186
青霜古藤茶,sources,swan.getLocation,2
青霜古藤茶,sinks,swan.request,303
青霜古藤茶,sinks,swan.setClipboardData,7
青霜古藤茶,sinks,swan.setStorageSync,7
青霜古藤茶,sinks,swan.uploadFile,2
青麦播谷,sources,swan.getSystemInfoSync,1
青麦播谷,sinks,swan.setStorage,1
韩启福建化妆品有限公司,sources,swan.getSystemInfoSync,1
韩启福建化妆品有限公司,sinks,swan.setStorage,1
韩联汽修,sources,swan.getExtConfig,1
韩联汽修,sinks,swan.setClipboardData,1
韵云阁,sources,swan.input,3
韵云阁,sources,swan.getStorageSync,3
韵云阁,sources,swan.chooseImage,1
韵云阁,sinks,swan.request,6
韵云阁,sinks,swan.uploadFile,1
顾会计公司注册,sources,swan.getSystemInfoSync,1
顾会计公司注册,sources,swan.getStorageSync,4
顾会计公司注册,sources,swan.getLocation,2
顾会计公司注册,sources,swan.chooseImage,3
顾会计公司注册,sources,swan.input,1
顾会计公司注册,sources,swan.getImageInfo,1
顾会计公司注册,sinks,swan.setStorageSync,2
顾会计公司注册,sinks,swan.request,4
顾会计公司注册,sinks,swan.uploadFile,3
顾会计公司注册,sinks,swan.setStorage,2
顾会计公司注册,sinks,swan.saveImageToPhotosAlbum,1
顾特服上海贸易有限公司,sources,swan.getSystemInfoSync,1
顾特服上海贸易有限公司,sinks,swan.setStorage,1
颛和,sources,swan.getExtConfig,1
颛和,sinks,swan.setClipboardData,1
颜美容护肤,sources,swan.getStorageSync,2
颜美容护肤,sinks,swan.setStorageSync,2
魔盒大玩家,sources,swan.getStorageSync,2
魔盒大玩家,sources,swan.chooseImage,1
魔盒大玩家,sinks,swan.request,3
鱼多多钢材,sources,swan.getStorageSync,2
鱼多多钢材,sinks,swan.setStorageSync,2
鱼群含义查,sources,swan.getStorageSync,1
鱼群含义查,sinks,swan.setStorageSync,1
鸿烁滚子链条,sources,swan.getStorageSync,1
鸿烁滚子链条,sources,swan.getExtConfig,10
鸿烁滚子链条,sinks,swan.setStorageSync,1
鸿烁滚子链条,sinks,swan.request,10
黄龙观,sources,swan.getStorageSync,12
黄龙观,sources,swan.input,56
黄龙观,sources,swan.getExtConfig,1
黄龙观,sinks,swan.setStorageSync,2
黄龙观,sinks,swan.request,67
黑派互联网科技,sources,swan.getStorageSync,27
黑派互联网科技,sources,swan.getSystemInfoSync,1
黑派互联网科技,sources,swan.input,12
黑派互联网科技,sources,swan.getStorage,5
黑派互联网科技,sources,swan.getLocation,1
黑派互联网科技,sources,swan.chooseImage,1
黑派互联网科技,sinks,swan.request,42
黑派互联网科技,sinks,swan.setStorageSync,4
黑派互联网科技,sinks,swan.uploadFile,1
黑龙江趣韩旅游咨询有限公司,sources,swan.getSystemInfoSync,1
黑龙江趣韩旅游咨询有限公司,sinks,swan.setStorage,1
鼎泰盛杀菌锅厂家,sources,swan.getStorageSync,3
鼎泰盛杀菌锅厂家,sinks,swan.setStorageSync,2
鼎泰盛杀菌锅厂家,sinks,swan.request,1
龙府御桂园,sources,swan.getStorageSync,99
龙府御桂园,sources,swan.getExtConfig,4
龙府御桂园,sources,swan.input,11
龙府御桂园,sources,swan.chooseImage,1
龙府御桂园,sinks,swan.request,111
龙府御桂园,sinks,swan.setStorage,2
龙府御桂园,sinks,swan.uploadFile,2
125国际教育,sources,swan.getStorageSync,64
125国际教育,sources,swan.input,25
125国际教育,sinks,swan.request,82
125国际教育,sinks,swan.setStorage,7
2cshop跨境独立站,sources,swan.getStorageSync,3
2cshop跨境独立站,sinks,swan.setStorageSync,2
2cshop跨境独立站,sinks,swan.request,1
39度新房信息共享平台,sources,swan.getStorageSync,1
39度新房信息共享平台,sinks,swan.setStorageSync,1
39电商创业,sources,swan.input,1
39电商创业,sources,swan.getStorageSync,3
39电商创业,sinks,swan.request,4
56114物流查询,sources,swan.input,30
56114物流查询,sources,swan.getStorage,7
56114物流查询,sources,swan.getStorageInfoSync,2
56114物流查询,sources,swan.chooseImage,11
56114物流查询,sinks,swan.request,29
56114物流查询,sinks,swan.removeStorage,2
56114物流查询,sinks,swan.setStorage,3
56114物流查询,sinks,swan.saveFile,10
56114物流查询,sinks,swan.uploadFile,6
56快车,sources,swan.getStorage,10
56快车,sources,swan.input,28
56快车,sources,swan.chooseImage,6
56快车,sources,swan.getStorageInfoSync,1
56快车,sinks,swan.setStorage,3
56快车,sinks,swan.request,30
56快车,sinks,swan.saveFile,5
56快车,sinks,swan.uploadFile,6
56快车,sinks,swan.removeStorage,1
5季生活,sources,swan.getExtConfig,1
5季生活,sinks,swan.setClipboardData,1
72健身,sources,swan.input,1
72健身,sinks,swan.request,1
75派智能健康生活馆,sources,swan.getExtConfig,1
75派智能健康生活馆,sinks,swan.setClipboardData,1
A家家居,sources,swan.getSystemInfoSync,1
A家家居,sinks,swan.setStorage,1
beta国际教育,sources,swan.getExtConfig,1
beta国际教育,sinks,swan.setClipboardData,1
cIWT7oLziehoPFLvGujNd00ZagTDS2bt,sources,swan.getUserInfo,3
cIWT7oLziehoPFLvGujNd00ZagTDS2bt,sources,swan.getLocation,4
cIWT7oLziehoPFLvGujNd00ZagTDS2bt,sinks,swan.request,7
CMS模板网,sources,swan.getStorageSync,4
CMS模板网,sources,swan.getExtConfigSync,4
CMS模板网,sources,swan.downloadFile,1
CMS模板网,sinks,swan.setStorageSync,2
CMS模板网,sinks,swan.request,6
CMS模板网,sinks,swan.saveVideoToPhotosAlbum,1
DHL价格查询,sources,swan.getStorageSync,2
DHL价格查询,sinks,swan.setStorageSync,2
DHL快递,sources,swan.getStorageSync,2
DHL快递,sinks,swan.setStorageSync,2
DMS私人健身教练培训学校,sources,swan.input,1
DMS私人健身教练培训学校,sources,swan.getStorageSync,1
DMS私人健身教练培训学校,sources,swan.getExtConfig,1
DMS私人健身教练培训学校,sinks,swan.request,3
E座教育,sources,swan.getStorageSync,1
E座教育,sinks,swan.setStorageSync,1
e货运宠物托运,sources,swan.input,5
e货运宠物托运,sources,swan.getStorageSync,4
e货运宠物托运,sinks,swan.request,9
FBA头程运输,sources,swan.downloadFile,1
FBA头程运输,sources,swan.chooseImage,1
FBA头程运输,sinks,swan.saveFile,1
FBA头程运输,sinks,swan.uploadFile,1
FUN娱记,sources,swan.input,2
FUN娱记,sinks,swan.request,2
Go007城际分类,sources,swan.getSystemInfoSync,2
Go007城际分类,sources,swan.getStorageSync,36
Go007城际分类,sources,swan.getLocation,2
Go007城际分类,sources,swan.input,3
Go007城际分类,sources,swan.getStorage,12
Go007城际分类,sinks,swan.setStorageSync,2
Go007城际分类,sinks,swan.request,53
G宝盆健身模板,sources,swan.getExtConfig,10
G宝盆健身模板,sinks,swan.request,10
hellokid,sources,swan.input,2
hellokid,sinks,swan.request,2
HiShop海商电商软件,sources,swan.input,12
HiShop海商电商软件,sinks,swan.request,12
hlj事考辅导,sources,swan.downloadFile,1
hlj事考辅导,sinks,swan.saveFile,1
idHealth健康营养商城,sources,swan.getExtConfig,1
idHealth健康营养商城,sinks,swan.setClipboardData,1
OK旅行,sources,swan.getSystemInfoSync,1
OK旅行,sinks,swan.setStorage,1
PO146D9Pia1HBjWh5D1jaAXHqTKhhCSH,sources,swan.getSystemInfo,1
PO146D9Pia1HBjWh5D1jaAXHqTKhhCSH,sources,swan.getStorageSync,14
PO146D9Pia1HBjWh5D1jaAXHqTKhhCSH,sinks,swan.request,14
PO146D9Pia1HBjWh5D1jaAXHqTKhhCSH,sinks,swan.setStorageSync,1
Pyjob番禺人才招聘,sources,swan.getStorageSync,291
Pyjob番禺人才招聘,sources,swan.getStorage,3
Pyjob番禺人才招聘,sources,swan.chooseImage,2
Pyjob番禺人才招聘,sources,swan.input,55
Pyjob番禺人才招聘,sinks,swan.setStorageSync,1
Pyjob番禺人才招聘,sinks,swan.request,344
Pyjob番禺人才招聘,sinks,swan.setStorage,2
Pyjob番禺人才招聘,sinks,swan.uploadFile,4
SD电商网店美工设计服务,sources,swan.getStorageSync,2
SD电商网店美工设计服务,sinks,swan.setStorageSync,2
SINOFIT中健健身集团,sources,swan.getSystemInfoSync,1
SINOFIT中健健身集团,sinks,swan.setStorage,1
SSLL贵金属回收报价,sources,swan.getStorageSync,4
SSLL贵金属回收报价,sources,swan.getExtConfigSync,4
SSLL贵金属回收报价,sources,swan.downloadFile,1
SSLL贵金属回收报价,sinks,swan.setStorageSync,2
SSLL贵金属回收报价,sinks,swan.request,6
SSLL贵金属回收报价,sinks,swan.saveVideoToPhotosAlbum,1
sxmaps升学教育自考,sources,swan.getUserInfo,2
sxmaps升学教育自考,sources,swan.input,10
sxmaps升学教育自考,sinks,swan.request,12
WoShop电商系统,sources,swan.getStorageSync,2
WoShop电商系统,sinks,swan.setStorageSync,2
YB临港电商协会,sources,swan.getExtConfig,1
YB临港电商协会,sinks,swan.setClipboardData,1
Yhealth健康平台,sources,swan.getSystemInfo,2
Yhealth健康平台,sources,swan.getUserInfo,2
Yhealth健康平台,sources,swan.getStorageSync,2
Yhealth健康平台,sinks,swan.request,5
Yhealth健康平台,sinks,swan.setStorageSync,1
Yhealth健身运动,sources,swan.getSystemInfo,2
Yhealth健身运动,sources,swan.getUserInfo,2
Yhealth健身运动,sources,swan.getStorageSync,2
Yhealth健身运动,sinks,swan.request,5
Yhealth健身运动,sinks,swan.setStorageSync,1
ķĆ╗ĶŠæńŗŚ,sources,swan.getExtConfig,1
ķĆ╗ĶŠæńŗŚ,sinks,swan.setClipboardData,1
一凯电子标签拣货系统,sources,swan.getStorageSync,1
一凯电子标签拣货系统,sources,swan.getExtConfig,11
一凯电子标签拣货系统,sinks,swan.setStorageSync,1
一凯电子标签拣货系统,sinks,swan.request,11
一凯自动分拣系统,sources,swan.getStorageSync,1
一凯自动分拣系统,sources,swan.getExtConfig,10
一凯自动分拣系统,sinks,swan.setStorageSync,1
一凯自动分拣系统,sinks,swan.request,10
一心一木食品级密封塑料桶,sources,swan.getExtConfig,22
一心一木食品级密封塑料桶,sinks,swan.request,22
一画会,sources,swan.getExtConfig,1
一画会,sinks,swan.setClipboardData,1
一间科技,sources,swan.getStorageSync,4
一间科技,sinks,swan.request,4
七七星旅行出国彩虹攻略,sources,swan.getStorageSync,1
七七星旅行出国彩虹攻略,sinks,swan.setStorageSync,1
万能混流风机,sources,swan.getStorageSync,1
万能混流风机,sources,swan.getExtConfig,11
万能混流风机,sinks,swan.setStorageSync,1
万能混流风机,sinks,swan.request,11
万象大会,sources,swan.getStorage,5
万象大会,sinks,swan.request,5
万通水煎包锅,sources,swan.getStorageSync,1
万通水煎包锅,sources,swan.getExtConfig,14
万通水煎包锅,sinks,swan.setStorageSync,1
万通水煎包锅,sinks,swan.request,14
三合顺武汉片碱亚硫酸氢钠氯酸钠,sources,swan.input,1
三合顺武汉片碱亚硫酸氢钠氯酸钠,sources,swan.getStorageSync,1
三合顺武汉片碱亚硫酸氢钠氯酸钠,sources,swan.getExtConfig,1
三合顺武汉片碱亚硫酸氢钠氯酸钠,sinks,swan.request,3
三君娱乐,sources,swan.getStorageSync,1
三君娱乐,sinks,swan.request,1
三彩国际教育,sources,swan.getStorageSync,3
三彩国际教育,sinks,swan.setStorageSync,2
三彩国际教育,sinks,swan.request,1
上海万翠堂餐饮管理有限公司,sources,swan.getSystemInfoSync,1
上海万翠堂餐饮管理有限公司,sinks,swan.setStorage,1
上海三盛宏业投资集团,sources,swan.getSystemInfoSync,1
上海三盛宏业投资集团,sinks,swan.setStorage,1
上海上继科技,sources,swan.getSystemInfoSync,1
上海上继科技,sinks,swan.setStorage,1
上海云简软件科技有限公司,sources,swan.getSystemInfoSync,1
上海云简软件科技有限公司,sinks,swan.setStorage,1
上海互筑信息科技有限公司,sources,swan.getSystemInfoSync,1
上海互筑信息科技有限公司,sinks,swan.setStorage,1
上海互集建筑科技有限公司,sources,swan.getSystemInfoSync,1
上海互集建筑科技有限公司,sinks,swan.setStorage,1
上海假面信息科技有限公司,sources,swan.getSystemInfoSync,1
上海假面信息科技有限公司,sinks,swan.setStorage,1
上海凌立健康管理股份有限公司,sources,swan.getSystemInfoSync,1
上海凌立健康管理股份有限公司,sinks,swan.setStorage,1
上海协富注册公司,sources,swan.chooseImage,1
上海协富注册公司,sources,swan.downloadFile,1
上海协富注册公司,sinks,swan.uploadFile,1
上海协富注册公司,sinks,swan.saveFile,1
上海天泰餐饮服务有限公司,sources,swan.getSystemInfoSync,1
上海天泰餐饮服务有限公司,sinks,swan.setStorage,1
上海家化优选,sources,swan.getExtConfig,1
上海家化优选,sinks,swan.setClipboardData,1
上海新肌生物科技有限公司,sources,swan.getSystemInfoSync,1
上海新肌生物科技有限公司,sinks,swan.setStorage,1
上海桓津企业管理有限公司,sources,swan.getSystemInfoSync,1
上海桓津企业管理有限公司,sinks,swan.setStorage,1
上海江沪实业有限公司,sources,swan.getSystemInfoSync,1
上海江沪实业有限公司,sinks,swan.setStorage,1
上海泓济环保科技股份有限公司,sources,swan.getSystemInfoSync,1
上海泓济环保科技股份有限公司,sinks,swan.setStorage,1
上海洁环环保科技工程有限公司,sources,swan.getSystemInfoSync,1
上海洁环环保科技工程有限公司,sinks,swan.setStorage,1
上海洗霸科技股份有限公司,sources,swan.getSystemInfoSync,1
上海洗霸科技股份有限公司,sinks,swan.setStorage,1
上海爱虎网络科技有限公司,sources,swan.getSystemInfoSync,1
上海爱虎网络科技有限公司,sinks,swan.setStorage,1
上海美物健康管理咨询有限公司,sources,swan.getSystemInfoSync,1
上海美物健康管理咨询有限公司,sinks,swan.setStorage,1
上海致潇扫码价,sources,swan.getStorageSync,2
上海致潇扫码价,sinks,swan.setStorageSync,2
上海荣泰健康科技股份有限公司,sources,swan.getSystemInfoSync,1
上海荣泰健康科技股份有限公司,sinks,swan.setStorage,1
上海虎墙建筑工程有限公司,sources,swan.getSystemInfoSync,1
上海虎墙建筑工程有限公司,sinks,swan.setStorage,1
上海谐焕汽车租赁有限公司,sources,swan.getSystemInfoSync,1
上海谐焕汽车租赁有限公司,sinks,swan.setStorage,1
上海飞迅健身服务有限公司,sources,swan.getSystemInfoSync,1
上海飞迅健身服务有限公司,sinks,swan.setStorage,1
上海魂源文化传播有限公司,sources,swan.getSystemInfoSync,1
上海魂源文化传播有限公司,sinks,swan.setStorage,1
上继科技,sources,swan.getSystemInfoSync,1
上继科技,sinks,swan.setStorage,1
东体运动木地板,sources,swan.getExtConfig,3
东体运动木地板,sources,swan.chooseImage,1
东体运动木地板,sources,swan.getStorageSync,5
东体运动木地板,sources,swan.getUserInfo,1
东体运动木地板,sinks,swan.removeStorageSync,2
东体运动木地板,sinks,swan.setStorageSync,5
东体运动木地板,sinks,swan.request,2
东体运动木地板,sinks,swan.uploadFile,1
东体运动木地板价格,sources,swan.getExtConfig,3
东体运动木地板价格,sources,swan.chooseImage,1
东体运动木地板价格,sources,swan.getStorageSync,5
东体运动木地板价格,sources,swan.getUserInfo,1
东体运动木地板价格,sinks,swan.removeStorageSync,2
东体运动木地板价格,sinks,swan.setStorageSync,5
东体运动木地板价格,sinks,swan.request,2
东体运动木地板价格,sinks,swan.uploadFile,1
东奥运动木地板厂家,sources,swan.input,3
东奥运动木地板厂家,sinks,swan.request,3
东方日成策划,sources,swan.getStorageSync,3
东方日成策划,sinks,swan.setStorageSync,2
东方日成策划,sinks,swan.request,1
东方日成餐饮品牌设计,sources,swan.getStorageSync,3
东方日成餐饮品牌设计,sinks,swan.setStorageSync,2
东方日成餐饮品牌设计,sinks,swan.request,1
东莞市坚成电子科技有限公司,sources,swan.getSystemInfoSync,1
东莞市坚成电子科技有限公司,sinks,swan.setStorage,1
东莞市宝红机械五金有限公司,sources,swan.getSystemInfoSync,1
东莞市宝红机械五金有限公司,sinks,swan.setStorage,1
东莞市恒晟运动用品有限公司,sources,swan.getSystemInfoSync,1
东莞市恒晟运动用品有限公司,sinks,swan.setStorage,1
东莞市继伸机械设备有限公司,sources,swan.getSystemInfoSync,1
东莞市继伸机械设备有限公司,sinks,swan.setStorage,1
东莞超捷物流,sources,swan.getStorageSync,1
东莞超捷物流,sources,swan.getExtConfig,10
东莞超捷物流,sinks,swan.setStorageSync,1
东莞超捷物流,sinks,swan.request,10
东营还原清洗有限公司,sources,swan.getSystemInfoSync,1
东营还原清洗有限公司,sinks,swan.setStorage,1
个体户管家,sources,swan.getStorageSync,4
个体户管家,sources,swan.chooseImage,6
个体户管家,sources,swan.getLocation,1
个体户管家,sources,swan.chooseVideo,1
个体户管家,sinks,swan.request,5
个体户管家,sinks,swan.uploadFile,7
丫智电商,sources,swan.getUserInfo,1
丫智电商,sinks,swan.request,1
中保投资有限责任公司,sources,swan.getSystemInfoSync,1
中保投资有限责任公司,sinks,swan.setStorage,1
中呼通讯品牌,sources,swan.getSystemInfoSync,1
中呼通讯品牌,sinks,swan.setStorage,1
中国健康传媒集团有限公司,sources,swan.getSystemInfoSync,1
中国健康传媒集团有限公司,sinks,swan.setStorage,1
中康教育,sources,swan.getStorageSync,2
中康教育,sinks,swan.setStorageSync,2
中水化工氯酸钠次氯酸钠液碱厂家,sources,swan.getStorageSync,1
中水化工氯酸钠次氯酸钠液碱厂家,sources,swan.getExtConfig,11
中水化工氯酸钠次氯酸钠液碱厂家,sinks,swan.setStorageSync,1
中水化工氯酸钠次氯酸钠液碱厂家,sinks,swan.request,11
中海甲三号院,sources,swan.getSystemInfoSync,1
中海甲三号院,sinks,swan.setStorage,1
中爱产后恢复,sources,swan.getExtConfig,33
中爱产后恢复,sources,swan.getStorageSync,1
中爱产后恢复,sinks,swan.request,34
丰润仓储货梯厂房导轨升降货梯,sources,swan.getStorageSync,1
丰润仓储货梯厂房导轨升降货梯,sources,swan.getExtConfig,11
丰润仓储货梯厂房导轨升降货梯,sinks,swan.setStorageSync,1
丰润仓储货梯厂房导轨升降货梯,sinks,swan.request,11
义乌超捷物流,sources,swan.getStorageSync,1
义乌超捷物流,sources,swan.getExtConfig,10
义乌超捷物流,sinks,swan.setStorageSync,1
义乌超捷物流,sinks,swan.request,10
乌名见客奶茶,sources,swan.getSystemInfoSync,1
乌名见客奶茶,sinks,swan.setStorage,1
乐乎公寓,sources,swan.getStorageSync,3
乐乎公寓,sinks,swan.setStorageSync,2
乐乎公寓,sinks,swan.request,1
乐乐旅游攻略,sources,swan.getStorageSync,3
乐乐旅游攻略,sources,swan.input,1
乐乐旅游攻略,sinks,swan.setStorageSync,3
乐乐旅游攻略,sinks,swan.request,1
乐度友品,sources,swan.getStorageSync,1
乐度友品,sinks,swan.setStorageSync,1
九州醉餐饮平台,sources,swan.getSystemInfoSync,1
九州醉餐饮平台,sinks,swan.setStorage,1
九狐论文查重,sources,swan.downloadFile,1
九狐论文查重,sinks,swan.saveImageToPhotosAlbum,1
九狐门头设计,sources,swan.downloadFile,1
九狐门头设计,sources,swan.input,2
九狐门头设计,sinks,swan.saveImageToPhotosAlbum,1
九狐门头设计,sinks,swan.request,2
习园教育,sources,swan.getExtConfig,1
习园教育,sinks,swan.setClipboardData,1
买卖机械网,sources,swan.chooseImage,2
买卖机械网,sources,swan.getStorageSync,1
买卖机械网,sources,swan.downloadFile,1
买卖机械网,sinks,swan.uploadFile,2
买卖机械网,sinks,swan.setStorage,1
买卖机械网,sinks,swan.saveImageToPhotosAlbum,1
争冠体育器材,sources,swan.getExtConfig,1
争冠体育器材,sinks,swan.setClipboardData,1
云南壶客文化传播有限公司,sources,swan.getSystemInfoSync,1
云南壶客文化传播有限公司,sinks,swan.setStorage,1
云南老猴科技有限公司,sources,swan.getSystemInfoSync,1
云南老猴科技有限公司,sinks,swan.setStorage,1
云年检汽车年审,sources,swan.getStorageSync,30
云年检汽车年审,sources,swan.getLocation,2
云年检汽车年审,sources,swan.getImageInfo,1
云年检汽车年审,sources,swan.input,8
云年检汽车年审,sources,swan.chooseImage,1
云年检汽车年审,sinks,swan.request,38
云年检汽车年审,sinks,swan.uploadFile,2
云年检汽车年审,sinks,swan.setClipboardData,2
云时资本,sources,swan.getStorageSync,2
云时资本,sinks,swan.setStorageSync,2
云景品质北京餐饮管理有限公司,sources,swan.getSystemInfoSync,1
云景品质北京餐饮管理有限公司,sinks,swan.setStorage,1
云葫芦商标logo品牌设计,sources,swan.getStorageSync,61
云葫芦商标logo品牌设计,sources,swan.input,27
云葫芦商标logo品牌设计,sources,swan.chooseImage,2
云葫芦商标logo品牌设计,sinks,swan.request,81
云葫芦商标logo品牌设计,sinks,swan.uploadFile,5
云葫芦商标logo品牌设计,sinks,swan.setStorageSync,4
云葫芦商标查询注册,sources,swan.getStorageSync,62
云葫芦商标查询注册,sources,swan.input,41
云葫芦商标查询注册,sources,swan.chooseImage,2
云葫芦商标查询注册,sinks,swan.request,95
云葫芦商标查询注册,sinks,swan.setStorageSync,5
云葫芦商标查询注册,sinks,swan.uploadFile,5
云葫芦商标转让买卖平台,sources,swan.getStorageSync,61
云葫芦商标转让买卖平台,sources,swan.input,27
云葫芦商标转让买卖平台,sources,swan.chooseImage,2
云葫芦商标转让买卖平台,sinks,swan.request,81
云葫芦商标转让买卖平台,sinks,swan.uploadFile,5
云葫芦商标转让买卖平台,sinks,swan.setStorageSync,4
云货运营号,sources,swan.getSystemInfoSync,1
云货运营号,sinks,swan.setStorage,1
互佳网科技,sources,swan.getSystemInfoSync,1
互佳网科技,sinks,swan.setStorage,1
互盾手机数据恢复,sources,swan.getStorageSync,4
互盾手机数据恢复,sources,swan.input,2
互盾手机数据恢复,sources,swan.getSystemInfo,1
互盾手机数据恢复,sinks,swan.request,4
互盾手机数据恢复,sinks,swan.setStorageSync,3
五幺减肥,sources,swan.input,1
五幺减肥,sinks,swan.request,1
五弘线缆集团有限公司,sources,swan.getSystemInfoSync,1
五弘线缆集团有限公司,sinks,swan.setStorage,1
五桓科技多媒体互动,sources,swan.getStorageSync,12
五桓科技多媒体互动,sources,swan.input,56
五桓科技多媒体互动,sources,swan.getExtConfig,1
五桓科技多媒体互动,sinks,swan.setStorageSync,2
五桓科技多媒体互动,sinks,swan.request,67
亨谦健康管理,sources,swan.getStorageSync,101
亨谦健康管理,sources,swan.getLocation,4
亨谦健康管理,sources,swan.input,41
亨谦健康管理,sources,swan.getStorage,1
亨谦健康管理,sources,swan.chooseImage,5
亨谦健康管理,sources,swan.getSystemInfoSync,4
亨谦健康管理,sinks,swan.request,139
亨谦健康管理,sinks,swan.removeStorageSync,4
亨谦健康管理,sinks,swan.setStorageSync,5
亨谦健康管理,sinks,swan.uploadFile,6
亨谦健康管理,sinks,swan.setStorage,2
享换钻,sources,swan.getExtConfig,1
享换钻,sinks,swan.setClipboardData,1
京仪涡轮流量计,sources,swan.getStorageSync,14
京仪涡轮流量计,sinks,swan.request,12
京仪涡轮流量计,sinks,swan.setStorageSync,2
京艺堂舞台演出服务,sources,swan.getUserInfo,1
京艺堂舞台演出服务,sources,swan.getStorageSync,14
京艺堂舞台演出服务,sinks,swan.request,13
京艺堂舞台演出服务,sinks,swan.setStorageSync,2
亿快品牌营销,sources,swan.getStorageSync,1
亿快品牌营销,sources,swan.getExtConfig,1
亿快品牌营销,sinks,swan.request,2
企惠搜,sources,swan.getSystemInfoSync,1
企惠搜,sinks,swan.setStorage,1
伊法拉硅橡胶绝缘护套厂家,sources,swan.getExtConfig,24
伊法拉硅橡胶绝缘护套厂家,sinks,swan.request,24
众鑫顺物流,sources,swan.getStorage,1
众鑫顺物流,sources,swan.input,2
众鑫顺物流,sources,swan.downloadFile,3
众鑫顺物流,sources,swan.chooseImage,6
众鑫顺物流,sources,swan.getStorageSync,4
众鑫顺物流,sources,swan.getLocation,1
众鑫顺物流,sinks,swan.setStorage,2
众鑫顺物流,sinks,swan.request,4
众鑫顺物流,sinks,swan.saveImageToPhotosAlbum,3
众鑫顺物流,sinks,swan.uploadFile,4
众鑫顺物流,sinks,swan.setStorageSync,4
优享天下天津服务好旅行社,sources,swan.getExtConfig,18
优享天下天津服务好旅行社,sinks,swan.request,18
优文之家,sources,swan.input,1
优文之家,sinks,swan.request,1
佛山企划动力网站建设公司,sources,swan.getStorageSync,12
佛山企划动力网站建设公司,sources,swan.input,56
佛山企划动力网站建设公司,sources,swan.getExtConfig,1
佛山企划动力网站建设公司,sinks,swan.setStorageSync,2
佛山企划动力网站建设公司,sinks,swan.request,67
佛山市简茂厨卫有限公司,sources,swan.getSystemInfoSync,1
佛山市简茂厨卫有限公司,sinks,swan.setStorage,1
佳可特种纸,sources,swan.getStorageSync,28
佳可特种纸,sources,swan.input,12
佳可特种纸,sources,swan.chooseImage,1
佳可特种纸,sinks,swan.setStorageSync,38
佳可特种纸,sinks,swan.connectSocket,2
佳可特种纸,sinks,swan.uploadFile,1
佳寓健康,sources,swan.getStorageSync,1
佳寓健康,sources,swan.input,1
佳寓健康,sinks,swan.setStorageSync,1
佳寓健康,sinks,swan.request,1
佳点品牌策划,sources,swan.getSystemInfoSync,1
佳点品牌策划,sinks,swan.setStorage,1
佳缘云南旅游,sources,swan.getStorageSync,2
佳缘云南旅游,sinks,swan.setStorageSync,2
侯宗原风水,sources,swan.getStorageSync,1
侯宗原风水,sinks,swan.setStorageSync,1
保定中冀华达,sources,swan.input,2
保定中冀华达,sources,swan.getStorage,5
保定中冀华达,sinks,swan.setStorage,7
保驾护航装修,sources,swan.input,10
保驾护航装修,sinks,swan.request,10
信加信用帮手,sources,swan.getLocation,1
信加信用帮手,sinks,swan.request,1
信德铭浩天津监控安防弱电工程,sources,swan.getStorageSync,1
信德铭浩天津监控安防弱电工程,sources,swan.getExtConfig,18
信德铭浩天津监控安防弱电工程,sinks,swan.setStorageSync,1
信德铭浩天津监控安防弱电工程,sinks,swan.request,18
信誉通,sources,swan.getStorageSync,1
信誉通,sinks,swan.setStorageSync,1
傻子张大盘鸡总部,sources,swan.getUserInfo,1
傻子张大盘鸡总部,sources,swan.getStorageSync,26
傻子张大盘鸡总部,sources,swan.chooseImage,1
傻子张大盘鸡总部,sinks,swan.request,27
傻子张大盘鸡总部,sinks,swan.uploadFile,1
全脑教育,sources,swan.getSystemInfoSync,1
全脑教育,sinks,swan.setStorage,1
八百呼呼叫中心服务商,sources,swan.getStorageSync,1
八百呼呼叫中心服务商,sources,swan.getExtConfig,18
八百呼呼叫中心服务商,sinks,swan.setStorageSync,1
八百呼呼叫中心服务商,sinks,swan.request,18
六一美术教育,sources,swan.input,1
六一美术教育,sources,swan.getStorageSync,1
六一美术教育,sources,swan.getExtConfig,1
六一美术教育,sinks,swan.request,3
兴业经济研究咨询股份有限公司,sources,swan.getSystemInfoSync,1
兴业经济研究咨询股份有限公司,sinks,swan.setStorage,1
兴恒候车亭,sources,swan.input,1
兴恒候车亭,sources,swan.getStorageSync,1
兴恒候车亭,sources,swan.getExtConfig,1
兴恒候车亭,sinks,swan.request,3
典籍成都奢侈品回收名表回收,sources,swan.getStorageSync,2
典籍成都奢侈品回收名表回收,sinks,swan.setStorageSync,2
养花大全社区,sources,swan.getSystemInfo,7
养花大全社区,sources,swan.getStorage,7
养花大全社区,sources,swan.getStorageSync,47
养花大全社区,sources,swan.getImageInfo,1
养花大全社区,sources,swan.chooseImage,3
养花大全社区,sources,swan.chooseAddress,4
养花大全社区,sinks,swan.setStorageSync,3
养花大全社区,sinks,swan.request,60
养花大全社区,sinks,swan.uploadFile,6
兼职猫找工作赚钱,sources,swan.getStorageSync,4
兼职猫找工作赚钱,sources,swan.chooseImage,3
兼职猫找工作赚钱,sources,swan.getLocation,9
兼职猫找工作赚钱,sources,swan.input,5
兼职猫找工作赚钱,sinks,swan.request,15
兼职猫找工作赚钱,sinks,swan.uploadFile,3
兼职猫找工作赚钱,sinks,swan.setStorageSync,3
冬月养生馆,sources,swan.getStorageSync,2
冬月养生馆,sinks,swan.setStorageSync,2
冰浩站群泛目录教学,sources,swan.getStorageSync,2
冰浩站群泛目录教学,sinks,swan.setStorageSync,2
冰浩黑帽seo优化教学,sources,swan.getStorageSync,2
冰浩黑帽seo优化教学,sinks,swan.setStorageSync,2
减速电机网,sources,swan.getStorageSync,2
减速电机网,sinks,swan.setStorageSync,2
几米入北京教育科技有限公司,sources,swan.getSystemInfoSync,1
几米入北京教育科技有限公司,sinks,swan.setStorage,1
凤池人茶文化宜兴有限公司,sources,swan.getSystemInfoSync,1
凤池人茶文化宜兴有限公司,sinks,swan.setStorage,1
凯发体育,sources,swan.getStorageSync,2
凯发体育,sinks,swan.setStorageSync,2
分之道教育,sources,swan.getStorageSync,2
分之道教育,sinks,swan.setStorageSync,2
分之道教育机构,sources,swan.getStorageSync,2
分之道教育机构,sinks,swan.setStorageSync,2
划世纪教育集团,sources,swan.getStorageSync,1
划世纪教育集团,sources,swan.getStorage,2
划世纪教育集团,sinks,swan.setStorageSync,1
划世纪教育集团,sinks,swan.uploadFile,1
划世纪教育集团,sinks,swan.request,1
划世纪素质教育,sources,swan.getStorageSync,2
划世纪素质教育,sources,swan.input,1
划世纪素质教育,sinks,swan.setStorageSync,1
划世纪素质教育,sinks,swan.request,2
刘老师大健康营销培训,sources,swan.getStorageSync,2
刘老师大健康营销培训,sinks,swan.setStorageSync,2
创享加企业级直播,sources,swan.getExtConfig,1
创享加企业级直播,sinks,swan.setClipboardData,1
力昂健康科技北京有限公司,sources,swan.getSystemInfoSync,1
力昂健康科技北京有限公司,sinks,swan.setStorage,1
力特克混凝土密封固化剂,sources,swan.getExtConfigSync,2
力特克混凝土密封固化剂,sources,swan.getStorageSync,3
力特克混凝土密封固化剂,sources,swan.getSystemInfo,1
力特克混凝土密封固化剂,sinks,swan.request,2
力特克混凝土密封固化剂,sinks,swan.uploadFile,1
力特克混凝土密封固化剂,sinks,swan.setStorageSync,3
动动娱乐游戏电竞快讯,sources,swan.getStorageSync,1
动动娱乐游戏电竞快讯,sinks,swan.setStorageSync,1
化源网,sources,swan.getSystemInfo,1
化源网,sinks,swan.setStorageSync,1
北京A加画室,sources,swan.getSystemInfoSync,1
北京A加画室,sinks,swan.setStorage,1
北京云季科技有限公司,sources,swan.getSystemInfoSync,1
北京云季科技有限公司,sinks,swan.setStorage,1
北京云帆目视化,sources,swan.getStorageSync,2
北京云帆目视化,sinks,swan.setStorageSync,2
北京互融时代软件有限公司,sources,swan.getSystemInfoSync,1
北京互融时代软件有限公司,sinks,swan.setStorage,1
北京交换空间装饰有限公司,sources,swan.getSystemInfoSync,1
北京交换空间装饰有限公司,sinks,swan.setStorage,1
北京亮剑青少年学生军训夏令营,sources,swan.getStorageSync,1
北京亮剑青少年学生军训夏令营,sources,swan.getExtConfig,10
北京亮剑青少年学生军训夏令营,sinks,swan.setStorageSync,1
北京亮剑青少年学生军训夏令营,sinks,swan.request,10
北京众品有道餐饮管理有限公司,sources,swan.getSystemInfoSync,1
北京众品有道餐饮管理有限公司,sinks,swan.setStorage,1
北京健康宝,sources,swan.getStorageSync,83
北京健康宝,sources,swan.input,24
北京健康宝,sources,swan.getStorage,1
北京健康宝,sources,swan.getSystemInfo,1
北京健康宝,sources,swan.getSystemInfoSync,1
北京健康宝,sinks,swan.request,76
北京健康宝,sinks,swan.setStorageSync,32
北京健康宝,sinks,swan.setStorage,2
北京利君成虚拟仿真教学资源平台,sources,swan.getExtConfig,24
北京利君成虚拟仿真教学资源平台,sources,swan.getStorageSync,1
北京利君成虚拟仿真教学资源平台,sinks,swan.request,25
北京利君成虚拟仿真教学软件,sources,swan.getExtConfig,22
北京利君成虚拟仿真教学软件,sinks,swan.request,22
北京喜虾客餐饮管理有限公司,sources,swan.getSystemInfoSync,1
北京喜虾客餐饮管理有限公司,sinks,swan.setStorage,1
北京圣商教育科技股份有限公司,sources,swan.getSystemInfoSync,1
北京圣商教育科技股份有限公司,sinks,swan.setStorage,1
北京壹食一餐饮管理有限公司,sources,swan.getSystemInfoSync,1
北京壹食一餐饮管理有限公司,sinks,swan.setStorage,1
北京如风达快递有限公司,sources,swan.getSystemInfoSync,1
北京如风达快递有限公司,sinks,swan.setStorage,1
北京威沃世界娱乐科技有限公司,sources,swan.getSystemInfoSync,1
北京威沃世界娱乐科技有限公司,sinks,swan.setStorage,1
北京安怀信科技股份有限公司,sources,swan.getSystemInfoSync,1
北京安怀信科技股份有限公司,sinks,swan.setStorage,1
北京安行凯达国际旅行社有限公司,sources,swan.getSystemInfoSync,1
北京安行凯达国际旅行社有限公司,sinks,swan.setStorage,1
北京尚途国际旅行社股份有限公司,sources,swan.getSystemInfoSync,1
北京尚途国际旅行社股份有限公司,sinks,swan.setStorage,1
北京帆音瑜伽健身中心,sources,swan.getSystemInfoSync,1
北京帆音瑜伽健身中心,sinks,swan.setStorage,1
北京灿星时代娱乐传媒有限公司,sources,swan.getSystemInfoSync,1
北京灿星时代娱乐传媒有限公司,sinks,swan.setStorage,1
北京环球优路教育科技,sources,swan.getSystemInfoSync,1
北京环球优路教育科技,sinks,swan.setStorage,1
北京神舟国际旅行社集团有限公司,sources,swan.getSystemInfoSync,1
北京神舟国际旅行社集团有限公司,sinks,swan.setStorage,1
北京福荣健康管理有限公司,sources,swan.getSystemInfoSync,1
北京福荣健康管理有限公司,sinks,swan.setStorage,1
北京花嫁一品摄影工作室,sources,swan.getSystemInfoSync,1
北京花嫁一品摄影工作室,sinks,swan.setStorage,1
北京通,sources,swan.getStorageSync,1
北京通,sources,swan.getSystemInfoSync,2
北京通,sources,swan.getUserInfo,1
北京通,sinks,swan.setStorage,3
北京通,sinks,swan.setStorageSync,1
北京逸少餐饮有限公司,sources,swan.getSystemInfoSync,1
北京逸少餐饮有限公司,sinks,swan.setStorage,1
北京金英杰教育科技集团有限公司,sources,swan.getSystemInfoSync,1
北京金英杰教育科技集团有限公司,sinks,swan.setStorage,1
北京雅歌国际旅行社有限公司,sources,swan.getSystemInfoSync,1
北京雅歌国际旅行社有限公司,sinks,swan.setStorage,1
北京青年旅行社股份有限公司,sources,swan.getSystemInfoSync,1
北京青年旅行社股份有限公司,sinks,swan.setStorage,1
十三娘奶茶果茶气泡水,sources,swan.getStorageSync,1
十三娘奶茶果茶气泡水,sinks,swan.setStorageSync,1
十二木胸护招微商代理,sources,swan.input,1
十二木胸护招微商代理,sources,swan.getStorageSync,1
十二木胸护招微商代理,sources,swan.getExtConfig,2
十二木胸护招微商代理,sinks,swan.setStorageSync,1
十二木胸护招微商代理,sinks,swan.request,3
千岛湖水之旅湖景度假别墅,sources,swan.downloadFile,1
千岛湖水之旅湖景度假别墅,sources,swan.getStorageSync,3
千岛湖水之旅湖景度假别墅,sinks,swan.saveImageToPhotosAlbum,1
千岛湖水之旅湖景度假别墅,sinks,swan.setStorageSync,3
卉丰科技实业有限公司,sources,swan.getSystemInfoSync,1
卉丰科技实业有限公司,sinks,swan.setStorage,1
卉林虎皮鹦鹉,sources,swan.getStorageSync,1
卉林虎皮鹦鹉,sources,swan.getExtConfig,18
卉林虎皮鹦鹉,sinks,swan.setStorageSync,1
卉林虎皮鹦鹉,sinks,swan.request,18
卉林鹦鹉养殖,sources,swan.getStorageSync,1
卉林鹦鹉养殖,sources,swan.getExtConfig,28
卉林鹦鹉养殖,sinks,swan.setStorageSync,1
卉林鹦鹉养殖,sinks,swan.request,28
华体会,sources,swan.getStorageSync,2
华体会,sinks,swan.setStorageSync,2
华月轿车托运,sources,swan.getExtConfigSync,7
华月轿车托运,sources,swan.getUserInfo,29
华月轿车托运,sources,swan.getStorageSync,340
华月轿车托运,sources,swan.getStorage,115
华月轿车托运,sources,swan.getSystemInfo,1
华月轿车托运,sources,swan.chooseImage,14
华月轿车托运,sources,swan.chooseAddress,23
华月轿车托运,sources,swan.getLocation,17
华月轿车托运,sources,swan.input,12
华月轿车托运,sinks,swan.request,533
华月轿车托运,sinks,swan.setStorageSync,7
华月轿车托运,sinks,swan.uploadFile,17
华月轿车托运,sinks,swan.removeStorageSync,1
华械集团有限公司,sources,swan.getSystemInfoSync,1
华械集团有限公司,sinks,swan.setStorage,1
华自科技股份有限公司,sources,swan.getSystemInfoSync,1
华自科技股份有限公司,sinks,swan.setStorage,1
华荣科技股份有限公司,sources,swan.getSystemInfoSync,1
华荣科技股份有限公司,sinks,swan.setStorage,1
华诚芝麻灰,sources,swan.getStorageSync,1
华诚芝麻灰,sources,swan.getExtConfig,18
华诚芝麻灰,sinks,swan.setStorageSync,1
华诚芝麻灰,sinks,swan.request,18
南京佳一软件有限公司,sources,swan.getSystemInfoSync,1
南京佳一软件有限公司,sinks,swan.setStorage,1
南京品世餐饮管理有限公司,sources,swan.getSystemInfoSync,1
南京品世餐饮管理有限公司,sinks,swan.setStorage,1
南京宁鉴机动车价格评估有限公司,sources,swan.getSystemInfoSync,1
南京宁鉴机动车价格评估有限公司,sinks,swan.setStorage,1
南京市栖霞区泉成健身俱乐部,sources,swan.getSystemInfoSync,1
南京市栖霞区泉成健身俱乐部,sinks,swan.setStorage,1
南京晨商箕食品有限公司,sources,swan.getSystemInfoSync,1
南京晨商箕食品有限公司,sinks,swan.setStorage,1
南京胡老师教育信息咨询有限公司,sources,swan.getSystemInfoSync,1
南京胡老师教育信息咨询有限公司,sinks,swan.setStorage,1
南方优品大健康,sources,swan.getExtConfig,1
南方优品大健康,sinks,swan.setClipboardData,1
南昌慧盈代理记账公司注册,sources,swan.getStorageSync,2
南昌慧盈代理记账公司注册,sinks,swan.setStorageSync,2
博承教育,sources,swan.getSystemInfoSync,1
博承教育,sinks,swan.setStorage,1
卡奇娱乐资讯,sources,swan.getStorageSync,2
卡奇娱乐资讯,sinks,swan.setStorageSync,2
厦门旺速达空运,sources,swan.getExtConfig,9
厦门旺速达空运,sinks,swan.request,9
厦门燕旺达急件航空物流托运公司,sources,swan.getExtConfig,10
厦门燕旺达急件航空物流托运公司,sinks,swan.request,10
厦门绘聚科技有限公司,sources,swan.getSystemInfoSync,1
厦门绘聚科技有限公司,sinks,swan.setStorage,1
厦门美食快充餐饮管理有限公司,sources,swan.getSystemInfoSync,1
厦门美食快充餐饮管理有限公司,sinks,swan.setStorage,1
厦门行王床头换布,sources,swan.getExtConfig,9
厦门行王床头换布,sinks,swan.request,9
厦门行王沙发换布,sources,swan.getExtConfig,10
厦门行王沙发换布,sinks,swan.request,10
厦门行王沙发换皮,sources,swan.getExtConfig,10
厦门行王沙发换皮,sinks,swan.request,10
厦门行王沙发翻新换皮,sources,swan.getExtConfig,9
厦门行王沙发翻新换皮,sinks,swan.request,9
厦门行王餐椅换布,sources,swan.getExtConfig,11
厦门行王餐椅换布,sinks,swan.request,11
厦门金龙旅行车有限公司,sources,swan.getSystemInfoSync,1
厦门金龙旅行车有限公司,sinks,swan.setStorage,1
及修管道疏通,sources,swan.getUserInfo,2
及修管道疏通,sources,swan.getExtConfigSync,319
及修管道疏通,sources,swan.getStorageSync,7
及修管道疏通,sources,swan.chooseAddress,1
及修管道疏通,sources,swan.getImageInfo,2
及修管道疏通,sinks,swan.request,323
及修管道疏通,sinks,swan.saveImageToPhotosAlbum,2
及修管道疏通,sinks,swan.uploadFile,6
及用管道疏通,sources,swan.getUserInfo,2
及用管道疏通,sources,swan.getExtConfigSync,319
及用管道疏通,sources,swan.getStorageSync,7
及用管道疏通,sources,swan.chooseAddress,1
及用管道疏通,sources,swan.getImageInfo,2
及用管道疏通,sinks,swan.request,323
及用管道疏通,sinks,swan.saveImageToPhotosAlbum,2
及用管道疏通,sinks,swan.uploadFile,6
友林紫穗槐,sources,swan.getExtConfigSync,10
友林紫穗槐,sources,swan.getStorageSync,1
友林紫穗槐,sinks,swan.request,11
合肥徽度网络科技有限公司,sources,swan.getSystemInfoSync,1
合肥徽度网络科技有限公司,sinks,swan.setStorage,1
吉仕科技酒店,sources,swan.getLocation,3
吉仕科技酒店,sources,swan.getStorageSync,7
吉仕科技酒店,sources,swan.chooseImage,1
吉仕科技酒店,sources,swan.getUserInfo,2
吉仕科技酒店,sinks,swan.setStorageSync,3
吉仕科技酒店,sinks,swan.request,9
吉仕科技酒店,sinks,swan.uploadFile,1
吉命八字感情运,sources,swan.input,1
吉命八字感情运,sources,swan.getStorageSync,15
吉命八字感情运,sinks,swan.setStorageSync,16
吉命八字精批,sources,swan.input,1
吉命八字精批,sources,swan.getStorageSync,15
吉命八字精批,sinks,swan.setStorageSync,16
吉姆玛特健身器材,sources,swan.input,7
吉姆玛特健身器材,sources,swan.getStorageSync,34
吉姆玛特健身器材,sinks,swan.request,32
吉姆玛特健身器材,sinks,swan.setStorageSync,9
同宏电脑提花机,sources,swan.getStorageSync,1
同宏电脑提花机,sources,swan.getExtConfig,10
同宏电脑提花机,sinks,swan.setStorageSync,1
同宏电脑提花机,sinks,swan.request,10
同心科教教学仪器用品,sources,swan.chooseImage,1
同心科教教学仪器用品,sinks,swan.uploadFile,1
同溢堂北京健康科技有限公司,sources,swan.getSystemInfoSync,1
同溢堂北京健康科技有限公司,sinks,swan.setStorage,1
名菓娃娃鸡,sources,swan.getExtConfig,22
名菓娃娃鸡,sinks,swan.request,22
后生集团有限公司,sources,swan.getSystemInfoSync,1
后生集团有限公司,sinks,swan.setStorage,1
君鼎氩弧焊培训,sources,swan.getStorageSync,1
君鼎氩弧焊培训,sources,swan.getExtConfig,14
君鼎氩弧焊培训,sinks,swan.setStorageSync,1
君鼎氩弧焊培训,sinks,swan.request,14
呼呼旅游,sources,swan.getExtConfigSync,2
呼呼旅游,sources,swan.getStorageSync,3
呼呼旅游,sources,swan.getSystemInfo,1
呼呼旅游,sinks,swan.request,2
呼呼旅游,sinks,swan.uploadFile,1
呼呼旅游,sinks,swan.setStorageSync,3
呼市顺溜搬家公司,sources,swan.getSystemInfo,1
呼市顺溜搬家公司,sources,swan.chooseImage,1
呼市顺溜搬家公司,sources,swan.getUserInfo,4
呼市顺溜搬家公司,sources,swan.downloadFile,1
呼市顺溜搬家公司,sinks,swan.setStorageSync,5
呼市顺溜搬家公司,sinks,swan.uploadFile,1
呼市顺溜搬家公司,sinks,swan.saveImageToPhotosAlbum,1
品思作品集培训,sources,swan.getStorageSync,1
品思作品集培训,sources,swan.input,10
品思作品集培训,sinks,swan.setStorageSync,1
品思作品集培训,sinks,swan.request,10
品思国际艺术留学,sources,swan.getStorageSync,1
品思国际艺术留学,sources,swan.input,10
品思国际艺术留学,sinks,swan.setStorageSync,1
品思国际艺术留学,sinks,swan.request,10
品极文化,sources,swan.getStorageSync,28
品极文化,sources,swan.input,12
品极文化,sources,swan.chooseImage,1
品极文化,sinks,swan.setStorageSync,38
品极文化,sinks,swan.connectSocket,2
品极文化,sinks,swan.uploadFile,1
哈尔滨万桓幼儿园设计,sources,swan.getStorageSync,2
哈尔滨万桓幼儿园设计,sinks,swan.setStorageSync,2
唐山润驰,sources,swan.getStorageSync,3
唐山润驰,sinks,swan.setStorageSync,2
唐山润驰,sinks,swan.request,1
商业经济研究杂志社,sources,swan.getSystemInfoSync,1
商业经济研究杂志社,sinks,swan.setStorage,1
商洛仁爱在线咨询,sources,swan.getStorageSync,1
商洛仁爱在线咨询,sources,swan.getExtConfig,1
商洛仁爱在线咨询,sinks,swan.request,2
商洛仁爱在线客服,sources,swan.input,1
商洛仁爱在线客服,sources,swan.getStorageSync,1
商洛仁爱在线客服,sources,swan.getExtConfig,1
商洛仁爱在线客服,sinks,swan.request,3
善志连锁餐饮品牌策划,sources,swan.input,1
善志连锁餐饮品牌策划,sources,swan.getStorageSync,1
善志连锁餐饮品牌策划,sources,swan.getExtConfig,1
善志连锁餐饮品牌策划,sinks,swan.request,3
喜鼎餐饮管理有限公司,sources,swan.getSystemInfoSync,1
喜鼎餐饮管理有限公司,sinks,swan.setStorage,1
嗨走旅行,sources,swan.getStorageSync,153
嗨走旅行,sources,swan.getLocation,4
嗨走旅行,sources,swan.chooseImage,2
嗨走旅行,sinks,swan.request,144
嗨走旅行,sinks,swan.setStorageSync,6
嗨走旅行,sinks,swan.uploadFile,8
嗨走旅行,sinks,swan.setStorage,1
嘉上传媒大连全网推广,sources,swan.input,1
嘉上传媒大连全网推广,sources,swan.getExtConfig,5
嘉上传媒大连全网推广,sinks,swan.request,6
嘉立创,sources,swan.getSystemInfoSync,1
嘉立创,sinks,swan.setStorage,1
四季健康优选,sources,swan.getExtConfig,1
四季健康优选,sinks,swan.setClipboardData,1
四季耕品,sources,swan.getSystemInfoSync,1
四季耕品,sinks,swan.setStorage,1
四季领先,sources,swan.getExtConfig,1
四季领先,sinks,swan.setClipboardData,1
四川三牦记餐饮管理有限公司,sources,swan.getSystemInfoSync,1
四川三牦记餐饮管理有限公司,sinks,swan.setStorage,1
四川世红生物技术有限公司,sources,swan.getSystemInfoSync,1
四川世红生物技术有限公司,sinks,swan.setStorage,1
四川叶婆婆餐饮管理服务有限公司,sources,swan.getSystemInfoSync,1
四川叶婆婆餐饮管理服务有限公司,sinks,swan.setStorage,1
四川唐记煌餐饮服务有限公司,sources,swan.getSystemInfoSync,1
四川唐记煌餐饮服务有限公司,sinks,swan.setStorage,1
四川四时斋餐饮管理有限公司,sources,swan.getSystemInfoSync,1
四川四时斋餐饮管理有限公司,sinks,swan.setStorage,1
四川开心猫餐饮管理有限公司,sources,swan.getSystemInfoSync,1
四川开心猫餐饮管理有限公司,sinks,swan.setStorage,1
四川易莱客餐饮管理有限公司,sources,swan.getSystemInfoSync,1
四川易莱客餐饮管理有限公司,sinks,swan.setStorage,1
四川玖奇餐饮管理有限公司,sources,swan.getSystemInfoSync,1
四川玖奇餐饮管理有限公司,sinks,swan.setStorage,1
四川盆派餐饮管理有限公司,sources,swan.getSystemInfoSync,1
四川盆派餐饮管理有限公司,sinks,swan.setStorage,1
四川西科餐饮管理服务有限公司,sources,swan.getSystemInfoSync,1
四川西科餐饮管理服务有限公司,sinks,swan.setStorage,1
四川餐创餐饮管理有限公司,sources,swan.getSystemInfoSync,1
四川餐创餐饮管理有限公司,sinks,swan.setStorage,1
团宴网5星婚宴酒店,sources,swan.getStorageSync,1
团宴网5星婚宴酒店,sinks,swan.request,1
团油一键加油,sources,swan.getStorageSync,29
团油一键加油,sources,swan.getUserInfo,4
团油一键加油,sources,swan.getLocation,1
团油一键加油,sinks,swan.request,28
团油一键加油,sinks,swan.setStorage,4
团油一键加油,sinks,swan.setStorageSync,2
固威混凝土增强剂,sources,swan.input,3
固威混凝土增强剂,sinks,swan.request,3
土火,sources,swan.getSystemInfoSync,1
土火,sinks,swan.setStorage,1
圣原健康产业有限公司,sources,swan.getSystemInfoSync,1
圣原健康产业有限公司,sinks,swan.setStorage,1
圣春冀暖散热器有限公司,sources,swan.getSystemInfoSync,1
圣春冀暖散热器有限公司,sinks,swan.setStorage,1
坤宝合成树脂瓦价格,sources,swan.getStorageSync,2
坤宝合成树脂瓦价格,sinks,swan.setStorageSync,2
基茵美,sources,swan.getStorageSync,2
基茵美,sinks,swan.setStorageSync,2
墨迹台风,sources,swan.getUserInfo,1
墨迹台风,sinks,swan.request,1
壹玖,sources,swan.getLocation,4
壹玖,sources,swan.chooseImage,5
壹玖,sources,swan.chooseAddress,3
壹玖,sources,swan.input,8
壹玖,sources,swan.getStorage,2
壹玖,sinks,swan.setStorage,4
壹玖,sinks,swan.uploadFile,2
壹玖,sinks,swan.request,16
外贸电商雨果网,sources,swan.getSystemInfoSync,1
外贸电商雨果网,sinks,swan.setStorage,1
多乐士墙面焕新服务,sources,swan.getStorageSync,3
多乐士墙面焕新服务,sinks,swan.setStorageSync,2
多乐士墙面焕新服务,sinks,swan.request,1
多季风尚,sources,swan.getExtConfig,1
多季风尚,sinks,swan.setClipboardData,1
多端单餐厅演示版,sources,swan.getUserInfo,2
多端单餐厅演示版,sources,swan.getExtConfigSync,372
多端单餐厅演示版,sources,swan.getStorageSync,23
多端单餐厅演示版,sources,swan.getLocation,3
多端单餐厅演示版,sources,swan.chooseImage,5
多端单餐厅演示版,sources,swan.chooseAddress,1
多端单餐厅演示版,sources,swan.getImageInfo,2
多端单餐厅演示版,sinks,swan.request,386
多端单餐厅演示版,sinks,swan.setStorageSync,11
多端单餐厅演示版,sinks,swan.uploadFile,9
多端单餐厅演示版,sinks,swan.saveImageToPhotosAlbum,2
大众点评,sources,swan.getStorageSync,7
大众点评,sources,swan.chooseImage,1
大众点评,sinks,swan.setStorage,1
大众点评,sinks,swan.setStorageSync,4
大众点评,sinks,swan.request,2
大众点评,sinks,swan.uploadFile,1
大圣双螺旋锥形混合机,sources,swan.getStorageSync,2
大圣双螺旋锥形混合机,sources,swan.getExtConfig,13
大圣双螺旋锥形混合机,sinks,swan.setStorageSync,1
大圣双螺旋锥形混合机,sinks,swan.request,14
大宇教育集团,sources,swan.getStorageSync,1
大宇教育集团,sinks,swan.setStorageSync,1
大庆百呼百应呼叫服务外包,sources,swan.getSystemInfoSync,1
大庆百呼百应呼叫服务外包,sinks,swan.setStorage,1
大洸安防监控设备,sources,swan.getStorageSync,12
大洸安防监控设备,sources,swan.input,56
大洸安防监控设备,sources,swan.getExtConfig,1
大洸安防监控设备,sinks,swan.setStorageSync,2
大洸安防监控设备,sinks,swan.request,67
大连市济园仿真植物有限公司,sources,swan.getSystemInfoSync,1
大连市济园仿真植物有限公司,sinks,swan.setStorage,1
天宇佳蓝教育,sources,swan.getStorageSync,5
天宇佳蓝教育,sources,swan.input,1
天宇佳蓝教育,sinks,swan.request,6
天津兴邦耐候板,sources,swan.getStorageSync,1
天津兴邦耐候板,sources,swan.getExtConfig,11
天津兴邦耐候板,sinks,swan.setStorageSync,1
天津兴邦耐候板,sinks,swan.request,11
天津品质旅行社,sources,swan.getExtConfig,19
天津品质旅行社,sinks,swan.request,19
天津市一正换热设备有限公司,sources,swan.getSystemInfoSync,1
天津市一正换热设备有限公司,sinks,swan.setStorage,1
天津市大亚国际旅行社有限公司,sources,swan.getSystemInfoSync,1
天津市大亚国际旅行社有限公司,sinks,swan.setStorage,1
天茂湖,sources,swan.getStorageSync,99
天茂湖,sources,swan.getExtConfig,1
天茂湖,sources,swan.input,11
天茂湖,sources,swan.chooseImage,1
天茂湖,sinks,swan.request,109
天茂湖,sinks,swan.setStorage,1
天茂湖,sinks,swan.uploadFile,2
天越液压升降机升降平台货梯厂家,sources,swan.getStorageSync,2
天越液压升降机升降平台货梯厂家,sinks,swan.setStorageSync,2
天造地设健康米商城,sources,swan.getExtConfig,1
天造地设健康米商城,sinks,swan.setClipboardData,1
天龟教育,sources,swan.getSystemInfoSync,1
天龟教育,sinks,swan.setStorage,1
夫尔寄宿,sources,swan.input,1
夫尔寄宿,sinks,swan.request,1
央际教育,sources,swan.getSystemInfoSync,1
央际教育,sinks,swan.setStorage,1
奇侠物流,sources,swan.getStorage,1
奇侠物流,sources,swan.input,2
奇侠物流,sources,swan.downloadFile,3
奇侠物流,sources,swan.chooseImage,6
奇侠物流,sources,swan.getStorageSync,4
奇侠物流,sources,swan.getLocation,1
奇侠物流,sinks,swan.setStorage,2
奇侠物流,sinks,swan.request,4
奇侠物流,sinks,swan.saveImageToPhotosAlbum,3
奇侠物流,sinks,swan.uploadFile,4
奇侠物流,sinks,swan.setStorageSync,4
奇幻之旅国际旅行社,sources,swan.getSystemInfoSync,1
奇幻之旅国际旅行社,sinks,swan.setStorage,1
奇茗冠荒地红茶,sources,swan.getExtConfig,1
奇茗冠荒地红茶,sinks,swan.setClipboardData,1
奇迹树中国区运营中心,sources,swan.getSystemInfoSync,1
奇迹树中国区运营中心,sinks,swan.setStorage,1
奇迹树代理商,sources,swan.getSystemInfoSync,1
奇迹树代理商,sinks,swan.setStorage,1
奢表烩,sources,swan.getExtConfig,1
奢表烩,sinks,swan.setClipboardData,1
奥登健康旗舰店,sources,swan.getExtConfig,1
奥登健康旗舰店,sinks,swan.setClipboardData,1
妍集生活,sources,swan.getExtConfig,1
妍集生活,sinks,swan.setClipboardData,1
婚小法,sources,swan.getStorageSync,6
婚小法,sources,swan.getNetworkType,2
婚小法,sinks,swan.setStorageSync,5
婚小法,sinks,swan.request,3
媚狐丝袜推荐,sources,swan.getStorageSync,1
媚狐丝袜推荐,sinks,swan.setStorageSync,1
子昂健康全球购商城,sources,swan.getExtConfig,1
子昂健康全球购商城,sinks,swan.setClipboardData,1
学梯教育,sources,swan.input,2
学梯教育,sinks,swan.request,2
宁夏银川仲检水质食品检测中心,sources,swan.getStorageSync,1
宁夏银川仲检水质食品检测中心,sources,swan.getExtConfig,20
宁夏银川仲检水质食品检测中心,sinks,swan.setStorageSync,1
宁夏银川仲检水质食品检测中心,sinks,swan.request,20
宁波威迪斯健身有限公司,sources,swan.getSystemInfoSync,1
宁波威迪斯健身有限公司,sinks,swan.setStorage,1
安哥国际拓客,sources,swan.getStorageSync,2
安哥国际拓客,sinks,swan.setStorageSync,2
安国京福华大健康,sources,swan.getStorageSync,525
安国京福华大健康,sources,swan.getLocation,4
安国京福华大健康,sources,swan.input,38
安国京福华大健康,sources,swan.getStorage,1
安国京福华大健康,sources,swan.chooseImage,5
安国京福华大健康,sources,swan.getSystemInfoSync,4
安国京福华大健康,sinks,swan.request,555
安国京福华大健康,sinks,swan.removeStorageSync,4
安国京福华大健康,sinks,swan.setStorageSync,5
安国京福华大健康,sinks,swan.uploadFile,11
安国京福华大健康,sinks,swan.setStorage,2
安徽一毛餐饮管理有限公司,sources,swan.getSystemInfoSync,1
安徽一毛餐饮管理有限公司,sinks,swan.setStorage,1
安徽冠群教材教学服务有限公司,sources,swan.getSystemInfoSync,1
安徽冠群教材教学服务有限公司,sinks,swan.setStorage,1
安徽幻露生生物科技有限公司,sources,swan.getSystemInfoSync,1
安徽幻露生生物科技有限公司,sinks,swan.setStorage,1
安徽淮开电器设备有限公司,sources,swan.getSystemInfoSync,1
安徽淮开电器设备有限公司,sinks,swan.setStorage,1
安徽灰格文化传媒有限公司,sources,swan.getSystemInfoSync,1
安徽灰格文化传媒有限公司,sinks,swan.setStorage,1
安徽电子科学研究所,sources,swan.getSystemInfoSync,1
安徽电子科学研究所,sinks,swan.setStorage,1
安徽省赛车运动协会,sources,swan.getSystemInfoSync,1
安徽省赛车运动协会,sinks,swan.setStorage,1
安徽精彩智膳餐饮管理有限公司,sources,swan.getSystemInfoSync,1
安徽精彩智膳餐饮管理有限公司,sinks,swan.setStorage,1
安水庆贸易电商,sources,swan.getStorageSync,2
安水庆贸易电商,sinks,swan.setStorageSync,2
安福公司级莆田鞋厂家,sources,swan.input,1
安福公司级莆田鞋厂家,sources,swan.getStorageSync,1
安福公司级莆田鞋厂家,sources,swan.getExtConfig,1
安福公司级莆田鞋厂家,sinks,swan.request,3
宏启财务,sources,swan.getSystemInfoSync,1
宏启财务,sinks,swan.setStorage,1
宏展教育,sources,swan.getStorageSync,2
宏展教育,sinks,swan.setStorageSync,2
宏鸿农产品集团有限公司,sources,swan.getSystemInfoSync,1
宏鸿农产品集团有限公司,sinks,swan.setStorage,1
实素塑新贸易电商,sources,swan.getStorageSync,2
实素塑新贸易电商,sinks,swan.setStorageSync,2
家急修家电维修,sources,swan.getUserInfo,1
家急修家电维修,sources,swan.getStorageSync,2
家急修家电维修,sinks,swan.request,3
家急送深圳救护车出租,sources,swan.getStorageSync,2
家急送深圳救护车出租,sinks,swan.setStorageSync,2
富利来旅行社,sources,swan.getStorage,1
富利来旅行社,sources,swan.input,2
富利来旅行社,sources,swan.downloadFile,3
富利来旅行社,sources,swan.chooseImage,6
富利来旅行社,sources,swan.getStorageSync,4
富利来旅行社,sources,swan.getLocation,1
富利来旅行社,sinks,swan.setStorage,2
富利来旅行社,sinks,swan.request,4
富利来旅行社,sinks,swan.saveImageToPhotosAlbum,3
富利来旅行社,sinks,swan.uploadFile,4
富利来旅行社,sinks,swan.setStorageSync,4
寻宝记,sources,swan.getExtConfig,1
寻宝记,sinks,swan.setClipboardData,1
小佳饮食健康管理,sources,swan.chooseImage,2
小佳饮食健康管理,sinks,swan.uploadFile,2
小姚国内整车运输,sources,swan.getStorageSync,1
小姚国内整车运输,sources,swan.getExtConfig,10
小姚国内整车运输,sinks,swan.setStorageSync,1
小姚国内整车运输,sinks,swan.request,10
小度智选商城,sources,swan.getStorageSync,5
小度智选商城,sources,swan.input,5
小度智选商城,sources,swan.chooseImage,1
小度智选商城,sources,swan.getStorage,6
小度智选商城,sources,swan.downloadFile,1
小度智选商城,sources,swan.getFileInfo,1
小度智选商城,sinks,swan.setStorageSync,11
小度智选商城,sinks,swan.request,2
小度智选商城,sinks,swan.uploadFile,1
小度智选商城,sinks,swan.setStorage,4
小度智选商城,sinks,swan.saveFile,1
小柔北京健康科技有限公司,sources,swan.getSystemInfoSync,1
小柔北京健康科技有限公司,sinks,swan.setStorage,1
小留教育,sources,swan.getSystemInfoSync,1
小留教育,sinks,swan.setStorage,1
小白说娱乐,sources,swan.getStorageSync,1
小白说娱乐,sinks,swan.setStorageSync,1
小米云天津落户咨询,sources,swan.chooseImage,1
小米云天津落户咨询,sources,swan.getUserInfo,4
小米云天津落户咨询,sinks,swan.uploadFile,1
小米云天津落户咨询,sinks,swan.setStorageSync,4
小蓝便笺,sources,swan.getStorage,10
小蓝便笺,sinks,swan.setStorage,9
小蓝便笺,sinks,swan.removeStorage,1
小达吃喝美食,sources,swan.input,1
小达吃喝美食,sinks,swan.request,1
尚品宅配设计家,sources,swan.chooseImage,1
尚品宅配设计家,sources,swan.getStorageSync,1
尚品宅配设计家,sinks,swan.uploadFile,1
尚品宅配设计家,sinks,swan.setStorageSync,1
尚硅谷教育,sources,swan.getSystemInfoSync,1
尚硅谷教育,sinks,swan.setStorage,1
尤溪居家装饰及工艺品,sources,swan.getStorageSync,525
尤溪居家装饰及工艺品,sources,swan.getLocation,4
尤溪居家装饰及工艺品,sources,swan.input,38
尤溪居家装饰及工艺品,sources,swan.getStorage,1
尤溪居家装饰及工艺品,sources,swan.chooseImage,5
尤溪居家装饰及工艺品,sources,swan.getSystemInfoSync,4
尤溪居家装饰及工艺品,sinks,swan.request,555
尤溪居家装饰及工艺品,sinks,swan.removeStorageSync,4
尤溪居家装饰及工艺品,sinks,swan.setStorageSync,5
尤溪居家装饰及工艺品,sinks,swan.uploadFile,11
尤溪居家装饰及工艺品,sinks,swan.setStorage,2
展大人美博会时间表,sources,swan.getStorageSync,1
展大人美博会时间表,sinks,swan.setStorageSync,1
属猴LOGO设计,sources,swan.getSystemInfoSync,1
属猴LOGO设计,sinks,swan.setStorage,1
山东东灿仓储设备有限公司店铺,sources,swan.getUserInfo,1
山东东灿仓储设备有限公司店铺,sources,swan.getLocation,5
山东东灿仓储设备有限公司店铺,sources,swan.chooseImage,2
山东东灿仓储设备有限公司店铺,sources,swan.chooseAddress,5
山东东灿仓储设备有限公司店铺,sources,swan.input,10
山东东灿仓储设备有限公司店铺,sources,swan.getSystemInfoSync,1
山东东灿仓储设备有限公司店铺,sources,swan.getStorageSync,24
山东东灿仓储设备有限公司店铺,sinks,swan.request,25
山东东灿仓储设备有限公司店铺,sinks,swan.uploadFile,2
山东东灿仓储设备有限公司店铺,sinks,swan.setStorageSync,21
山东以肉为魂餐饮管理有限公司,sources,swan.getSystemInfoSync,1
山东以肉为魂餐饮管理有限公司,sinks,swan.setStorage,1
山东友大热熔划线机,sources,swan.getExtConfig,25
山东友大热熔划线机,sources,swan.getStorageSync,1
山东友大热熔划线机,sinks,swan.request,26
山东大胡子运动器材有限公司,sources,swan.getSystemInfoSync,1
山东大胡子运动器材有限公司,sinks,swan.setStorage,1
山东奥信德健身器材有限公司,sources,swan.getSystemInfoSync,1
山东奥信德健身器材有限公司,sinks,swan.setStorage,1
山东山住餐饮管理有限公司,sources,swan.getSystemInfoSync,1
山东山住餐饮管理有限公司,sinks,swan.setStorage,1
山东慈惠仁健康科技有限公司,sources,swan.getSystemInfoSync,1
山东慈惠仁健康科技有限公司,sinks,swan.setStorage,1
山东新中国际旅行社,sources,swan.getExtConfig,2
山东新中国际旅行社,sources,swan.downloadFile,1
山东新中国际旅行社,sinks,swan.setStorageSync,1
山东新中国际旅行社,sinks,swan.saveImageToPhotosAlbum,1
山东新中国际旅行社,sinks,swan.request,1
山东正阳堂健康管理有限公司,sources,swan.getSystemInfoSync,1
山东正阳堂健康管理有限公司,sinks,swan.setStorage,1
山东汇祥健身器材有限公司,sources,swan.getSystemInfoSync,1
山东汇祥健身器材有限公司,sinks,swan.setStorage,1
山东烤夫王餐饮管理有限公司,sources,swan.getSystemInfoSync,1
山东烤夫王餐饮管理有限公司,sinks,swan.setStorage,1
山东环科环保科技,sources,swan.getStorageSync,28
山东环科环保科技,sources,swan.input,12
山东环科环保科技,sources,swan.chooseImage,1
山东环科环保科技,sinks,swan.setStorageSync,38
山东环科环保科技,sinks,swan.connectSocket,2
山东环科环保科技,sinks,swan.uploadFile,1
山东省教育招生考试院,sources,swan.getSystemInfo,1
山东省教育招生考试院,sinks,swan.setStorage,1
山东艾格伦健身科技有限公司,sources,swan.getSystemInfoSync,1
山东艾格伦健身科技有限公司,sinks,swan.setStorage,1
山东花果山一群猴电子商务,sources,swan.getSystemInfoSync,1
山东花果山一群猴电子商务,sinks,swan.setStorage,1
山东高机工业机械有限公司,sources,swan.getSystemInfoSync,1
山东高机工业机械有限公司,sinks,swan.setStorage,1
山之茶tea,sources,swan.getExtConfig,1
山之茶tea,sinks,swan.setClipboardData,1
山西天之脊旅游景区开发有限公司,sources,swan.getSystemInfoSync,1
山西天之脊旅游景区开发有限公司,sinks,swan.setStorage,1
山西金修教育总部,sources,swan.getStorageSync,2
山西金修教育总部,sinks,swan.setStorageSync,2
川姐紫穗槐小苗,sources,swan.getExtConfig,19
川姐紫穗槐小苗,sinks,swan.request,19
州桥及汴河遗址考古研学示范基地,sources,swan.getStorageSync,31
州桥及汴河遗址考古研学示范基地,sources,swan.input,15
州桥及汴河遗址考古研学示范基地,sources,swan.chooseImage,2
州桥及汴河遗址考古研学示范基地,sources,swan.downloadFile,1
州桥及汴河遗址考古研学示范基地,sinks,swan.request,46
州桥及汴河遗址考古研学示范基地,sinks,swan.uploadFile,2
州桥及汴河遗址考古研学示范基地,sinks,swan.saveImageToPhotosAlbum,1
工活万彩,sources,swan.getStorage,1
工活万彩,sources,swan.getStorageSync,3
工活万彩,sinks,swan.setStorage,1
工活万彩,sinks,swan.request,3
巴彦淖尔市布衣候粥道馆,sources,swan.getStorageSync,529
巴彦淖尔市布衣候粥道馆,sources,swan.getLocation,5
巴彦淖尔市布衣候粥道馆,sources,swan.input,38
巴彦淖尔市布衣候粥道馆,sources,swan.getStorage,1
巴彦淖尔市布衣候粥道馆,sources,swan.chooseImage,5
巴彦淖尔市布衣候粥道馆,sources,swan.getSystemInfoSync,4
巴彦淖尔市布衣候粥道馆,sinks,swan.request,560
巴彦淖尔市布衣候粥道馆,sinks,swan.removeStorageSync,4
巴彦淖尔市布衣候粥道馆,sinks,swan.setStorageSync,5
巴彦淖尔市布衣候粥道馆,sinks,swan.uploadFile,11
巴彦淖尔市布衣候粥道馆,sinks,swan.setStorage,2
帮服务,sources,swan.getStorageSync,12
帮服务,sources,swan.input,56
帮服务,sources,swan.getExtConfig,1
帮服务,sinks,swan.setStorageSync,2
帮服务,sinks,swan.request,67
幸福呼吸,sources,swan.getExtConfig,1
幸福呼吸,sinks,swan.setClipboardData,1
幻影星空,sources,swan.getSystemInfoSync,1
幻影星空,sinks,swan.setStorage,1
广东家乐餐饮管理连锁有限公司,sources,swan.getSystemInfoSync,1
广东家乐餐饮管理连锁有限公司,sinks,swan.setStorage,1
广东星辉天拓互动娱乐有限公司,sources,swan.getSystemInfoSync,1
广东星辉天拓互动娱乐有限公司,sinks,swan.setStorage,1
广东未来企业形象策划有限公司,sources,swan.getStorageSync,2
广东未来企业形象策划有限公司,sinks,swan.setStorageSync,2
广东省教育考试院,sources,swan.input,2
广东省教育考试院,sinks,swan.request,2
广州互零网络科技有限公司,sources,swan.getSystemInfoSync,1
广州互零网络科技有限公司,sinks,swan.setStorage,1
广州味满多餐饮企业管理有限公司,sources,swan.getSystemInfoSync,1
广州味满多餐饮企业管理有限公司,sinks,swan.setStorage,1
广州市包道餐饮管理服务有限公司,sources,swan.getSystemInfoSync,1
广州市包道餐饮管理服务有限公司,sinks,swan.setStorage,1
广州捷驾信息科技有限公司,sources,swan.getSystemInfoSync,1
广州捷驾信息科技有限公司,sinks,swan.setStorage,1
广州政欢贸易,sources,swan.getUserInfo,2
广州政欢贸易,sources,swan.getExtConfigSync,87
广州政欢贸易,sources,swan.getStorageSync,7
广州政欢贸易,sources,swan.chooseAddress,1
广州政欢贸易,sources,swan.getImageInfo,2
广州政欢贸易,sinks,swan.request,95
广州政欢贸易,sinks,swan.saveImageToPhotosAlbum,2
广州政欢贸易,sinks,swan.uploadFile,2
广州政欢贸易店,sources,swan.getStorageSync,2
广州政欢贸易店,sinks,swan.setStorageSync,2
广州欢哥智能家具有限公司,sources,swan.getSystemInfoSync,1
广州欢哥智能家具有限公司,sinks,swan.setStorage,1
广州浩可贸易新电商,sources,swan.getStorageSync,2
广州浩可贸易新电商,sinks,swan.setStorageSync,2
广州玛尚健康科技股份有限公司,sources,swan.getSystemInfoSync,1
广州玛尚健康科技股份有限公司,sinks,swan.setStorage,1
广州现代信息技术学校,sources,swan.getStorageSync,12
广州现代信息技术学校,sources,swan.input,56
广州现代信息技术学校,sources,swan.getExtConfig,1
广州现代信息技术学校,sinks,swan.setStorageSync,2
广州现代信息技术学校,sinks,swan.request,67
广州玺越大健康,sources,swan.getStorageSync,533
广州玺越大健康,sources,swan.getLocation,4
广州玺越大健康,sources,swan.input,38
广州玺越大健康,sources,swan.getStorage,1
广州玺越大健康,sources,swan.chooseImage,5
广州玺越大健康,sources,swan.getSystemInfoSync,4
广州玺越大健康,sinks,swan.request,563
广州玺越大健康,sinks,swan.removeStorageSync,4
广州玺越大健康,sinks,swan.setStorageSync,5
广州玺越大健康,sinks,swan.uploadFile,11
广州玺越大健康,sinks,swan.setStorage,2
广州维汝堂营养健康咨询有限公司,sources,swan.getSystemInfoSync,1
广州维汝堂营养健康咨询有限公司,sinks,swan.setStorage,1
广州虎超网络科技有限公司,sources,swan.getSystemInfoSync,1
广州虎超网络科技有限公司,sinks,swan.setStorage,1
广州长悦雷克萨斯,sources,swan.input,2
广州长悦雷克萨斯,sources,swan.getStorage,5
广州长悦雷克萨斯,sinks,swan.setStorage,7
广州鸿德国际,sources,swan.getSystemInfoSync,1
广州鸿德国际,sinks,swan.setStorage,1
广御健康商城,sources,swan.getExtConfig,1
广御健康商城,sinks,swan.setClipboardData,1
广西小才狐智能科技有限公司,sources,swan.getStorageSync,2
广西小才狐智能科技有限公司,sinks,swan.setStorageSync,2
庐山旅游网,sources,swan.getStorageSync,2
庐山旅游网,sinks,swan.setStorageSync,2
康享荟健康商城,sources,swan.getExtConfig,1
康享荟健康商城,sinks,swan.setClipboardData,1
康佩思节能技术上海有限公司,sources,swan.getSystemInfoSync,1
康佩思节能技术上海有限公司,sinks,swan.setStorage,1
廊坊同力管夹制造有限公司,sources,swan.getSystemInfoSync,1
廊坊同力管夹制造有限公司,sinks,swan.setStorage,1
建国干粉混合机,sources,swan.getStorageSync,1
建国干粉混合机,sources,swan.getExtConfig,11
建国干粉混合机,sinks,swan.setStorageSync,1
建国干粉混合机,sinks,swan.request,11
建筑爬架网,sources,swan.getStorageSync,2
建筑爬架网,sinks,swan.setStorageSync,2
建鑫药材收获机,sources,swan.input,3
建鑫药材收获机,sinks,swan.request,3
开化县杜康茶业有限公司,sources,swan.getStorageSync,403
开化县杜康茶业有限公司,sources,swan.getLocation,10
开化县杜康茶业有限公司,sources,swan.getExtConfigSync,2
开化县杜康茶业有限公司,sources,swan.chooseImage,5
开化县杜康茶业有限公司,sources,swan.getSystemInfoSync,3
开化县杜康茶业有限公司,sources,swan.input,5
开化县杜康茶业有限公司,sinks,swan.request,224
开化县杜康茶业有限公司,sinks,swan.setStorageSync,196
开化县杜康茶业有限公司,sinks,swan.uploadFile,7
开化县杜康茶业有限公司,sinks,swan.setStorage,1
开锐教育,sources,swan.getStorageSync,2
开锐教育,sinks,swan.setStorageSync,2
弘仓科技苏州有限公司,sources,swan.getSystemInfoSync,1
弘仓科技苏州有限公司,sinks,swan.setStorage,1
张家界中国国际旅行社有限公司,sources,swan.getSystemInfoSync,1
张家界中国国际旅行社有限公司,sinks,swan.setStorage,1
张家界中国旅行社股份有限公司,sources,swan.getSystemInfoSync,1
张家界中国旅行社股份有限公司,sinks,swan.setStorage,1
徐州春华健身器材有限公司,sources,swan.getSystemInfoSync,1
徐州春华健身器材有限公司,sinks,swan.setStorage,1
徐州艺欢商贸,sources,swan.getStorageSync,2
徐州艺欢商贸,sinks,swan.setStorageSync,2
微丞相社交内容电商,sources,swan.input,1
微丞相社交内容电商,sources,swan.getStorageSync,1
微丞相社交内容电商,sources,swan.getExtConfig,1
微丞相社交内容电商,sinks,swan.request,3
微弧氧化电源绿保,sources,swan.getExtConfig,25
微弧氧化电源绿保,sources,swan.getStorageSync,1
微弧氧化电源绿保,sinks,swan.request,26
微搜天下5G地道湘菜美食指南,sources,swan.getStorageSync,477
微搜天下5G地道湘菜美食指南,sources,swan.getLocation,10
微搜天下5G地道湘菜美食指南,sources,swan.getExtConfigSync,2
微搜天下5G地道湘菜美食指南,sources,swan.chooseImage,9
微搜天下5G地道湘菜美食指南,sources,swan.getSystemInfoSync,3
微搜天下5G地道湘菜美食指南,sources,swan.input,9
微搜天下5G地道湘菜美食指南,sources,swan.downloadFile,1
微搜天下5G地道湘菜美食指南,sinks,swan.request,298
微搜天下5G地道湘菜美食指南,sinks,swan.setStorageSync,198
微搜天下5G地道湘菜美食指南,sinks,swan.uploadFile,13
微搜天下5G地道湘菜美食指南,sinks,swan.saveImageToPhotosAlbum,1
微搜天下5G地道湘菜美食指南,sinks,swan.setStorage,1
微搜天下美航5G健身,sources,swan.getStorageSync,477
微搜天下美航5G健身,sources,swan.getLocation,10
微搜天下美航5G健身,sources,swan.getExtConfigSync,2
微搜天下美航5G健身,sources,swan.chooseImage,9
微搜天下美航5G健身,sources,swan.getSystemInfoSync,3
微搜天下美航5G健身,sources,swan.input,5
微搜天下美航5G健身,sources,swan.downloadFile,1
微搜天下美航5G健身,sources,swan.getUserInfo,1
微搜天下美航5G健身,sinks,swan.request,295
微搜天下美航5G健身,sinks,swan.setStorageSync,198
微搜天下美航5G健身,sinks,swan.uploadFile,13
微搜天下美航5G健身,sinks,swan.saveImageToPhotosAlbum,1
微搜天下美航5G健身,sinks,swan.setStorage,1
微活苏州科技有限公司,sources,swan.getSystemInfoSync,1
微活苏州科技有限公司,sinks,swan.setStorage,1
微盟智慧餐厅运营社,sources,swan.getSystemInfoSync,1
微盟智慧餐厅运营社,sources,swan.getStorageSync,4
微盟智慧餐厅运营社,sources,swan.getLocation,2
微盟智慧餐厅运营社,sources,swan.chooseImage,3
微盟智慧餐厅运营社,sources,swan.input,1
微盟智慧餐厅运营社,sources,swan.getImageInfo,1
微盟智慧餐厅运营社,sinks,swan.setStorageSync,2
微盟智慧餐厅运营社,sinks,swan.request,4
微盟智慧餐厅运营社,sinks,swan.uploadFile,3
微盟智慧餐厅运营社,sinks,swan.setStorage,2
微盟智慧餐厅运营社,sinks,swan.saveImageToPhotosAlbum,1
微订花,sources,swan.getExtConfig,1
微订花,sinks,swan.setClipboardData,1
微镖局社交电商分销积分系统开发,sources,swan.getUserInfo,2
微镖局社交电商分销积分系统开发,sources,swan.getExtConfigSync,328
微镖局社交电商分销积分系统开发,sources,swan.getStorageSync,6
微镖局社交电商分销积分系统开发,sources,swan.chooseAddress,1
微镖局社交电商分销积分系统开发,sources,swan.getImageInfo,2
微镖局社交电商分销积分系统开发,sinks,swan.request,331
微镖局社交电商分销积分系统开发,sinks,swan.saveImageToPhotosAlbum,2
微镖局社交电商分销积分系统开发,sinks,swan.uploadFile,6
微镖局社交电商外包代运营团队,sources,swan.getUserInfo,2
微镖局社交电商外包代运营团队,sources,swan.getExtConfigSync,102
微镖局社交电商外包代运营团队,sources,swan.getStorageSync,6
微镖局社交电商外包代运营团队,sources,swan.chooseAddress,1
微镖局社交电商外包代运营团队,sources,swan.getImageInfo,2
微镖局社交电商外包代运营团队,sinks,swan.request,109
微镖局社交电商外包代运营团队,sinks,swan.saveImageToPhotosAlbum,2
微镖局社交电商外包代运营团队,sinks,swan.uploadFile,2
微镖局社交电商平台软件系统开发,sources,swan.getUserInfo,2
微镖局社交电商平台软件系统开发,sources,swan.getExtConfigSync,328
微镖局社交电商平台软件系统开发,sources,swan.getStorageSync,6
微镖局社交电商平台软件系统开发,sources,swan.chooseAddress,1
微镖局社交电商平台软件系统开发,sources,swan.getImageInfo,2
微镖局社交电商平台软件系统开发,sinks,swan.request,331
微镖局社交电商平台软件系统开发,sinks,swan.saveImageToPhotosAlbum,2
微镖局社交电商平台软件系统开发,sinks,swan.uploadFile,6
微镖局社交电商模式分析设计公司,sources,swan.getUserInfo,2
微镖局社交电商模式分析设计公司,sources,swan.getExtConfigSync,102
微镖局社交电商模式分析设计公司,sources,swan.getStorageSync,6
微镖局社交电商模式分析设计公司,sources,swan.chooseAddress,1
微镖局社交电商模式分析设计公司,sources,swan.getImageInfo,2
微镖局社交电商模式分析设计公司,sinks,swan.request,109
微镖局社交电商模式分析设计公司,sinks,swan.saveImageToPhotosAlbum,2
微镖局社交电商模式分析设计公司,sinks,swan.uploadFile,2
微镖局社交电商系统源码开发公司,sources,swan.getUserInfo,2
微镖局社交电商系统源码开发公司,sources,swan.getExtConfigSync,102
微镖局社交电商系统源码开发公司,sources,swan.getStorageSync,6
微镖局社交电商系统源码开发公司,sources,swan.chooseAddress,1
微镖局社交电商系统源码开发公司,sources,swan.getImageInfo,2
微镖局社交电商系统源码开发公司,sinks,swan.request,109
微镖局社交电商系统源码开发公司,sinks,swan.saveImageToPhotosAlbum,2
微镖局社交电商系统源码开发公司,sinks,swan.uploadFile,2
德厚胶带厂家,sources,swan.getStorageSync,1
德厚胶带厂家,sources,swan.getExtConfig,12
德厚胶带厂家,sinks,swan.setStorageSync,1
德厚胶带厂家,sinks,swan.request,12
德州蓝江环保材料有限公司,sources,swan.getUserInfo,1
德州蓝江环保材料有限公司,sources,swan.getLocation,5
德州蓝江环保材料有限公司,sources,swan.chooseImage,2
德州蓝江环保材料有限公司,sources,swan.chooseAddress,5
德州蓝江环保材料有限公司,sources,swan.input,10
德州蓝江环保材料有限公司,sources,swan.getSystemInfoSync,1
德州蓝江环保材料有限公司,sources,swan.getStorageSync,24
德州蓝江环保材料有限公司,sinks,swan.request,25
德州蓝江环保材料有限公司,sinks,swan.uploadFile,2
德州蓝江环保材料有限公司,sinks,swan.setStorageSync,21
德美汇,sources,swan.getStorageSync,2
德美汇,sinks,swan.setStorageSync,2
徽婿,sources,swan.getStorageSync,2
徽婿,sinks,swan.request,2
徽字号,sources,swan.getExtConfig,1
徽字号,sinks,swan.setClipboardData,1
心之初特殊教育培训学校,sources,swan.getExtConfig,29
心之初特殊教育培训学校,sources,swan.input,1
心之初特殊教育培训学校,sources,swan.getStorageSync,1
心之初特殊教育培训学校,sinks,swan.request,31
快画,sources,swan.input,45
快画,sources,swan.chooseImage,3
快画,sources,swan.getStorageSync,11
快画,sources,swan.downloadFile,4
快画,sinks,swan.request,53
快画,sinks,swan.uploadFile,4
快画,sinks,swan.saveImageToPhotosAlbum,4
快画,sinks,swan.setStorageSync,2
急塑健身小店,sources,swan.getStorageSync,3
急塑健身小店,sinks,swan.setStorageSync,2
急塑健身小店,sinks,swan.request,1
恒义沙棘网,sources,swan.getSystemInfoSync,2
恒义沙棘网,sources,swan.getStorageSync,294
恒义沙棘网,sources,swan.getExtConfig,1
恒义沙棘网,sources,swan.getLocation,12
恒义沙棘网,sources,swan.input,36
恒义沙棘网,sources,swan.downloadFile,3
恒义沙棘网,sources,swan.chooseAddress,5
恒义沙棘网,sources,swan.getUserInfo,12
恒义沙棘网,sources,swan.chooseImage,5
恒义沙棘网,sinks,swan.request,331
恒义沙棘网,sinks,swan.setStorageSync,31
恒义沙棘网,sinks,swan.saveImageToPhotosAlbum,3
恒义沙棘网,sinks,swan.uploadFile,5
息县未来教育,sources,swan.input,1
息县未来教育,sources,swan.getStorageSync,1
息县未来教育,sources,swan.getExtConfig,1
息县未来教育,sinks,swan.request,3
悦云健康商城,sources,swan.getSystemInfoSync,1
悦云健康商城,sinks,swan.setStorage,1
悦游定制旅行,sources,swan.getExtConfig,1
悦游定制旅行,sinks,swan.setClipboardData,1
惠尔普斯商用豆浆机,sources,swan.input,1
惠尔普斯商用豆浆机,sources,swan.getStorageSync,1
惠尔普斯商用豆浆机,sources,swan.getExtConfig,2
惠尔普斯商用豆浆机,sinks,swan.setStorageSync,1
惠尔普斯商用豆浆机,sinks,swan.request,3
惠州博莱特空压机后处理设备,sources,swan.getExtConfig,9
惠州博莱特空压机后处理设备,sinks,swan.request,9
惠州小径湾呼噜海度假酒店公寓,sources,swan.downloadFile,1
惠州小径湾呼噜海度假酒店公寓,sources,swan.getStorageSync,3
惠州小径湾呼噜海度假酒店公寓,sinks,swan.saveImageToPhotosAlbum,1
惠州小径湾呼噜海度假酒店公寓,sinks,swan.setStorageSync,3
惠美网,sources,swan.getStorageSync,4
惠美网,sinks,swan.setStorageSync,3
惠美网,sinks,swan.setStorage,1
惠香茗茶,sources,swan.getExtConfig,1
惠香茗茶,sinks,swan.setClipboardData,1
慧一教练,sources,swan.chooseImage,1
慧一教练,sources,swan.getUserInfo,4
慧一教练,sources,swan.downloadFile,1
慧一教练,sinks,swan.uploadFile,1
慧一教练,sinks,swan.setStorageSync,4
慧一教练,sinks,swan.saveImageToPhotosAlbum,1
慧学教师资格证,sources,swan.downloadFile,1
慧学教师资格证,sources,swan.getStorageSync,21
慧学教师资格证,sinks,swan.saveImageToPhotosAlbum,1
慧学教师资格证,sinks,swan.setStorageSync,21
慧客云,sources,swan.getExtConfigSync,15
慧客云,sources,swan.getSystemInfoSync,3
慧客云,sources,swan.getStorageSync,289
慧客云,sources,swan.downloadFile,7
慧客云,sources,swan.input,17
慧客云,sources,swan.getLocation,1
慧客云,sinks,swan.setStorageSync,25
慧客云,sinks,swan.request,300
慧客云,sinks,swan.saveImageToPhotosAlbum,7
慧用心,sources,swan.getStorageSync,4
慧用心,sinks,swan.request,4
成都中国旅行社有限公司,sources,swan.getSystemInfoSync,1
成都中国旅行社有限公司,sinks,swan.setStorage,1
成都亲睦家养老,sources,swan.getStorageSync,3
成都亲睦家养老,sinks,swan.setStorageSync,2
成都亲睦家养老,sinks,swan.request,1
成都全味道餐饮管理有限公司,sources,swan.getSystemInfoSync,1
成都全味道餐饮管理有限公司,sinks,swan.setStorage,1
成都六婆餐饮有限公司,sources,swan.getSystemInfoSync,1
成都六婆餐饮有限公司,sinks,swan.setStorage,1
成都冷羽盛繁百货店铺,sources,swan.getStorageSync,2
成都冷羽盛繁百货店铺,sinks,swan.setStorageSync,2
成都味传奇餐饮管理有限公司,sources,swan.getSystemInfoSync,1
成都味传奇餐饮管理有限公司,sinks,swan.setStorage,1
成都味蜀吾餐饮管理有限公司,sources,swan.getSystemInfoSync,1
成都味蜀吾餐饮管理有限公司,sinks,swan.setStorage,1
成都大孃餐饮管理有限公司,sources,swan.getSystemInfoSync,1
成都大孃餐饮管理有限公司,sinks,swan.setStorage,1
成都巴蜀大门户餐饮管理有限公司,sources,swan.getSystemInfoSync,1
成都巴蜀大门户餐饮管理有限公司,sinks,swan.setStorage,1
成都市老码头餐饮娱乐有限公司,sources,swan.getSystemInfoSync,1
成都市老码头餐饮娱乐有限公司,sinks,swan.setStorage,1
成都市茅草房休闲娱乐中心,sources,swan.getSystemInfoSync,1
成都市茅草房休闲娱乐中心,sinks,swan.setStorage,1
成都栖川餐饮管理有限公司,sources,swan.getSystemInfoSync,1
成都栖川餐饮管理有限公司,sinks,swan.setStorage,1
成都盒悦餐饮管理有限公司,sources,swan.getSystemInfoSync,1
成都盒悦餐饮管理有限公司,sinks,swan.setStorage,1
成都蜀大侠餐饮管理有限公司,sources,swan.getSystemInfoSync,1
成都蜀大侠餐饮管理有限公司,sinks,swan.setStorage,1
成都蜀小匠餐饮管理有限公司,sources,swan.getSystemInfoSync,1
成都蜀小匠餐饮管理有限公司,sinks,swan.setStorage,1
成都行之悦国际旅行社有限公司,sources,swan.getSystemInfoSync,1
成都行之悦国际旅行社有限公司,sinks,swan.setStorage,1
成都长宏舞台桁架铝架,sources,swan.getExtConfigSync,7
成都长宏舞台桁架铝架,sources,swan.getUserInfo,29
成都长宏舞台桁架铝架,sources,swan.getStorageSync,340
成都长宏舞台桁架铝架,sources,swan.getStorage,115
成都长宏舞台桁架铝架,sources,swan.getSystemInfo,1
成都长宏舞台桁架铝架,sources,swan.chooseImage,14
成都长宏舞台桁架铝架,sources,swan.chooseAddress,23
成都长宏舞台桁架铝架,sources,swan.getLocation,17
成都长宏舞台桁架铝架,sources,swan.input,12
成都长宏舞台桁架铝架,sinks,swan.request,533
成都长宏舞台桁架铝架,sinks,swan.setStorageSync,7
成都长宏舞台桁架铝架,sinks,swan.uploadFile,17
成都长宏舞台桁架铝架,sinks,swan.removeStorageSync,1
成都食烩餐饮管理有限公司,sources,swan.getSystemInfoSync,1
成都食烩餐饮管理有限公司,sinks,swan.setStorage,1
成都魂喵科技有限公司,sources,swan.getSystemInfoSync,1
成都魂喵科技有限公司,sinks,swan.setStorage,1
成都黄氏汇蜀餐饮管理有限公司,sources,swan.getSystemInfoSync,1
成都黄氏汇蜀餐饮管理有限公司,sinks,swan.setStorage,1
房旺家,sources,swan.input,2
房旺家,sinks,swan.request,2
扶阳和优良品健康公司,sources,swan.getStorageSync,2
扶阳和优良品健康公司,sinks,swan.setStorageSync,2
护企宝科技,sources,swan.getSystemInfoSync,1
护企宝科技,sinks,swan.setStorage,1
拓新水葫芦打捞船,sources,swan.getExtConfig,16
拓新水葫芦打捞船,sinks,swan.request,16
掌送物流网,sources,swan.getStorageSync,71
掌送物流网,sources,swan.input,67
掌送物流网,sources,swan.chooseImage,3
掌送物流网,sources,swan.getUserInfo,5
掌送物流网,sinks,swan.uploadFile,9
掌送物流网,sinks,swan.request,137
推易电商培训,sources,swan.getStorageSync,1
推易电商培训,sources,swan.getExtConfig,10
推易电商培训,sinks,swan.setStorageSync,1
推易电商培训,sinks,swan.request,10
搬场公司上海海鹰浦东搬场公司,sources,swan.downloadFile,1
搬场公司上海海鹰浦东搬场公司,sources,swan.chooseImage,1
搬场公司上海海鹰浦东搬场公司,sinks,swan.saveFile,1
搬场公司上海海鹰浦东搬场公司,sinks,swan.uploadFile,1
故宫一键智能游,sources,swan.getSystemInfoSync,8
故宫一键智能游,sinks,swan.request,8
效率科技SMT首件测试仪,sources,swan.getSystemInfoSync,1
效率科技SMT首件测试仪,sinks,swan.setStorage,1
教育教学论坛杂志社,sources,swan.getSystemInfoSync,1
教育教学论坛杂志社,sinks,swan.setStorage,1
教育教学论坛杂志社编审中心,sources,swan.getSystemInfoSync,1
教育教学论坛杂志社编审中心,sinks,swan.setStorage,1
数动力健康科技,sources,swan.input,1
数动力健康科技,sources,swan.getStorageSync,1
数动力健康科技,sources,swan.getExtConfig,1
数动力健康科技,sinks,swan.request,3
新乡市远航教学设备有限公司,sources,swan.getSystemInfoSync,1
新乡市远航教学设备有限公司,sinks,swan.setStorage,1
新太阳教育,sources,swan.getStorageSync,1
新太阳教育,sources,swan.getExtConfig,1
新太阳教育,sinks,swan.request,2
新实素贸易电商,sources,swan.getStorageSync,2
新实素贸易电商,sinks,swan.setStorageSync,2
新洪辉包装机,sources,swan.getStorageSync,2
新洪辉包装机,sinks,swan.setStorageSync,2
新疆南线北线国际旅行社有限公司,sources,swan.getSystemInfoSync,1
新疆南线北线国际旅行社有限公司,sinks,swan.setStorage,1
新蓝电子智慧餐厅,sources,swan.getExtConfig,19
新蓝电子智慧餐厅,sinks,swan.request,19
新迈苏州电商代运营公司,sources,swan.getSystemInfoSync,1
新迈苏州电商代运营公司,sources,swan.getStorageSync,7
新迈苏州电商代运营公司,sources,swan.chooseImage,3
新迈苏州电商代运营公司,sources,swan.getLocation,1
新迈苏州电商代运营公司,sources,swan.input,1
新迈苏州电商代运营公司,sources,swan.getImageInfo,1
新迈苏州电商代运营公司,sinks,swan.setStorageSync,5
新迈苏州电商代运营公司,sinks,swan.uploadFile,3
新迈苏州电商代运营公司,sinks,swan.request,3
新迈苏州电商代运营公司,sinks,swan.setStorage,2
新迈苏州电商代运营公司,sinks,swan.saveImageToPhotosAlbum,1
方圆教育,sources,swan.getStorageSync,14
方圆教育,sinks,swan.request,12
方圆教育,sinks,swan.setStorageSync,2
方城县烩面故事餐饮有限公司,sources,swan.getSystemInfoSync,1
方城县烩面故事餐饮有限公司,sinks,swan.setStorage,1
方彩娣紫砂,sources,swan.getUserInfo,2
方彩娣紫砂,sources,swan.getExtConfigSync,117
方彩娣紫砂,sources,swan.getStorageSync,6
方彩娣紫砂,sources,swan.input,4
方彩娣紫砂,sources,swan.chooseAddress,1
方彩娣紫砂,sources,swan.getImageInfo,2
方彩娣紫砂,sinks,swan.request,128
方彩娣紫砂,sinks,swan.saveImageToPhotosAlbum,2
方彩娣紫砂,sinks,swan.uploadFile,2
无忧mp3音频提取剪辑,sources,swan.getStorageSync,1
无忧mp3音频提取剪辑,sources,swan.chooseVideo,11
无忧mp3音频提取剪辑,sources,swan.downloadFile,2
无忧mp3音频提取剪辑,sinks,swan.setStorageSync,1
无忧mp3音频提取剪辑,sinks,swan.uploadFile,8
无忧mp3音频提取剪辑,sinks,swan.saveVideoToPhotosAlbum,1
无忧mp3音频提取剪辑,sinks,swan.setClipboardData,1
无忧mp3音频提取剪辑,sinks,swan.request,3
无穷食品商城,sources,swan.getExtConfig,1
无穷食品商城,sinks,swan.setClipboardData,1
无锡市灵山后花园有限公司,sources,swan.getSystemInfoSync,1
无锡市灵山后花园有限公司,sinks,swan.setStorage,1
无锡走着瞧旅行社有限公司,sources,swan.getSystemInfoSync,1
无锡走着瞧旅行社有限公司,sinks,swan.setStorage,1
旭佳教育黄,sources,swan.getStorageSync,5
旭佳教育黄,sources,swan.input,1
旭佳教育黄,sinks,swan.request,6
时代新筑弧形铝单板,sources,swan.getStorageSync,1
时代新筑弧形铝单板,sinks,swan.setStorageSync,1
时时少儿素质教育联盟,sources,swan.getStorageSync,2
时时少儿素质教育联盟,sources,swan.input,1
时时少儿素质教育联盟,sinks,swan.setStorageSync,1
时时少儿素质教育联盟,sinks,swan.request,2
时时素质教育联盟,sources,swan.getStorageSync,2
时时素质教育联盟,sources,swan.input,1
时时素质教育联盟,sinks,swan.setStorageSync,1
时时素质教育联盟,sinks,swan.request,2
昆明七彩云南欢乐世界文化娱乐,sources,swan.getSystemInfoSync,1
昆明七彩云南欢乐世界文化娱乐,sinks,swan.setStorage,1
昌冠道路护栏公路护栏,sources,swan.getExtConfig,19
昌冠道路护栏公路护栏,sinks,swan.request,19
易众标供应商查询,sources,swan.getStorageSync,4
易众标供应商查询,sinks,swan.request,4
易尔通教育模板,sources,swan.getExtConfig,13
易尔通教育模板,sinks,swan.request,13
易师汇,sources,swan.getSystemInfoSync,1
易师汇,sinks,swan.setStorage,1
易欧护照,sources,swan.getUserInfo,1
易欧护照,sources,swan.getStorageSync,1
易欧护照,sinks,swan.request,2
易租康健康管理杭州有限公司,sources,swan.getSystemInfoSync,1
易租康健康管理杭州有限公司,sinks,swan.setStorage,1
星客电商,sources,swan.getStorage,1
星客电商,sources,swan.getStorageSync,6
星客电商,sources,swan.input,2
星客电商,sources,swan.downloadFile,3
星客电商,sources,swan.chooseImage,6
星客电商,sources,swan.getLocation,1
星客电商,sinks,swan.setStorage,2
星客电商,sinks,swan.request,6
星客电商,sinks,swan.saveImageToPhotosAlbum,3
星客电商,sinks,swan.uploadFile,3
星客电商,sinks,swan.setStorageSync,5
春志混流风机,sources,swan.getStorageSync,1
春志混流风机,sources,swan.getExtConfig,10
春志混流风机,sinks,swan.setStorageSync,1
春志混流风机,sinks,swan.request,10
晓华金蝉活苗,sources,swan.getExtConfig,22
晓华金蝉活苗,sinks,swan.request,22
晟一弘外籍人士来华签证,sources,swan.getSystemInfoSync,1
晟一弘外籍人士来华签证,sinks,swan.setStorage,1
晟火网,sources,swan.input,1
晟火网,sinks,swan.request,1
景鸿教育,sources,swan.getUserInfo,1
景鸿教育,sources,swan.getStorageSync,3
景鸿教育,sinks,swan.request,4
智于学教育,sources,swan.getStorageSync,12
智于学教育,sources,swan.input,56
智于学教育,sources,swan.getExtConfig,1
智于学教育,sinks,swan.setStorageSync,2
智于学教育,sinks,swan.request,67
智优学好,sources,swan.input,9
智优学好,sinks,swan.request,9
智博教育,sources,swan.getSystemInfoSync,1
智博教育,sinks,swan.setStorage,1
智慧急救一键呼,sources,swan.getStorage,13
智慧急救一键呼,sources,swan.getLocation,3
智慧急救一键呼,sinks,swan.request,12
智慧急救一键呼,sinks,swan.setStorage,4
曼特换门扇,sources,swan.getExtConfig,1
曼特换门扇,sinks,swan.setClipboardData,1
曾胖网运动减肥训练营,sources,swan.getStorageSync,1
曾胖网运动减肥训练营,sinks,swan.setStorageSync,1
有礼先生男士礼物推荐,sources,swan.getStorageSync,1
有礼先生男士礼物推荐,sinks,swan.setStorageSync,1
有祥山东餐饮美食网,sources,swan.getLocation,1
有祥山东餐饮美食网,sources,swan.chooseImage,3
有祥山东餐饮美食网,sources,swan.getStorageSync,39
有祥山东餐饮美食网,sinks,swan.request,40
有祥山东餐饮美食网,sinks,swan.uploadFile,3
朋乐教育,sources,swan.getSystemInfoSync,1
朋乐教育,sinks,swan.setStorage,1
未来之星体育运动项目培训中心,sources,swan.getSystemInfoSync,1
未来之星体育运动项目培训中心,sinks,swan.setStorage,1
本护母婴,sources,swan.getExtConfig,1
本护母婴,sinks,swan.setClipboardData,1
机电之家网,sources,swan.getStorageSync,1
机电之家网,sources,swan.input,82
机电之家网,sources,swan.getStorage,1
机电之家网,sinks,swan.setStorageSync,1
机电之家网,sinks,swan.setStorage,66
机电之家网,sinks,swan.request,17
杭州七象餐饮管理有限公司,sources,swan.getUserInfo,1
杭州七象餐饮管理有限公司,sources,swan.getStorageSync,2
杭州七象餐饮管理有限公司,sinks,swan.request,3
杭州云际视界科技有限公司,sources,swan.getSystemInfoSync,1
杭州云际视界科技有限公司,sinks,swan.setStorage,1
杭州原品餐饮管理有限公司,sources,swan.getSystemInfoSync,1
杭州原品餐饮管理有限公司,sinks,swan.setStorage,1
杭州只争朝夕健康管理有限公司,sources,swan.getSystemInfoSync,1
杭州只争朝夕健康管理有限公司,sinks,swan.setStorage,1
杭州寰球娱乐影视有限公司,sources,swan.getSystemInfoSync,1
杭州寰球娱乐影视有限公司,sinks,swan.setStorage,1
杭州汉克斯隔音减减震,sources,swan.getStorageSync,3
杭州汉克斯隔音减减震,sinks,swan.setStorageSync,2
杭州汉克斯隔音减减震,sinks,swan.request,1
杭州留下来餐饮管理有限公司,sources,swan.getSystemInfoSync,1
杭州留下来餐饮管理有限公司,sinks,swan.setStorage,1
杭州红易图网络科技有限公司,sources,swan.getSystemInfoSync,1
杭州红易图网络科技有限公司,sinks,swan.setStorage,1
极家精装,sources,swan.getSystemInfoSync,1
极家精装,sinks,swan.setStorage,1
极搜搜,sources,swan.getStorageSync,1
极搜搜,sinks,swan.setStorageSync,1
极暖品牌服务中心,sources,swan.getSystemInfoSync,1
极暖品牌服务中心,sinks,swan.setStorage,1
极膜,sources,swan.getSystemInfoSync,1
极膜,sinks,swan.setStorage,1
极轻奢,sources,swan.getStorageSync,2
极轻奢,sinks,swan.setStorageSync,2
构想几何云商店,sources,swan.getExtConfig,1
构想几何云商店,sinks,swan.setClipboardData,1
果师兄,sources,swan.getStorageSync,4
果师兄,sinks,swan.request,4
枫荷娱乐帮KTV预约平台,sources,swan.getStorageSync,2
枫荷娱乐帮KTV预约平台,sinks,swan.setStorageSync,2
柏翠阅湖,sources,swan.getStorageSync,99
柏翠阅湖,sources,swan.getExtConfig,1
柏翠阅湖,sources,swan.input,11
柏翠阅湖,sources,swan.chooseImage,1
柏翠阅湖,sinks,swan.request,109
柏翠阅湖,sinks,swan.setStorage,1
柏翠阅湖,sinks,swan.uploadFile,2
桓海网络竞价托管,sources,swan.input,1
桓海网络竞价托管,sources,swan.getStorageSync,1
桓海网络竞价托管,sources,swan.getExtConfig,1
桓海网络竞价托管,sinks,swan.request,3
梅园婚恋,sources,swan.getSystemInfoSync,1
梅园婚恋,sinks,swan.setStorage,1
梓童教育,sources,swan.getSystemInfoSync,1
梓童教育,sinks,swan.setStorage,1
梓舜建鑫信息咨询黄,sources,swan.getStorageSync,5
梓舜建鑫信息咨询黄,sources,swan.input,1
梓舜建鑫信息咨询黄,sinks,swan.request,6
楚雄老驾汽配,sources,swan.getExtConfig,1
楚雄老驾汽配,sinks,swan.setClipboardData,1
榆林市衍飞丽旅游服务,sources,swan.getStorageSync,529
榆林市衍飞丽旅游服务,sources,swan.getLocation,5
榆林市衍飞丽旅游服务,sources,swan.input,38
榆林市衍飞丽旅游服务,sources,swan.getStorage,1
榆林市衍飞丽旅游服务,sources,swan.chooseImage,5
榆林市衍飞丽旅游服务,sources,swan.getSystemInfoSync,4
榆林市衍飞丽旅游服务,sinks,swan.request,560
榆林市衍飞丽旅游服务,sinks,swan.removeStorageSync,4
榆林市衍飞丽旅游服务,sinks,swan.setStorageSync,5
榆林市衍飞丽旅游服务,sinks,swan.uploadFile,11
榆林市衍飞丽旅游服务,sinks,swan.setStorage,2
欣科减胶剂厂家,sources,swan.getStorageSync,1
欣科减胶剂厂家,sources,swan.getExtConfig,11
欣科减胶剂厂家,sinks,swan.setStorageSync,1
欣科减胶剂厂家,sinks,swan.request,11
欣科增强剂厂家,sources,swan.getStorageSync,1
欣科增强剂厂家,sources,swan.getExtConfig,10
欣科增强剂厂家,sinks,swan.setStorageSync,1
欣科增强剂厂家,sinks,swan.request,10
欣科多功能保坍剂厂家,sources,swan.getStorageSync,1
欣科多功能保坍剂厂家,sources,swan.getExtConfig,10
欣科多功能保坍剂厂家,sinks,swan.setStorageSync,1
欣科多功能保坍剂厂家,sinks,swan.request,10
欣科混凝土增效剂厂家,sources,swan.getStorageSync,1
欣科混凝土增效剂厂家,sources,swan.getExtConfig,11
欣科混凝土增效剂厂家,sinks,swan.setStorageSync,1
欣科混凝土增效剂厂家,sinks,swan.request,11
欣科混凝土外加剂批发,sources,swan.getStorageSync,1
欣科混凝土外加剂批发,sources,swan.getExtConfig,10
欣科混凝土外加剂批发,sinks,swan.setStorageSync,1
欣科混凝土外加剂批发,sinks,swan.request,10
欧凰全屋定制,sources,swan.getStorageSync,12
欧凰全屋定制,sources,swan.input,56
欧凰全屋定制,sources,swan.getExtConfig,1
欧凰全屋定制,sinks,swan.setStorageSync,2
欧凰全屋定制,sinks,swan.request,67
欧邦减速电机,sources,swan.getStorageSync,2
欧邦减速电机,sinks,swan.setStorageSync,2
正午骄阳科技,sources,swan.getSystemInfoSync,1
正午骄阳科技,sinks,swan.setStorage,1
正洪仿古门窗,sources,swan.getStorageSync,2
正洪仿古门窗,sources,swan.getExtConfig,13
正洪仿古门窗,sinks,swan.setStorageSync,1
正洪仿古门窗,sinks,swan.request,14
正济消火栓泵,sources,swan.getExtConfig,24
正济消火栓泵,sources,swan.getStorageSync,1
正济消火栓泵,sinks,swan.request,25
正济消防供水设备,sources,swan.getStorageSync,1
正济消防供水设备,sources,swan.getExtConfig,10
正济消防供水设备,sinks,swan.setStorageSync,1
正济消防供水设备,sinks,swan.request,10
正济消防控制柜,sources,swan.getStorageSync,1
正济消防控制柜,sources,swan.getExtConfig,10
正济消防控制柜,sinks,swan.setStorageSync,1
正济消防控制柜,sinks,swan.request,10
正济消防泵,sources,swan.getStorageSync,1
正济消防泵,sources,swan.getExtConfig,12
正济消防泵,sinks,swan.setStorageSync,1
正济消防泵,sinks,swan.request,12
正济稳压设备,sources,swan.getStorageSync,1
正济稳压设备,sources,swan.getExtConfig,12
正济稳压设备,sinks,swan.setStorageSync,1
正济稳压设备,sinks,swan.request,12
正济立式消防泵,sources,swan.getExtConfig,24
正济立式消防泵,sources,swan.getStorageSync,1
正济立式消防泵,sinks,swan.request,25
正领教育,sources,swan.getSystemInfoSync,1
正领教育,sinks,swan.setStorage,1
武夷山国家级自然保护区正山茶业,sources,swan.getSystemInfoSync,1
武夷山国家级自然保护区正山茶业,sinks,swan.setStorage,1
武汉元泉世纪健身管理有限公司,sources,swan.getSystemInfoSync,1
武汉元泉世纪健身管理有限公司,sinks,swan.setStorage,1
武汉学煌教育科技有限公司,sources,swan.getSystemInfoSync,1
武汉学煌教育科技有限公司,sinks,swan.setStorage,1
武汉市汉阳区福宝漠北味坊餐厅,sources,swan.getSystemInfoSync,1
武汉市汉阳区福宝漠北味坊餐厅,sinks,swan.setStorage,1
武汉市鼎牛餐饮管理有限公司,sources,swan.getSystemInfoSync,1
武汉市鼎牛餐饮管理有限公司,sinks,swan.setStorage,1
武汉百邦健身教练培训,sources,swan.getStorageSync,1
武汉百邦健身教练培训,sources,swan.getExtConfig,13
武汉百邦健身教练培训,sinks,swan.setStorageSync,1
武汉百邦健身教练培训,sinks,swan.request,13
武汉酷创自动售货机,sources,swan.chooseImage,1
武汉酷创自动售货机,sources,swan.getExtConfigSync,2
武汉酷创自动售货机,sources,swan.getStorageSync,2
武汉酷创自动售货机,sinks,swan.uploadFile,1
武汉酷创自动售货机,sinks,swan.request,4
武汉颂大教育科技股份有限公司,sources,swan.getSystemInfoSync,1
武汉颂大教育科技股份有限公司,sinks,swan.setStorage,1
民生网传媒,sources,swan.getSystemInfoSync,1
民生网传媒,sinks,swan.setStorage,1
氧趣电商,sources,swan.getUserInfo,1
氧趣电商,sources,swan.getStorageSync,1
氧趣电商,sinks,swan.request,2
水感肌品牌名片,sources,swan.getSystemInfoSync,1
水感肌品牌名片,sinks,swan.setStorage,1
永定红石材,sources,swan.getExtConfig,9
永定红石材,sinks,swan.request,9
永康鑫顾家用健身器械厂家,sources,swan.getStorageSync,1
永康鑫顾家用健身器械厂家,sources,swan.getExtConfig,10
永康鑫顾家用健身器械厂家,sinks,swan.setStorageSync,1
永康鑫顾家用健身器械厂家,sinks,swan.request,10
永明泡化碱水玻璃,sources,swan.getSystemInfoSync,2
永明泡化碱水玻璃,sources,swan.getStorageSync,294
永明泡化碱水玻璃,sources,swan.getLocation,12
永明泡化碱水玻璃,sources,swan.input,36
永明泡化碱水玻璃,sources,swan.downloadFile,3
永明泡化碱水玻璃,sources,swan.chooseAddress,5
永明泡化碱水玻璃,sources,swan.getUserInfo,12
永明泡化碱水玻璃,sources,swan.chooseImage,5
永明泡化碱水玻璃,sinks,swan.request,330
永明泡化碱水玻璃,sinks,swan.setStorageSync,31
永明泡化碱水玻璃,sinks,swan.saveImageToPhotosAlbum,3
永明泡化碱水玻璃,sinks,swan.uploadFile,5
永砂制陶,sources,swan.getExtConfig,1
永砂制陶,sinks,swan.setClipboardData,1
汇包装,sources,swan.input,4
汇包装,sinks,swan.request,4
汉韵唐风传统服装及文化产业基地,sources,swan.getStorageSync,529
汉韵唐风传统服装及文化产业基地,sources,swan.getLocation,5
汉韵唐风传统服装及文化产业基地,sources,swan.input,38
汉韵唐风传统服装及文化产业基地,sources,swan.getStorage,1
汉韵唐风传统服装及文化产业基地,sources,swan.chooseImage,5
汉韵唐风传统服装及文化产业基地,sources,swan.getSystemInfoSync,4
汉韵唐风传统服装及文化产业基地,sinks,swan.request,560
汉韵唐风传统服装及文化产业基地,sinks,swan.removeStorageSync,4
汉韵唐风传统服装及文化产业基地,sinks,swan.setStorageSync,5
汉韵唐风传统服装及文化产业基地,sinks,swan.uploadFile,11
汉韵唐风传统服装及文化产业基地,sinks,swan.setStorage,2
江苏九味香餐饮管理有限公司,sources,swan.getSystemInfoSync,1
江苏九味香餐饮管理有限公司,sinks,swan.setStorage,1
江苏人加信息科技有限公司,sources,swan.getSystemInfoSync,1
江苏人加信息科技有限公司,sinks,swan.setStorage,1
江苏卓越候车亭厂家,sources,swan.getStorageSync,3
江苏卓越候车亭厂家,sinks,swan.setStorageSync,2
江苏卓越候车亭厂家,sinks,swan.request,1
江苏民生重工有限公司,sources,swan.getSystemInfoSync,1
江苏民生重工有限公司,sinks,swan.setStorage,1
江苏瑞星紧固件制造有限公司,sources,swan.getSystemInfoSync,1
江苏瑞星紧固件制造有限公司,sinks,swan.setStorage,1
江西国祥国际旅行社有限公司,sources,swan.getSystemInfoSync,1
江西国祥国际旅行社有限公司,sinks,swan.setStorage,1
污水宝接活平台,sources,swan.getSystemInfoSync,1
污水宝接活平台,sinks,swan.setStorage,1
沈阳博优教育,sources,swan.getLocation,13
沈阳博优教育,sources,swan.input,4
沈阳博优教育,sources,swan.getSystemInfoSync,4
沈阳博优教育,sources,swan.chooseImage,3
沈阳博优教育,sinks,swan.setStorage,23
沈阳博优教育,sinks,swan.uploadFile,1
沈阳邹立国餐饮管理有限公司,sources,swan.getSystemInfoSync,1
沈阳邹立国餐饮管理有限公司,sinks,swan.setStorage,1
沪隽注册公司,sources,swan.getSystemInfoSync,1
沪隽注册公司,sinks,swan.setStorage,1
河北厚强输送设备有限公司,sources,swan.getSystemInfoSync,1
河北厚强输送设备有限公司,sinks,swan.setStorage,1
河北咕咕岛娱乐服务有限公司,sources,swan.getSystemInfoSync,1
河北咕咕岛娱乐服务有限公司,sinks,swan.setStorage,1
河北建筑消防消防维保,sources,swan.getStorageSync,1
河北建筑消防消防维保,sources,swan.getExtConfig,14
河北建筑消防消防维保,sinks,swan.setStorageSync,1
河北建筑消防消防维保,sinks,swan.request,14
河南八支健身服务有限公司,sources,swan.getSystemInfoSync,1
河南八支健身服务有限公司,sinks,swan.setStorage,1
河南品立餐饮管理有限公司,sources,swan.getSystemInfoSync,1
河南品立餐饮管理有限公司,sinks,swan.setStorage,1
河南大咖餐饮管理有限公司,sources,swan.getSystemInfoSync,1
河南大咖餐饮管理有限公司,sinks,swan.setStorage,1
河南天一减振器科技有限公司,sources,swan.getSystemInfoSync,1
河南天一减振器科技有限公司,sinks,swan.setStorage,1
河南小食大做餐饮管理有限公司,sources,swan.getSystemInfoSync,1
河南小食大做餐饮管理有限公司,sinks,swan.setStorage,1
河南引导教育基地,sources,swan.getStorageSync,6
河南引导教育基地,sources,swan.getExtConfigSync,18
河南引导教育基地,sources,swan.getUserInfo,1
河南引导教育基地,sources,swan.input,2
河南引导教育基地,sinks,swan.request,27
河南梵月瑜伽健身服务有限公司,sources,swan.getSystemInfoSync,1
河南梵月瑜伽健身服务有限公司,sinks,swan.setStorage,1
河南绘梦未来网络科技有限公司,sources,swan.getSystemInfoSync,1
河南绘梦未来网络科技有限公司,sinks,swan.setStorage,1
河南羲和网络科技股份有限公司,sources,swan.getSystemInfoSync,1
河南羲和网络科技股份有限公司,sinks,swan.setStorage,1
河南霍胖子餐饮管理有限公司,sources,swan.getSystemInfoSync,1
河南霍胖子餐饮管理有限公司,sinks,swan.setStorage,1
泉州乐博AL教育,sources,swan.getStorageSync,527
泉州乐博AL教育,sources,swan.getLocation,4
泉州乐博AL教育,sources,swan.input,38
泉州乐博AL教育,sources,swan.getStorage,1
泉州乐博AL教育,sources,swan.chooseImage,4
泉州乐博AL教育,sources,swan.getSystemInfoSync,4
泉州乐博AL教育,sinks,swan.request,557
泉州乐博AL教育,sinks,swan.removeStorageSync,4
泉州乐博AL教育,sinks,swan.setStorageSync,5
泉州乐博AL教育,sinks,swan.uploadFile,10
泉州乐博AL教育,sinks,swan.setStorage,2
泓森槐速生硬材树,sources,swan.getUserInfo,2
泓森槐速生硬材树,sinks,swan.request,2
波波推荐分析,sources,swan.chooseImage,3
波波推荐分析,sources,swan.getStorageSync,1
波波推荐分析,sinks,swan.uploadFile,3
波波推荐分析,sinks,swan.request,1
泰岳商学院中层管理培训,sources,swan.input,1
泰岳商学院中层管理培训,sources,swan.getStorageSync,1
泰岳商学院中层管理培训,sources,swan.getExtConfig,1
泰岳商学院中层管理培训,sinks,swan.request,3
泰慧洁,sources,swan.getStorageSync,403
泰慧洁,sources,swan.getLocation,10
泰慧洁,sources,swan.getExtConfigSync,2
泰慧洁,sources,swan.chooseImage,5
泰慧洁,sources,swan.getSystemInfoSync,3
泰慧洁,sources,swan.input,5
泰慧洁,sinks,swan.request,224
泰慧洁,sinks,swan.setStorageSync,196
泰慧洁,sinks,swan.uploadFile,7
泰慧洁,sinks,swan.setStorage,1
洛阳学乎信息科技有限公司,sources,swan.getSystemInfoSync,1
洛阳学乎信息科技有限公司,sinks,swan.setStorage,1
洛阳市剪纸艺术研究会,sources,swan.getSystemInfoSync,1
洛阳市剪纸艺术研究会,sinks,swan.setStorage,1
津市直销网,sources,swan.getStorageSync,1
津市直销网,sinks,swan.setStorageSync,1
洪叶权网站排名优化,sources,swan.getUserInfo,1
洪叶权网站排名优化,sources,swan.getStorageSync,27
洪叶权网站排名优化,sinks,swan.request,21
洪叶权网站排名优化,sinks,swan.setStorageSync,4
洪叶权网站排名优化,sinks,swan.setClipboardData,3
活鲜鲜有机鱼,sources,swan.getExtConfig,1
活鲜鲜有机鱼,sinks,swan.setClipboardData,1
派瑞特天津液压管夹,sources,swan.getExtConfig,6
派瑞特天津液压管夹,sinks,swan.request,6
济南合稼置业有限公司,sources,swan.getSystemInfoSync,1
济南合稼置业有限公司,sinks,swan.setStorage,1
济南方圆教学设备有限公司,sources,swan.getSystemInfoSync,1
济南方圆教学设备有限公司,sinks,swan.setStorage,1
济南民生搬家服务有限公司,sources,swan.getSystemInfoSync,1
济南民生搬家服务有限公司,sinks,swan.setStorage,1
济南纪得环保设备有限公司,sources,swan.getSystemInfoSync,1
济南纪得环保设备有限公司,sinks,swan.setStorage,1
济南铂鉴测试技术有限公司,sources,swan.getSystemInfoSync,1
济南铂鉴测试技术有限公司,sinks,swan.setStorage,1
济喃商贸,sources,swan.getStorageSync,2
济喃商贸,sinks,swan.setStorageSync,2
济腩商贸,sources,swan.getStorageSync,2
济腩商贸,sinks,swan.setStorageSync,2
浙江七口餐饮管理有限公司,sources,swan.getSystemInfoSync,1
浙江七口餐饮管理有限公司,sinks,swan.setStorage,1
浙江云蚁电商平台,sources,swan.chooseImage,1
浙江云蚁电商平台,sinks,swan.uploadFile,1
浙江加加电器有限公司,sources,swan.getSystemInfoSync,1
浙江加加电器有限公司,sinks,swan.setStorage,1
浙江博后生物科技有限公司,sources,swan.getSystemInfoSync,1
浙江博后生物科技有限公司,sinks,swan.setStorage,1
浙江双箭橡胶股份有限公司,sources,swan.getSystemInfoSync,1
浙江双箭橡胶股份有限公司,sinks,swan.setStorage,1
浙江宣家山数字乡村服务平台,sources,swan.chooseImage,1
浙江宣家山数字乡村服务平台,sources,swan.downloadFile,1
浙江宣家山数字乡村服务平台,sources,swan.getStorageSync,1
浙江宣家山数字乡村服务平台,sinks,swan.uploadFile,1
浙江宣家山数字乡村服务平台,sinks,swan.saveImageToPhotosAlbum,1
浙江宣家山数字乡村服务平台,sinks,swan.request,1
浙江族魂体育文化发展有限公司,sources,swan.getSystemInfoSync,1
浙江族魂体育文化发展有限公司,sinks,swan.setStorage,1
浙江蔓陀拉健身服务有限公司,sources,swan.getSystemInfoSync,1
浙江蔓陀拉健身服务有限公司,sinks,swan.setStorage,1
浩明阻燃挤塑板,sources,swan.getStorageSync,1
浩明阻燃挤塑板,sources,swan.getExtConfig,11
浩明阻燃挤塑板,sinks,swan.setStorageSync,1
浩明阻燃挤塑板,sinks,swan.request,11
海东青互动游戏,sources,swan.input,1
海东青互动游戏,sources,swan.getStorageSync,1
海东青互动游戏,sources,swan.getExtConfig,2
海东青互动游戏,sinks,swan.setStorageSync,1
海东青互动游戏,sinks,swan.request,3
海南逆中成长育人资讯,sources,swan.getStorageSync,2
海南逆中成长育人资讯,sinks,swan.setStorageSync,2
海晏电商,sources,swan.getExtConfig,1
海晏电商,sinks,swan.setClipboardData,1
润古斋紫砂商城,sources,swan.getExtConfig,1
润古斋紫砂商城,sinks,swan.setClipboardData,1
润品昌普洱茶旗舰店,sources,swan.getExtConfig,1
润品昌普洱茶旗舰店,sinks,swan.setClipboardData,1
润景换热机组,sources,swan.getStorageSync,31
润景换热机组,sources,swan.getExtConfigSync,62
润景换热机组,sinks,swan.request,93
淄博双科换热设备有限公司,sources,swan.getSystemInfoSync,1
淄博双科换热设备有限公司,sinks,swan.setStorage,1
淘农村,sources,swan.getExtConfig,1
淘农村,sinks,swan.setClipboardData,1
淮成楸树梓树基地,sources,swan.chooseImage,1
淮成楸树梓树基地,sources,swan.getUserInfo,4
淮成楸树梓树基地,sources,swan.downloadFile,1
淮成楸树梓树基地,sinks,swan.uploadFile,1
淮成楸树梓树基地,sinks,swan.setStorageSync,4
淮成楸树梓树基地,sinks,swan.saveImageToPhotosAlbum,1
深圳寂宇园林景观有限公司,sources,swan.getSystemInfoSync,1
深圳寂宇园林景观有限公司,sinks,swan.setStorage,1
深圳市三津餐饮管理有限公司,sources,swan.getSystemInfoSync,1
深圳市三津餐饮管理有限公司,sinks,swan.setStorage,1
深圳市公安局,sources,swan.getSystemInfo,1
深圳市公安局,sinks,swan.setStorage,1
深圳市兰亭肌肤护理中心有限公司,sources,swan.getSystemInfoSync,1
深圳市兰亭肌肤护理中心有限公司,sinks,swan.setStorage,1
深圳市博皇实业发展有限公司,sources,swan.getSystemInfoSync,1
深圳市博皇实业发展有限公司,sinks,swan.setStorage,1
深圳市换换数码有限公司,sources,swan.getSystemInfoSync,1
深圳市换换数码有限公司,sinks,swan.setStorage,1
深圳市派沃新能源科技,sources,swan.getSystemInfoSync,1
深圳市派沃新能源科技,sinks,swan.setStorage,1
深圳市超级猩猩健身管理有限公司,sources,swan.getSystemInfoSync,1
深圳市超级猩猩健身管理有限公司,sinks,swan.setStorage,1
深圳市飞橙教育有限公司,sources,swan.getSystemInfoSync,1
深圳市飞橙教育有限公司,sinks,swan.setStorage,1
深圳市高新投集团有限公司,sources,swan.getSystemInfoSync,1
深圳市高新投集团有限公司,sinks,swan.setStorage,1
深圳市鼎尖软件有限公司,sources,swan.getSystemInfoSync,1
深圳市鼎尖软件有限公司,sinks,swan.setStorage,1
深圳民创大健康管理集团有限公司,sources,swan.getSystemInfoSync,1
深圳民创大健康管理集团有限公司,sinks,swan.setStorage,1
深圳简联科技有限公司,sources,swan.getSystemInfoSync,1
深圳简联科技有限公司,sinks,swan.setStorage,1
混沌解梦,sources,swan.input,2
混沌解梦,sinks,swan.setStorageSync,2
温州甲魅秀纹绣培训,sources,swan.getLocation,13
温州甲魅秀纹绣培训,sources,swan.input,4
温州甲魅秀纹绣培训,sources,swan.getSystemInfoSync,4
温州甲魅秀纹绣培训,sources,swan.chooseImage,3
温州甲魅秀纹绣培训,sinks,swan.setStorage,23
温州甲魅秀纹绣培训,sinks,swan.uploadFile,1
港诺电商,sources,swan.getStorageSync,3
港诺电商,sinks,swan.setStorageSync,2
港诺电商,sinks,swan.request,1
游汇全,sources,swan.getSystemInfoSync,5
游汇全,sinks,swan.request,5
湖北宏骅专用汽车有限公司,sources,swan.getSystemInfoSync,1
湖北宏骅专用汽车有限公司,sinks,swan.setStorage,1
湖北易及文化传播有限公司,sources,swan.getSystemInfoSync,1
湖北易及文化传播有限公司,sinks,swan.setStorage,1
湖北暖季地暖科技股份有限公司,sources,swan.getSystemInfoSync,1
湖北暖季地暖科技股份有限公司,sinks,swan.setStorage,1
湖北暖空间挤塑板,sources,swan.getExtConfig,25
湖北暖空间挤塑板,sources,swan.getStorageSync,1
湖北暖空间挤塑板,sinks,swan.request,26
湖北金澳农机捡拾器厂家,sources,swan.getStorageSync,2
湖北金澳农机捡拾器厂家,sources,swan.getExtConfig,13
湖北金澳农机捡拾器厂家,sinks,swan.setStorageSync,1
湖北金澳农机捡拾器厂家,sinks,swan.request,14
湖南万廷教育,sources,swan.getSystemInfo,2
湖南万廷教育,sources,swan.getUserInfo,2
湖南万廷教育,sources,swan.getStorageSync,2
湖南万廷教育,sinks,swan.request,5
湖南万廷教育,sinks,swan.setStorageSync,1
湖南佶福餐饮管理有限公司,sources,swan.getSystemInfoSync,1
湖南佶福餐饮管理有限公司,sinks,swan.setStorage,1
湖南刘先生餐饮管理有限公司,sources,swan.getSystemInfoSync,1
湖南刘先生餐饮管理有限公司,sinks,swan.setStorage,1
湖南味派餐饮管理有限公司,sources,swan.getSystemInfoSync,1
湖南味派餐饮管理有限公司,sinks,swan.setStorage,1
湖南家安逸家装护墙板,sources,swan.getExtConfig,3
湖南家安逸家装护墙板,sources,swan.chooseImage,1
湖南家安逸家装护墙板,sources,swan.getStorageSync,5
湖南家安逸家装护墙板,sources,swan.getUserInfo,1
湖南家安逸家装护墙板,sinks,swan.removeStorageSync,2
湖南家安逸家装护墙板,sinks,swan.setStorageSync,5
湖南家安逸家装护墙板,sinks,swan.request,2
湖南家安逸家装护墙板,sinks,swan.uploadFile,1
湖南穗禾餐饮管理有限公司,sources,swan.getSystemInfoSync,1
湖南穗禾餐饮管理有限公司,sinks,swan.setStorage,1
湖南观互文化艺术发展有限公司,sources,swan.getSystemInfoSync,1
湖南观互文化艺术发展有限公司,sinks,swan.setStorage,1
湖南谷道餐饮连锁管理,sources,swan.getSystemInfoSync,1
湖南谷道餐饮连锁管理,sinks,swan.setStorage,1
湖南运健达健身器材有限公司,sources,swan.getSystemInfoSync,1
湖南运健达健身器材有限公司,sinks,swan.setStorage,1
湖南雨花非遗馆,sources,swan.getStorageSync,3
湖南雨花非遗馆,sinks,swan.setStorageSync,2
湖南雨花非遗馆,sinks,swan.request,1
滨海艺雅旅行,sources,swan.getStorageSync,2
滨海艺雅旅行,sinks,swan.setStorageSync,2
漫游备案历史查询,sources,swan.input,1
漫游备案历史查询,sinks,swan.request,1
潍坊市投资集团有限公司,sources,swan.getSystemInfoSync,1
潍坊市投资集团有限公司,sinks,swan.setStorage,1
火名网店转让,sources,swan.input,3
火名网店转让,sources,swan.getStorageSync,3
火名网店转让,sinks,swan.setStorageSync,2
火名网店转让,sinks,swan.request,4
灵魂文库,sources,swan.getStorageSync,19
灵魂文库,sources,swan.downloadFile,1
灵魂文库,sources,swan.input,2
灵魂文库,sources,swan.chooseImage,1
灵魂文库,sinks,swan.request,21
灵魂文库,sinks,swan.saveFile,1
灵魂文库,sinks,swan.uploadFile,1
炜烨餐饮管理有限公司,sources,swan.getSystemInfoSync,1
炜烨餐饮管理有限公司,sinks,swan.setStorage,1
点睛知识网,sources,swan.getStorageSync,2
点睛知识网,sinks,swan.request,2
热夏电商,sources,swan.getExtConfig,1
热夏电商,sinks,swan.setClipboardData,1
焕域商贸,sources,swan.getStorageSync,2
焕域商贸,sinks,swan.setStorageSync,2
煌旗,sources,swan.getSystemInfoSync,1
煌旗,sinks,swan.setStorage,1
熊家炸鸡加盟,sources,swan.getStorageSync,1
熊家炸鸡加盟,sinks,swan.setStorageSync,1
爱克森重量分拣机,sources,swan.getStorageSync,1
爱克森重量分拣机,sources,swan.getExtConfig,11
爱克森重量分拣机,sinks,swan.setStorageSync,1
爱克森重量分拣机,sinks,swan.request,11
爱咪欧北京国际餐饮连锁有限公司,sources,swan.getSystemInfoSync,1
爱咪欧北京国际餐饮连锁有限公司,sinks,swan.setStorage,1
爱客仕餐饮,sources,swan.getSystemInfoSync,1
爱客仕餐饮,sinks,swan.setStorage,1
爱惠购物网,sources,swan.getExtConfig,1
爱惠购物网,sinks,swan.setClipboardData,1
爱换脸,sources,swan.getStorageSync,6
爱换脸,sources,swan.chooseImage,2
爱换脸,sources,swan.downloadFile,1
爱换脸,sinks,swan.setStorage,4
爱换脸,sinks,swan.uploadFile,1
爱换脸,sinks,swan.saveImageToPhotosAlbum,1
爱换脸,sinks,swan.setClipboardData,1
爱换脸,sinks,swan.setStorageSync,1
爱换脸,sinks,swan.request,1
爱米荠游乐设备厂,sources,swan.getStorageSync,1
爱米荠游乐设备厂,sources,swan.getExtConfig,10
爱米荠游乐设备厂,sinks,swan.setStorageSync,1
爱米荠游乐设备厂,sinks,swan.request,10
爱维斯游泳健身,sources,swan.getExtConfigSync,1
爱维斯游泳健身,sources,swan.chooseImage,1
爱维斯游泳健身,sources,swan.getStorageSync,2
爱维斯游泳健身,sinks,swan.request,3
爱维斯游泳健身,sinks,swan.uploadFile,1
物大教育,sources,swan.getStorageSync,12
物大教育,sources,swan.input,56
物大教育,sources,swan.getExtConfig,1
物大教育,sinks,swan.setStorageSync,2
物大教育,sinks,swan.request,67
物通网,sources,swan.getStorageSync,19
物通网,sources,swan.getStorage,15
物通网,sources,swan.getLocation,1
物通网,sinks,swan.request,34
物通网,sinks,swan.setStorageSync,1
特火创业资讯,sources,swan.getStorage,3
特火创业资讯,sources,swan.getStorageSync,1
特火创业资讯,sources,swan.input,4
特火创业资讯,sinks,swan.setStorage,3
特火创业资讯,sinks,swan.request,5
猛犸电商产品摄影,sources,swan.getExtConfig,1
猛犸电商产品摄影,sinks,swan.setClipboardData,1
猴吉吉家居服务平台,sources,swan.getSystemInfoSync,1
猴吉吉家居服务平台,sinks,swan.setStorage,1
玄武湖公园一键智能游,sources,swan.getSystemInfoSync,8
玄武湖公园一键智能游,sinks,swan.request,8
环能科技股份有限公司,sources,swan.getSystemInfoSync,1
环能科技股份有限公司,sinks,swan.setStorage,1
珠海竭程国际旅行社有限公司,sources,swan.getSystemInfoSync,1
珠海竭程国际旅行社有限公司,sinks,swan.setStorage,1
理婚,sources,swan.getStorageSync,3
理婚,sinks,swan.setStorageSync,2
理婚,sinks,swan.request,1
瑞华健康保险股份有限公司,sources,swan.getSystemInfoSync,1
瑞华健康保险股份有限公司,sinks,swan.setStorage,1
瑞明威哈希水质分析仪表及药剂,sources,swan.getStorageSync,2
瑞明威哈希水质分析仪表及药剂,sources,swan.getExtConfig,13
瑞明威哈希水质分析仪表及药剂,sinks,swan.setStorageSync,1
瑞明威哈希水质分析仪表及药剂,sinks,swan.request,14
瑞越芝麻灰厂家,sources,swan.getExtConfig,19
瑞越芝麻灰厂家,sinks,swan.request,19
瑞达期货股份有限公司,sources,swan.getSystemInfoSync,1
瑞达期货股份有限公司,sinks,swan.setStorage,1
甘肃奇幻之旅国际旅行社,sources,swan.getSystemInfoSync,1
甘肃奇幻之旅国际旅行社,sinks,swan.setStorage,1
生命说北京健康管理有限公司,sources,swan.getSystemInfoSync,1
生命说北京健康管理有限公司,sinks,swan.setStorage,1
甲云实业,sources,swan.input,1
甲云实业,sources,swan.getStorageSync,1
甲云实业,sources,swan.getExtConfig,1
甲云实业,sinks,swan.request,3
畅佳物流,sources,swan.getStorageSync,2
畅佳物流,sinks,swan.setStorageSync,2
白事一点通,sources,swan.getLocation,1
白事一点通,sinks,swan.request,1
百世,sources,swan.getClipboardData,4
百世,sources,swan.getStorageSync,11
百世,sources,swan.getSystemInfoSync,3
百世,sinks,swan.request,8
百世,sinks,swan.setStorageSync,4
百世,sinks,swan.setClipboardData,2
百世,sinks,swan.uploadFile,4
百度小游戏中心,sources,swan.getStorageSync,1
百度小游戏中心,sinks,swan.setStorageSync,1
百度快递服务,sources,swan.getStorageSync,1
百度快递服务,sources,swan.getClipboardData,2
百度快递服务,sources,swan.downloadFile,1
百度快递服务,sources,swan.getSystemInfoSync,1
百度快递服务,sinks,swan.setStorage,4
百度快递服务,sinks,swan.saveImageToPhotosAlbum,1
百度百聘,sources,swan.getLocation,1
百度百聘,sources,swan.getNetworkType,1
百度百聘,sources,swan.getSystemInfo,1
百度百聘,sinks,swan.request,3
百甲蛋糕培训,sources,swan.getExtConfig,24
百甲蛋糕培训,sinks,swan.request,24
百甲饮品培训,sources,swan.getStorageSync,1
百甲饮品培训,sources,swan.getExtConfig,28
百甲饮品培训,sinks,swan.setStorageSync,1
百甲饮品培训,sinks,swan.request,28
皇鉴重庆实木门厂,sources,swan.getSystemInfoSync,1
皇鉴重庆实木门厂,sources,swan.getStorageSync,7
皇鉴重庆实木门厂,sources,swan.getLocation,2
皇鉴重庆实木门厂,sources,swan.chooseImage,3
皇鉴重庆实木门厂,sources,swan.input,1
皇鉴重庆实木门厂,sources,swan.getImageInfo,1
皇鉴重庆实木门厂,sinks,swan.setStorageSync,5
皇鉴重庆实木门厂,sinks,swan.request,4
皇鉴重庆实木门厂,sinks,swan.uploadFile,3
皇鉴重庆实木门厂,sinks,swan.setStorage,2
皇鉴重庆实木门厂,sinks,swan.saveImageToPhotosAlbum,1
盈源芝麻灰火烧板,sources,swan.getStorageSync,1
盈源芝麻灰火烧板,sources,swan.getExtConfig,18
盈源芝麻灰火烧板,sinks,swan.setStorageSync,1
盈源芝麻灰火烧板,sinks,swan.request,18
盈祥芝麻灰,sources,swan.getExtConfig,9
盈祥芝麻灰,sinks,swan.request,9
盈祥黄锈石,sources,swan.getExtConfig,9
盈祥黄锈石,sinks,swan.request,9
益智游戏网,sources,swan.getStorageSync,35
益智游戏网,sources,swan.getUserInfo,119
益智游戏网,sources,swan.openSetting,1
益智游戏网,sinks,swan.setStorageSync,1
益智游戏网,sinks,swan.request,154
益田假日天地,sources,swan.getStorageSync,99
益田假日天地,sources,swan.getExtConfig,1
益田假日天地,sources,swan.input,11
益田假日天地,sources,swan.chooseImage,1
益田假日天地,sinks,swan.request,109
益田假日天地,sinks,swan.setStorage,1
益田假日天地,sinks,swan.uploadFile,2
益童健康,sources,swan.getExtConfig,1
益童健康,sinks,swan.setClipboardData,1
盛浩卫生间隔断,sources,swan.getStorageSync,1
盛浩卫生间隔断,sources,swan.getExtConfig,1
盛浩卫生间隔断,sinks,swan.request,2
石家庄维京健身服务有限公司,sources,swan.getSystemInfoSync,1
石家庄维京健身服务有限公司,sinks,swan.setStorage,1
祁东在线洪城网络有限公司,sources,swan.getSystemInfoSync,1
祁东在线洪城网络有限公司,sinks,swan.setStorage,1
神思者娱乐资讯,sources,swan.getStorageSync,2
神思者娱乐资讯,sinks,swan.setStorageSync,2
祥健教育,sources,swan.downloadFile,1
祥健教育,sinks,swan.saveImageToPhotosAlbum,1
福度大汉海昏金局,sources,swan.getExtConfig,1
福度大汉海昏金局,sinks,swan.setClipboardData,1
福建亚美健身职业学校,sources,swan.getExtConfig,9
福建亚美健身职业学校,sinks,swan.request,9
福建健康之路信息技术有限公司,sources,swan.getSystemInfoSync,1
福建健康之路信息技术有限公司,sinks,swan.setStorage,1
福建省尚美轩餐饮管理有限公司,sources,swan.getSystemInfoSync,1
福建省尚美轩餐饮管理有限公司,sinks,swan.setStorage,1
福建鑫嘉,sources,swan.getStorageSync,2
福建鑫嘉,sinks,swan.setStorageSync,2
禹州新民生村镇银行股份有限公司,sources,swan.getSystemInfoSync,1
禹州新民生村镇银行股份有限公司,sinks,swan.setStorage,1
科华抗碱底漆,sources,swan.getStorageSync,1
科华抗碱底漆,sources,swan.getExtConfig,10
科华抗碱底漆,sinks,swan.setStorageSync,1
科华抗碱底漆,sinks,swan.request,10
科极网,sources,swan.getStorageSync,2
科极网,sinks,swan.request,2
积问累识,sources,swan.input,3
积问累识,sinks,swan.request,2
积问累识,sinks,swan.uploadFile,1
程同比鸡史事,sources,swan.getStorageSync,2
程同比鸡史事,sinks,swan.request,2
立军奥鑫弯弧热弯顶弯拉弯厂家,sources,swan.getExtConfig,33
立军奥鑫弯弧热弯顶弯拉弯厂家,sources,swan.getStorageSync,1
立军奥鑫弯弧热弯顶弯拉弯厂家,sinks,swan.request,34
立即行动科技深圳有限公司,sources,swan.getSystemInfoSync,1
立即行动科技深圳有限公司,sinks,swan.setStorage,1
立得单词巧记,sources,swan.getStorageSync,3
立得单词巧记,sinks,swan.setStorageSync,3
立源策划设计,sources,swan.getExtConfig,1
立源策划设计,sinks,swan.setClipboardData,1
章丘兴晃商贸有限公司,sources,swan.getSystemInfoSync,1
章丘兴晃商贸有限公司,sinks,swan.setStorage,1
简上餐饮品牌策划设计与营销,sources,swan.getStorageSync,20
简上餐饮品牌策划设计与营销,sinks,swan.request,18
简上餐饮品牌策划设计与营销,sinks,swan.setStorageSync,2
简办网,sources,swan.getStorageSync,1
简办网,sources,swan.getLocation,2
简办网,sources,swan.input,1
简办网,sinks,swan.request,4
简熟食品,sources,swan.getStorageSync,3
简熟食品,sinks,swan.setStorageSync,2
简熟食品,sinks,swan.request,1
简谈人生,sources,swan.downloadFile,4
简谈人生,sources,swan.getLocation,6
简谈人生,sources,swan.getStorageSync,2
简谈人生,sources,swan.chooseImage,1
简谈人生,sinks,swan.saveImageToPhotosAlbum,4
简谈人生,sinks,swan.setStorageSync,7
简谈人生,sinks,swan.setStorage,1
简谈人生,sinks,swan.uploadFile,1
粤秀教育,sources,swan.getStorageSync,13
粤秀教育,sinks,swan.setStorageSync,13
粮计,sources,swan.getExtConfig,1
粮计,sinks,swan.setClipboardData,1
精英乒乓网,sources,swan.getExtConfig,1
精英乒乓网,sinks,swan.setClipboardData,1
紫穗槐小苗,sources,swan.getExtConfig,23
紫穗槐小苗,sources,swan.getStorageSync,1
紫穗槐小苗,sinks,swan.request,24
红叶杰自流平防潮封堵剂,sources,swan.getSystemInfoSync,1
红叶杰自流平防潮封堵剂,sinks,swan.setStorage,1
红阳石墨基防火条,sources,swan.getStorageSync,1
红阳石墨基防火条,sources,swan.getExtConfig,11
红阳石墨基防火条,sinks,swan.setStorageSync,1
红阳石墨基防火条,sinks,swan.request,11
级楠商贸,sources,swan.getStorageSync,2
级楠商贸,sinks,swan.setStorageSync,2
绘政网络科技,sources,swan.getStorageSync,3
绘政网络科技,sinks,swan.setStorageSync,2
绘政网络科技,sinks,swan.request,1
绘旅人恋爱手游资讯,sources,swan.getStorageSync,1
绘旅人恋爱手游资讯,sinks,swan.setStorageSync,1
绘美墅厦门装修,sources,swan.getExtConfig,9
绘美墅厦门装修,sinks,swan.request,9
绝影社交电商服务商城,sources,swan.getExtConfig,1
绝影社交电商服务商城,sinks,swan.setClipboardData,1
继坤烘干小车,sources,swan.getStorageSync,1
继坤烘干小车,sources,swan.getExtConfig,15
继坤烘干小车,sinks,swan.setStorageSync,1
继坤烘干小车,sinks,swan.request,15
继坤烘干设备,sources,swan.getStorageSync,1
继坤烘干设备,sources,swan.getExtConfig,14
继坤烘干设备,sinks,swan.setStorageSync,1
继坤烘干设备,sinks,swan.request,14
维C美食,sources,swan.getStorageSync,1
维C美食,sinks,swan.setStorageSync,1
维一佳轮椅,sources,swan.getSystemInfoSync,1
维一佳轮椅,sinks,swan.setStorage,1
维信服务器数据恢复,sources,swan.getStorageSync,3
维信服务器数据恢复,sinks,swan.setStorageSync,2
维信服务器数据恢复,sinks,swan.request,1
缤果旅行,sources,swan.getSystemInfo,1
缤果旅行,sources,swan.getStorageSync,2
缤果旅行,sources,swan.chooseImage,3
缤果旅行,sources,swan.input,3
缤果旅行,sinks,swan.request,5
缤果旅行,sinks,swan.setStorageSync,1
缤果旅行,sinks,swan.uploadFile,3
网新科技集团,sources,swan.getSystemInfoSync,1
网新科技集团,sinks,swan.setStorageSync,1
网时代教育,sources,swan.getStorageSync,2
网时代教育,sinks,swan.setStorageSync,2
网联盛苏州电商运营店铺网店运营,sources,swan.input,1
网联盛苏州电商运营店铺网店运营,sources,swan.getStorageSync,1
网联盛苏州电商运营店铺网店运营,sources,swan.getExtConfig,1
网联盛苏州电商运营店铺网店运营,sinks,swan.request,3
羊庄胡同,sources,swan.getSystemInfoSync,1
羊庄胡同,sinks,swan.setStorage,1
美亭候车亭,sources,swan.input,1
美亭候车亭,sources,swan.getStorageSync,1
美亭候车亭,sources,swan.getExtConfig,1
美亭候车亭,sinks,swan.request,3
美会通无纸化会议方案,sources,swan.input,1
美会通无纸化会议方案,sources,swan.getStorageSync,1
美会通无纸化会议方案,sources,swan.getExtConfig,1
美会通无纸化会议方案,sinks,swan.request,3
美佳爽中国有限公司,sources,swan.getSystemInfoSync,1
美佳爽中国有限公司,sinks,swan.setStorage,1
美华达学校及教育资讯,sources,swan.getLocation,88
美华达学校及教育资讯,sinks,swan.request,88
美名狐公司起名,sources,swan.getStorageSync,2
美名狐公司起名,sinks,swan.setStorageSync,2
美君永康到郑州货运,sources,swan.getStorageSync,1
美君永康到郑州货运,sources,swan.getExtConfig,11
美君永康到郑州货运,sinks,swan.setStorageSync,1
美君永康到郑州货运,sinks,swan.request,11
美季美优,sources,swan.getExtConfig,1
美季美优,sinks,swan.setClipboardData,1
美小团外卖红包券美食助手,sources,swan.getUserInfo,2
美小团外卖红包券美食助手,sources,swan.getExtConfigSync,306
美小团外卖红包券美食助手,sources,swan.getStorageSync,7
美小团外卖红包券美食助手,sources,swan.chooseAddress,1
美小团外卖红包券美食助手,sources,swan.getImageInfo,2
美小团外卖红包券美食助手,sinks,swan.request,310
美小团外卖红包券美食助手,sinks,swan.uploadFile,6
美小团外卖红包券美食助手,sinks,swan.saveImageToPhotosAlbum,2
美涂涂,sources,swan.getSystemInfoSync,1
美涂涂,sinks,swan.setStorage,1
美物计严选,sources,swan.getSystemInfoSync,1
美物计严选,sinks,swan.setStorage,1
美玲旅行,sources,swan.getStorageSync,2
美玲旅行,sinks,swan.setStorageSync,2
美要极轻奢,sources,swan.getStorageSync,2
美要极轻奢,sinks,swan.setStorageSync,2
美食杰优选,sources,swan.getExtConfig,1
美食杰优选,sinks,swan.setClipboardData,1
羞羞哒小型售货机迷你无人售货机,sources,swan.getStorageSync,2
羞羞哒小型售货机迷你无人售货机,sinks,swan.setStorageSync,2
羞羞哒酒店无人售货机售货柜厂家,sources,swan.getStorageSync,2
羞羞哒酒店无人售货机售货柜厂家,sinks,swan.setStorageSync,2
羽派旅行,sources,swan.getStorageSync,2
羽派旅行,sinks,swan.setStorageSync,2
老北京教育,sources,swan.getStorageSync,18
老北京教育,sinks,swan.request,18
老娘舅餐饮有限公司,sources,swan.getSystemInfoSync,1
老娘舅餐饮有限公司,sinks,swan.setStorage,1
考必达教育咨询有限公司,sources,swan.getSystemInfoSync,1
考必达教育咨询有限公司,sinks,swan.setStorage,1
考而思留学生学术辅导中心,sources,swan.getStorageSync,2
考而思留学生学术辅导中心,sinks,swan.setStorageSync,2
耐驰进口螺杆泵及通用配件,sources,swan.getExtConfig,16
耐驰进口螺杆泵及通用配件,sinks,swan.request,16
聊城市迅得信息技术有限公司,sources,swan.getUserInfo,1
聊城市迅得信息技术有限公司,sources,swan.getLocation,5
聊城市迅得信息技术有限公司,sources,swan.chooseImage,2
聊城市迅得信息技术有限公司,sources,swan.chooseAddress,5
聊城市迅得信息技术有限公司,sources,swan.input,10
聊城市迅得信息技术有限公司,sources,swan.getSystemInfoSync,1
聊城市迅得信息技术有限公司,sources,swan.getStorageSync,24
聊城市迅得信息技术有限公司,sinks,swan.request,25
聊城市迅得信息技术有限公司,sinks,swan.uploadFile,2
聊城市迅得信息技术有限公司,sinks,swan.setStorageSync,21
联图活码,sources,swan.chooseImage,2
联图活码,sinks,swan.uploadFile,2
聚合文娱,sources,swan.getSystemInfoSync,1
聚合文娱,sinks,swan.setStorage,1
肌因美,sources,swan.getStorageSync,2
肌因美,sinks,swan.setStorageSync,2
肌肉小王子旗舰店,sources,swan.getExtConfig,1
肌肉小王子旗舰店,sinks,swan.setClipboardData,1
肥龙成长记,sources,swan.getStorageSync,2
肥龙成长记,sinks,swan.setStorageSync,2
腾翼搏时医药冷链,sources,swan.input,1
腾翼搏时医药冷链,sources,swan.getStorageSync,1
腾翼搏时医药冷链,sources,swan.getExtConfig,1
腾翼搏时医药冷链,sinks,swan.request,3
腾讯音乐娱乐深圳有限公司,sources,swan.getSystemInfoSync,1
腾讯音乐娱乐深圳有限公司,sinks,swan.setStorage,1
至友露骨料地坪价格,sources,swan.getExtConfig,10
至友露骨料地坪价格,sinks,swan.request,10
航旭换热机组,sources,swan.getStorageSync,25
航旭换热机组,sources,swan.getExtConfigSync,50
航旭换热机组,sinks,swan.request,75
航空快运托运卡航,sources,swan.getStorageSync,1
航空快运托运卡航,sinks,swan.setStorageSync,1
良吉搬家,sources,swan.getStorageSync,28
良吉搬家,sources,swan.input,2
良吉搬家,sources,swan.getLocation,7
良吉搬家,sinks,swan.setStorageSync,20
良吉搬家,sinks,swan.request,13
良吉搬家,sinks,swan.setStorage,4
艺萱美丽进口美容获奖产品,sources,swan.getExtConfig,9
艺萱美丽进口美容获奖产品,sinks,swan.request,9
艾多美跨境电商,sources,swan.getStorageSync,2
艾多美跨境电商,sinks,swan.setStorageSync,2
芙柯修复敏感肌,sources,swan.getStorageSync,2
芙柯修复敏感肌,sinks,swan.setStorageSync,2
芙柯敏感肌修复,sources,swan.getStorageSync,2
芙柯敏感肌修复,sinks,swan.setStorageSync,2
芮贾家政,sources,swan.getExtConfig,1
芮贾家政,sinks,swan.setClipboardData,1
花世界鲜花网同城花店买花配送,sources,swan.getStorageSync,11
花世界鲜花网同城花店买花配送,sources,swan.getSystemInfoSync,1
花世界鲜花网同城花店买花配送,sources,swan.input,6
花世界鲜花网同城花店买花配送,sources,swan.chooseImage,4
花世界鲜花网同城花店买花配送,sinks,swan.request,16
花世界鲜花网同城花店买花配送,sinks,swan.setStorage,2
花世界鲜花网同城花店买花配送,sinks,swan.uploadFile,4
花友之家,sources,swan.getSystemInfo,1
花友之家,sources,swan.getStorageSync,65
花友之家,sources,swan.chooseAddress,4
花友之家,sinks,swan.setStorageSync,4
花友之家,sinks,swan.request,66
花嫁丽舍,sources,swan.getStorageSync,3
花嫁丽舍,sinks,swan.setStorageSync,2
花嫁丽舍,sinks,swan.request,1
花市网鲜花,sources,swan.getStorageSync,28
花市网鲜花,sources,swan.input,1
花市网鲜花,sources,swan.getImageInfo,1
花市网鲜花,sinks,swan.request,19
花市网鲜花,sinks,swan.setStorageSync,10
花市网鲜花,sinks,swan.saveImageToPhotosAlbum,1
花月鲜花,sources,swan.getSystemInfoSync,1
花月鲜花,sinks,swan.setStorage,1
花百科,sources,swan.getStorageSync,137
花百科,sources,swan.getSystemInfo,9
花百科,sources,swan.getStorage,5
花百科,sources,swan.getImageInfo,1
花百科,sources,swan.chooseImage,3
花百科,sources,swan.chooseAddress,4
花百科,sources,swan.getUserInfo,1
花百科,sinks,swan.request,147
花百科,sinks,swan.setStorageSync,7
花百科,sinks,swan.uploadFile,6
花礼网鲜花,sources,swan.getStorageSync,6
花礼网鲜花,sources,swan.chooseImage,2
花礼网鲜花,sinks,swan.setStorage,3
花礼网鲜花,sinks,swan.uploadFile,2
花礼网鲜花,sinks,swan.setStorageSync,2
花礼网鲜花,sinks,swan.request,1
花语鲜花,sources,swan.getSystemInfoSync,1
花语鲜花,sinks,swan.setStorage,1
花送鲜花网,sources,swan.getStorageSync,18
花送鲜花网,sources,swan.input,1
花送鲜花网,sources,swan.getImageInfo,1
花送鲜花网,sinks,swan.request,9
花送鲜花网,sinks,swan.setStorageSync,10
花送鲜花网,sinks,swan.saveImageToPhotosAlbum,1
芸尚森活微商城,sources,swan.getExtConfig,1
芸尚森活微商城,sinks,swan.setClipboardData,1
苏宁易购,sources,swan.chooseImage,2
苏宁易购,sources,swan.getStorageSync,35
苏宁易购,sources,swan.downloadFile,2
苏宁易购,sources,swan.getImageInfo,1
苏宁易购,sources,swan.getStorage,4
苏宁易购,sinks,swan.uploadFile,2
苏宁易购,sinks,swan.setStorageSync,16
苏宁易购,sinks,swan.saveImageToPhotosAlbum,3
苏宁易购,sinks,swan.request,22
苏宁易购,sinks,swan.setClipboardData,1
苏州徽馨徽源餐饮管理有限公司,sources,swan.getSystemInfoSync,1
苏州徽馨徽源餐饮管理有限公司,sinks,swan.setStorage,1
苏州沪中国际贸易有限公司,sources,swan.getSystemInfoSync,1
苏州沪中国际贸易有限公司,sinks,swan.setStorage,1
苏州福绘润智文化发展有限公司,sources,swan.getSystemInfoSync,1
苏州福绘润智文化发展有限公司,sinks,swan.setStorage,1
荣祥物流运输,sources,swan.getSystemInfoSync,1
荣祥物流运输,sinks,swan.setStorage,1
荥阳市民生食品机械有限公司,sources,swan.getSystemInfoSync,1
荥阳市民生食品机械有限公司,sinks,swan.setStorage,1
荧裳运动服饰,sources,swan.getSystemInfoSync,1
荧裳运动服饰,sinks,swan.setStorage,1
获旅体科技发展武汉有限公司,sources,swan.getSystemInfoSync,1
获旅体科技发展武汉有限公司,sinks,swan.setStorage,1
菲菲教育,sources,swan.getStorageSync,3
菲菲教育,sinks,swan.setStorageSync,2
菲菲教育,sinks,swan.request,1
萌萌哒教育教学知识点讲解,sources,swan.input,1
萌萌哒教育教学知识点讲解,sinks,swan.request,1
萌话娱评,sources,swan.input,2
萌话娱评,sinks,swan.request,2
蓝集装饰,sources,swan.getStorageSync,3
蓝集装饰,sinks,swan.setStorageSync,2
蓝集装饰,sinks,swan.request,1
蓝鲸国际教育,sources,swan.getStorageSync,2
蓝鲸国际教育,sinks,swan.setStorageSync,2
蔚蓝呼吸,sources,swan.getExtConfig,1
蔚蓝呼吸,sinks,swan.setClipboardData,1
虾皇,sources,swan.getSystemInfoSync,1
虾皇,sinks,swan.setStorage,1
融跃教育,sources,swan.getSystemInfoSync,1
融跃教育,sinks,swan.setStorage,1
蟹如虎,sources,swan.getSystemInfoSync,1
蟹如虎,sinks,swan.setStorage,1
行动教育网站,sources,swan.getStorageSync,3
行动教育网站,sinks,swan.setStorageSync,2
行动教育网站,sinks,swan.request,1
行动教育集团,sources,swan.getStorageSync,3
行动教育集团,sinks,swan.setStorageSync,2
行动教育集团,sinks,swan.request,1
行唐王俊电商,sources,swan.getStorageSync,2
行唐王俊电商,sinks,swan.request,2
行王床垫换布,sources,swan.getExtConfig,11
行王床垫换布,sinks,swan.request,11
行王椅子换皮换布,sources,swan.getExtConfig,9
行王椅子换皮换布,sinks,swan.request,9
西安亮剑青少年学生军训夏令营,sources,swan.getExtConfig,24
西安亮剑青少年学生军训夏令营,sources,swan.getStorageSync,1
西安亮剑青少年学生军训夏令营,sinks,swan.request,25
西安多利隆运动草坪有限公司,sources,swan.getSystemInfoSync,1
西安多利隆运动草坪有限公司,sinks,swan.setStorage,1
西藏昌都茶马古道国际旅行社,sources,swan.getSystemInfoSync,1
西藏昌都茶马古道国际旅行社,sinks,swan.setStorage,1
觅糖美食,sources,swan.getStorageSync,1
觅糖美食,sinks,swan.setStorageSync,1
言迪慧学,sources,swan.downloadFile,1
言迪慧学,sources,swan.getStorageSync,21
言迪慧学,sinks,swan.saveImageToPhotosAlbum,1
言迪慧学,sinks,swan.setStorageSync,21
认养一头牛,sources,swan.getExtConfig,1
认养一头牛,sinks,swan.setClipboardData,1
讯灰科技商贸,sources,swan.getStorageSync,2
讯灰科技商贸,sinks,swan.setStorageSync,2
证券开户通,sources,swan.input,1
证券开户通,sinks,swan.request,1
诚贯济南公司个体户注册代理记账,sources,swan.getStorage,1
诚贯济南公司个体户注册代理记账,sinks,swan.setStorage,1
诸城朝阳宰鸡设备,sources,swan.getExtConfig,16
诸城朝阳宰鸡设备,sinks,swan.request,16
诺迪克健身器材上海有限公司,sources,swan.getSystemInfoSync,1
诺迪克健身器材上海有限公司,sinks,swan.setStorage,1
贝玲肌肤管理,sources,swan.getStorageSync,533
贝玲肌肤管理,sources,swan.getLocation,4
贝玲肌肤管理,sources,swan.input,38
贝玲肌肤管理,sources,swan.getStorage,1
贝玲肌肤管理,sources,swan.chooseImage,5
贝玲肌肤管理,sources,swan.getSystemInfoSync,4
贝玲肌肤管理,sinks,swan.request,563
贝玲肌肤管理,sinks,swan.removeStorageSync,4
贝玲肌肤管理,sinks,swan.setStorageSync,5
贝玲肌肤管理,sinks,swan.uploadFile,11
贝玲肌肤管理,sinks,swan.setStorage,2
货拉拉,sources,swan.getStorageSync,1
货拉拉,sinks,swan.setStorage,1
贵州学道教育咨询有限公司,sources,swan.getSystemInfoSync,1
贵州学道教育咨询有限公司,sinks,swan.setStorage,1
贵州鑫嘉,sources,swan.getStorageSync,2
贵州鑫嘉,sinks,swan.setStorageSync,2
贵阳中国旅行社,sources,swan.getSystemInfoSync,1
贵阳中国旅行社,sinks,swan.setStorage,1
赣州XSW电脑设计培训,sources,swan.getLocation,6
赣州XSW电脑设计培训,sources,swan.chooseImage,5
赣州XSW电脑设计培训,sources,swan.chooseAddress,2
赣州XSW电脑设计培训,sources,swan.input,9
赣州XSW电脑设计培训,sources,swan.getStorage,1
赣州XSW电脑设计培训,sinks,swan.setStorage,4
赣州XSW电脑设计培训,sinks,swan.uploadFile,2
赣州XSW电脑设计培训,sinks,swan.request,17
跅驰撕膜机,sources,swan.getStorageSync,1
跅驰撕膜机,sources,swan.getExtConfig,11
跅驰撕膜机,sinks,swan.setStorageSync,1
跅驰撕膜机,sinks,swan.request,11
车行易国际驾照,sources,swan.getSystemInfoSync,1
车行易国际驾照,sources,swan.input,32
车行易国际驾照,sources,swan.getStorageSync,5
车行易国际驾照,sinks,swan.setStorageSync,38
车轮年检,sources,swan.getStorageSync,3
车轮年检,sinks,swan.uploadFile,1
车轮年检,sinks,swan.request,1
车轮年检,sinks,swan.setStorageSync,1
轩然旅游,sources,swan.getStorageSync,2
轩然旅游,sinks,swan.setStorageSync,2
轿车托运易丰,sources,swan.getStorageSync,1
轿车托运易丰,sources,swan.input,4
轿车托运易丰,sinks,swan.setStorageSync,1
轿车托运易丰,sinks,swan.request,4
辽宁远东换热设备制造有限公司,sources,swan.getSystemInfoSync,1
辽宁远东换热设备制造有限公司,sinks,swan.setStorage,1
达达快送,sources,swan.chooseImage,1
达达快送,sources,swan.getStorageSync,1
达达快送,sinks,swan.uploadFile,1
达达快送,sinks,swan.setStorageSync,1
迈康健康资讯,sources,swan.getStorageSync,2
迈康健康资讯,sinks,swan.setStorageSync,2
运动站高尔夫精选,sources,swan.getExtConfig,1
运动站高尔夫精选,sinks,swan.setClipboardData,1
运帮工搬家拉货,sources,swan.getStorageSync,2
运帮工搬家拉货,sinks,swan.setStorageSync,2
远宏园林,sources,swan.getExtConfig,10
远宏园林,sinks,swan.request,10
送花优鲜花,sources,swan.getExtConfig,1
送花优鲜花,sinks,swan.setClipboardData,1
速加电,sources,swan.getStorageSync,2
速加电,sinks,swan.setStorageSync,2
道远夹丝玻璃,sources,swan.getExtConfig,25
道远夹丝玻璃,sources,swan.getStorageSync,1
道远夹丝玻璃,sinks,swan.request,26
邮多多国际快递集运,sources,swan.getStorageSync,1
邮多多国际快递集运,sinks,swan.setStorageSync,1
邮证身份证邮寄,sources,swan.getSystemInfoSync,1
邮证身份证邮寄,sources,swan.getStorageSync,5
邮证身份证邮寄,sources,swan.input,4
邮证身份证邮寄,sources,swan.downloadFile,1
邮证身份证邮寄,sinks,swan.setStorageSync,10
邮证身份证邮寄,sinks,swan.saveImageToPhotosAlbum,1
郑州华晶金刚石股份有限公司,sources,swan.getSystemInfoSync,1
郑州华晶金刚石股份有限公司,sinks,swan.setStorage,1
郑州小绘科技有限公司,sources,swan.getSystemInfoSync,1
郑州小绘科技有限公司,sinks,swan.setStorage,1
郑州市森虎餐饮管理有限公司,sources,swan.getSystemInfoSync,1
郑州市森虎餐饮管理有限公司,sinks,swan.setStorage,1
郑州琦迹教育科技有限公司,sources,swan.getSystemInfoSync,1
郑州琦迹教育科技有限公司,sinks,swan.setStorage,1
郑州网域计算机科技有限公司,sources,swan.getSystemInfoSync,1
郑州网域计算机科技有限公司,sinks,swan.setStorage,1
郑州铭成奇迹企业形象设计,sources,swan.getSystemInfoSync,1
郑州铭成奇迹企业形象设计,sinks,swan.setStorage,1
都市惠,sources,swan.getExtConfig,1
都市惠,sinks,swan.setClipboardData,1
鄂尔多斯市宏易网络科技有限公司,sources,swan.getSystemInfoSync,1
鄂尔多斯市宏易网络科技有限公司,sinks,swan.setStorage,1
鄂汇办,sources,swan.getStorage,3
鄂汇办,sources,swan.getLocation,1
鄂汇办,sinks,swan.setStorage,4
酒不悔,sources,swan.getExtConfig,1
酒不悔,sinks,swan.setClipboardData,1
重庆互鹏农业发展有限公司,sources,swan.getSystemInfoSync,1
重庆互鹏农业发展有限公司,sinks,swan.setStorage,1
重庆光电仪器有限公司,sources,swan.getSystemInfoSync,1
重庆光电仪器有限公司,sinks,swan.setStorage,1
重庆小师兄餐饮管理咨询有限公司,sources,swan.getSystemInfoSync,1
重庆小师兄餐饮管理咨询有限公司,sinks,swan.setStorage,1
重庆山炮餐饮娱乐文化有限公司,sources,swan.getSystemInfoSync,1
重庆山炮餐饮娱乐文化有限公司,sinks,swan.setStorage,1
重庆巴尖餐饮管理有限公司,sources,swan.getSystemInfoSync,1
重庆巴尖餐饮管理有限公司,sinks,swan.setStorage,1
重庆恢恢信息技术有限公司,sources,swan.getSystemInfoSync,1
重庆恢恢信息技术有限公司,sinks,swan.setStorage,1
重庆惠全科技有限公司,sources,swan.getSystemInfoSync,1
重庆惠全科技有限公司,sinks,swan.setStorage,1
重庆户户达家政,sources,swan.getStorageSync,26
重庆户户达家政,sources,swan.getUserInfo,2
重庆户户达家政,sources,swan.downloadFile,8
重庆户户达家政,sources,swan.chooseAddress,1
重庆户户达家政,sources,swan.input,3
重庆户户达家政,sources,swan.getStorage,1
重庆户户达家政,sources,swan.chooseImage,1
重庆户户达家政,sinks,swan.request,5
重庆户户达家政,sinks,swan.saveImageToPhotosAlbum,8
重庆户户达家政,sinks,swan.setStorageSync,28
重庆户户达家政,sinks,swan.uploadFile,1
重庆机电控股集团公司,sources,swan.getSystemInfoSync,1
重庆机电控股集团公司,sinks,swan.setStorage,1
重庆沈洪存餐饮管理有限公司,sources,swan.getSystemInfoSync,1
重庆沈洪存餐饮管理有限公司,sinks,swan.setStorage,1
重庆白家餐饮管理有限公司,sources,swan.getSystemInfoSync,1
重庆白家餐饮管理有限公司,sinks,swan.setStorage,1
重庆筷乐食光餐饮管理有限公司,sources,swan.getSystemInfoSync,1
重庆筷乐食光餐饮管理有限公司,sinks,swan.setStorage,1
重庆美斯特健身管理有限公司,sources,swan.getSystemInfoSync,1
重庆美斯特健身管理有限公司,sinks,swan.setStorage,1
重庆贝航餐饮管理有限公司,sources,swan.getSystemInfoSync,1
重庆贝航餐饮管理有限公司,sinks,swan.setStorage,1
重庆雪克先生餐饮管理有限公司,sources,swan.getSystemInfoSync,1
重庆雪克先生餐饮管理有限公司,sinks,swan.setStorage,1
重德教育,sources,swan.getStorageSync,12
重德教育,sources,swan.input,56
重德教育,sources,swan.getExtConfig,1
重德教育,sinks,swan.setStorageSync,2
重德教育,sinks,swan.request,67
金投网,sources,swan.getStorageSync,4
金投网,sinks,swan.request,4
金瘦立减肥瘦身,sources,swan.getExtConfig,33
金瘦立减肥瘦身,sinks,swan.request,33
金盾看守所监室门,sources,swan.getExtConfig,9
金盾看守所监室门,sinks,swan.request,9
鑫科教学磁铁,sources,swan.getStorageSync,1
鑫科教学磁铁,sources,swan.getExtConfig,10
鑫科教学磁铁,sinks,swan.setStorageSync,1
鑫科教学磁铁,sinks,swan.request,10
鑫锐时代蓟州生活服务到家,sources,swan.getStorageSync,12
鑫锐时代蓟州生活服务到家,sources,swan.input,56
鑫锐时代蓟州生活服务到家,sources,swan.getExtConfig,1
鑫锐时代蓟州生活服务到家,sinks,swan.setStorageSync,2
鑫锐时代蓟州生活服务到家,sinks,swan.request,67
铁甲二手机,sources,swan.getStorage,1
铁甲二手机,sources,swan.getUserInfo,1
铁甲二手机,sources,swan.getStorageSync,3
铁甲二手机,sinks,swan.setStorage,1
铁甲二手机,sinks,swan.request,1
铁甲二手机,sinks,swan.setStorageSync,3
铭兴磷酸二氢钾,sources,swan.getExtConfig,22
铭兴磷酸二氢钾,sinks,swan.request,22
银基机械电极糊压球机,sources,swan.getStorageSync,1
银基机械电极糊压球机,sources,swan.getExtConfig,15
银基机械电极糊压球机,sinks,swan.setStorageSync,1
银基机械电极糊压球机,sinks,swan.request,15
银基电极糊成型机,sources,swan.getStorageSync,1
银基电极糊成型机,sources,swan.getExtConfig,14
银基电极糊成型机,sinks,swan.setStorageSync,1
银基电极糊成型机,sinks,swan.request,14
锐赢旅游攻略,sources,swan.input,1
锐赢旅游攻略,sources,swan.getStorageSync,1
锐赢旅游攻略,sources,swan.getExtConfig,1
锐赢旅游攻略,sinks,swan.request,3
锦堂盛夹丝玻璃,sources,swan.input,1
锦堂盛夹丝玻璃,sources,swan.getStorageSync,1
锦堂盛夹丝玻璃,sources,swan.getExtConfig,1
锦堂盛夹丝玻璃,sinks,swan.request,3
锦荣候车亭,sources,swan.input,1
锦荣候车亭,sources,swan.getStorageSync,1
锦荣候车亭,sources,swan.getExtConfig,1
锦荣候车亭,sinks,swan.request,3
长春市加利士餐饮管理有限公司,sources,swan.getSystemInfoSync,1
长春市加利士餐饮管理有限公司,sinks,swan.setStorage,1
长春市唤味餐饮管理服务有限公司,sources,swan.getSystemInfoSync,1
长春市唤味餐饮管理服务有限公司,sinks,swan.setStorage,1
长沙伍爱美食食品科技有限公司,sources,swan.getSystemInfoSync,1
长沙伍爱美食食品科技有限公司,sinks,swan.setStorage,1
长沙尚淇体育运动有限公司,sources,swan.getSystemInfoSync,1
长沙尚淇体育运动有限公司,sinks,swan.setStorage,1
长沙甜蜜蜜婚介,sources,swan.getStorageSync,28
长沙甜蜜蜜婚介,sources,swan.input,12
长沙甜蜜蜜婚介,sources,swan.chooseImage,1
长沙甜蜜蜜婚介,sinks,swan.setStorageSync,38
长沙甜蜜蜜婚介,sinks,swan.connectSocket,2
长沙甜蜜蜜婚介,sinks,swan.uploadFile,1
长赢紫穗槐,sources,swan.getStorageSync,1
长赢紫穗槐,sources,swan.getExtConfig,15
长赢紫穗槐,sinks,swan.setStorageSync,1
长赢紫穗槐,sinks,swan.request,15
问权,sources,swan.getSystemInfoSync,1
问权,sinks,swan.setStorage,1
问答街知识百科,sources,swan.getStorageSync,14
问答街知识百科,sinks,swan.setStorageSync,14
问问塔罗,sources,swan.input,3
问问塔罗,sinks,swan.request,3
闹闹猴充值平台,sources,swan.getStorageSync,4
闹闹猴充值平台,sinks,swan.request,4
闽政通,sources,swan.getStorage,3
闽政通,sources,swan.getStorageSync,8
闽政通,sources,swan.getUserInfo,1
闽政通,sources,swan.chooseImage,1
闽政通,sinks,swan.setStorageSync,9
闽政通,sinks,swan.setStorage,1
闽政通,sinks,swan.uploadFile,3
陕西杨和平餐饮美食,sources,swan.getStorageSync,518
陕西杨和平餐饮美食,sources,swan.getLocation,5
陕西杨和平餐饮美食,sources,swan.getStorage,1
陕西杨和平餐饮美食,sources,swan.chooseImage,4
陕西杨和平餐饮美食,sources,swan.getSystemInfoSync,6
陕西杨和平餐饮美食,sinks,swan.request,524
陕西杨和平餐饮美食,sinks,swan.uploadFile,8
陕西杨和平餐饮美食,sinks,swan.setStorage,2
随州市曾侯乙编钟编磬文化,sources,swan.getSystemInfoSync,1
随州市曾侯乙编钟编磬文化,sinks,swan.setStorage,1
雅棉健康居住商城,sources,swan.getExtConfig,1
雅棉健康居住商城,sinks,swan.setClipboardData,1
雅风商贸,sources,swan.getStorageSync,3
雅风商贸,sources,swan.chooseImage,1
雅风商贸,sources,swan.input,2
雅风商贸,sinks,swan.request,4
雅风商贸,sinks,swan.setStorageSync,1
雅风商贸,sinks,swan.uploadFile,1
集印猫,sources,swan.getSystemInfoSync,1
集印猫,sinks,swan.setStorage,1
集库,sources,swan.getStorageSync,2
集库,sinks,swan.setStorageSync,2
集智惠知,sources,swan.getStorageSync,1
集智惠知,sources,swan.getLocation,1
集智惠知,sinks,swan.setStorageSync,1
集智惠知,sinks,swan.setStorage,1
集省,sources,swan.getStorageSync,1
集省,sources,swan.getExtConfig,1
集省,sinks,swan.request,2
零久话题,sources,swan.input,2
零久话题,sources,swan.getUserInfo,1
零久话题,sources,swan.getStorage,18
零久话题,sinks,swan.request,19
零久话题,sinks,swan.uploadFile,2
青县冀丰钢铁有限公司,sources,swan.getSystemInfoSync,1
青县冀丰钢铁有限公司,sinks,swan.setStorage,1
青团社兼职,sources,swan.getSystemInfoSync,2
青团社兼职,sources,swan.chooseImage,1
青团社兼职,sources,swan.getStorageSync,12
青团社兼职,sources,swan.input,6
青团社兼职,sources,swan.getUserInfo,1
青团社兼职,sources,swan.downloadFile,2
青团社兼职,sources,swan.getFileInfo,2
青团社兼职,sources,swan.getLocation,7
青团社兼职,sinks,swan.uploadFile,2
青团社兼职,sinks,swan.request,15
青团社兼职,sinks,swan.setStorage,10
青团社兼职,sinks,swan.setClipboardData,1
青团社兼职,sinks,swan.setStorageSync,3
青团社兼职,sinks,swan.saveFile,2
青岛帝一健身管理有限公司,sources,swan.getSystemInfoSync,1
青岛帝一健身管理有限公司,sinks,swan.setStorage,1
青岛简瘦云科技有限公司,sources,swan.getSystemInfoSync,1
青岛简瘦云科技有限公司,sinks,swan.setStorage,1
青岛纪盛源电梯工程有限公司,sources,swan.getSystemInfoSync,1
青岛纪盛源电梯工程有限公司,sinks,swan.setStorage,1
青岛银色世纪健康产业集团,sources,swan.getSystemInfoSync,1
青岛银色世纪健康产业集团,sinks,swan.setStorage,1
青岛青年国际旅行社,sources,swan.getUserInfo,3
青岛青年国际旅行社,sources,swan.input,7
青岛青年国际旅行社,sources,swan.getStorageSync,2
青岛青年国际旅行社,sinks,swan.request,12
青海诺木洪农场,sources,swan.getSystemInfoSync,1
青海诺木洪农场,sinks,swan.setStorage,1
青鹿教育,sources,swan.getSystemInfoSync,1
青鹿教育,sinks,swan.setStorage,1
顶立科技粉末冶金设备,sources,swan.getStorageSync,12
顶立科技粉末冶金设备,sources,swan.input,56
顶立科技粉末冶金设备,sources,swan.getExtConfig,1
顶立科技粉末冶金设备,sinks,swan.setStorageSync,2
顶立科技粉末冶金设备,sinks,swan.request,67
顺拍快递直通车,sources,swan.getStorageSync,1
顺拍快递直通车,sinks,swan.setStorageSync,1
飞橙教育,sources,swan.getStorageSync,18
飞橙教育,sources,swan.input,12
飞橙教育,sources,swan.chooseImage,1
飞橙教育,sinks,swan.setStorageSync,28
飞橙教育,sinks,swan.connectSocket,2
飞橙教育,sinks,swan.uploadFile,1
飞飞摩斯密码,sources,swan.input,4
飞飞摩斯密码,sinks,swan.setClipboardData,4
馀生旅游地方美食特产礼品预订,sources,swan.getExtConfig,1
馀生旅游地方美食特产礼品预订,sinks,swan.setClipboardData,1
香巴香食品小吃企业管理培训,sources,swan.getStorageSync,1
香巴香食品小吃企业管理培训,sources,swan.getExtConfig,16
香巴香食品小吃企业管理培训,sinks,swan.setStorageSync,1
香巴香食品小吃企业管理培训,sinks,swan.request,16
马丹阳健康分享,sources,swan.getStorageSync,2
马丹阳健康分享,sinks,swan.setStorageSync,2
高百安全目视化,sources,swan.getStorageSync,2
高百安全目视化,sinks,swan.setStorageSync,2
高百目视化,sources,swan.getStorageSync,2
高百目视化,sinks,swan.setStorageSync,2
鹏嘉说法,sources,swan.getUserInfo,1
鹏嘉说法,sources,swan.getStorageSync,1
鹏嘉说法,sinks,swan.request,2
鹤壁市民生科技开发有限责任公司,sources,swan.getSystemInfoSync,1
鹤壁市民生科技开发有限责任公司,sinks,swan.setStorage,1
鹿鹿脑筋急转弯,sources,swan.getStorageSync,1
鹿鹿脑筋急转弯,sinks,swan.setStorageSync,1
麦画郎,sources,swan.getSystemInfoSync,1
麦画郎,sinks,swan.setStorage,1
麦职教育,sources,swan.getLocation,6
麦职教育,sources,swan.chooseImage,6
麦职教育,sources,swan.chooseAddress,2
麦职教育,sources,swan.input,10
麦职教育,sources,swan.getStorage,1
麦职教育,sinks,swan.setStorage,4
麦职教育,sinks,swan.uploadFile,2
麦职教育,sinks,swan.request,19
黄山春秋旅游,sources,swan.getUserInfo,3
黄山春秋旅游,sources,swan.input,7
黄山春秋旅游,sources,swan.getStorageSync,2
黄山春秋旅游,sinks,swan.request,12
黄杰大蒜收获机,sources,swan.getStorageSync,1
黄杰大蒜收获机,sinks,swan.request,1
黄老五,sources,swan.getSystemInfoSync,1
黄老五,sinks,swan.setStorage,1
齐家装修监理,sources,swan.getLocation,1
齐家装修监理,sources,swan.getStorageSync,6
齐家装修监理,sinks,swan.request,5
齐家装修监理,sinks,swan.setStorageSync,2
龙博紫穗槐,sources,swan.getExtConfig,25
龙博紫穗槐,sources,swan.getStorageSync,1
龙博紫穗槐,sinks,swan.request,26
龙博紫穗槐小苗价格,sources,swan.getExtConfig,30
龙博紫穗槐小苗价格,sinks,swan.request,30
龙门休闲娱乐,sources,swan.getStorageSync,527
龙门休闲娱乐,sources,swan.getLocation,4
龙门休闲娱乐,sources,swan.input,38
龙门休闲娱乐,sources,swan.getStorage,1
龙门休闲娱乐,sources,swan.chooseImage,5
龙门休闲娱乐,sources,swan.getSystemInfoSync,4
龙门休闲娱乐,sinks,swan.request,557
龙门休闲娱乐,sinks,swan.removeStorageSync,4
龙门休闲娱乐,sinks,swan.setStorageSync,5
龙门休闲娱乐,sinks,swan.uploadFile,11
龙门休闲娱乐,sinks,swan.setStorage,2
125在职研究生,sources,swan.getStorageSync,38
125在职研究生,sinks,swan.request,38
500彩票,sources,swan.getStorageSync,2
500彩票,sources,swan.getSystemInfo,1
500彩票,sinks,swan.request,2
500彩票,sinks,swan.setStorageSync,1
51演讲吧,sources,swan.getStorageSync,13
51演讲吧,sinks,swan.setStorageSync,13
BLHC液压胀紧套,sources,swan.getUserInfo,1
BLHC液压胀紧套,sources,swan.getStorageSync,38
BLHC液压胀紧套,sinks,swan.request,35
BLHC液压胀紧套,sinks,swan.setStorageSync,4
Eddaair杀菌除臭机,sources,swan.getExtConfig,23
Eddaair杀菌除臭机,sinks,swan.request,23
flightclub中文站,sources,swan.getStorageSync,5
flightclub中文站,sources,swan.downloadFile,1
flightclub中文站,sources,swan.chooseImage,1
flightclub中文站,sources,swan.getUserInfo,1
flightclub中文站,sinks,swan.request,5
flightclub中文站,sinks,swan.setStorageSync,1
flightclub中文站,sinks,swan.saveImageToPhotosAlbum,1
flightclub中文站,sinks,swan.uploadFile,1
ITES深圳工业展,sources,swan.getSystemInfoSync,1
ITES深圳工业展,sinks,swan.setStorage,1
JL钧雷微行天下,sources,swan.getLocation,5
JL钧雷微行天下,sources,swan.chooseImage,2
JL钧雷微行天下,sources,swan.chooseAddress,5
JL钧雷微行天下,sources,swan.input,10
JL钧雷微行天下,sources,swan.getSystemInfoSync,1
JL钧雷微行天下,sources,swan.getStorageSync,24
JL钧雷微行天下,sinks,swan.request,24
JL钧雷微行天下,sinks,swan.uploadFile,2
JL钧雷微行天下,sinks,swan.setStorageSync,21
RnD瑷缇美甲美睫,sources,swan.getStorageSync,3
RnD瑷缇美甲美睫,sinks,swan.setStorageSync,2
RnD瑷缇美甲美睫,sinks,swan.request,1
µÖöÕ░öõ©Øþ¢æÕêÂÕôü,sources,swan.getStorageSync,2
µÖöÕ░öõ©Øþ¢æÕêÂÕôü,sinks,swan.setStorageSync,2
一凯wms软件,sources,swan.getStorageSync,1
一凯wms软件,sources,swan.getExtConfig,10
一凯wms软件,sinks,swan.setStorageSync,1
一凯wms软件,sinks,swan.request,10
一凯仓储管理软件,sources,swan.getStorageSync,1
一凯仓储管理软件,sources,swan.getExtConfig,11
一凯仓储管理软件,sinks,swan.setStorageSync,1
一凯仓储管理软件,sinks,swan.request,11
一直看漫画,sources,swan.getStorageSync,27
一直看漫画,sources,swan.getUserInfo,1
一直看漫画,sources,swan.input,47
一直看漫画,sources,swan.chooseImage,5
一直看漫画,sinks,swan.request,55
一直看漫画,sinks,swan.setStorageSync,21
一直看漫画,sinks,swan.uploadFile,4
七七影视,sources,swan.getStorageSync,1
七七影视,sinks,swan.request,1
七乐剧,sources,swan.getStorageSync,1
七乐剧,sinks,swan.request,1
万仪户外粉尘监测系统环保局标准,sources,swan.getStorageSync,1
万仪户外粉尘监测系统环保局标准,sources,swan.getExtConfig,18
万仪户外粉尘监测系统环保局标准,sinks,swan.setStorageSync,1
万仪户外粉尘监测系统环保局标准,sinks,swan.request,18
万卷时光书店,sources,swan.getExtConfig,1
万卷时光书店,sinks,swan.setClipboardData,1
万物有限元仿真,sources,swan.getStorageSync,2
万物有限元仿真,sinks,swan.setStorageSync,2
万隆伟业京学府,sources,swan.getStorageSync,99
万隆伟业京学府,sources,swan.getExtConfig,4
万隆伟业京学府,sources,swan.input,11
万隆伟业京学府,sources,swan.chooseImage,1
万隆伟业京学府,sinks,swan.request,111
万隆伟业京学府,sinks,swan.setStorage,2
万隆伟业京学府,sinks,swan.uploadFile,2
上海东郊宾馆有限公司,sources,swan.getSystemInfoSync,1
上海东郊宾馆有限公司,sinks,swan.setStorage,1
上海书俊,sources,swan.getUserInfo,2
上海书俊,sources,swan.getStorageSync,3
上海书俊,sinks,swan.request,4
上海书俊,sinks,swan.setStorageSync,1
上海交蓝科技集团有限公司,sources,swan.getSystemInfoSync,1
上海交蓝科技集团有限公司,sinks,swan.setStorage,1
上海介谷科技有限公司,sources,swan.getSystemInfoSync,1
上海介谷科技有限公司,sinks,swan.setStorage,1
上海君学投资管理有限公司,sources,swan.getSystemInfoSync,1
上海君学投资管理有限公司,sinks,swan.setStorage,1
上海君学教育科技有限公司,sources,swan.getSystemInfoSync,1
上海君学教育科技有限公司,sinks,swan.setStorage,1
上海数锦信息科技有限公司,sources,swan.getSystemInfoSync,1
上海数锦信息科技有限公司,sinks,swan.setStorage,1
上海暖捷环境科技有限公司,sources,swan.getSystemInfoSync,1
上海暖捷环境科技有限公司,sinks,swan.setStorage,1
上海杰莘实业有限公司,sources,swan.getSystemInfoSync,1
上海杰莘实业有限公司,sinks,swan.setStorage,1
上海澳华光电内窥镜有限公司,sources,swan.getSystemInfoSync,1
上海澳华光电内窥镜有限公司,sinks,swan.setStorage,1
上海炫杰环保涂料有限公司,sources,swan.getSystemInfoSync,1
上海炫杰环保涂料有限公司,sinks,swan.setStorage,1
上海皆唯软件科技有限公司,sources,swan.getSystemInfoSync,1
上海皆唯软件科技有限公司,sinks,swan.setStorage,1
上海苏靖机电工程有限公司,sources,swan.getSystemInfoSync,1
上海苏靖机电工程有限公司,sinks,swan.setStorage,1
上海足悦公司量角器健康鞋,sources,swan.getSystemInfoSync,1
上海足悦公司量角器健康鞋,sinks,swan.setStorage,1
上海鑫天气动量仪,sources,swan.getStorageSync,2
上海鑫天气动量仪,sinks,swan.setStorageSync,2
上海黄金交易所,sources,swan.getSystemInfoSync,1
上海黄金交易所,sinks,swan.setStorage,1
东方资讯,sources,swan.getStorageSync,8
东方资讯,sinks,swan.setStorageSync,2
东方资讯,sinks,swan.request,6
东莞久一,sources,swan.getSystemInfoSync,1
东莞久一,sinks,swan.setStorage,1
东莞厚劲矽胶制品有限公司,sources,swan.getSystemInfoSync,1
东莞厚劲矽胶制品有限公司,sinks,swan.setStorage,1
东莞市一线缘婚姻介绍服务,sources,swan.getSystemInfoSync,1
东莞市一线缘婚姻介绍服务,sinks,swan.setStorage,1
东莞市巾国服装有限公司,sources,swan.getSystemInfoSync,1
东莞市巾国服装有限公司,sinks,swan.setStorage,1
东莞市慷林木业有限公司,sources,swan.getSystemInfoSync,1
东莞市慷林木业有限公司,sinks,swan.setStorage,1
东莞市明俱辉电子科技有限公司,sources,swan.getSystemInfoSync,1
东莞市明俱辉电子科技有限公司,sinks,swan.setStorage,1
东莞市进善进美文化传播有限公司,sources,swan.getSystemInfoSync,1
东莞市进善进美文化传播有限公司,sinks,swan.setStorage,1
东莞市高楷膜业科技有限公司,sources,swan.getSystemInfoSync,1
东莞市高楷膜业科技有限公司,sinks,swan.setStorage,1
东阳市明堂红木家俱有限公司,sources,swan.getSystemInfoSync,1
东阳市明堂红木家俱有限公司,sinks,swan.setStorage,1
东雅阶梯教室桌椅加工,sources,swan.getStorageSync,1
东雅阶梯教室桌椅加工,sources,swan.getExtConfig,11
东雅阶梯教室桌椅加工,sinks,swan.setStorageSync,1
东雅阶梯教室桌椅加工,sinks,swan.request,11
中交信达谦和新能源股份有限公司,sources,swan.getSystemInfoSync,1
中交信达谦和新能源股份有限公司,sinks,swan.setStorage,1
中交卓越科技湖北有限公司,sources,swan.getSystemInfoSync,1
中交卓越科技湖北有限公司,sinks,swan.setStorage,1
中交路达,sources,swan.getSystemInfoSync,1
中交路达,sinks,swan.setStorage,1
中冶成都勘察研究总院有限公司,sources,swan.getSystemInfoSync,1
中冶成都勘察研究总院有限公司,sinks,swan.setStorage,1
中净环保,sources,swan.getSystemInfoSync,1
中净环保,sinks,swan.setStorage,1
中商2019油画展,sources,swan.getStorageSync,1
中商2019油画展,sources,swan.getExtConfig,10
中商2019油画展,sinks,swan.setStorageSync,1
中商2019油画展,sinks,swan.request,10
中国教育学刊杂志社,sources,swan.getSystemInfoSync,1
中国教育学刊杂志社,sinks,swan.setStorage,1
中外葡萄与葡萄酒杂志社,sources,swan.getSystemInfoSync,1
中外葡萄与葡萄酒杂志社,sinks,swan.setStorage,1
中康明视,sources,swan.getStorageSync,2
中康明视,sinks,swan.setStorageSync,2
中建七局安装工程有限公司,sources,swan.getSystemInfoSync,1
中建七局安装工程有限公司,sinks,swan.setStorage,1
中建三局西部投资有限公司,sources,swan.getSystemInfoSync,1
中建三局西部投资有限公司,sinks,swan.setStorage,1
中微生物益生菌,sources,swan.getExtConfig,1
中微生物益生菌,sinks,swan.setClipboardData,1
中科聚峰小型搅拌机,sources,swan.getSystemInfo,2
中科聚峰小型搅拌机,sources,swan.getUserInfo,2
中科聚峰小型搅拌机,sources,swan.getStorageSync,2
中科聚峰小型搅拌机,sinks,swan.request,5
中科聚峰小型搅拌机,sinks,swan.setStorageSync,1
中酱江苏酿造有限公司,sources,swan.getSystemInfoSync,1
中酱江苏酿造有限公司,sinks,swan.setStorage,1
临沂市亨成酒水回收有限公司,sources,swan.getSystemInfoSync,1
临沂市亨成酒水回收有限公司,sinks,swan.setStorage,1
丸子酱美妆品牌,sources,swan.getSystemInfoSync,1
丸子酱美妆品牌,sinks,swan.setStorage,1
久一热熔胶,sources,swan.getStorageSync,3
久一热熔胶,sinks,swan.setStorageSync,2
久一热熔胶,sinks,swan.request,1
久年,sources,swan.getExtConfig,1
久年,sinks,swan.setClipboardData,1
久泉文化,sources,swan.getExtConfig,1
久泉文化,sinks,swan.setClipboardData,1
乐朗葡萄酒有限公司,sources,swan.getSystemInfoSync,1
乐朗葡萄酒有限公司,sinks,swan.setStorage,1
乐视视频,sources,swan.getStorage,14
乐视视频,sources,swan.getStorageSync,5
乐视视频,sources,swan.input,4
乐视视频,sinks,swan.request,17
乐视视频,sinks,swan.setStorage,5
乐视视频,sinks,swan.setStorageSync,1
九间堂楼盘,sources,swan.input,1
九间堂楼盘,sinks,swan.request,1
事界飞行汽车,sources,swan.chooseImage,1
事界飞行汽车,sinks,swan.uploadFile,1
二舅设备商城,sources,swan.getStorageSync,55
二舅设备商城,sources,swan.input,25
二舅设备商城,sources,swan.chooseVideo,1
二舅设备商城,sources,swan.chooseImage,2
二舅设备商城,sinks,swan.request,71
二舅设备商城,sinks,swan.uploadFile,3
二舅设备商城,sinks,swan.setStorageSync,9
云众精机,sources,swan.getStorageSync,525
云众精机,sources,swan.getLocation,4
云众精机,sources,swan.input,38
云众精机,sources,swan.getStorage,1
云众精机,sources,swan.chooseImage,5
云众精机,sources,swan.getSystemInfoSync,4
云众精机,sinks,swan.request,555
云众精机,sinks,swan.removeStorageSync,4
云众精机,sinks,swan.setStorageSync,5
云众精机,sinks,swan.uploadFile,11
云众精机,sinks,swan.setStorage,2
云南三明鑫疆控股集团有限公司,sources,swan.getSystemInfoSync,1
云南三明鑫疆控股集团有限公司,sinks,swan.setStorage,1
五鑫踢脚线转印膜,sources,swan.getStorageSync,1
五鑫踢脚线转印膜,sources,swan.getExtConfig,11
五鑫踢脚线转印膜,sinks,swan.setStorageSync,1
五鑫踢脚线转印膜,sinks,swan.request,11
五音不全古筝制作研究院,sources,swan.getSystemInfoSync,1
五音不全古筝制作研究院,sinks,swan.setStorage,1
交管12123,sources,swan.getStorageSync,2
交管12123,sources,swan.getSystemInfoSync,2
交管12123,sources,swan.getSystemInfo,1
交管12123,sinks,swan.setStorage,5
京利恒油烟净化器,sources,swan.getStorageSync,1
京利恒油烟净化器,sources,swan.getExtConfig,1
京利恒油烟净化器,sinks,swan.request,2
京心相助,sources,swan.getStorageSync,4
京心相助,sources,swan.input,33
京心相助,sources,swan.getUserInfo,11
京心相助,sinks,swan.setStorageSync,2
京心相助,sinks,swan.request,46
京拼拼,sources,swan.getStorageSync,2
京拼拼,sinks,swan.setStorageSync,2
京生管业,sources,swan.getUserInfo,2
京生管业,sources,swan.getExtConfigSync,103
京生管业,sources,swan.getStorageSync,7
京生管业,sources,swan.input,4
京生管业,sources,swan.chooseAddress,1
京生管业,sources,swan.getImageInfo,2
京生管业,sinks,swan.request,115
京生管业,sinks,swan.saveImageToPhotosAlbum,2
京生管业,sinks,swan.uploadFile,2
京缆电缆有限公司,sources,swan.getSystemInfoSync,1
京缆电缆有限公司,sinks,swan.setStorage,1
京通宝,sources,swan.getStorageSync,2
京通宝,sinks,swan.setStorageSync,2
人行门禁,sources,swan.getStorageSync,1
人行门禁,sinks,swan.request,1
亿鑫达镀锌方矩管厂家,sources,swan.getStorageSync,1
亿鑫达镀锌方矩管厂家,sources,swan.chooseImage,1
亿鑫达镀锌方矩管厂家,sources,swan.getExtConfig,4
亿鑫达镀锌方矩管厂家,sources,swan.getUserInfo,1
亿鑫达镀锌方矩管厂家,sinks,swan.setStorageSync,4
亿鑫达镀锌方矩管厂家,sinks,swan.uploadFile,1
亿鑫达镀锌方矩管厂家,sinks,swan.request,2
仅益婴幼儿营养品,sources,swan.getSystemInfoSync,1
仅益婴幼儿营养品,sinks,swan.setStorage,1
今晓城市,sources,swan.getStorageSync,1
今晓城市,sources,swan.getExtConfig,1
今晓城市,sinks,swan.request,2
今知了生活快讯,sources,swan.getStorageSync,4
今知了生活快讯,sinks,swan.setStorageSync,2
今知了生活快讯,sinks,swan.request,2
今鲜生,sources,swan.getExtConfig,1
今鲜生,sinks,swan.setClipboardData,1
仙渐变上海电子商务有限公司,sources,swan.getSystemInfoSync,1
仙渐变上海电子商务有限公司,sinks,swan.setStorage,1
任路废铁回收,sources,swan.input,3
任路废铁回收,sinks,swan.request,3
企盈,sources,swan.getSystemInfoSync,1
企盈,sinks,swan.setStorage,1
优净云,sources,swan.getStorageSync,45
优净云,sources,swan.getSystemInfoSync,2
优净云,sources,swan.input,27
优净云,sources,swan.getLocation,8
优净云,sources,swan.chooseImage,9
优净云,sources,swan.getImageInfo,2
优净云,sources,swan.getUserInfo,2
优净云,sources,swan.getNetworkType,1
优净云,sinks,swan.request,71
优净云,sinks,swan.setStorageSync,14
优净云,sinks,swan.uploadFile,10
优净云,sinks,swan.setStorage,1
优洁卫士,sources,swan.getExtConfig,2
优洁卫士,sinks,swan.request,2
会泉泥浆泵厂家,sources,swan.getExtConfig,23
会泉泥浆泵厂家,sources,swan.getStorageSync,1
会泉泥浆泵厂家,sinks,swan.request,24
住范儿,sources,swan.input,6
住范儿,sinks,swan.request,6
佛山市具力科技实业有限公司,sources,swan.getSystemInfoSync,1
佛山市具力科技实业有限公司,sinks,swan.setStorage,1
佛山市娇美娜生物科技有限公司,sources,swan.getSystemInfoSync,1
佛山市娇美娜生物科技有限公司,sinks,swan.setStorage,1
佛山市警田防火卷闸门业有限公司,sources,swan.getSystemInfoSync,1
佛山市警田防火卷闸门业有限公司,sinks,swan.setStorage,1
保定都市平远,sources,swan.input,2
保定都市平远,sources,swan.getStorage,5
保定都市平远,sinks,swan.setStorage,7
保春铝锅模具,sources,swan.getStorageSync,1
保春铝锅模具,sources,swan.getExtConfig,28
保春铝锅模具,sinks,swan.setStorageSync,1
保春铝锅模具,sinks,swan.request,28
修诚发酵酒糟饲料,sources,swan.getExtConfig,24
修诚发酵酒糟饲料,sinks,swan.request,24
元之道酵素胶原蛋白,sources,swan.input,1
元之道酵素胶原蛋白,sources,swan.getStorageSync,1
元之道酵素胶原蛋白,sources,swan.getExtConfig,1
元之道酵素胶原蛋白,sinks,swan.request,3
先觉鸿燊手绘头像,sources,swan.getStorageSync,32
先觉鸿燊手绘头像,sources,swan.getUserInfo,4
先觉鸿燊手绘头像,sources,swan.downloadFile,1
先觉鸿燊手绘头像,sources,swan.input,1
先觉鸿燊手绘头像,sinks,swan.setStorageSync,1
先觉鸿燊手绘头像,sinks,swan.request,33
先觉鸿燊手绘头像,sinks,swan.setStorage,2
先觉鸿燊手绘头像,sinks,swan.setClipboardData,1
先觉鸿燊手绘头像,sinks,swan.saveImageToPhotosAlbum,1
兔兔讲西游,sources,swan.getStorageSync,1
兔兔讲西游,sinks,swan.setStorageSync,1
全球泊,sources,swan.getSystemInfoSync,1
全球泊,sinks,swan.setStorage,1
六道讲世界,sources,swan.getStorageSync,1
六道讲世界,sinks,swan.setStorageSync,1
内蒙古青稞酒坊特产,sources,swan.getStorageSync,529
内蒙古青稞酒坊特产,sources,swan.getLocation,5
内蒙古青稞酒坊特产,sources,swan.input,38
内蒙古青稞酒坊特产,sources,swan.getStorage,1
内蒙古青稞酒坊特产,sources,swan.chooseImage,5
内蒙古青稞酒坊特产,sources,swan.getSystemInfoSync,4
内蒙古青稞酒坊特产,sinks,swan.request,560
内蒙古青稞酒坊特产,sinks,swan.removeStorageSync,4
内蒙古青稞酒坊特产,sinks,swan.setStorageSync,5
内蒙古青稞酒坊特产,sinks,swan.uploadFile,11
内蒙古青稞酒坊特产,sinks,swan.setStorage,2
军武优选,sources,swan.getExtConfig,1
军武优选,sinks,swan.setClipboardData,1
农大街,sources,swan.getExtConfig,1
农大街,sinks,swan.setClipboardData,1
农耕匠品,sources,swan.getExtConfig,1
农耕匠品,sinks,swan.setClipboardData,1
冠绝商丘灭蟑螂,sources,swan.getStorageSync,1
冠绝商丘灭蟑螂,sources,swan.getExtConfig,28
冠绝商丘灭蟑螂,sinks,swan.setStorageSync,1
冠绝商丘灭蟑螂,sinks,swan.request,28
冠绝商丘除四害,sources,swan.getStorageSync,1
冠绝商丘除四害,sources,swan.getExtConfig,28
冠绝商丘除四害,sinks,swan.setStorageSync,1
冠绝商丘除四害,sinks,swan.request,28
决战植物王国,sources,swan.getUserInfo,1
决战植物王国,sources,swan.getStorageSync,4
决战植物王国,sinks,swan.request,5
凯骏乙二醇,sources,swan.getExtConfig,25
凯骏乙二醇,sinks,swan.request,25
创字保质期计算器,sources,swan.getStorageSync,2
创字保质期计算器,sources,swan.input,5
创字保质期计算器,sinks,swan.setStorage,6
创字保质期计算器,sinks,swan.setClipboardData,1
利智母婴玩具,sources,swan.getExtConfig,1
利智母婴玩具,sinks,swan.setClipboardData,1
剑剑云上,sources,swan.getStorage,19
剑剑云上,sources,swan.input,49
剑剑云上,sinks,swan.request,68
动态嘉年华,sources,swan.getSystemInfo,1
动态嘉年华,sinks,swan.request,1
劲晒车灯升级,sources,swan.getExtConfig,1
劲晒车灯升级,sinks,swan.setClipboardData,1
北京中新经闻信息科技有限公司,sources,swan.getSystemInfoSync,1
北京中新经闻信息科技有限公司,sinks,swan.setStorage,1
北京京水木源教育科技有限公司,sources,swan.getSystemInfoSync,1
北京京水木源教育科技有限公司,sinks,swan.setStorage,1
北京健华体育文化发展有限公司,sources,swan.getSystemInfoSync,1
北京健华体育文化发展有限公司,sinks,swan.setStorage,1
北京剑卷国际文化咨询有限公司,sources,swan.getSystemInfoSync,1
北京剑卷国际文化咨询有限公司,sinks,swan.setStorage,1
北京博辉瑞进生物科技有限公司,sources,swan.getSystemInfoSync,1
北京博辉瑞进生物科技有限公司,sinks,swan.setStorage,1
北京咖瓦信息技术有限公司,sources,swan.getSystemInfoSync,1
北京咖瓦信息技术有限公司,sinks,swan.setStorage,1
北京安诺捷电梯井吸声板,sources,swan.getLocation,13
北京安诺捷电梯井吸声板,sources,swan.input,4
北京安诺捷电梯井吸声板,sources,swan.getSystemInfoSync,4
北京安诺捷电梯井吸声板,sources,swan.chooseImage,3
北京安诺捷电梯井吸声板,sinks,swan.setStorage,23
北京安诺捷电梯井吸声板,sinks,swan.uploadFile,1
北京市郊铁路,sources,swan.input,2
北京市郊铁路,sinks,swan.request,2
北京桔色科技有限公司,sources,swan.getSystemInfoSync,1
北京桔色科技有限公司,sinks,swan.setStorage,1
北京梅兰芳大剧院,sources,swan.getSystemInfoSync,1
北京梅兰芳大剧院,sinks,swan.setStorage,1
北京椒图科技有限公司,sources,swan.getSystemInfoSync,1
北京椒图科技有限公司,sinks,swan.setStorage,1
北京毅杰国际儿童文化传播,sources,swan.getSystemInfoSync,1
北京毅杰国际儿童文化传播,sinks,swan.setStorage,1
北京燕郊艺饰界广告装饰装修,sources,swan.getStorageSync,12
北京燕郊艺饰界广告装饰装修,sources,swan.input,56
北京燕郊艺饰界广告装饰装修,sources,swan.getExtConfig,1
北京燕郊艺饰界广告装饰装修,sinks,swan.setStorageSync,2
北京燕郊艺饰界广告装饰装修,sinks,swan.request,67
北京跃达康科技有限公司,sources,swan.getSystemInfoSync,1
北京跃达康科技有限公司,sinks,swan.setStorage,1
匠一,sources,swan.getSystemInfoSync,1
匠一,sinks,swan.setStorage,1
匠丽美家,sources,swan.getSystemInfoSync,1
匠丽美家,sinks,swan.setStorage,1
华经产业研究院,sources,swan.getSystemInfoSync,1
华经产业研究院,sinks,swan.setStorage,1
华鑫铆接机旋铆机梯子铆接设备,sources,swan.getExtConfig,26
华鑫铆接机旋铆机梯子铆接设备,sources,swan.getStorageSync,1
华鑫铆接机旋铆机梯子铆接设备,sinks,swan.request,27
南京江水平,sources,swan.getStorageSync,27
南京江水平,sources,swan.getSystemInfoSync,1
南京江水平,sources,swan.input,12
南京江水平,sources,swan.getStorage,5
南京江水平,sources,swan.getLocation,1
南京江水平,sources,swan.chooseImage,1
南京江水平,sinks,swan.request,42
南京江水平,sinks,swan.setStorageSync,4
南京江水平,sinks,swan.uploadFile,1
南京江水平装修,sources,swan.getStorageSync,27
南京江水平装修,sources,swan.getSystemInfoSync,1
南京江水平装修,sources,swan.input,12
南京江水平装修,sources,swan.getStorage,5
南京江水平装修,sources,swan.getLocation,1
南京江水平装修,sources,swan.chooseImage,1
南京江水平装修,sinks,swan.request,42
南京江水平装修,sinks,swan.setStorageSync,4
南京江水平装修,sinks,swan.uploadFile,1
南京网爵数码科技有限责任公司,sources,swan.getSystemInfoSync,1
南京网爵数码科技有限责任公司,sinks,swan.setStorage,1
南京鲸鹰帮电子商务有限公司,sources,swan.getSystemInfoSync,1
南京鲸鹰帮电子商务有限公司,sinks,swan.setStorage,1
南方路机混凝土搅拌站,sources,swan.getExtConfig,9
南方路机混凝土搅拌站,sinks,swan.request,9
南昌思竞甲醛检测治理,sources,swan.getStorageSync,2
南昌思竞甲醛检测治理,sinks,swan.setStorageSync,2
博今职称论文助手,sources,swan.getUserInfo,1
博今职称论文助手,sources,swan.getStorageSync,33
博今职称论文助手,sinks,swan.request,29
博今职称论文助手,sinks,swan.setStorageSync,2
博今职称论文助手,sinks,swan.setClipboardData,3
卡神,sources,swan.getSystemInfoSync,1
卡神,sinks,swan.setStorage,1
卡花花信用卡,sources,swan.getStorageSync,3
卡花花信用卡,sinks,swan.setStorageSync,3
卫填乐卫生间回填材料,sources,swan.getExtConfig,25
卫填乐卫生间回填材料,sources,swan.getStorageSync,1
卫填乐卫生间回填材料,sinks,swan.request,26
厦门井钿动力型空压机,sources,swan.getExtConfig,11
厦门井钿动力型空压机,sinks,swan.request,11
厦门井钿固定式空压机,sources,swan.getExtConfig,10
厦门井钿固定式空压机,sinks,swan.request,10
厦门井钿滑片式压缩机,sources,swan.getExtConfig,11
厦门井钿滑片式压缩机,sinks,swan.request,11
厦门井钿热力型压缩机,sources,swan.getExtConfig,11
厦门井钿热力型压缩机,sinks,swan.request,11
厦门井钿移动式空压机,sources,swan.getExtConfig,11
厦门井钿移动式空压机,sinks,swan.request,11
厦门井钿空压机系统,sources,swan.getExtConfig,11
厦门井钿空压机系统,sinks,swan.request,11
厦门井钿经典型空压机,sources,swan.getExtConfig,10
厦门井钿经典型空压机,sinks,swan.request,10
厦门倔牛云中网络科技有限公司,sources,swan.getSystemInfoSync,1
厦门倔牛云中网络科技有限公司,sinks,swan.setStorage,1
厦门巨家网络科技有限公司,sources,swan.getSystemInfoSync,1
厦门巨家网络科技有限公司,sinks,swan.setStorage,1
厦门市视卷信息科技有限公司,sources,swan.getSystemInfoSync,1
厦门市视卷信息科技有限公司,sinks,swan.setStorage,1
厦门神睫仪器仪表有限公司,sources,swan.getSystemInfoSync,1
厦门神睫仪器仪表有限公司,sinks,swan.setStorage,1
厦门鑫竣辉市政工程,sources,swan.getExtConfig,11
厦门鑫竣辉市政工程,sinks,swan.request,11
厦门靖云轩办公家具有限公司,sources,swan.getSystemInfoSync,1
厦门靖云轩办公家具有限公司,sinks,swan.setStorage,1
厦门香蕉科技有限公司,sources,swan.getSystemInfoSync,1
厦门香蕉科技有限公司,sinks,swan.setStorage,1
厦门鲸品客网络科技有限公司,sources,swan.getSystemInfoSync,1
厦门鲸品客网络科技有限公司,sinks,swan.setStorage,1
厨具新兴业,sources,swan.getExtConfig,10
厨具新兴业,sinks,swan.request,10
古文之家,sources,swan.downloadFile,6
古文之家,sinks,swan.saveImageToPhotosAlbum,6
台福仙酱酒,sources,swan.getExtConfig,1
台福仙酱酒,sinks,swan.setClipboardData,1
合美宜景焼结砖,sources,swan.getStorageSync,1
合美宜景焼结砖,sources,swan.getExtConfig,20
合美宜景焼结砖,sinks,swan.setStorageSync,1
合美宜景焼结砖,sinks,swan.request,20
合美宜景焼结砖厂家,sources,swan.getStorageSync,1
合美宜景焼结砖厂家,sources,swan.getExtConfig,11
合美宜景焼结砖厂家,sinks,swan.setStorageSync,1
合美宜景焼结砖厂家,sinks,swan.request,11
合肥龙门标局网络科技有限公司,sources,swan.getSystemInfoSync,1
合肥龙门标局网络科技有限公司,sinks,swan.setStorage,1
吉林省亦剑体育文化传播有限公司,sources,swan.getSystemInfoSync,1
吉林省亦剑体育文化传播有限公司,sinks,swan.setStorage,1
吉林省驰远警用装备,sources,swan.getStorageSync,1
吉林省驰远警用装备,sources,swan.getExtConfig,2
吉林省驰远警用装备,sinks,swan.request,3
吉辉天津搬家公司,sources,swan.getStorageSync,2
吉辉天津搬家公司,sources,swan.getExtConfig,13
吉辉天津搬家公司,sinks,swan.setStorageSync,1
吉辉天津搬家公司,sinks,swan.request,14
名优酒中心技术社区,sources,swan.getExtConfig,1
名优酒中心技术社区,sinks,swan.setClipboardData,1
名言通,sources,swan.getStorageSync,4
名言通,sources,swan.downloadFile,2
名言通,sources,swan.getStorage,1
名言通,sinks,swan.setStorageSync,2
名言通,sinks,swan.saveImageToPhotosAlbum,2
名言通,sinks,swan.setStorage,1
名言通,sinks,swan.request,2
君爱用品,sources,swan.getStorageSync,1
君爱用品,sinks,swan.setStorageSync,1
呜喵讲枪战,sources,swan.getStorageSync,1
呜喵讲枪战,sinks,swan.setStorageSync,1
咖莉时尚女装,sources,swan.getStorageSync,2
咖莉时尚女装,sinks,swan.setStorageSync,2
品尚网络,sources,swan.getExtConfig,34
品尚网络,sources,swan.getStorageSync,1
品尚网络,sinks,swan.request,35
唐山市红脚印电子商务有限公司,sources,swan.getSystemInfoSync,1
唐山市红脚印电子商务有限公司,sinks,swan.setStorage,1
善行公益慈善基金会,sources,swan.getStorageSync,7
善行公益慈善基金会,sinks,swan.setStorageSync,7
善酵品牌,sources,swan.getSystemInfoSync,1
善酵品牌,sinks,swan.setStorage,1
喜九铺,sources,swan.getExtConfig,1
喜九铺,sinks,swan.setClipboardData,1
喜马胎教故事音乐,sources,swan.getStorageSync,2
喜马胎教故事音乐,sinks,swan.request,2
喷浆网,sources,swan.getStorageSync,2
喷浆网,sinks,swan.setStorageSync,2
四季有序艺术围巾,sources,swan.getExtConfig,1
四季有序艺术围巾,sinks,swan.setClipboardData,1
四川省三只蛙味绝餐饮管理,sources,swan.getSystemInfoSync,1
四川省三只蛙味绝餐饮管理,sinks,swan.setStorage,1
四川绵阳四0四医院,sources,swan.getSystemInfoSync,15
四川绵阳四0四医院,sources,swan.getStorageSync,158
四川绵阳四0四医院,sources,swan.input,33
四川绵阳四0四医院,sources,swan.chooseImage,1
四川绵阳四0四医院,sinks,swan.setStorageSync,5
四川绵阳四0四医院,sinks,swan.request,200
四川绵阳四0四医院,sinks,swan.uploadFile,2
四川绿之慷生物科技有限公司,sources,swan.getSystemInfoSync,1
四川绿之慷生物科技有限公司,sinks,swan.setStorage,1
四川降龙爪爪餐饮管理有限公司,sources,swan.getSystemInfoSync,1
四川降龙爪爪餐饮管理有限公司,sinks,swan.setStorage,1
国美酒业集团股份有限公司,sources,swan.getSystemInfoSync,1
国美酒业集团股份有限公司,sinks,swan.setStorage,1
国酒茅台定制营销贵州有限公司,sources,swan.getSystemInfoSync,1
国酒茅台定制营销贵州有限公司,sinks,swan.setStorage,1
圣三角塔罗牌,sources,swan.getStorage,2
圣三角塔罗牌,sinks,swan.setStorage,2
大乐爱透露剧情情报站,sources,swan.getStorageSync,1
大乐爱透露剧情情报站,sinks,swan.setStorageSync,1
大昌讲蔬菜真空预冷机,sources,swan.getStorageSync,1
大昌讲蔬菜真空预冷机,sinks,swan.setStorageSync,1
大连酱样儿餐饮管理有限公司,sources,swan.getSystemInfoSync,1
大连酱样儿餐饮管理有限公司,sinks,swan.setStorage,1
天姐天津搬家公司,sources,swan.getStorageSync,2
天姐天津搬家公司,sinks,swan.setStorageSync,2
天威宽带,sources,swan.input,1
天威宽带,sources,swan.getStorageSync,1
天威宽带,sources,swan.getExtConfig,2
天威宽带,sinks,swan.setStorageSync,1
天威宽带,sinks,swan.request,3
天水众兴菌业科技股份有限公司,sources,swan.getSystemInfoSync,1
天水众兴菌业科技股份有限公司,sinks,swan.setStorage,1
天津世贸天阶国际贸易有限公司,sources,swan.getSystemInfoSync,1
天津世贸天阶国际贸易有限公司,sinks,swan.setStorage,1
天津州杰科技发展有限公司,sources,swan.getSystemInfoSync,1
天津州杰科技发展有限公司,sinks,swan.setStorage,1
天津鸿达脚手架钢管,sources,swan.getStorageSync,2
天津鸿达脚手架钢管,sinks,swan.setStorageSync,2
天骄航空有限公司,sources,swan.getSystemInfoSync,1
天骄航空有限公司,sinks,swan.setStorage,1
太仓市兴良造纸制浆成套设备,sources,swan.getSystemInfoSync,1
太仓市兴良造纸制浆成套设备,sinks,swan.setStorage,1
奈奈教金融,sources,swan.getStorageSync,1
奈奈教金融,sinks,swan.setStorageSync,1
奕天承脚手架出租,sources,swan.getStorageSync,2
奕天承脚手架出租,sinks,swan.setStorageSync,2
如皋市通达机械制造有限公司,sources,swan.chooseImage,1
如皋市通达机械制造有限公司,sources,swan.getUserInfo,4
如皋市通达机械制造有限公司,sources,swan.downloadFile,1
如皋市通达机械制造有限公司,sinks,swan.uploadFile,1
如皋市通达机械制造有限公司,sinks,swan.setStorageSync,4
如皋市通达机械制造有限公司,sinks,swan.saveImageToPhotosAlbum,1
妙伽陀,sources,swan.getExtConfig,1
妙伽陀,sinks,swan.setClipboardData,1
娇美妈咪,sources,swan.getStorageSync,1
娇美妈咪,sources,swan.getExtConfig,1
娇美妈咪,sinks,swan.request,2
娜幸鸿乳酸菌豆腐罐头,sources,swan.getExtConfig,13
娜幸鸿乳酸菌豆腐罐头,sinks,swan.request,13
宁波菊思网络科技有限公司,sources,swan.getSystemInfoSync,1
宁波菊思网络科技有限公司,sinks,swan.setStorage,1
宁波鲸喜网络科技有限公司,sources,swan.getSystemInfoSync,1
宁波鲸喜网络科技有限公司,sinks,swan.setStorage,1
安徽兴邦建设集团有限公司,sources,swan.getSystemInfoSync,1
安徽兴邦建设集团有限公司,sinks,swan.setStorage,1
安徽天玖农业行业平台,sources,swan.getStorageSync,529
安徽天玖农业行业平台,sources,swan.getLocation,5
安徽天玖农业行业平台,sources,swan.input,38
安徽天玖农业行业平台,sources,swan.getStorage,1
安徽天玖农业行业平台,sources,swan.chooseImage,5
安徽天玖农业行业平台,sources,swan.getSystemInfoSync,4
安徽天玖农业行业平台,sinks,swan.request,560
安徽天玖农业行业平台,sinks,swan.removeStorageSync,4
安徽天玖农业行业平台,sinks,swan.setStorageSync,5
安徽天玖农业行业平台,sinks,swan.uploadFile,11
安徽天玖农业行业平台,sinks,swan.setStorage,2
安徽玖客信息科技有限公司,sources,swan.getSystemInfoSync,1
安徽玖客信息科技有限公司,sinks,swan.setStorage,1
安徽省安银金融机具设备有限公司,sources,swan.getSystemInfoSync,1
安徽省安银金融机具设备有限公司,sinks,swan.setStorage,1
安徽阳光心健心理设备厂家,sources,swan.getExtConfig,1
安徽阳光心健心理设备厂家,sinks,swan.setClipboardData,1
安徽骄一钟表有限公司,sources,swan.getSystemInfoSync,1
安徽骄一钟表有限公司,sinks,swan.setStorage,1
安琪酵母股份有限公司,sources,swan.getSystemInfoSync,1
安琪酵母股份有限公司,sinks,swan.setStorage,1
宜久,sources,swan.getSystemInfoSync,1
宜久,sinks,swan.setStorage,1
宝宝知道早教,sources,swan.getImageInfo,1
宝宝知道早教,sources,swan.getSystemInfoSync,1
宝宝知道早教,sinks,swan.uploadFile,1
宝宝知道早教,sinks,swan.request,1
小优姨妈经,sources,swan.getStorage,2
小优姨妈经,sinks,swan.request,2
小喜年,sources,swan.getExtConfig,1
小喜年,sinks,swan.setClipboardData,1
小小生造句,sources,swan.getStorageSync,1
小小生造句,sources,swan.input,1
小小生造句,sinks,swan.setStorageSync,1
小小生造句,sinks,swan.request,1
小探索焦虑测试,sources,swan.getUserInfo,2
小探索焦虑测试,sources,swan.input,2
小探索焦虑测试,sources,swan.getStorageSync,2
小探索焦虑测试,sources,swan.getSystemInfoSync,1
小探索焦虑测试,sinks,swan.setStorageSync,2
小探索焦虑测试,sinks,swan.setStorage,4
小探索焦虑测试,sinks,swan.request,1
小程序中心,sources,swan.getStorage,2
小程序中心,sinks,swan.request,1
小程序中心,sinks,swan.setStorage,1
小萌成语接龙,sources,swan.getSystemInfo,2
小萌成语接龙,sources,swan.getStorageSync,18
小萌成语接龙,sinks,swan.setStorageSync,15
小萌成语接龙,sinks,swan.setStorage,5
就酱肘子,sources,swan.getExtConfig,1
就酱肘子,sinks,swan.setClipboardData,1
山东凯创智慧城市设施有限公司,sources,swan.getSystemInfoSync,1
山东凯创智慧城市设施有限公司,sinks,swan.setStorage,1
山东博界信息科技有限公司,sources,swan.getSystemInfoSync,1
山东博界信息科技有限公司,sinks,swan.setStorage,1
山东浩海绞吸式挖泥船,sources,swan.getExtConfig,25
山东浩海绞吸式挖泥船,sinks,swan.request,25
山东矩阵软件工程股份有限公司,sources,swan.getSystemInfoSync,1
山东矩阵软件工程股份有限公司,sinks,swan.setStorage,1
峻远特种车,sources,swan.getStorage,1
峻远特种车,sources,swan.getStorageSync,6
峻远特种车,sources,swan.chooseImage,4
峻远特种车,sources,swan.downloadFile,2
峻远特种车,sources,swan.getLocation,1
峻远特种车,sinks,swan.setStorage,2
峻远特种车,sinks,swan.request,2
峻远特种车,sinks,swan.uploadFile,4
峻远特种车,sinks,swan.saveImageToPhotosAlbum,2
峻远特种车,sinks,swan.setStorageSync,4
巧力植筋胶加固材料,sources,swan.getStorage,1
巧力植筋胶加固材料,sources,swan.input,2
巧力植筋胶加固材料,sources,swan.downloadFile,3
巧力植筋胶加固材料,sources,swan.chooseImage,6
巧力植筋胶加固材料,sources,swan.getStorageSync,4
巧力植筋胶加固材料,sources,swan.getLocation,1
巧力植筋胶加固材料,sinks,swan.setStorage,2
巧力植筋胶加固材料,sinks,swan.request,4
巧力植筋胶加固材料,sinks,swan.saveImageToPhotosAlbum,3
巧力植筋胶加固材料,sinks,swan.uploadFile,4
巧力植筋胶加固材料,sinks,swan.setStorageSync,4
巨力索具股份有限公司,sources,swan.getSystemInfoSync,1
巨力索具股份有限公司,sinks,swan.setStorage,1
常州久沃网络科技,sources,swan.getStorageSync,3
常州久沃网络科技,sinks,swan.setStorageSync,2
常州久沃网络科技,sinks,swan.request,1
常德金味源酱板鸭厂家,sources,swan.input,1
常德金味源酱板鸭厂家,sources,swan.getStorageSync,1
常德金味源酱板鸭厂家,sources,swan.getExtConfig,1
常德金味源酱板鸭厂家,sinks,swan.request,3
幽螺莎星,sources,swan.getExtConfig,1
幽螺莎星,sinks,swan.setClipboardData,1
广东交警,sources,swan.getStorageSync,1
广东交警,sinks,swan.request,1
广东劲恒电力有限公司,sources,swan.getSystemInfoSync,1
广东劲恒电力有限公司,sinks,swan.setStorage,1
广州中控门禁科技有限公司,sources,swan.getSystemInfoSync,1
广州中控门禁科技有限公司,sinks,swan.setStorage,1
广州公安,sources,swan.getLocation,1
广州公安,sources,swan.getStorageSync,1
广州公安,sinks,swan.setStorage,1
广州公安,sinks,swan.setStorageSync,1
广州聚宸,sources,swan.downloadFile,1
广州聚宸,sources,swan.chooseImage,1
广州聚宸,sinks,swan.saveFile,1
广州聚宸,sinks,swan.uploadFile,1
广益德工程建设,sources,swan.getStorageSync,533
广益德工程建设,sources,swan.getLocation,4
广益德工程建设,sources,swan.input,38
广益德工程建设,sources,swan.getStorage,1
广益德工程建设,sources,swan.chooseImage,5
广益德工程建设,sources,swan.getSystemInfoSync,4
广益德工程建设,sinks,swan.request,563
广益德工程建设,sinks,swan.removeStorageSync,4
广益德工程建设,sinks,swan.setStorageSync,5
广益德工程建设,sinks,swan.uploadFile,11
广益德工程建设,sinks,swan.setStorage,2
广西壮族自治区地震局,sources,swan.getSystemInfoSync,1
广西壮族自治区地震局,sinks,swan.setStorage,1
康滋乐生物,sources,swan.getSystemInfoSync,1
康滋乐生物,sinks,swan.setStorage,1
康诗丹郡,sources,swan.getStorageSync,58
康诗丹郡,sources,swan.input,11
康诗丹郡,sources,swan.chooseImage,1
康诗丹郡,sinks,swan.request,68
康诗丹郡,sinks,swan.uploadFile,2
建中建筑工程资质代办,sources,swan.getUserInfo,2
建中建筑工程资质代办,sources,swan.getExtConfigSync,117
建中建筑工程资质代办,sources,swan.getStorageSync,6
建中建筑工程资质代办,sources,swan.input,4
建中建筑工程资质代办,sources,swan.chooseAddress,1
建中建筑工程资质代办,sources,swan.getImageInfo,2
建中建筑工程资质代办,sinks,swan.request,128
建中建筑工程资质代办,sinks,swan.saveImageToPhotosAlbum,2
建中建筑工程资质代办,sinks,swan.uploadFile,2
建喜建筑材料有限公司,sources,swan.getSystemInfoSync,1
建喜建筑材料有限公司,sinks,swan.setStorage,1
建设通,sources,swan.getStorageSync,5
建设通,sources,swan.input,8
建设通,sources,swan.getLocation,1
建设通,sinks,swan.request,13
建设通,sinks,swan.setStorageSync,1
开口笑水饺,sources,swan.chooseImage,1
开口笑水饺,sinks,swan.uploadFile,1
御顺酒业,sources,swan.getExtConfig,1
御顺酒业,sinks,swan.setClipboardData,1
微盟大咖说,sources,swan.getSystemInfoSync,1
微盟大咖说,sources,swan.getStorageSync,4
微盟大咖说,sources,swan.getLocation,2
微盟大咖说,sources,swan.chooseImage,3
微盟大咖说,sources,swan.input,1
微盟大咖说,sources,swan.getImageInfo,1
微盟大咖说,sinks,swan.setStorageSync,2
微盟大咖说,sinks,swan.request,4
微盟大咖说,sinks,swan.uploadFile,3
微盟大咖说,sinks,swan.setStorage,2
微盟大咖说,sinks,swan.saveImageToPhotosAlbum,1
德州华立液压机具有限公司,sources,swan.getSystemInfoSync,1
德州华立液压机具有限公司,sinks,swan.setStorage,1
德州市商贸开发区鼎力液压机具厂,sources,swan.getSystemInfoSync,1
德州市商贸开发区鼎力液压机具厂,sinks,swan.setStorage,1
德州市德城区亚星液压机具厂,sources,swan.getSystemInfoSync,1
德州市德城区亚星液压机具厂,sinks,swan.setStorage,1
德州长德修井有限公司,sources,swan.getSystemInfoSync,1
德州长德修井有限公司,sinks,swan.setStorage,1
徽商职业学院招就办,sources,swan.getSystemInfoSync,3
徽商职业学院招就办,sources,swan.getStorageSync,8
徽商职业学院招就办,sources,swan.getUserInfo,4
徽商职业学院招就办,sources,swan.chooseImage,1
徽商职业学院招就办,sources,swan.getStorage,1
徽商职业学院招就办,sinks,swan.request,4
徽商职业学院招就办,sinks,swan.setStorage,13
心心诚枕巾工厂批发,sources,swan.getStorageSync,2
心心诚枕巾工厂批发,sinks,swan.setStorageSync,2
快看漫画,sources,swan.getStorageSync,27
快看漫画,sources,swan.getUserInfo,1
快看漫画,sources,swan.getStorage,1
快看漫画,sinks,swan.setStorage,27
快看漫画,sinks,swan.setStorageSync,1
快看漫画,sinks,swan.request,1
思景,sources,swan.getExtConfig,1
思景,sinks,swan.setClipboardData,1
恒杰旧地面翻新,sources,swan.getStorageSync,1
恒杰旧地面翻新,sources,swan.getExtConfig,10
恒杰旧地面翻新,sinks,swan.setStorageSync,1
恒杰旧地面翻新,sinks,swan.request,10
悠季文具,sources,swan.getStorageSync,2
悠季文具,sinks,swan.request,2
悦澜湾,sources,swan.input,1
悦澜湾,sinks,swan.request,1
惊喜生活旗舰店,sources,swan.getExtConfig,1
惊喜生活旗舰店,sinks,swan.setClipboardData,1
慈华臻品艾灸石,sources,swan.getExtConfig,1
慈华臻品艾灸石,sinks,swan.setClipboardData,1
慷博电缆上海有限公司,sources,swan.getSystemInfoSync,1
慷博电缆上海有限公司,sinks,swan.setStorage,1
慷林免检卡板木箱,sources,swan.getStorageSync,1
慷林免检卡板木箱,sinks,swan.setStorageSync,1
成都一只香蕉科技有限责任公司,sources,swan.getSystemInfoSync,1
成都一只香蕉科技有限责任公司,sinks,swan.setStorage,1
成都味江殡仪服务有限公司,sources,swan.getSystemInfoSync,1
成都味江殡仪服务有限公司,sinks,swan.setStorage,1
成都市金虎家俱有限公司,sources,swan.getSystemInfoSync,1
成都市金虎家俱有限公司,sinks,swan.setStorage,1
成都瑞方人力社保代缴,sources,swan.getSystemInfoSync,1
成都瑞方人力社保代缴,sinks,swan.setStorage,1
成都逸静门窗有限公司,sources,swan.getSystemInfoSync,1
成都逸静门窗有限公司,sinks,swan.setStorage,1
成都顺利白酒,sources,swan.getStorageSync,2
成都顺利白酒,sinks,swan.request,2
我的社保网社保代缴,sources,swan.chooseImage,1
我的社保网社保代缴,sources,swan.input,1
我的社保网社保代缴,sinks,swan.uploadFile,1
我的社保网社保代缴,sinks,swan.setStorageSync,1
技捷汽配,sources,swan.getStorageSync,11
技捷汽配,sources,swan.getSystemInfoSync,1
技捷汽配,sources,swan.input,6
技捷汽配,sources,swan.chooseImage,4
技捷汽配,sinks,swan.request,16
技捷汽配,sinks,swan.setStorage,2
技捷汽配,sinks,swan.uploadFile,4
文瑞宏航空旅游职业,sources,swan.chooseImage,1
文瑞宏航空旅游职业,sources,swan.getUserInfo,4
文瑞宏航空旅游职业,sources,swan.downloadFile,1
文瑞宏航空旅游职业,sinks,swan.uploadFile,1
文瑞宏航空旅游职业,sinks,swan.setStorageSync,4
文瑞宏航空旅游职业,sinks,swan.saveImageToPhotosAlbum,1
新国信辣椒烘干机,sources,swan.getStorageSync,1
新国信辣椒烘干机,sources,swan.getExtConfig,10
新国信辣椒烘干机,sinks,swan.setStorageSync,1
新国信辣椒烘干机,sinks,swan.request,10
新意镜自助预约,sources,swan.getStorageSync,12
新意镜自助预约,sources,swan.input,56
新意镜自助预约,sources,swan.getExtConfig,1
新意镜自助预约,sinks,swan.setStorageSync,2
新意镜自助预约,sinks,swan.request,67
方锐牛筋面机,sources,swan.getStorageSync,1
方锐牛筋面机,sources,swan.getExtConfig,10
方锐牛筋面机,sinks,swan.setStorageSync,1
方锐牛筋面机,sinks,swan.request,10
旅界传媒科技北京有限公司,sources,swan.getSystemInfoSync,1
旅界传媒科技北京有限公司,sinks,swan.setStorage,1
无锡市橡皮筋艺术培训有限公司,sources,swan.getSystemInfoSync,1
无锡市橡皮筋艺术培训有限公司,sinks,swan.setStorage,1
昊润烟台社保代缴公司,sources,swan.getStorageSync,1
昊润烟台社保代缴公司,sources,swan.getExtConfig,12
昊润烟台社保代缴公司,sinks,swan.setStorageSync,1
昊润烟台社保代缴公司,sinks,swan.request,12
昌盛百香果仙草辣椒销售批发,sources,swan.getExtConfig,12
昌盛百香果仙草辣椒销售批发,sinks,swan.request,12
易酒购酒专卖店,sources,swan.getExtConfig,1
易酒购酒专卖店,sinks,swan.setClipboardData,1
易金易购,sources,swan.chooseImage,1
易金易购,sources,swan.input,14
易金易购,sources,swan.getStorageSync,6
易金易购,sinks,swan.uploadFile,2
易金易购,sinks,swan.request,18
易金易购,sinks,swan.setStorageSync,1
显康生物,sources,swan.getExtConfigSync,7
显康生物,sources,swan.getUserInfo,20
显康生物,sources,swan.getStorageSync,243
显康生物,sources,swan.getStorage,64
显康生物,sources,swan.getSystemInfo,1
显康生物,sources,swan.chooseImage,11
显康生物,sources,swan.chooseAddress,3
显康生物,sources,swan.getLocation,12
显康生物,sources,swan.input,17
显康生物,sources,swan.chooseVideo,1
显康生物,sinks,swan.request,360
显康生物,sinks,swan.setStorageSync,6
显康生物,sinks,swan.uploadFile,12
显康生物,sinks,swan.removeStorageSync,1
晓峰律师所,sources,swan.getStorageSync,3
晓峰律师所,sinks,swan.setStorageSync,2
晓峰律师所,sinks,swan.request,1
晟景文旅,sources,swan.getSystemInfoSync,1
晟景文旅,sinks,swan.setStorage,1
普奇地质勘探设备研究院普通合伙,sources,swan.getSystemInfoSync,1
普奇地质勘探设备研究院普通合伙,sinks,swan.setStorage,1
景咖美宿,sources,swan.getSystemInfoSync,1
景咖美宿,sinks,swan.setStorage,1
更新家具,sources,swan.getSystemInfoSync,1
更新家具,sinks,swan.setStorage,1
有筋扩张网,sources,swan.getStorageSync,2
有筋扩张网,sinks,swan.setStorageSync,2
朴凡酱酒,sources,swan.getExtConfig,1
朴凡酱酒,sinks,swan.setClipboardData,1
杨杨爱久贸易,sources,swan.getStorageSync,1
杨杨爱久贸易,sinks,swan.setStorageSync,1
杭州先觉小儿推拿培训,sources,swan.getStorage,1
杭州先觉小儿推拿培训,sources,swan.input,2
杭州先觉小儿推拿培训,sources,swan.downloadFile,3
杭州先觉小儿推拿培训,sources,swan.chooseImage,6
杭州先觉小儿推拿培训,sources,swan.getStorageSync,4
杭州先觉小儿推拿培训,sources,swan.getLocation,1
杭州先觉小儿推拿培训,sinks,swan.setStorage,2
杭州先觉小儿推拿培训,sinks,swan.request,4
杭州先觉小儿推拿培训,sinks,swan.saveImageToPhotosAlbum,3
杭州先觉小儿推拿培训,sinks,swan.uploadFile,4
杭州先觉小儿推拿培训,sinks,swan.setStorageSync,4
杭州叫个不停餐饮管理有限公司,sources,swan.getSystemInfoSync,1
杭州叫个不停餐饮管理有限公司,sinks,swan.setStorage,1
杭州尽享科技有限公司,sources,swan.getSystemInfoSync,1
杭州尽享科技有限公司,sinks,swan.setStorage,1
杭州猛劲餐饮管理有限公司,sources,swan.getSystemInfoSync,1
杭州猛劲餐饮管理有限公司,sinks,swan.setStorage,1
杭州鲸熹网络技术有限公司,sources,swan.getSystemInfoSync,1
杭州鲸熹网络技术有限公司,sinks,swan.setStorage,1
杰生活集团,sources,swan.getLocation,13
杰生活集团,sources,swan.input,4
杰生活集团,sources,swan.getSystemInfoSync,4
杰生活集团,sources,swan.chooseImage,3
杰生活集团,sinks,swan.setStorage,23
杰生活集团,sinks,swan.uploadFile,1
杰田升降柱,sources,swan.getExtConfig,9
杰田升降柱,sinks,swan.request,9
枢酱酒业平台,sources,swan.getStorageSync,525
枢酱酒业平台,sources,swan.getLocation,4
枢酱酒业平台,sources,swan.input,38
枢酱酒业平台,sources,swan.getStorage,1
枢酱酒业平台,sources,swan.chooseImage,5
枢酱酒业平台,sources,swan.getSystemInfoSync,4
枢酱酒业平台,sinks,swan.request,555
枢酱酒业平台,sinks,swan.removeStorageSync,4
枢酱酒业平台,sinks,swan.setStorageSync,5
枢酱酒业平台,sinks,swan.uploadFile,11
枢酱酒业平台,sinks,swan.setStorage,2
柠檬书摘,sources,swan.getStorageSync,1
柠檬书摘,sinks,swan.setStorageSync,1
桃儿讲球,sources,swan.getStorageSync,1
桃儿讲球,sinks,swan.setStorageSync,1
梨番茄互助小站,sources,swan.input,8
梨番茄互助小站,sources,swan.chooseImage,2
梨番茄互助小站,sources,swan.downloadFile,2
梨番茄互助小站,sinks,swan.request,8
梨番茄互助小站,sinks,swan.uploadFile,2
梨番茄互助小站,sinks,swan.saveImageToPhotosAlbum,2
欧根酿造,sources,swan.getExtConfig,1
欧根酿造,sinks,swan.setClipboardData,1
武汉兰姐母婴护理有限责任公司,sources,swan.getSystemInfoSync,1
武汉兰姐母婴护理有限责任公司,sinks,swan.setStorage,1
武汉博钧节能保温材料有限公司,sources,swan.getSystemInfoSync,1
武汉博钧节能保温材料有限公司,sinks,swan.setStorage,1
武汉哈夫节分水三通分水器抢修节,sources,swan.getExtConfig,22
武汉哈夫节分水三通分水器抢修节,sinks,swan.request,22
武汉杰昇电子科技有限公司,sources,swan.getSystemInfoSync,1
武汉杰昇电子科技有限公司,sinks,swan.setStorage,1
武汉衡通公路勘察设计院有限公司,sources,swan.getSystemInfoSync,1
武汉衡通公路勘察设计院有限公司,sinks,swan.setStorage,1
水哥讲足球,sources,swan.getStorageSync,1
水哥讲足球,sinks,swan.setStorageSync,1
水文地质工程地质勘察院滤材厂,sources,swan.getSystemInfoSync,1
水文地质工程地质勘察院滤材厂,sinks,swan.setStorage,1
永昌油浸式变压器,sources,swan.getStorageSync,1
永昌油浸式变压器,sources,swan.getExtConfig,18
永昌油浸式变压器,sinks,swan.setStorageSync,1
永昌油浸式变压器,sinks,swan.request,18
永昌电力油浸式干式变压器厂家,sources,swan.getExtConfig,25
永昌电力油浸式干式变压器厂家,sources,swan.getStorageSync,1
永昌电力油浸式干式变压器厂家,sinks,swan.request,26
永祥智旅,sources,swan.getStorageSync,525
永祥智旅,sources,swan.getLocation,4
永祥智旅,sources,swan.input,38
永祥智旅,sources,swan.getStorage,1
永祥智旅,sources,swan.chooseImage,5
永祥智旅,sources,swan.getSystemInfoSync,4
永祥智旅,sinks,swan.request,555
永祥智旅,sinks,swan.removeStorageSync,4
永祥智旅,sinks,swan.setStorageSync,5
永祥智旅,sinks,swan.uploadFile,11
永祥智旅,sinks,swan.setStorage,2
汇金达无结网设备,sources,swan.getStorageSync,1
汇金达无结网设备,sources,swan.getExtConfig,11
汇金达无结网设备,sinks,swan.setStorageSync,1
汇金达无结网设备,sinks,swan.request,11
汉斯顿家用净水器品牌,sources,swan.getStorageSync,1
汉斯顿家用净水器品牌,sinks,swan.setStorageSync,1
江水平装修,sources,swan.getStorageSync,31
江水平装修,sources,swan.getSystemInfoSync,1
江水平装修,sources,swan.input,16
江水平装修,sources,swan.getStorage,5
江水平装修,sources,swan.getLocation,1
江水平装修,sources,swan.chooseImage,1
江水平装修,sinks,swan.request,50
江水平装修,sinks,swan.setStorageSync,4
江水平装修,sinks,swan.uploadFile,1
江苏世安警用装备有限公司,sources,swan.getSystemInfoSync,1
江苏世安警用装备有限公司,sinks,swan.setStorage,1
沃瑞谷德桨叶式烘干机,sources,swan.getStorageSync,1
沃瑞谷德桨叶式烘干机,sources,swan.getExtConfig,12
沃瑞谷德桨叶式烘干机,sinks,swan.setStorageSync,1
沃瑞谷德桨叶式烘干机,sinks,swan.request,12
沈阳纠结网络科技有限公司,sources,swan.getSystemInfoSync,1
沈阳纠结网络科技有限公司,sinks,swan.setStorage,1
沐沐讲电竞,sources,swan.getStorageSync,1
沐沐讲电竞,sinks,swan.setStorageSync,1
沧州厚川建筑器材,sources,swan.getStorageSync,2
沧州厚川建筑器材,sinks,swan.setStorageSync,2
河北仨龙索具有限公司,sources,swan.getSystemInfoSync,1
河北仨龙索具有限公司,sinks,swan.setStorage,1
河北堪森被动式房屋有限公司,sources,swan.getSystemInfoSync,1
河北堪森被动式房屋有限公司,sinks,swan.setStorage,1
河南广进塑业有限公司,sources,swan.getSystemInfoSync,1
河南广进塑业有限公司,sinks,swan.setStorage,1
河南省有色金属地质勘查总院,sources,swan.getSystemInfoSync,1
河南省有色金属地质勘查总院,sinks,swan.setStorage,1
河南省有色金属地质矿产局,sources,swan.getSystemInfoSync,1
河南省有色金属地质矿产局,sinks,swan.setStorage,1
河南诚峻智能,sources,swan.getSystemInfoSync,1
河南诚峻智能,sinks,swan.setStorage,1
法律部落快问律师,sources,swan.getStorageSync,10
法律部落快问律师,sources,swan.input,2
法律部落快问律师,sinks,swan.request,12
泛亚抗车辙剂,sources,swan.getStorageSync,2
泛亚抗车辙剂,sinks,swan.setStorageSync,2
泛亚稀浆封层,sources,swan.getStorageSync,2
泛亚稀浆封层,sinks,swan.setStorageSync,2
泰安焦点网络有限公司,sources,swan.input,6
泰安焦点网络有限公司,sinks,swan.request,6
泸定县桑吉卓玛青稞酒业,sources,swan.getSystemInfoSync,1
泸定县桑吉卓玛青稞酒业,sinks,swan.setStorage,1
泸州馥茗苔酒文化发展有限公司,sources,swan.getSystemInfoSync,1
泸州馥茗苔酒文化发展有限公司,sinks,swan.setStorage,1
洁优德清洁设备,sources,swan.getSystemInfoSync,1
洁优德清洁设备,sinks,swan.setStorage,1
洁妈小店,sources,swan.getStorageSync,3
洁妈小店,sinks,swan.setStorageSync,2
洁妈小店,sinks,swan.request,1
洁妹子家政保洁,sources,swan.getStorage,3
洁妹子家政保洁,sources,swan.getLocation,24
洁妹子家政保洁,sources,swan.getStorageSync,2
洁妹子家政保洁,sources,swan.input,4
洁妹子家政保洁,sinks,swan.request,7
洁妹子家政保洁,sinks,swan.setStorageSync,26
洛华艾芭化妆美甲职业培训学校,sources,swan.getExtConfig,1
洛华艾芭化妆美甲职业培训学校,sinks,swan.setClipboardData,1
洛阳市三威办公机具有限公司,sources,swan.getSystemInfoSync,1
洛阳市三威办公机具有限公司,sinks,swan.setStorage,1
津通搬家,sources,swan.getExtConfig,2
津通搬家,sources,swan.getStorage,12
津通搬家,sinks,swan.request,14
津门缔道隐形针灸康复芯片,sources,swan.getExtConfig,25
津门缔道隐形针灸康复芯片,sinks,swan.request,25
津驰线缆有限公司,sources,swan.getSystemInfoSync,1
津驰线缆有限公司,sinks,swan.setStorage,1
济南市口吃矫正培训中心,sources,swan.getSystemInfoSync,1
济南市口吃矫正培训中心,sinks,swan.setStorage,1
济南市鸿慷机电设备有限公司,sources,swan.getSystemInfoSync,1
济南市鸿慷机电设备有限公司,sinks,swan.setStorage,1
济南谨诚通风设备有限公司,sources,swan.getSystemInfoSync,1
济南谨诚通风设备有限公司,sinks,swan.setStorage,1
浙江三达烟具有限公司,sources,swan.getSystemInfoSync,1
浙江三达烟具有限公司,sinks,swan.setStorage,1
浙江凯成纺织机械有限公司,sources,swan.getSystemInfoSync,1
浙江凯成纺织机械有限公司,sinks,swan.setStorage,1
浪之鲨游泳镜厂家,sources,swan.getStorageSync,1
浪之鲨游泳镜厂家,sources,swan.getExtConfig,10
浪之鲨游泳镜厂家,sinks,swan.setStorageSync,1
浪之鲨游泳镜厂家,sinks,swan.request,10
海俊摩托车经销商,sources,swan.getStorageSync,2
海俊摩托车经销商,sources,swan.getExtConfig,13
海俊摩托车经销商,sinks,swan.setStorageSync,1
海俊摩托车经销商,sinks,swan.request,14
海俊街车专营店,sources,swan.getStorageSync,2
海俊街车专营店,sources,swan.getExtConfig,13
海俊街车专营店,sinks,swan.setStorageSync,1
海俊街车专营店,sinks,swan.request,14
海骏三乙醇胺,sources,swan.getStorageSync,1
海骏三乙醇胺,sources,swan.getExtConfig,11
海骏三乙醇胺,sinks,swan.setStorageSync,1
海骏三乙醇胺,sinks,swan.request,11
海骏乙二醇,sources,swan.getStorageSync,1
海骏乙二醇,sources,swan.getExtConfig,11
海骏乙二醇,sinks,swan.setStorageSync,1
海骏乙二醇,sinks,swan.request,11
海骏甘油,sources,swan.getStorageSync,1
海骏甘油,sources,swan.getExtConfig,11
海骏甘油,sinks,swan.setStorageSync,1
海骏甘油,sinks,swan.request,11
润豪大口径钢管厚壁无缝钢管切割,sources,swan.getStorageSync,1
润豪大口径钢管厚壁无缝钢管切割,sources,swan.getExtConfig,10
润豪大口径钢管厚壁无缝钢管切割,sinks,swan.setStorageSync,1
润豪大口径钢管厚壁无缝钢管切割,sinks,swan.request,10
淄博亿斤粮油仓储设备有限公司,sources,swan.getSystemInfoSync,1
淄博亿斤粮油仓储设备有限公司,sinks,swan.setStorage,1
淄博博山润神渣浆泵有限公司,sources,swan.getSystemInfoSync,1
淄博博山润神渣浆泵有限公司,sinks,swan.setStorage,1
淄博友胜搅拌器减速机,sources,swan.getStorageSync,1
淄博友胜搅拌器减速机,sources,swan.getExtConfig,12
淄博友胜搅拌器减速机,sinks,swan.setStorageSync,1
淄博友胜搅拌器减速机,sinks,swan.request,12
淄博楷朝国际贸易有限公司,sources,swan.getSystemInfoSync,1
淄博楷朝国际贸易有限公司,sinks,swan.setStorage,1
淄博泰烨水煤浆有限公司,sources,swan.getSystemInfoSync,1
淄博泰烨水煤浆有限公司,sinks,swan.setStorage,1
淮南宝刊网络技术有限公司,sources,swan.getSystemInfoSync,1
淮南宝刊网络技术有限公司,sinks,swan.setStorage,1
深圳万顺叫车云信息技术有限公司,sources,swan.getSystemInfoSync,1
深圳万顺叫车云信息技术有限公司,sinks,swan.setStorage,1
深圳市中投智汇票据服务有限公司,sources,swan.getSystemInfoSync,1
深圳市中投智汇票据服务有限公司,sinks,swan.setStorage,1
深圳市径舟广告传媒有限公司,sources,swan.getSystemInfoSync,1
深圳市径舟广告传媒有限公司,sinks,swan.setStorage,1
深圳市杰诚自动化喷砂机厂家,sources,swan.input,3
深圳市杰诚自动化喷砂机厂家,sinks,swan.request,3
深圳市眼界科技有限公司,sources,swan.getSystemInfoSync,1
深圳市眼界科技有限公司,sinks,swan.setStorage,1
深圳市破镜重圆文化传播有限公司,sources,swan.getSystemInfoSync,1
深圳市破镜重圆文化传播有限公司,sinks,swan.setStorage,1
深圳市精一达企业管理咨询,sources,swan.getSystemInfoSync,1
深圳市精一达企业管理咨询,sinks,swan.setStorage,1
深圳市零距互联网科技有限公司,sources,swan.getSystemInfoSync,1
深圳市零距互联网科技有限公司,sinks,swan.setStorage,1
深圳挑酒电子商务有限公司,sources,swan.getSystemInfoSync,1
深圳挑酒电子商务有限公司,sinks,swan.setStorage,1
深圳有咖互动科技有限公司,sources,swan.getSystemInfoSync,1
深圳有咖互动科技有限公司,sinks,swan.setStorage,1
深圳桔子智能科技发展有限公司,sources,swan.getSystemInfoSync,1
深圳桔子智能科技发展有限公司,sinks,swan.setStorage,1
温州市农村农业局,sources,swan.getSystemInfo,1
温州市农村农业局,sinks,swan.setStorage,1
温州艺界文化传播有限公司,sources,swan.getSystemInfoSync,1
温州艺界文化传播有限公司,sinks,swan.setStorage,1
湖北省中西医结合医院,sources,swan.input,1
湖北省中西医结合医院,sources,swan.getStorageSync,27
湖北省中西医结合医院,sources,swan.getSystemInfoSync,1
湖北省中西医结合医院,sinks,swan.request,28
湖北省中西医结合医院,sinks,swan.setStorageSync,1
湖南军联教育科技有限公司,sources,swan.getSystemInfoSync,1
湖南军联教育科技有限公司,sinks,swan.setStorage,1
湖南建工华旺建设有限公司,sources,swan.getSystemInfoSync,1
湖南建工华旺建设有限公司,sinks,swan.setStorage,1
湖南省水利水电科学研究院,sources,swan.getSystemInfoSync,1
湖南省水利水电科学研究院,sinks,swan.setStorage,1
湖南绝品斋企业管理有限公司,sources,swan.getSystemInfoSync,1
湖南绝品斋企业管理有限公司,sinks,swan.setStorage,1
湖南远钧科技有限公司,sources,swan.getSystemInfoSync,1
湖南远钧科技有限公司,sinks,swan.setStorage,1
湖南钧扬网络技术有限公司,sources,swan.getSystemInfoSync,1
湖南钧扬网络技术有限公司,sinks,swan.setStorage,1
满天星造句,sources,swan.getStorageSync,1
满天星造句,sources,swan.input,1
满天星造句,sinks,swan.setStorageSync,1
满天星造句,sinks,swan.request,1
澳海澜郡,sources,swan.getStorageSync,99
澳海澜郡,sources,swan.getExtConfig,1
澳海澜郡,sources,swan.input,11
澳海澜郡,sources,swan.chooseImage,1
澳海澜郡,sinks,swan.request,109
澳海澜郡,sinks,swan.setStorage,1
澳海澜郡,sinks,swan.uploadFile,2
瀚生旧地面翻新,sources,swan.getStorageSync,1
瀚生旧地面翻新,sources,swan.getExtConfig,10
瀚生旧地面翻新,sinks,swan.setStorageSync,1
瀚生旧地面翻新,sinks,swan.request,10
瀛之杰,sources,swan.getStorageSync,1
瀛之杰,sources,swan.getExtConfig,1
瀛之杰,sinks,swan.request,2
灵镜AI测颜值,sources,swan.chooseImage,2
灵镜AI测颜值,sources,swan.getStorageSync,3
灵镜AI测颜值,sources,swan.downloadFile,1
灵镜AI测颜值,sinks,swan.uploadFile,1
灵镜AI测颜值,sinks,swan.request,4
灵镜AI测颜值,sinks,swan.saveImageToPhotosAlbum,1
烟宝无缝方矩管,sources,swan.getStorageSync,2
烟宝无缝方矩管,sinks,swan.setStorageSync,2
煤质计算器,sources,swan.getStorageSync,1
煤质计算器,sinks,swan.setStorageSync,1
熠羽丰达天津镀锌方矩管加工,sources,swan.getExtConfig,6
熠羽丰达天津镀锌方矩管加工,sinks,swan.request,6
熠羽丰达天津镀锌方矩管现货,sources,swan.getExtConfig,6
熠羽丰达天津镀锌方矩管现货,sinks,swan.request,6
燕郊财管家工商代办税务异常处理,sources,swan.getUserInfo,1
燕郊财管家工商代办税务异常处理,sources,swan.getLocation,3
燕郊财管家工商代办税务异常处理,sources,swan.chooseImage,2
燕郊财管家工商代办税务异常处理,sources,swan.chooseAddress,5
燕郊财管家工商代办税务异常处理,sources,swan.input,10
燕郊财管家工商代办税务异常处理,sources,swan.getSystemInfoSync,1
燕郊财管家工商代办税务异常处理,sources,swan.getStorageSync,24
燕郊财管家工商代办税务异常处理,sinks,swan.request,23
燕郊财管家工商代办税务异常处理,sinks,swan.uploadFile,2
燕郊财管家工商代办税务异常处理,sinks,swan.setStorageSync,21
燕郊财管家烟草证餐饮许可证代办,sources,swan.getUserInfo,1
燕郊财管家烟草证餐饮许可证代办,sources,swan.getLocation,3
燕郊财管家烟草证餐饮许可证代办,sources,swan.chooseImage,2
燕郊财管家烟草证餐饮许可证代办,sources,swan.chooseAddress,5
燕郊财管家烟草证餐饮许可证代办,sources,swan.input,10
燕郊财管家烟草证餐饮许可证代办,sources,swan.getSystemInfoSync,1
燕郊财管家烟草证餐饮许可证代办,sources,swan.getStorageSync,24
燕郊财管家烟草证餐饮许可证代办,sinks,swan.request,23
燕郊财管家烟草证餐饮许可证代办,sinks,swan.uploadFile,2
燕郊财管家烟草证餐饮许可证代办,sinks,swan.setStorageSync,21
燕郊财管家营业执照代办工商注销,sources,swan.getUserInfo,1
燕郊财管家营业执照代办工商注销,sources,swan.getLocation,3
燕郊财管家营业执照代办工商注销,sources,swan.chooseImage,2
燕郊财管家营业执照代办工商注销,sources,swan.chooseAddress,5
燕郊财管家营业执照代办工商注销,sources,swan.input,10
燕郊财管家营业执照代办工商注销,sources,swan.getSystemInfoSync,1
燕郊财管家营业执照代办工商注销,sources,swan.getStorageSync,24
燕郊财管家营业执照代办工商注销,sinks,swan.request,23
燕郊财管家营业执照代办工商注销,sinks,swan.uploadFile,2
燕郊财管家营业执照代办工商注销,sinks,swan.setStorageSync,21
爱抠客,sources,swan.getStorageSync,14
爱抠客,sinks,swan.setStorageSync,6
爱抠客,sinks,swan.request,8
狙房客,sources,swan.getStorageSync,22
狙房客,sources,swan.input,8
狙房客,sources,swan.chooseImage,1
狙房客,sinks,swan.request,25
狙房客,sinks,swan.uploadFile,6
玖儿爱美,sources,swan.getStorageSync,1
玖儿爱美,sinks,swan.setStorageSync,1
玖海网络科技,sources,swan.getStorageSync,2
玖海网络科技,sinks,swan.setStorageSync,2
玩吧之emoji翻译器,sources,swan.getStorageSync,1
玩吧之emoji翻译器,sinks,swan.setStorageSync,1
琳玖美甲美睫纹绣培训学校,sources,swan.getStorageSync,2
琳玖美甲美睫纹绣培训学校,sinks,swan.setStorageSync,2
瑞德胜焦亚硫酸钠厂家,sources,swan.getExtConfig,25
瑞德胜焦亚硫酸钠厂家,sources,swan.getStorageSync,1
瑞德胜焦亚硫酸钠厂家,sinks,swan.request,26
甄酒全球购,sources,swan.getExtConfig,1
甄酒全球购,sinks,swan.setClipboardData,1
甘肃北斗勘测设计工程有限公司,sources,swan.getSystemInfoSync,1
甘肃北斗勘测设计工程有限公司,sinks,swan.setStorage,1
百信银行,sources,swan.input,3
百信银行,sources,swan.getStorageSync,2
百信银行,sinks,swan.setStorageSync,3
百信银行,sinks,swan.request,2
百度经验,sources,swan.getSystemInfoSync,2
百度经验,sinks,swan.request,2
百度聚屏半径,sources,swan.getStorageSync,1
百度聚屏半径,sinks,swan.setStorageSync,1
益康绿色康复理疗,sources,swan.getStorageSync,101
益康绿色康复理疗,sources,swan.getLocation,4
益康绿色康复理疗,sources,swan.input,41
益康绿色康复理疗,sources,swan.getStorage,1
益康绿色康复理疗,sources,swan.chooseImage,5
益康绿色康复理疗,sources,swan.getSystemInfoSync,4
益康绿色康复理疗,sinks,swan.request,139
益康绿色康复理疗,sinks,swan.removeStorageSync,4
益康绿色康复理疗,sinks,swan.setStorageSync,5
益康绿色康复理疗,sinks,swan.uploadFile,6
益康绿色康复理疗,sinks,swan.setStorage,2
盛杰升降平台,sources,swan.getStorageSync,1
盛杰升降平台,sinks,swan.request,1
看看票务,sources,swan.input,1
看看票务,sources,swan.getStorageSync,1
看看票务,sources,swan.getUserInfo,1
看看票务,sinks,swan.request,2
看看票务,sinks,swan.setStorageSync,1
眷念舫,sources,swan.input,2
眷念舫,sinks,swan.request,2
知实学术,sources,swan.getSystemInfoSync,1
知实学术,sinks,swan.setStorage,1
知小将商标服务平台,sources,swan.getSystemInfoSync,1
知小将商标服务平台,sinks,swan.setStorage,1
砀山易经学会介绍,sources,swan.getSystemInfoSync,1
砀山易经学会介绍,sinks,swan.setStorage,1
祥云脚手架租赁,sources,swan.getStorageSync,1
祥云脚手架租赁,sources,swan.getExtConfig,15
祥云脚手架租赁,sinks,swan.setStorageSync,1
祥云脚手架租赁,sinks,swan.request,15
祥康酒业,sources,swan.getStorageSync,2
祥康酒业,sinks,swan.request,2
祥骏作文课堂,sources,swan.getUserInfo,1
祥骏作文课堂,sources,swan.getStorageSync,14
祥骏作文课堂,sinks,swan.request,13
祥骏作文课堂,sinks,swan.setStorageSync,2
福州市仓山区进源日用品商行,sources,swan.getStorageSync,3
福州市仓山区进源日用品商行,sinks,swan.setStorageSync,2
福州市仓山区进源日用品商行,sinks,swan.request,1
福建省二建建设集团有限公司,sources,swan.getSystemInfoSync,1
福建省二建建设集团有限公司,sinks,swan.setStorage,1
福建通能科技抗震支架,sources,swan.getExtConfig,9
福建通能科技抗震支架,sinks,swan.request,9
种酒传说,sources,swan.getExtConfig,2
种酒传说,sinks,swan.request,2
立威微波设备简介,sources,swan.input,3
立威微波设备简介,sinks,swan.request,3
简美茶酒,sources,swan.getExtConfig,1
简美茶酒,sinks,swan.setClipboardData,1
米有理由和一枝青椒,sources,swan.getExtConfig,1
米有理由和一枝青椒,sinks,swan.setClipboardData,1
粮将,sources,swan.getExtConfig,1
粮将,sinks,swan.setClipboardData,1
精兰家具,sources,swan.getStorageSync,12
精兰家具,sources,swan.input,56
精兰家具,sources,swan.getExtConfig,1
精兰家具,sinks,swan.setStorageSync,2
精兰家具,sinks,swan.request,67
糠糠面包,sources,swan.getStorageSync,1
糠糠面包,sinks,swan.setStorageSync,1
紫鹊界康养小镇,sources,swan.getLocation,13
紫鹊界康养小镇,sources,swan.input,4
紫鹊界康养小镇,sources,swan.getSystemInfoSync,4
紫鹊界康养小镇,sources,swan.chooseImage,3
紫鹊界康养小镇,sinks,swan.setStorage,23
紫鹊界康养小镇,sinks,swan.uploadFile,1
红包墙淄博芋营商务,sources,swan.getStorageSync,1
红包墙淄博芋营商务,sinks,swan.setStorageSync,1
纤诗娇,sources,swan.getExtConfig,1
纤诗娇,sinks,swan.setClipboardData,1
组卷易,sources,swan.getStorageSync,1
组卷易,sinks,swan.request,1
罗大师讲风水,sources,swan.getStorageSync,1
罗大师讲风水,sinks,swan.setStorageSync,1
美联英语培训,sources,swan.getLocation,2
美联英语培训,sinks,swan.setStorageSync,1
美联英语培训,sinks,swan.request,1
美邦沙场泥浆脱水设备,sources,swan.getSystemInfoSync,1
美邦沙场泥浆脱水设备,sources,swan.getStorageSync,4
美邦沙场泥浆脱水设备,sources,swan.getLocation,2
美邦沙场泥浆脱水设备,sources,swan.chooseImage,3
美邦沙场泥浆脱水设备,sources,swan.input,1
美邦沙场泥浆脱水设备,sources,swan.getImageInfo,1
美邦沙场泥浆脱水设备,sinks,swan.setStorageSync,2
美邦沙场泥浆脱水设备,sinks,swan.request,4
美邦沙场泥浆脱水设备,sinks,swan.uploadFile,3
美邦沙场泥浆脱水设备,sinks,swan.setStorage,2
美邦沙场泥浆脱水设备,sinks,swan.saveImageToPhotosAlbum,1
聊城市杰展环保设备有限公司,sources,swan.getSystemInfoSync,1
聊城市杰展环保设备有限公司,sinks,swan.setStorage,1
聊城市竣捷网络科技有限公司,sources,swan.getSystemInfoSync,1
聊城市竣捷网络科技有限公司,sinks,swan.setStorage,1
聚团建,sources,swan.getStorageSync,12
聚团建,sources,swan.input,56
聚团建,sources,swan.getExtConfig,1
聚团建,sinks,swan.setStorageSync,2
聚团建,sinks,swan.request,67
聚房网,sources,swan.getUserInfo,1
聚房网,sources,swan.getStorageSync,12
聚房网,sinks,swan.setStorageSync,3
聚房网,sinks,swan.request,10
聚文楼,sources,swan.getStorageSync,7
聚文楼,sources,swan.chooseImage,1
聚文楼,sources,swan.getUserInfo,1
聚文楼,sources,swan.downloadFile,1
聚文楼,sinks,swan.uploadFile,2
聚文楼,sinks,swan.request,3
聚文楼,sinks,swan.setStorageSync,4
聚文楼,sinks,swan.saveImageToPhotosAlbum,1
胜诉法律咨询,sources,swan.input,6
胜诉法律咨询,sinks,swan.request,6
脚印兄弟北京信息科技,sources,swan.getSystemInfoSync,1
脚印兄弟北京信息科技,sinks,swan.setStorage,1
舒邦冰凉巾,sources,swan.getStorageSync,1
舒邦冰凉巾,sources,swan.getExtConfig,10
舒邦冰凉巾,sinks,swan.setStorageSync,1
舒邦冰凉巾,sinks,swan.request,10
舒邦速干巾,sources,swan.getStorageSync,1
舒邦速干巾,sources,swan.getExtConfig,10
舒邦速干巾,sinks,swan.setStorageSync,1
舒邦速干巾,sinks,swan.request,10
舒邦鹿皮巾,sources,swan.getStorageSync,1
舒邦鹿皮巾,sources,swan.getExtConfig,10
舒邦鹿皮巾,sinks,swan.setStorageSync,1
舒邦鹿皮巾,sinks,swan.request,10
花都袁记开锁开汽车锁,sources,swan.getLocation,6
花都袁记开锁开汽车锁,sources,swan.chooseImage,6
花都袁记开锁开汽车锁,sources,swan.chooseAddress,2
花都袁记开锁开汽车锁,sources,swan.input,10
花都袁记开锁开汽车锁,sources,swan.getStorage,1
花都袁记开锁开汽车锁,sinks,swan.setStorage,4
花都袁记开锁开汽车锁,sinks,swan.uploadFile,2
花都袁记开锁开汽车锁,sinks,swan.request,19
苏匠日和,sources,swan.getExtConfig,1
苏匠日和,sinks,swan.setClipboardData,1
苏州市渔将餐饮管理有限公司,sources,swan.getSystemInfoSync,1
苏州市渔将餐饮管理有限公司,sinks,swan.setStorage,1
苏州翊竣机电设备工程有限公司,sources,swan.getSystemInfoSync,1
苏州翊竣机电设备工程有限公司,sinks,swan.setStorage,1
苏州英教爱教育科技有限公司,sources,swan.getSystemInfoSync,1
苏州英教爱教育科技有限公司,sinks,swan.setStorage,1
荆门市荆屋文化传媒有限公司,sources,swan.getSystemInfoSync,1
荆门市荆屋文化传媒有限公司,sinks,swan.setStorage,1
菌旺农业烘干机,sources,swan.getStorageSync,3
菌旺农业烘干机,sinks,swan.setStorageSync,2
菌旺农业烘干机,sinks,swan.request,1
菌旺烘干机厂家店铺,sources,swan.getStorageSync,3
菌旺烘干机厂家店铺,sinks,swan.setStorageSync,2
菌旺烘干机厂家店铺,sinks,swan.request,1
蒋标变压器维修,sources,swan.getExtConfig,33
蒋标变压器维修,sinks,swan.request,33
蒋标永城发电机出租,sources,swan.getStorageSync,1
蒋标永城发电机出租,sources,swan.getExtConfig,28
蒋标永城发电机出租,sinks,swan.setStorageSync,1
蒋标永城发电机出租,sinks,swan.request,28
蒋标永城电机回收,sources,swan.getStorageSync,1
蒋标永城电机回收,sources,swan.getExtConfig,28
蒋标永城电机回收,sinks,swan.setStorageSync,1
蒋标永城电机回收,sinks,swan.request,28
蓝世居旗下高端品牌宅居森林,sources,swan.getSystemInfoSync,1
蓝世居旗下高端品牌宅居森林,sinks,swan.setStorage,1
蓝俊道路,sources,swan.getSystemInfoSync,1
蓝俊道路,sinks,swan.setStorage,1
蓝鲸翻译,sources,swan.chooseImage,5
蓝鲸翻译,sources,swan.getStorageSync,1
蓝鲸翻译,sinks,swan.request,5
蓝鲸翻译,sinks,swan.setStorageSync,1
蓝鲸豪行,sources,swan.getStorageSync,2
蓝鲸豪行,sinks,swan.setStorageSync,1
蓝鲸豪行,sinks,swan.request,1
蚂蚁社保代缴,sources,swan.downloadFile,1
蚂蚁社保代缴,sinks,swan.saveFile,1
蚌埠华泰液力变矩器股份有限公司,sources,swan.getSystemInfoSync,1
蚌埠华泰液力变矩器股份有限公司,sinks,swan.setStorage,1
蜀山区大香蕉网络应用工作室,sources,swan.getSystemInfoSync,1
蜀山区大香蕉网络应用工作室,sinks,swan.setStorage,1
蜀巴蜀大将,sources,swan.getSystemInfoSync,1
蜀巴蜀大将,sinks,swan.setStorage,1
蜜斯姐课程咨询,sources,swan.getSystemInfoSync,1
蜜斯姐课程咨询,sinks,swan.setStorage,1
蜜桃姐讲游戏,sources,swan.getStorageSync,1
蜜桃姐讲游戏,sinks,swan.setStorageSync,1
融建网,sources,swan.getSystemInfoSync,1
融建网,sinks,swan.setStorage,1
行动教育,sources,swan.getSystemInfo,1
行动教育,sources,swan.downloadFile,2
行动教育,sources,swan.chooseImage,1
行动教育,sources,swan.getUserInfo,4
行动教育,sinks,swan.setStorageSync,5
行动教育,sinks,swan.saveFile,1
行动教育,sinks,swan.uploadFile,1
行动教育,sinks,swan.saveImageToPhotosAlbum,1
袋鼠旧衣服回收,sources,swan.input,3
袋鼠旧衣服回收,sinks,swan.request,3
警泰通经营部,sources,swan.getStorageSync,2
警泰通经营部,sinks,swan.setStorageSync,2
谨博5G泉州吃喝玩乐,sources,swan.getStorageSync,403
谨博5G泉州吃喝玩乐,sources,swan.getLocation,10
谨博5G泉州吃喝玩乐,sources,swan.getExtConfigSync,2
谨博5G泉州吃喝玩乐,sources,swan.chooseImage,5
谨博5G泉州吃喝玩乐,sources,swan.getSystemInfoSync,3
谨博5G泉州吃喝玩乐,sources,swan.input,5
谨博5G泉州吃喝玩乐,sinks,swan.request,224
谨博5G泉州吃喝玩乐,sinks,swan.setStorageSync,196
谨博5G泉州吃喝玩乐,sinks,swan.uploadFile,7
谨博5G泉州吃喝玩乐,sinks,swan.setStorage,1
谷东锯业不锈钢锯片,sources,swan.getStorageSync,3
谷东锯业不锈钢锯片,sinks,swan.setStorageSync,2
谷东锯业不锈钢锯片,sinks,swan.request,1
谷东锯业亚克力锯片,sources,swan.getStorageSync,3
谷东锯业亚克力锯片,sinks,swan.setStorageSync,2
谷东锯业亚克力锯片,sinks,swan.request,1
谷东锯业冷切锯切割机,sources,swan.getStorageSync,3
谷东锯业冷切锯切割机,sinks,swan.setStorageSync,2
谷东锯业冷切锯切割机,sinks,swan.request,1
谷东锯业冷切锯厂家,sources,swan.getStorageSync,3
谷东锯业冷切锯厂家,sinks,swan.setStorageSync,2
谷东锯业冷切锯厂家,sinks,swan.request,1
谷东锯业冷锯锯片,sources,swan.getStorageSync,3
谷东锯业冷锯锯片,sinks,swan.setStorageSync,2
谷东锯业冷锯锯片,sinks,swan.request,1
谷东锯业圆锯机锯片,sources,swan.getStorageSync,3
谷东锯业圆锯机锯片,sinks,swan.setStorageSync,2
谷东锯业圆锯机锯片,sinks,swan.request,1
谷东锯业木工锯片,sources,swan.getStorageSync,3
谷东锯业木工锯片,sinks,swan.setStorageSync,2
谷东锯业木工锯片,sinks,swan.request,1
谷东锯业金刚石锯片,sources,swan.getStorageSync,3
谷东锯业金刚石锯片,sinks,swan.setStorageSync,2
谷东锯业金刚石锯片,sinks,swan.request,1
谷东锯业金属冷切锯,sources,swan.getStorageSync,3
谷东锯业金属冷切锯,sinks,swan.setStorageSync,2
谷东锯业金属冷切锯,sinks,swan.request,1
谷东锯业钢筋冷切锯,sources,swan.getStorageSync,3
谷东锯业钢筋冷切锯,sinks,swan.setStorageSync,2
谷东锯业钢筋冷切锯,sinks,swan.request,1
谷东锯业铝合金锯片,sources,swan.getStorageSync,3
谷东锯业铝合金锯片,sinks,swan.setStorageSync,2
谷东锯业铝合金锯片,sinks,swan.request,1
谷东锯业锯片生产厂家,sources,swan.getStorageSync,3
谷东锯业锯片生产厂家,sinks,swan.setStorageSync,2
谷东锯业锯片生产厂家,sinks,swan.request,1
谷东锯业飞锯锯片,sources,swan.getStorageSync,3
谷东锯业飞锯锯片,sinks,swan.setStorageSync,2
谷东锯业飞锯锯片,sinks,swan.request,1
谷东锯业高速钢锯片,sources,swan.getStorageSync,3
谷东锯业高速钢锯片,sinks,swan.setStorageSync,2
谷东锯业高速钢锯片,sinks,swan.request,1
豫唐汤阴周公解梦,sources,swan.getStorageSync,1
豫唐汤阴周公解梦,sinks,swan.request,1
贝洁清洁用品,sources,swan.getStorageSync,1
贝洁清洁用品,sources,swan.getExtConfig,10
贝洁清洁用品,sinks,swan.setStorageSync,1
贝洁清洁用品,sinks,swan.request,10
贵州迎宾酒股份有限公司,sources,swan.getSystemInfoSync,1
贵州迎宾酒股份有限公司,sinks,swan.setStorage,1
贵州饮台酒业,sources,swan.getSystemInfoSync,1
贵州饮台酒业,sinks,swan.setStorage,1
贵阳兴教教育信息,sources,swan.getUserInfo,1
贵阳兴教教育信息,sources,swan.getStorageSync,16
贵阳兴教教育信息,sinks,swan.request,17
费耘进项管理系统,sources,swan.getSystemInfoSync,1
费耘进项管理系统,sinks,swan.setStorage,1
赛滕电脑上门,sources,swan.getSystemInfoSync,1
赛滕电脑上门,sinks,swan.setStorage,1
越美人酒,sources,swan.getExtConfig,1
越美人酒,sinks,swan.setClipboardData,1
路易达加筋滤网,sources,swan.getStorageSync,2
路易达加筋滤网,sinks,swan.setStorageSync,2
软文街,sources,swan.getSystemInfoSync,1
软文街,sinks,swan.setStorage,1
辉腾一键接龙,sources,swan.getStorageSync,2
辉腾一键接龙,sources,swan.input,18
辉腾一键接龙,sinks,swan.setStorageSync,4
辉腾一键接龙,sinks,swan.request,14
辉腾一键接龙,sinks,swan.setClipboardData,2
辽宁水文地质工程地质勘察院,sources,swan.getSystemInfoSync,1
辽宁水文地质工程地质勘察院,sinks,swan.setStorage,1
迈尔德LED智能浴室镜工厂,sources,swan.getExtConfig,1
迈尔德LED智能浴室镜工厂,sinks,swan.setClipboardData,1
近雨环境,sources,swan.input,1
近雨环境,sources,swan.getStorageSync,1
近雨环境,sources,swan.getExtConfig,1
近雨环境,sinks,swan.request,3
连君设计,sources,swan.getExtConfigSync,2
连君设计,sources,swan.getSetting,1
连君设计,sources,swan.getStorageSync,10
连君设计,sources,swan.getSystemInfo,1
连君设计,sources,swan.getLocation,1
连君设计,sinks,swan.request,6
连君设计,sinks,swan.uploadFile,2
连君设计,sinks,swan.setStorageSync,6
连君设计,sinks,swan.setStorage,1
迷彩虎,sources,swan.getExtConfig,1
迷彩虎,sinks,swan.setClipboardData,1
逆鳞新材料pc角浪板,sources,swan.getStorageSync,1
逆鳞新材料pc角浪板,sources,swan.getExtConfig,12
逆鳞新材料pc角浪板,sinks,swan.setStorageSync,1
逆鳞新材料pc角浪板,sinks,swan.request,12
郑州宇威耐火浇注料可塑料,sources,swan.downloadFile,2
郑州宇威耐火浇注料可塑料,sinks,swan.saveImageToPhotosAlbum,2
郑州良驹教育咨询有限公司,sources,swan.getSystemInfoSync,1
郑州良驹教育咨询有限公司,sinks,swan.setStorage,1
郑州远之杰计算机科技有限公司,sources,swan.getSystemInfoSync,1
郑州远之杰计算机科技有限公司,sinks,swan.setStorage,1
郑州驹达新材料科技有限公司,sources,swan.getSystemInfoSync,1
郑州驹达新材料科技有限公司,sinks,swan.setStorage,1
酒一点,sources,swan.getExtConfig,1
酒一点,sinks,swan.setClipboardData,1
酒企宝,sources,swan.getExtConfig,1
酒企宝,sinks,swan.setClipboardData,1
酒家久,sources,swan.getExtConfig,1
酒家久,sinks,swan.setClipboardData,1
酒时达,sources,swan.getExtConfig,1
酒时达,sinks,swan.setClipboardData,1
酒易酒仓,sources,swan.getExtConfig,1
酒易酒仓,sinks,swan.setClipboardData,1
酱酒卿人会商城,sources,swan.getExtConfig,1
酱酒卿人会商城,sinks,swan.setClipboardData,1
重庆六合针灸推拿培训学校,sources,swan.getSystemInfoSync,1
重庆六合针灸推拿培训学校,sinks,swan.setStorage,1
重庆巴将军饮食文化发展有限公司,sources,swan.getSystemInfoSync,1
重庆巴将军饮食文化发展有限公司,sinks,swan.setStorage,1
重庆市大数据应用发展管理局,sources,swan.getSystemInfoSync,1
重庆市大数据应用发展管理局,sinks,swan.setStorage,1
重庆康牛科技有限公司,sources,swan.getSystemInfoSync,1
重庆康牛科技有限公司,sinks,swan.setStorage,1
重庆炬野科技发展有限公司,sources,swan.getSystemInfoSync,1
重庆炬野科技发展有限公司,sinks,swan.setStorage,1
重庆花千树婚介服务有限公司,sources,swan.getSystemInfoSync,1
重庆花千树婚介服务有限公司,sinks,swan.setStorage,1
重庆钧隆石材,sources,swan.getSystemInfoSync,1
重庆钧隆石材,sources,swan.getStorageSync,7
重庆钧隆石材,sources,swan.getLocation,2
重庆钧隆石材,sources,swan.chooseImage,3
重庆钧隆石材,sources,swan.input,1
重庆钧隆石材,sources,swan.getImageInfo,1
重庆钧隆石材,sinks,swan.setStorageSync,5
重庆钧隆石材,sinks,swan.request,4
重庆钧隆石材,sinks,swan.uploadFile,3
重庆钧隆石材,sinks,swan.setStorage,2
重庆钧隆石材,sinks,swan.saveImageToPhotosAlbum,1
金回收黄金回收专家,sources,swan.getSystemInfoSync,1
金回收黄金回收专家,sinks,swan.setStorage,1
金牌生物科技,sources,swan.getStorageSync,12
金牌生物科技,sources,swan.input,56
金牌生物科技,sources,swan.getExtConfig,1
金牌生物科技,sinks,swan.setStorageSync,2
金牌生物科技,sinks,swan.request,67
金鑫隆大节距链厂家,sources,swan.getStorageSync,1
金鑫隆大节距链厂家,sources,swan.getExtConfig,11
金鑫隆大节距链厂家,sinks,swan.setStorageSync,1
金鑫隆大节距链厂家,sinks,swan.request,11
铭泰热熔胶上胶机,sources,swan.getExtConfig,9
铭泰热熔胶上胶机,sinks,swan.request,9
铿劲莱永华股票配资公司,sources,swan.getStorageSync,3
铿劲莱永华股票配资公司,sinks,swan.setClipboardData,1
铿劲莱永华股票配资公司,sinks,swan.setStorageSync,2
铿劲莱股票分析,sources,swan.getStorageSync,3
铿劲莱股票分析,sinks,swan.setClipboardData,1
铿劲莱股票分析,sinks,swan.setStorageSync,2
铿劲莱股票配资资讯,sources,swan.getStorageSync,3
铿劲莱股票配资资讯,sinks,swan.setClipboardData,1
铿劲莱股票配资资讯,sinks,swan.setStorageSync,2
长十电力施工机具制造厂,sources,swan.getUserInfo,1
长十电力施工机具制造厂,sources,swan.getStorageSync,16
长十电力施工机具制造厂,sinks,swan.request,15
长十电力施工机具制造厂,sinks,swan.setStorageSync,2
长春市椒粉公煮餐饮管理有限公司,sources,swan.getSystemInfoSync,1
长春市椒粉公煮餐饮管理有限公司,sinks,swan.setStorage,1
长沙中竞恒招投标代理有限公司,sources,swan.getSystemInfoSync,1
长沙中竞恒招投标代理有限公司,sinks,swan.setStorage,1
阆中市圆觉寺旅游开发有限公司,sources,swan.getSystemInfoSync,1
阆中市圆觉寺旅游开发有限公司,sinks,swan.setStorage,1
阳谷三阳钎具有限公司,sources,swan.getSystemInfoSync,1
阳谷三阳钎具有限公司,sinks,swan.setStorage,1
陕西中杰勘测排水管道检测,sources,swan.getExtConfig,23
陕西中杰勘测排水管道检测,sources,swan.getStorageSync,1
陕西中杰勘测排水管道检测,sinks,swan.request,24
陕西中杰勘测油气管道检测,sources,swan.getStorageSync,1
陕西中杰勘测油气管道检测,sources,swan.getExtConfig,20
陕西中杰勘测油气管道检测,sinks,swan.setStorageSync,1
陕西中杰勘测油气管道检测,sinks,swan.request,20
陕西中杰勘测管道漏水检测,sources,swan.getStorageSync,1
陕西中杰勘测管道漏水检测,sources,swan.getExtConfig,14
陕西中杰勘测管道漏水检测,sinks,swan.setStorageSync,1
陕西中杰勘测管道漏水检测,sinks,swan.request,14
陕西西凤酒股份有限公司,sources,swan.getSystemInfoSync,1
陕西西凤酒股份有限公司,sinks,swan.setStorage,1
集萃药康,sources,swan.getSystemInfoSync,1
集萃药康,sinks,swan.setStorage,1
露净仕羽绒服清洁湿巾工厂店,sources,swan.getStorageSync,3
露净仕羽绒服清洁湿巾工厂店,sinks,swan.setStorageSync,2
露净仕羽绒服清洁湿巾工厂店,sinks,swan.request,1
青岛筋牛座企业管理有限公司,sources,swan.getSystemInfoSync,1
青岛筋牛座企业管理有限公司,sinks,swan.setStorage,1
青州振业泥浆净化器,sources,swan.getExtConfig,33
青州振业泥浆净化器,sources,swan.getStorageSync,1
青州振业泥浆净化器,sinks,swan.request,34
青州永生环保绞吸式挖泥船,sources,swan.getExtConfig,33
青州永生环保绞吸式挖泥船,sources,swan.getStorageSync,1
青州永生环保绞吸式挖泥船,sinks,swan.request,34
青州黄楼永利矿沙绞吸挖泥船,sources,swan.getExtConfig,16
青州黄楼永利矿沙绞吸挖泥船,sinks,swan.request,16
靓QL分享,sources,swan.getStorageSync,2
靓QL分享,sinks,swan.setStorageSync,2
静美幕墙技术有限公司,sources,swan.getSystemInfoSync,1
静美幕墙技术有限公司,sinks,swan.setStorage,1
饺子互动,sources,swan.getSystemInfoSync,1
饺子互动,sinks,swan.setStorage,1
驰安久通,sources,swan.getStorageSync,477
驰安久通,sources,swan.getLocation,10
驰安久通,sources,swan.getExtConfigSync,2
驰安久通,sources,swan.chooseImage,9
驰安久通,sources,swan.getSystemInfoSync,3
驰安久通,sources,swan.input,9
驰安久通,sources,swan.downloadFile,1
驰安久通,sources,swan.getUserInfo,1
驰安久通,sinks,swan.request,299
驰安久通,sinks,swan.setStorageSync,198
驰安久通,sinks,swan.uploadFile,13
驰安久通,sinks,swan.saveImageToPhotosAlbum,1
驰安久通,sinks,swan.setStorage,1
高考幸运星,sources,swan.getStorageSync,1
高考幸运星,sources,swan.downloadFile,1
高考幸运星,sinks,swan.setStorageSync,1
高考幸运星,sinks,swan.saveFile,1
鲸品铺,sources,swan.getExtConfig,1
鲸品铺,sinks,swan.setClipboardData,1
鲸版权Bak,sources,swan.getStorageSync,1
鲸版权Bak,sources,swan.input,3
鲸版权Bak,sinks,swan.setStorageSync,1
鲸版权Bak,sinks,swan.request,3
黑龙江省大海林林业局,sources,swan.getSystemInfoSync,1
黑龙江省大海林林业局,sinks,swan.setStorage,1
鼎静隔音房,sources,swan.getSystemInfo,2
鼎静隔音房,sources,swan.getUserInfo,2
鼎静隔音房,sources,swan.getStorageSync,2
鼎静隔音房,sinks,swan.request,5
鼎静隔音房,sinks,swan.setStorageSync,1
齐车大圣违章查询,sources,swan.getStorageSync,4
齐车大圣违章查询,sources,swan.chooseImage,10
齐车大圣违章查询,sources,swan.input,9
齐车大圣违章查询,sinks,swan.setStorage,4
齐车大圣违章查询,sinks,swan.uploadFile,10
齐车大圣违章查询,sinks,swan.request,9
龙界智能科技发展上海有限公司,sources,swan.getSystemInfoSync,1
龙界智能科技发展上海有限公司,sinks,swan.setStorage,1
